ST_CASE,STATE,State Name,State Abbreviation,# of Vehicle involved,VE_FORMS,Pedestrains,Total_Persons_in_accident,COUNTY,CITY,City_County_Name,Calendar_DAY,MONTH,Month_name,YEAR,DAY_WEEK,Day_Week_desc,HOUR,MINUTE,NHS_Desc,trafficway,Route,MILEPT,LATITUDE,LONGITUD,First_Crash_event,Light_cond_desc,Weather_condition,School_bus_involved,Crash_cause,FATALS,DRUNK_DR
40626,4,ARIZONA,AZ,2,2,0,4,19,0,CEDAR BLUFF,3,12,December,2010,6,Friday,13,51,1,1,1,522,32.03844722,-110.99247778,12,1,0,0,0,1,0
40627,4,ARIZONA,AZ,3,3,0,6,13,290,BOLLING,4,12,December,2010,7,Saturday,12,30,1,12,2,1860,33.38662222,-111.72608889,12,1,0,0,0,1,0
40628,4,ARIZONA,AZ,2,2,0,2,1,0,AUTAUGA,6,12,December,2010,2,Monday,7,19,1,2,2,3617,34.27209444,-109.68613889,12,1,0,0,0,1,0
40629,4,ARIZONA,AZ,1,1,1,1,1,0,AUTAUGA,6,12,December,2010,2,Monday,20,0,1,2,2,4492,36.96030833,-109.36615556,8,2,0,0,0,1,0
40630,4,ARIZONA,AZ,1,1,0,1,21,0,CHILTON,8,12,December,2010,4,Wednesday,16,56,1,1,1,1732,33.14821944,-111.86559444,24,1,0,0,0,1,0
40631,4,ARIZONA,AZ,2,2,0,4,13,370,BOLLING,9,12,December,2010,5,Thursday,20,8,1,12,3,200,33.66847222,-112.17254167,12,3,0,0,0,2,1
40632,4,ARIZONA,AZ,1,1,0,3,17,0,CHAMBERS,11,12,December,2010,7,Saturday,3,33,1,1,1,2744,34.95678611,-110.35688056,1,2,0,0,0,1,1
40633,4,ARIZONA,AZ,1,1,0,1,19,530,CEDAR BLUFF,11,12,December,2010,7,Saturday,4,32,1,11,7,2705,32.10333611,-110.84363333,38,2,0,0,0,1,1
40634,4,ARIZONA,AZ,1,1,0,4,12,0,BOUSE,11,12,December,2010,7,Saturday,12,1,1,1,1,586,33.59706944,-113.54123056,41,1,0,0,0,1,0
40635,4,ARIZONA,AZ,1,1,0,1,13,370,BOLLING,12,12,December,2010,1,Sunday,16,35,1,12,3,320,33.66629167,-111.95611667,30,1,0,0,0,1,0
40636,4,ARIZONA,AZ,1,1,0,2,13,290,BOLLING,14,12,December,2010,3,Tuesday,2,48,1,12,2,1814,33.38605833,-111.80576667,52,3,0,0,0,1,1
40638,4,ARIZONA,AZ,2,2,0,2,21,160,CHILTON,15,12,December,2010,4,Wednesday,20,31,0,6,6,0,32.65032500,-111.55133333,12,2,0,0,0,1,1
40639,4,ARIZONA,AZ,1,1,0,2,7,365,BIBB,17,12,December,2010,6,Friday,19,31,0,4,3,2595,34.31746111,-111.37465833,1,2,0,0,0,1,0
40640,4,ARIZONA,AZ,1,1,0,1,19,530,CEDAR BLUFF,19,11,November,2010,6,Friday,4,55,0,4,9,0,32.19280556,-111.10427778,33,2,0,0,0,1,1
40641,4,ARIZONA,AZ,1,1,1,1,13,420,BOLLING,19,12,December,2010,1,Sunday,19,59,0,13,6,0,33.46589722,-111.90707222,8,3,0,0,0,1,0
40642,4,ARIZONA,AZ,1,1,0,7,23,17,BLADON SPRINGS,20,12,December,2010,2,Monday,16,54,1,1,1,285,31.70563333,-111.06515556,1,1,0,0,0,1,0
40643,4,ARIZONA,AZ,2,2,0,3,15,0,ANNISTON,24,12,December,2010,6,Friday,9,4,1,1,1,890,35.19484444,-113.41272778,12,1,0,0,0,2,0
40645,4,ARIZONA,AZ,2,2,0,2,11,0,BULLOCK,25,12,December,2010,7,Saturday,15,37,0,4,2,1568,32.97516667,-109.24640833,52,1,0,0,0,1,0
40646,4,ARIZONA,AZ,1,1,1,2,21,70,CHILTON,25,12,December,2010,7,Saturday,19,56,0,15,6,0,32.85046944,-111.67111944,8,2,0,0,0,1,0
40647,4,ARIZONA,AZ,1,1,1,1,19,530,CEDAR BLUFF,26,12,December,2010,1,Sunday,18,57,1,13,6,0,32.32318333,-110.99273889,8,2,0,0,0,1,1
40648,4,ARIZONA,AZ,3,3,0,4,19,295,CEDAR BLUFF,28,12,December,2010,3,Tuesday,12,29,1,11,7,99998,32.33786389,-111.06765278,33,1,0,0,0,1,1
40649,4,ARIZONA,AZ,3,3,0,9,13,0,BOLLING,28,12,December,2010,3,Tuesday,16,2,1,1,1,1037,33.46154167,-112.77736389,12,1,0,0,0,1,0
40650,4,ARIZONA,AZ,3,3,0,4,13,420,BOLLING,28,12,December,2010,3,Tuesday,23,57,0,13,6,0,33.48037778,-111.89953333,12,3,0,0,0,1,0
40652,4,ARIZONA,AZ,2,2,1,5,3,431,BALDWIN,31,12,December,2010,6,Friday,21,57,0,13,3,3237,31.55463889,-110.24427222,8,2,0,0,0,1,0
40653,4,ARIZONA,AZ,1,1,1,2,13,370,BOLLING,17,11,November,2010,4,Wednesday,20,6,0,13,6,0,33.65089167,-112.06560000,8,3,0,0,0,1,0
40654,4,ARIZONA,AZ,1,1,0,3,13,370,BOLLING,2,12,December,2010,5,Thursday,0,43,0,16,6,0,33.41256389,-112.00426111,33,3,0,0,0,1,1
40655,4,ARIZONA,AZ,1,1,0,1,13,370,BOLLING,22,12,December,2010,4,Wednesday,21,31,0,13,6,0,33.52158889,-112.03005278,33,2,0,0,0,1,1
40656,4,ARIZONA,AZ,2,2,0,2,13,220,BOLLING,23,10,October,2010,7,Saturday,13,59,0,15,6,0,33.43544444,-112.37241389,12,1,0,0,0,1,0
40657,4,ARIZONA,AZ,1,1,0,1,19,0,CEDAR BLUFF,18,12,December,2010,7,Saturday,9,0,1,11,1,433,31.90688056,-110.98544722,1,1,0,0,0,1,0
40658,4,ARIZONA,AZ,2,2,0,3,13,370,BOLLING,21,10,October,2010,5,Thursday,7,20,0,13,6,0,33.52620833,-112.09969722,1,1,0,0,0,1,0
40659,4,ARIZONA,AZ,1,1,1,1,21,0,CHILTON,21,10,October,2010,5,Thursday,21,50,0,4,8,0,33.10951667,-111.73769444,8,2,0,0,0,1,0
40661,4,ARIZONA,AZ,2,2,0,2,13,370,BOLLING,26,10,October,2010,3,Tuesday,16,41,0,14,6,0,33.65510278,-112.02218056,12,1,0,0,0,1,0
40662,4,ARIZONA,AZ,1,1,1,1,13,370,BOLLING,26,10,October,2010,3,Tuesday,18,6,0,13,6,0,33.49486389,-112.19931944,9,3,0,0,0,1,0
40663,4,ARIZONA,AZ,1,1,1,1,13,200,BOLLING,27,10,October,2010,4,Wednesday,23,0,0,13,6,0,33.51927778,-112.18630000,8,2,0,0,0,1,0
40664,4,ARIZONA,AZ,1,1,0,4,15,260,ANNISTON,30,10,October,2010,7,Saturday,2,59,0,14,6,0,99.99990000,999.99990000,33,6,0,0,0,1,1
40665,4,ARIZONA,AZ,1,1,0,2,13,368,BOLLING,14,8,August,2010,7,Saturday,2,45,0,16,6,0,33.67266111,-112.26308611,33,3,0,0,0,1,1
40666,4,ARIZONA,AZ,1,1,0,1,13,80,BOLLING,25,11,November,2010,5,Thursday,3,2,0,14,6,0,33.29125278,-111.91117500,33,3,0,0,0,1,1
40667,4,ARIZONA,AZ,1,1,1,1,19,530,CEDAR BLUFF,15,12,December,2010,4,Wednesday,99,99,1,11,1,2617,32.18379444,-110.95678056,8,3,0,0,0,1,0
40668,4,ARIZONA,AZ,2,2,0,4,13,370,BOLLING,5,3,March,2010,6,Friday,2,10,1,11,1,1418,33.46293611,-112.13244167,12,3,0,0,0,1,0
40669,4,ARIZONA,AZ,2,2,0,4,19,530,CEDAR BLUFF,1,11,November,2010,2,Monday,6,10,0,14,6,0,32.26482222,-110.96100278,12,4,0,0,0,1,0
40670,4,ARIZONA,AZ,2,2,0,2,19,530,CEDAR BLUFF,4,11,November,2010,5,Thursday,10,37,0,14,6,0,32.25766944,-110.96098611,12,1,0,0,0,1,0
40671,4,ARIZONA,AZ,1,1,2,1,13,370,BOLLING,5,11,November,2010,6,Friday,0,16,0,13,6,0,33.49382500,-112.27076667,15,2,0,0,0,1,0
40672,4,ARIZONA,AZ,2,2,0,2,13,370,BOLLING,5,11,November,2010,6,Friday,8,16,0,15,6,0,33.37556667,-111.97841667,12,1,0,0,0,1,0
40673,4,ARIZONA,AZ,3,3,0,4,13,420,BOLLING,5,11,November,2010,6,Friday,18,51,0,13,6,0,33.65881667,-111.92553611,12,3,0,0,0,1,0
40674,4,ARIZONA,AZ,1,1,1,3,5,336,BAKER HILL,10,11,November,2010,4,Wednesday,17,55,0,15,6,0,36.90714722,-111.47546667,15,3,0,0,0,1,0
40675,4,ARIZONA,AZ,2,2,0,2,19,530,CEDAR BLUFF,11,11,November,2010,5,Thursday,13,28,1,13,6,0,32.19172500,-110.80508056,12,1,0,0,0,1,1
40676,4,ARIZONA,AZ,1,1,1,1,19,530,CEDAR BLUFF,15,11,November,2010,2,Monday,1,14,0,14,6,0,32.23595556,-111.01645278,8,2,0,0,0,1,0
40677,4,ARIZONA,AZ,1,1,1,1,13,370,BOLLING,16,11,November,2010,3,Tuesday,17,35,0,13,6,0,33.57636111,-112.06516389,8,5,0,0,0,1,0
40678,4,ARIZONA,AZ,3,3,0,5,13,370,BOLLING,16,11,November,2010,3,Tuesday,18,58,0,15,6,0,33.77743611,-111.97732222,12,3,0,0,0,1,1
40679,4,ARIZONA,AZ,2,2,0,2,13,370,BOLLING,17,11,November,2010,4,Wednesday,9,12,0,13,6,0,33.61064444,-112.15984722,12,1,0,0,0,1,0
40680,4,ARIZONA,AZ,1,1,1,1,13,510,BOLLING,17,11,November,2010,4,Wednesday,17,21,0,14,6,0,33.44739167,-112.25517222,8,3,0,0,0,1,0
40682,4,ARIZONA,AZ,1,1,0,1,13,368,BOLLING,20,11,November,2010,7,Saturday,99,99,0,5,9,0,33.81652222,-112.23821667,1,9,0,0,0,1,1
40683,4,ARIZONA,AZ,2,2,0,4,13,370,BOLLING,21,11,November,2010,1,Sunday,4,6,0,13,6,0,33.44931111,-112.16920833,12,3,0,0,0,2,1
40684,4,ARIZONA,AZ,1,1,0,4,13,0,BOLLING,21,11,November,2010,1,Sunday,18,27,0,16,6,0,33.35368056,-112.13499444,1,2,0,0,0,1,0
40685,4,ARIZONA,AZ,1,1,1,1,13,370,BOLLING,22,11,November,2010,2,Monday,16,12,0,13,6,0,33.54218056,-112.13432778,8,1,0,0,0,1,0
40686,4,ARIZONA,AZ,1,1,0,2,19,530,CEDAR BLUFF,22,11,November,2010,2,Monday,22,15,0,16,6,0,32.28995278,-110.98383333,33,3,0,0,0,1,1
40687,4,ARIZONA,AZ,1,1,1,2,13,370,BOLLING,23,11,November,2010,3,Tuesday,21,39,0,13,6,0,33.37775556,-112.06644722,8,3,0,0,0,1,0
40688,4,ARIZONA,AZ,1,1,0,2,19,530,CEDAR BLUFF,25,11,November,2010,5,Thursday,19,20,0,14,6,0,32.09040000,-110.92517778,1,2,0,0,0,1,1
40689,4,ARIZONA,AZ,1,1,1,3,13,370,BOLLING,12,12,December,2010,1,Sunday,18,11,0,13,6,0,33.48050556,-112.17430833,8,3,0,0,0,1,0
40690,4,ARIZONA,AZ,2,2,0,4,19,530,CEDAR BLUFF,1,12,December,2010,4,Wednesday,20,13,0,14,6,0,32.19957778,-110.99063611,12,3,0,0,0,1,1
40691,4,ARIZONA,AZ,2,2,0,4,19,530,CEDAR BLUFF,3,12,December,2010,6,Friday,16,48,0,14,6,0,32.23471944,-110.82388889,12,5,0,0,0,1,1
40692,4,ARIZONA,AZ,2,2,0,2,19,530,CEDAR BLUFF,7,12,December,2010,3,Tuesday,10,10,1,13,6,0,32.25056111,-110.91406111,12,1,0,0,0,1,0
40693,4,ARIZONA,AZ,2,2,0,4,19,530,CEDAR BLUFF,26,12,December,2010,1,Sunday,13,42,0,14,6,0,32.26479167,-110.95670000,12,1,0,0,0,1,0
40694,4,ARIZONA,AZ,1,1,1,1,19,530,CEDAR BLUFF,30,12,December,2010,5,Thursday,18,10,1,13,6,0,32.13399167,-110.96985556,8,3,0,0,0,1,0
40696,4,ARIZONA,AZ,2,2,0,2,13,370,BOLLING,26,11,November,2010,6,Friday,12,28,0,14,6,0,33.40672500,-112.07606389,12,1,0,0,0,1,0
40697,4,ARIZONA,AZ,2,2,0,4,13,370,BOLLING,26,11,November,2010,6,Friday,16,13,0,13,6,0,33.55707500,-112.13426944,12,1,0,0,0,1,0
40698,4,ARIZONA,AZ,2,2,0,3,1,0,AUTAUGA,29,11,November,2010,2,Monday,11,34,0,4,8,0,99.99990000,999.99990000,12,1,0,0,0,1,0
40699,4,ARIZONA,AZ,1,1,1,1,13,370,BOLLING,3,12,December,2010,6,Friday,19,40,0,14,6,0,33.43708889,-112.07904167,8,3,0,0,0,1,0
40700,4,ARIZONA,AZ,1,1,0,4,21,0,CHILTON,3,12,December,2010,6,Friday,18,16,0,6,6,0,33.20154722,-111.85358889,35,1,0,0,0,1,1
40701,4,ARIZONA,AZ,1,1,1,1,5,336,BAKER HILL,5,12,December,2010,1,Sunday,17,56,0,3,3,2978,36.89646667,-111.43623611,8,2,0,0,0,1,0
40702,4,ARIZONA,AZ,1,1,0,2,7,0,BIBB,8,12,December,2010,4,Wednesday,16,45,0,6,9,0,99.99990000,999.99990000,99,9,0,0,0,1,0
40703,4,ARIZONA,AZ,1,1,0,1,21,0,CHILTON,11,12,December,2010,7,Saturday,15,50,0,6,8,0,33.06572222,-111.92793889,1,1,0,0,0,1,0
40704,4,ARIZONA,AZ,1,1,1,1,3,40,BALDWIN,13,12,December,2010,2,Monday,19,53,0,6,6,0,31.97051389,-110.30750833,8,3,0,0,0,1,0
40705,4,ARIZONA,AZ,1,1,0,1,1,0,AUTAUGA,14,12,December,2010,3,Tuesday,99,99,0,6,8,0,99.99990000,999.99990000,1,9,0,0,0,1,0
40706,4,ARIZONA,AZ,1,1,1,1,17,0,CHAMBERS,15,12,December,2010,4,Wednesday,22,0,0,4,8,0,99.99990000,999.99990000,8,2,0,0,0,1,0
40707,4,ARIZONA,AZ,1,1,0,1,27,620,ASHLAND,15,12,December,2010,4,Wednesday,99,99,0,16,6,0,99.99990000,999.99990000,99,9,0,0,0,1,0
40708,4,ARIZONA,AZ,1,1,0,2,13,370,BOLLING,17,12,December,2010,6,Friday,3,29,0,13,6,0,33.59044722,-112.01314722,42,3,0,0,0,2,1
40709,4,ARIZONA,AZ,1,1,1,1,13,370,BOLLING,19,12,December,2010,1,Sunday,18,42,0,14,6,0,33.38100278,-112.04731944,8,3,0,0,0,1,0
40710,4,ARIZONA,AZ,1,1,1,1,13,200,BOLLING,22,12,December,2010,4,Wednesday,19,48,0,13,6,0,33.56828056,-112.18632222,8,3,0,0,0,1,0
40711,4,ARIZONA,AZ,1,1,1,1,13,200,BOLLING,23,12,December,2010,5,Thursday,14,56,0,13,6,0,33.63560000,-112.18605000,8,1,0,0,0,1,0
40712,4,ARIZONA,AZ,1,1,1,1,13,370,BOLLING,23,12,December,2010,5,Thursday,15,4,0,16,6,0,33.44768611,-112.14149167,9,1,0,0,0,1,0
40713,4,ARIZONA,AZ,1,1,1,1,17,0,CHAMBERS,5,8,August,2010,5,Thursday,99,99,0,3,3,3801,35.83313056,-110.52946667,8,9,0,0,0,1,0
40714,4,ARIZONA,AZ,1,1,0,2,1,0,AUTAUGA,25,9,September,2010,7,Saturday,99,99,0,6,8,0,99.99990000,999.99990000,1,9,0,0,0,1,0
40715,4,ARIZONA,AZ,1,1,2,1,13,370,BOLLING,25,12,December,2010,7,Saturday,2,36,0,14,6,0,33.46578889,-112.02943889,8,3,0,0,0,1,1
40716,4,ARIZONA,AZ,1,1,0,2,21,70,CHILTON,25,12,December,2010,7,Saturday,1,15,0,16,6,0,32.87652500,-111.75658889,10,3,0,0,0,1,1
40717,4,ARIZONA,AZ,1,1,0,2,21,25,CHILTON,26,12,December,2010,1,Sunday,3,0,0,6,6,0,99.99990000,999.99990000,1,6,0,0,0,1,1
40718,4,ARIZONA,AZ,1,1,0,1,13,370,BOLLING,27,12,December,2010,2,Monday,99,99,1,12,3,280,33.67126667,-112.03443611,99,9,0,0,0,1,0
40719,4,ARIZONA,AZ,1,1,1,1,13,370,BOLLING,28,12,December,2010,3,Tuesday,21,47,0,13,6,0,33.49510278,-112.01800556,8,3,0,0,0,1,0
40720,4,ARIZONA,AZ,1,1,0,1,19,530,CEDAR BLUFF,28,12,December,2010,3,Tuesday,99,99,0,16,6,0,99.99990000,999.99990000,42,6,0,0,0,1,0
40721,4,ARIZONA,AZ,1,1,0,1,13,370,BOLLING,30,12,December,2010,5,Thursday,21,1,0,16,6,0,33.64335000,-112.09579167,33,3,0,0,0,1,1
40722,4,ARIZONA,AZ,1,1,0,1,13,200,BOLLING,31,12,December,2010,6,Friday,23,1,1,12,7,0,33.65840556,-112.23285278,33,3,0,0,0,1,1
40723,4,ARIZONA,AZ,1,1,0,1,21,405,CHILTON,5,9,September,2010,1,Sunday,9,5,0,6,9,0,33.07265278,-111.74633056,30,1,0,0,0,1,1
40724,4,ARIZONA,AZ,1,1,0,2,1,0,AUTAUGA,28,9,September,2010,3,Tuesday,18,32,0,4,2,4565,36.28157500,-109.60250278,99,9,0,0,0,1,0
40725,4,ARIZONA,AZ,1,1,0,2,17,0,CHAMBERS,29,9,September,2010,4,Wednesday,12,0,0,4,8,0,99.99990000,999.99990000,99,1,0,0,0,1,0
40726,4,ARIZONA,AZ,1,1,0,1,21,0,CHILTON,7,12,December,2010,3,Tuesday,6,53,0,6,9,0,33.19368333,-111.86749167,1,1,0,0,0,1,0
40727,4,ARIZONA,AZ,2,2,0,3,13,370,BOLLING,27,9,September,2010,2,Monday,15,56,0,13,6,0,33.50924444,-112.04018056,12,1,0,0,0,1,0
50001,5,ARKANSAS,AR,1,1,0,2,149,0,BELLEVILLE,2,1,January,2010,7,Saturday,2,16,0,4,3,5,35.18057778,-93.14844167,43,6,0,0,0,1,1
50002,5,ARKANSAS,AR,1,1,0,1,51,0,CENTRAL,2,1,January,2010,7,Saturday,11,44,0,3,3,9,34.39798611,-93.10235000,42,1,0,0,0,1,0
50003,5,ARKANSAS,AR,2,1,0,2,19,0,CEDAR BLUFF,4,1,January,2010,2,Monday,4,26,1,1,1,538,33.89687778,-93.30597778,14,6,0,0,0,1,0
50004,5,ARKANSAS,AR,1,1,0,2,115,0,ASHVILLE,4,1,January,2010,2,Monday,12,43,0,6,4,0,35.32773056,-93.20556111,18,1,0,0,0,2,0
50005,5,ARKANSAS,AR,1,1,0,2,79,0,COURTLAND,6,1,January,2010,4,Wednesday,16,10,0,6,4,0,34.03564444,-91.89318889,35,1,0,0,0,1,0
50006,5,ARKANSAS,AR,1,1,0,1,45,0,ARITON,10,1,January,2010,1,Sunday,4,7,0,4,3,48,35.25788611,-92.36257500,42,6,0,0,0,1,1
50007,5,ARKANSAS,AR,1,1,0,1,23,1820,BLADON SPRINGS,10,1,January,2010,1,Sunday,15,50,0,14,3,23,35.49219444,-92.06783333,24,1,0,0,0,1,1
50008,5,ARKANSAS,AR,1,1,0,1,145,3530,BALD KNOB,11,1,January,2010,2,Monday,20,58,0,13,2,16,35.20912500,-91.73266389,32,6,0,0,99,1,0
50009,5,ARKANSAS,AR,1,1,0,1,35,0,BROOKLYN,12,1,January,2010,3,Tuesday,3,12,1,1,1,2726,35.14545833,-90.27088056,1,6,0,0,0,1,0
50010,5,ARKANSAS,AR,1,1,0,1,15,0,ANNISTON,13,1,January,2010,4,Wednesday,22,19,0,3,2,51,36.39461944,-93.69531111,34,6,0,0,0,1,1
50011,5,ARKANSAS,AR,1,1,0,1,83,0,ARDMORE,15,1,January,2010,6,Friday,10,24,0,3,3,79,35.29568889,-93.78049722,34,1,0,0,0,1,1
50012,5,ARKANSAS,AR,1,1,0,1,9,0,BLOUNT,15,1,January,2010,6,Friday,16,50,0,4,3,14,36.48191667,-93.19725833,32,1,0,0,0,1,1
50013,5,ARKANSAS,AR,1,1,0,1,149,0,BELLEVILLE,16,1,January,2010,7,Saturday,21,45,0,4,3,19,33.76960556,-93.83105278,34,6,0,0,0,1,0
50014,5,ARKANSAS,AR,1,1,0,4,131,1370,ARLINGTON,17,1,January,2010,1,Sunday,2,49,0,13,3,3,35.32923611,-94.42062500,46,6,0,0,0,4,1
50015,5,ARKANSAS,AR,1,1,0,1,145,0,BALD KNOB,17,1,January,2010,1,Sunday,3,33,0,4,3,36,35.27346111,-91.67850556,42,6,0,0,0,1,0
50016,5,ARKANSAS,AR,1,1,0,1,119,2880,BELLAMY,17,1,January,2010,1,Sunday,7,24,1,12,2,1,34.77997222,-92.23262778,21,1,0,0,0,1,1
50017,5,ARKANSAS,AR,2,2,0,2,45,860,ARITON,18,1,January,2010,2,Monday,9,18,0,14,3,3,35.11848611,-92.44718333,12,1,0,0,0,1,0
50018,5,ARKANSAS,AR,2,2,0,2,5,0,BAKER HILL,18,1,January,2010,2,Monday,16,37,0,3,3,168,36.32383889,-92.35330556,32,1,0,0,0,1,0
50019,5,ARKANSAS,AR,1,1,0,1,53,0,ATMORE,21,1,January,2010,5,Thursday,12,16,1,2,2,96,34.30281944,-92.39919167,35,1,0,0,0,1,0
50020,5,ARKANSAS,AR,2,2,0,2,69,0,ASHFORD,22,1,January,2010,6,Friday,13,53,0,6,4,0,34.22649444,-92.20003333,12,1,0,0,0,1,0
50021,5,ARKANSAS,AR,2,2,0,2,7,0,BIBB,28,1,January,2010,5,Thursday,8,22,0,3,3,178,36.26455278,-94.48061944,12,1,0,0,0,1,0
50022,5,ARKANSAS,AR,2,2,0,4,59,0,FRANKLIN,30,1,January,2010,7,Saturday,3,58,1,1,1,827,34.23603889,-93.00650000,12,6,0,0,0,1,0
50023,5,ARKANSAS,AR,2,2,0,2,127,0,BURNWELL,31,1,January,2010,1,Sunday,19,29,1,2,2,207,34.87776667,-94.09615278,12,2,0,0,0,1,1
50024,5,ARKANSAS,AR,1,1,0,1,113,0,COTTONTON,3,2,February,2010,4,Wednesday,12,22,1,2,2,170,34.39843056,-94.40440278,35,1,0,0,0,1,0
50025,5,ARKANSAS,AR,1,1,1,1,113,0,COTTONTON,3,2,February,2010,4,Wednesday,20,47,1,2,2,47,34.60329444,-94.20475833,8,6,0,0,0,1,0
50026,5,ARKANSAS,AR,2,2,0,2,37,0,BRADFORD,5,2,February,2010,6,Friday,11,18,0,3,2,43,35.24180000,-90.72567778,12,1,0,0,0,1,0
50027,5,ARKANSAS,AR,2,2,0,2,31,0,COFFEE,7,2,February,2010,1,Sunday,0,18,1,2,2,49,35.90674444,-90.81333056,12,2,0,0,0,1,1
50028,5,ARKANSAS,AR,1,1,1,1,119,2320,BELLAMY,10,2,February,2010,4,Wednesday,1,2,1,11,1,1343,34.69220833,-92.30403889,8,3,0,0,0,1,0
50029,5,ARKANSAS,AR,1,1,0,2,13,0,BOLLING,10,2,February,2010,4,Wednesday,14,55,0,4,3,13,33.79202222,-92.51421667,32,1,0,0,0,2,0
50030,5,ARKANSAS,AR,2,2,0,3,19,0,CEDAR BLUFF,14,2,February,2010,1,Sunday,6,0,1,1,1,630,33.99660278,-93.18407778,12,6,0,0,0,2,0
50031,5,ARKANSAS,AR,3,3,0,3,127,0,BURNWELL,15,2,February,2010,2,Monday,9,37,1,2,2,187,34.86037778,-94.07057500,12,1,0,0,0,1,1
50032,5,ARKANSAS,AR,1,1,0,1,15,0,ANNISTON,15,2,February,2010,2,Monday,0,0,1,2,2,132,36.20130833,-93.36846944,1,6,0,0,0,1,0
50033,5,ARKANSAS,AR,2,2,0,6,7,315,BIBB,16,2,February,2010,3,Tuesday,15,54,1,13,2,90,36.43832222,-94.23731111,12,1,0,0,0,2,0
50034,5,ARKANSAS,AR,1,1,0,1,119,2320,BELLAMY,17,2,February,2010,4,Wednesday,1,35,0,16,6,0,34.76788889,-92.31025000,42,3,0,0,0,1,1
50035,5,ARKANSAS,AR,1,1,1,1,75,0,BEAVERTON,18,2,February,2010,5,Thursday,1,15,1,2,2,84,36.00800556,-91.00387500,8,6,0,0,0,1,1
50036,5,ARKANSAS,AR,1,1,0,1,131,1370,ARLINGTON,19,2,February,2010,6,Friday,2,0,1,11,1,70,35.39233889,-94.36577778,23,6,0,0,0,1,1
50037,5,ARKANSAS,AR,1,1,0,1,61,0,BELLWOOD,21,2,February,2010,1,Sunday,4,4,0,3,3,35,33.87471944,-93.96461667,34,6,0,0,0,1,1
50038,5,ARKANSAS,AR,2,2,0,3,41,0,BRANTLEY,22,2,February,2010,2,Monday,5,5,1,2,2,40,33.92163889,-91.50976111,12,6,0,0,0,1,0
50039,5,ARKANSAS,AR,3,3,0,3,139,0,CALION,25,2,February,2010,5,Thursday,7,55,1,2,3,65,33.14879722,-92.52947222,12,1,0,0,0,1,0
50040,5,ARKANSAS,AR,2,2,0,4,113,1560,COTTONTON,26,2,February,2010,6,Friday,11,8,1,2,2,16,34.20456111,-94.31299167,12,1,0,0,0,2,0
50041,5,ARKANSAS,AR,1,1,0,3,9,0,BLOUNT,27,2,February,2010,7,Saturday,11,40,0,4,3,130,36.43826944,-93.04432778,35,1,0,0,0,1,0
50042,5,ARKANSAS,AR,2,2,0,3,115,2340,ASHVILLE,1,3,March,2010,2,Monday,6,20,1,1,1,768,35.32468333,-93.20738611,5,2,0,0,0,2,0
50043,5,ARKANSAS,AR,2,2,0,2,7,0,BIBB,1,3,March,2010,2,Monday,9,10,0,3,3,91,36.37869167,-94.44186667,12,1,0,0,0,1,0
50044,5,ARKANSAS,AR,2,2,0,2,27,2490,ASHLAND,3,3,March,2010,4,Wednesday,7,5,0,13,2,176,33.27873611,-93.21478889,12,1,0,0,0,1,0
50045,5,ARKANSAS,AR,2,2,0,2,119,2320,BELLAMY,3,3,March,2010,4,Wednesday,14,15,0,16,6,0,34.66275833,-92.36287500,12,1,0,0,0,1,0
50046,5,ARKANSAS,AR,1,1,0,2,53,3550,ATMORE,3,3,March,2010,4,Wednesday,20,2,0,4,3,176,34.29152778,-92.42518889,34,6,0,0,0,1,0
50047,5,ARKANSAS,AR,1,1,0,1,51,0,CENTRAL,5,3,March,2010,6,Friday,22,10,0,4,3,81,34.42144167,-93.02051111,34,6,0,0,0,1,1
50048,5,ARKANSAS,AR,1,1,0,1,45,0,ARITON,6,3,March,2010,7,Saturday,15,18,0,4,3,73,35.14693333,-92.23751944,34,1,0,0,0,1,1
50049,5,ARKANSAS,AR,2,2,0,2,125,0,BROOKWOOD,6,3,March,2010,7,Saturday,18,15,0,6,4,0,34.55635278,-92.65682500,12,6,0,0,0,1,1
50050,5,ARKANSAS,AR,2,2,0,2,31,2070,COFFEE,7,3,March,2010,1,Sunday,16,42,0,13,3,24,35.82102222,-90.65237778,7,1,0,0,0,1,0
50051,5,ARKANSAS,AR,1,1,0,1,93,0,BEAR CREEK,7,3,March,2010,1,Sunday,20,15,0,4,3,122,35.69961667,-90.17784167,32,6,0,0,0,1,1
50052,5,ARKANSAS,AR,2,2,0,2,103,0,DANVILLE,10,3,March,2010,4,Wednesday,15,35,0,14,3,34,33.53681667,-92.86874167,12,1,0,0,0,1,0
50053,5,ARKANSAS,AR,1,1,0,1,93,450,BEAR CREEK,12,3,March,2010,6,Friday,1,58,0,16,6,0,35.92188611,-89.90085000,10,6,0,0,0,1,1
50054,5,ARKANSAS,AR,2,2,0,3,7,3390,BIBB,14,3,March,2010,1,Sunday,21,50,1,11,1,793,36.27310000,-94.15034167,12,6,0,0,0,1,1
50055,5,ARKANSAS,AR,4,4,0,6,45,860,ARITON,15,3,March,2010,2,Monday,14,52,0,13,2,21,35.11406389,-92.48722222,12,1,0,0,0,1,0
50056,5,ARKANSAS,AR,2,2,0,2,145,0,BALD KNOB,17,3,March,2010,4,Wednesday,1,19,1,2,2,61,35.30349722,-91.62876667,12,6,0,0,0,1,0
50057,5,ARKANSAS,AR,2,2,0,2,95,550,ALBERTVILLE,17,3,March,2010,4,Wednesday,12,41,0,4,2,16,34.83106667,-91.37809722,12,1,0,0,0,1,0