ST_CASE,STATE,State Name,State Abbreviation,# of Vehicle involved,VE_FORMS,Pedestrains,Total_Persons_in_accident,COUNTY,CITY,City_County_Name,Calendar_DAY,MONTH,Month_name,YEAR,DAY_WEEK,Day_Week_desc,HOUR,MINUTE,NHS_Desc,trafficway,Route,MILEPT,LATITUDE,LONGITUD,First_Crash_event,Light_cond_desc,Weather_condition,School_bus_involved,Crash_cause,FATALS,DRUNK_DR
50217,5,ARKANSAS,AR,1,1,0,1,125,330,BROOKWOOD,11,7,July,2010,1,Sunday,0,50,1,1,1,1131,34.54127778,-92.64049444,1,6,0,0,0,1,0
50218,5,ARKANSAS,AR,1,1,0,1,99,0,BEATRICE,12,7,July,2010,2,Monday,15,40,0,4,3,189,33.44762778,-93.41425833,53,1,0,0,0,1,1
50219,5,ARKANSAS,AR,2,2,0,3,61,0,BELLWOOD,12,7,July,2010,2,Monday,17,10,0,4,2,115,34.00638889,-93.93958611,12,1,0,0,0,1,0
50220,5,ARKANSAS,AR,1,1,1,2,119,2320,BELLAMY,13,7,July,2010,3,Tuesday,0,21,1,11,1,1300,34.69191944,-92.30417778,8,6,0,0,0,1,0
50221,5,ARKANSAS,AR,3,3,0,3,125,330,BROOKWOOD,13,7,July,2010,3,Tuesday,23,40,1,11,1,1160,34.56688889,-92.60020278,12,6,0,0,0,1,0
50222,5,ARKANSAS,AR,1,1,1,1,145,3530,BALD KNOB,14,7,July,2010,4,Wednesday,1,26,1,12,2,197,35.23321111,-91.70417500,8,6,0,0,0,1,0
50223,5,ARKANSAS,AR,1,1,0,1,33,0,CHEROKEE,15,7,July,2010,5,Thursday,21,26,0,4,3,35,35.51841389,-94.31773333,32,6,0,0,0,1,0
50224,5,ARKANSAS,AR,1,1,0,1,119,2320,BELLAMY,16,7,July,2010,6,Friday,8,3,1,11,1,1270,34.65003056,-92.41629444,24,1,0,0,0,1,0
50225,5,ARKANSAS,AR,1,1,0,2,67,0,ABBEVILLE,17,7,July,2010,7,Saturday,2,30,0,4,2,12,35.57970833,-91.34706944,23,6,0,0,0,1,1
50226,5,ARKANSAS,AR,1,1,0,1,7,0,BIBB,17,7,July,2010,7,Saturday,11,49,0,6,4,0,36.45245833,-94.52958611,42,1,0,0,0,1,0
50227,5,ARKANSAS,AR,1,1,0,1,149,0,BELLEVILLE,17,7,July,2010,7,Saturday,13,15,1,2,3,48,35.01840000,-93.22517500,1,1,0,0,0,1,0
50228,5,ARKANSAS,AR,1,1,1,1,31,2070,COFFEE,17,7,July,2010,7,Saturday,22,29,0,13,3,166,35.84516111,-90.69953056,8,2,0,0,0,1,0
50229,5,ARKANSAS,AR,1,1,0,2,91,0,DAYTON,18,7,July,2010,1,Sunday,0,2,0,3,3,165,33.35315000,-93.77753611,1,6,0,0,0,1,1
50230,5,ARKANSAS,AR,2,2,0,2,113,0,COTTONTON,18,7,July,2010,1,Sunday,12,45,1,2,2,212,34.43378056,-94.41143889,12,1,0,0,0,1,0
50231,5,ARKANSAS,AR,1,1,0,1,83,695,ARDMORE,18,7,July,2010,1,Sunday,0,55,0,3,3,37,35.30146667,-93.85384167,59,2,0,0,0,1,1
50232,5,ARKANSAS,AR,1,1,0,1,49,0,COLLINSVILLE,20,7,July,2010,3,Tuesday,19,50,1,2,2,83,36.39475556,-91.99822500,34,1,0,0,0,1,0
50233,5,ARKANSAS,AR,2,2,0,2,63,0,BOLIGEE,21,7,July,2010,4,Wednesday,5,30,0,6,3,51,35.72679444,-91.73077500,12,4,0,0,0,2,0
50234,5,ARKANSAS,AR,1,1,0,1,143,0,CANEHILL,22,7,July,2010,5,Thursday,22,20,1,1,1,492,35.86004722,-94.17677778,1,6,0,0,0,1,1
50235,5,ARKANSAS,AR,1,1,0,1,119,2036,BELLAMY,23,7,July,2010,6,Friday,19,11,0,6,6,0,34.83582222,-92.13044722,1,1,0,0,0,1,1
50236,5,ARKANSAS,AR,2,2,0,2,77,0,ANDERSON,24,7,July,2010,7,Saturday,1,44,0,2,2,184,34.77419167,-90.79994167,12,6,0,0,0,1,0
50237,5,ARKANSAS,AR,1,1,0,2,125,0,BROOKWOOD,24,7,July,2010,7,Saturday,18,24,0,6,4,0,34.67327778,-92.60851944,38,1,0,0,0,1,1
50238,5,ARKANSAS,AR,1,1,0,1,145,0,BALD KNOB,24,7,July,2010,7,Saturday,19,28,0,3,3,17,35.13078889,-92.09890278,1,1,0,0,0,1,1
50239,5,ARKANSAS,AR,1,1,1,4,27,0,ASHLAND,24,7,July,2010,7,Saturday,22,28,0,4,4,0,33.14393056,-93.41490278,8,6,0,0,0,1,0
50240,5,ARKANSAS,AR,2,2,0,2,35,0,BROOKLYN,25,7,July,2010,1,Sunday,23,40,1,1,1,2719,35.14616111,-90.27345556,12,6,0,0,99,1,1
50241,5,ARKANSAS,AR,1,1,0,1,31,0,COFFEE,26,7,July,2010,2,Monday,5,12,0,6,4,0,35.92332500,-90.35988889,1,6,0,0,0,1,1
50242,5,ARKANSAS,AR,1,1,0,2,33,0,CHEROKEE,29,7,July,2010,5,Thursday,18,20,0,6,4,0,35.41403889,-94.30829722,1,1,0,0,0,1,0
50243,5,ARKANSAS,AR,1,1,0,2,85,660,BENTON,30,7,July,2010,6,Friday,6,30,0,4,3,59,34.86030000,-91.74871389,32,6,0,0,0,1,0
50244,5,ARKANSAS,AR,1,1,1,1,77,0,ANDERSON,30,7,July,2010,6,Friday,16,26,0,6,4,0,34.79390556,-90.82519167,8,1,0,0,0,2,0
50245,5,ARKANSAS,AR,1,1,0,3,59,0,FRANKLIN,31,7,July,2010,7,Saturday,0,10,0,6,4,0,34.27055278,-92.68963333,1,6,0,0,0,1,0
50246,5,ARKANSAS,AR,2,2,0,2,137,0,ALCO,31,7,July,2010,7,Saturday,5,25,0,14,3,200,35.74550278,-91.85132500,12,6,0,0,0,2,0
50247,5,ARKANSAS,AR,1,1,0,1,61,0,BELLWOOD,31,7,July,2010,7,Saturday,13,20,0,3,3,845,33.87312222,-93.92357778,35,1,0,0,0,1,1
50248,5,ARKANSAS,AR,2,2,0,2,131,1370,ARLINGTON,31,7,July,2010,7,Saturday,15,46,0,16,6,0,35.34841944,-94.36586389,12,1,0,0,0,1,0
50249,5,ARKANSAS,AR,1,1,0,1,7,0,BIBB,31,7,July,2010,7,Saturday,16,54,0,4,4,0,36.43025000,-94.20458333,24,6,0,0,0,1,1
50250,5,ARKANSAS,AR,1,1,0,1,15,350,ANNISTON,19,6,June,2010,7,Saturday,15,10,0,4,3,106,36.27469167,-93.52547500,35,1,0,0,0,1,1
50251,5,ARKANSAS,AR,2,2,0,3,125,0,BROOKWOOD,20,7,July,2010,3,Tuesday,11,48,0,6,4,0,34.51000556,-92.72600278,12,1,0,0,0,1,0
50252,5,ARKANSAS,AR,1,1,0,6,95,0,ALBERTVILLE,31,7,July,2010,7,Saturday,23,25,0,4,3,41,34.66003889,-91.27055278,32,6,0,0,0,2,0
50253,5,ARKANSAS,AR,1,1,0,1,131,1370,ARLINGTON,1,8,August,2010,1,Sunday,4,51,1,11,1,42,35.31484444,-94.39719167,25,2,0,0,0,1,1
50254,5,ARKANSAS,AR,1,1,0,2,105,0,MARION,1,8,August,2010,1,Sunday,19,38,0,4,3,189,34.95393333,-93.13790556,5,1,0,0,0,1,0
50255,5,ARKANSAS,AR,1,1,0,1,115,0,ASHVILLE,1,8,August,2010,1,Sunday,8,23,1,1,1,916,35.24425278,-92.96064444,42,1,0,0,0,1,0
50256,5,ARKANSAS,AR,1,1,0,1,73,0,ARGO,2,8,August,2010,2,Monday,10,25,0,4,3,30,33.18593333,-93.62687222,34,1,0,0,0,1,0
50257,5,ARKANSAS,AR,2,2,0,5,59,1430,FRANKLIN,2,8,August,2010,2,Monday,11,30,1,1,1,827,34.23777778,-93.00433056,12,1,0,0,0,1,0
50258,5,ARKANSAS,AR,1,1,0,1,15,9997,ANNISTON,3,8,August,2010,3,Tuesday,14,29,0,6,6,0,36.48161389,-93.75832222,32,1,0,0,0,1,1
50259,5,ARKANSAS,AR,3,3,0,3,37,0,BRADFORD,5,8,August,2010,5,Thursday,17,25,1,2,3,38,35.30798056,-90.79118611,12,1,0,0,0,1,0
50260,5,ARKANSAS,AR,1,1,1,1,73,3690,ARGO,5,8,August,2010,5,Thursday,22,0,0,6,6,0,33.35999722,-93.50290556,8,6,0,0,0,1,1
50261,5,ARKANSAS,AR,1,1,0,1,97,0,AXIS,6,8,August,2010,6,Friday,14,30,0,3,3,272,34.34400278,-93.56034167,1,1,0,0,0,1,0
50262,5,ARKANSAS,AR,2,2,0,2,21,0,CHILTON,6,8,August,2010,6,Friday,17,18,1,2,2,5,36.36386667,-90.74760556,12,1,0,0,0,1,0
50263,5,ARKANSAS,AR,1,1,1,1,69,3150,ASHFORD,6,8,August,2010,6,Friday,23,55,0,6,6,0,34.21776389,-92.03813611,8,6,0,0,0,1,0
50264,5,ARKANSAS,AR,1,1,0,2,1,0,AUTAUGA,7,8,August,2010,7,Saturday,11,15,0,6,4,0,34.41696389,-91.46788611,34,1,0,0,0,2,0
50265,5,ARKANSAS,AR,1,1,0,1,57,1890,BANKSTON,7,8,August,2010,7,Saturday,20,50,0,16,6,0,33.66312222,-93.58501944,30,3,0,0,0,1,1
50266,5,ARKANSAS,AR,2,2,0,5,7,0,BIBB,8,8,August,2010,1,Sunday,2,12,1,2,2,79,36.17167778,-94.43364722,12,6,0,0,0,2,1
50267,5,ARKANSAS,AR,1,1,0,1,45,860,ARITON,8,8,August,2010,1,Sunday,7,39,0,6,6,0,35.07250556,-92.44724722,32,1,0,0,0,1,0
50268,5,ARKANSAS,AR,2,2,0,2,45,860,ARITON,9,8,August,2010,2,Monday,13,50,0,6,6,0,35.08402500,-92.46316944,12,1,0,0,0,1,0
50269,5,ARKANSAS,AR,1,1,0,1,7,0,BIBB,14,8,August,2010,7,Saturday,99,99,0,4,3,40,36.35550278,-94.11631111,34,9,0,0,0,1,0
50270,5,ARKANSAS,AR,2,2,0,6,67,304,ABBEVILLE,17,8,August,2010,3,Tuesday,6,21,0,4,3,33,35.40108333,-91.12895278,12,1,0,0,0,1,0
50271,5,ARKANSAS,AR,2,2,0,2,45,0,ARITON,18,8,August,2010,4,Wednesday,13,5,1,2,2,100,35.08415000,-92.26554444,12,1,0,0,0,1,0
50272,5,ARKANSAS,AR,2,2,0,2,59,0,FRANKLIN,18,8,August,2010,4,Wednesday,16,35,1,1,1,1040,34.43721389,-92.78078611,12,1,0,0,0,1,0
50273,5,ARKANSAS,AR,1,1,0,1,45,0,ARITON,18,8,August,2010,4,Wednesday,22,20,0,4,3,103,35.33399722,-92.25408611,1,6,0,0,0,1,1
50274,5,ARKANSAS,AR,2,2,0,2,119,9997,BELLAMY,18,8,August,2010,4,Wednesday,23,10,0,6,6,0,34.70796389,-92.23080278,12,6,0,0,0,1,2
50275,5,ARKANSAS,AR,2,2,0,2,145,0,BALD KNOB,19,8,August,2010,5,Thursday,16,25,0,4,3,96,35.27701667,-91.93543889,12,1,0,0,0,1,1
50276,5,ARKANSAS,AR,1,1,0,2,31,0,COFFEE,20,8,August,2010,6,Friday,7,20,0,6,4,0,35.89235278,-90.79221667,10,1,0,0,0,2,0
50277,5,ARKANSAS,AR,1,1,0,1,103,0,DANVILLE,20,8,August,2010,6,Friday,17,30,0,5,3,81,33.48808056,-92.83928056,34,1,0,0,0,1,1
50278,5,ARKANSAS,AR,2,2,0,4,51,0,CENTRAL,21,8,August,2010,7,Saturday,14,50,0,3,3,40,34.42974444,-93.08495000,12,1,0,0,0,1,0
50279,5,ARKANSAS,AR,2,2,0,5,7,0,BIBB,21,8,August,2010,7,Saturday,15,8,0,4,3,24,36.44617778,-93.96829722,12,1,0,0,0,1,1
50280,5,ARKANSAS,AR,2,2,0,3,105,0,MARION,21,8,August,2010,7,Saturday,21,31,0,3,3,130,35.03424722,-92.69615556,12,6,0,0,0,1,1
50281,5,ARKANSAS,AR,1,1,0,1,19,4150,CEDAR BLUFF,23,8,August,2010,2,Monday,8,0,0,3,3,68,33.83316111,-93.12781111,42,1,0,0,0,1,0
50282,5,ARKANSAS,AR,1,1,0,6,35,0,BROOKLYN,23,8,August,2010,2,Monday,14,25,0,3,3,25,35.02403889,-90.36922222,1,1,0,0,0,1,0
50283,5,ARKANSAS,AR,1,1,0,1,121,0,BON AIR,23,8,August,2010,2,Monday,22,0,0,6,4,0,36.40974722,-91.15382222,42,6,0,0,0,1,0
50284,5,ARKANSAS,AR,2,2,0,2,61,0,BELLWOOD,24,8,August,2010,3,Tuesday,5,55,0,3,2,10,34.09567222,-94.07331111,12,6,0,0,0,1,0
50285,5,ARKANSAS,AR,3,3,0,4,119,2320,BELLAMY,25,8,August,2010,4,Wednesday,7,20,1,11,1,79,34.77143333,-92.38985833,12,1,0,0,0,1,0
50286,5,ARKANSAS,AR,2,2,0,5,133,0,ARLEY,27,8,August,2010,6,Friday,0,32,1,2,2,14,34.06508611,-94.32543889,12,6,0,0,0,1,0
50287,5,ARKANSAS,AR,1,1,0,1,123,0,ALEXANDER CITY,27,8,August,2010,6,Friday,14,10,1,1,1,2599,35.13275556,-90.48618889,58,1,0,0,0,1,1
50288,5,ARKANSAS,AR,1,1,0,2,27,0,ASHLAND,27,8,August,2010,6,Friday,23,45,0,2,2,58,33.38696667,-93.15945000,34,6,0,0,0,2,1
50289,5,ARKANSAS,AR,1,1,0,1,129,0,BIGBEE,28,8,August,2010,7,Saturday,11,30,0,4,3,0,35.94083611,-92.61144167,32,1,0,0,0,1,0
50290,5,ARKANSAS,AR,2,2,0,3,29,3645,BORDEN SPRINGS,28,8,August,2010,7,Saturday,22,58,0,4,3,18,35.28370278,-92.68116944,12,6,0,0,0,1,0
50291,5,ARKANSAS,AR,1,1,0,1,53,3550,ATMORE,29,8,August,2010,1,Sunday,4,15,0,2,2,76,34.31315278,-92.25949167,32,6,0,0,0,1,0
50292,5,ARKANSAS,AR,2,2,0,3,15,1280,ANNISTON,29,8,August,2010,1,Sunday,10,20,0,3,2,102,36.40655278,-93.75828889,12,1,0,0,0,1,1
50293,5,ARKANSAS,AR,1,1,0,7,15,0,ANNISTON,29,8,August,2010,1,Sunday,18,21,0,4,3,15,36.41181944,-93.56137222,18,1,0,0,0,3,1
50294,5,ARKANSAS,AR,1,1,0,1,31,0,COFFEE,15,5,May,2010,7,Saturday,99,99,0,6,4,0,35.91859167,-90.31814167,34,6,0,0,0,1,0
50295,5,ARKANSAS,AR,2,2,0,3,131,1370,ARLINGTON,25,5,May,2010,3,Tuesday,13,15,1,13,3,44,35.35430000,-94.35526389,12,1,0,0,0,1,0
50296,5,ARKANSAS,AR,2,2,0,2,119,2320,BELLAMY,26,7,July,2010,2,Monday,6,12,0,16,6,0,34.72170278,-92.18925000,12,1,0,0,0,1,0
50297,5,ARKANSAS,AR,1,1,0,5,119,2880,BELLAMY,1,8,August,2010,1,Sunday,14,3,0,16,6,0,34.85360000,-92.25413889,32,1,0,0,0,1,0
50298,5,ARKANSAS,AR,1,1,0,1,51,1907,CENTRAL,1,9,September,2010,4,Wednesday,3,1,0,13,3,91,34.48680278,-93.05927500,43,6,0,0,0,1,1
50299,5,ARKANSAS,AR,1,1,0,2,45,9999,ARITON,1,9,September,2010,4,Wednesday,19,55,0,4,3,48,35.18266667,-92.27719444,11,6,0,0,0,1,0
50300,5,ARKANSAS,AR,2,2,0,2,41,2420,BRANTLEY,2,9,September,2010,5,Thursday,16,30,0,4,3,5,33.60765000,-91.36659722,12,1,0,0,0,1,0
50301,5,ARKANSAS,AR,1,1,0,1,145,0,BALD KNOB,3,9,September,2010,6,Friday,13,34,0,4,4,0,35.08715000,-91.94492222,53,1,0,0,0,1,0
50302,5,ARKANSAS,AR,1,1,0,1,139,0,CALION,6,9,September,2010,2,Monday,0,45,1,2,2,127,33.16652778,-92.63174167,5,6,0,0,0,1,1
50303,5,ARKANSAS,AR,2,2,0,3,63,0,BOLIGEE,7,9,September,2010,3,Tuesday,15,4,0,3,3,76,35.74085278,-91.69032778,12,1,0,0,0,1,0
50304,5,ARKANSAS,AR,2,2,0,5,69,3150,ASHFORD,8,9,September,2010,4,Wednesday,14,49,0,16,6,0,34.21641667,-92.03600000,12,1,0,0,0,1,0
50305,5,ARKANSAS,AR,1,1,1,1,117,0,BIRMINGHAM,8,9,September,2010,4,Wednesday,23,15,1,1,1,0,34.83966667,-91.45687500,8,6,0,0,0,1,0
50306,5,ARKANSAS,AR,2,2,0,2,71,800,BRIDGEPORT,10,9,September,2010,6,Friday,5,38,0,3,3,8,35.42495556,-93.52957222,12,6,0,0,0,1,0
50307,5,ARKANSAS,AR,1,1,0,2,1,0,AUTAUGA,11,9,September,2010,7,Saturday,4,5,0,4,3,42,34.47752500,-91.47904444,34,6,0,0,0,1,1
50308,5,ARKANSAS,AR,2,2,0,2,5,0,BAKER HILL,11,9,September,2010,7,Saturday,9,55,0,4,3,25,36.03416667,-92.36004167,12,1,0,0,0,1,0
50309,5,ARKANSAS,AR,3,3,0,4,123,0,ALEXANDER CITY,11,9,September,2010,7,Saturday,14,45,1,1,1,2537,35.10153056,-90.59901111,12,1,0,0,0,3,0
50310,5,ARKANSAS,AR,1,1,0,1,51,1907,CENTRAL,11,9,September,2010,7,Saturday,17,40,1,12,2,182,34.49231944,-93.11286667,99,1,0,0,0,1,0
50311,5,ARKANSAS,AR,1,1,0,1,11,0,BULLOCK,11,9,September,2010,7,Saturday,20,40,0,4,4,0,33.35365278,-92.19934722,34,6,0,0,0,1,1
50312,5,ARKANSAS,AR,1,1,1,1,145,0,BALD KNOB,12,9,September,2010,1,Sunday,5,5,0,4,3,24,35.43241389,-91.47990556,8,6,0,0,0,1,0
50313,5,ARKANSAS,AR,1,1,0,2,41,0,BRANTLEY,12,9,September,2010,1,Sunday,11,25,0,4,3,20,33.98283333,-91.44041111,18,1,0,0,0,1,0
50314,5,ARKANSAS,AR,3,3,0,8,45,0,ARITON,12,9,September,2010,1,Sunday,12,39,1,2,2,81,35.08420278,-92.26596111,12,1,0,0,0,4,0
50315,5,ARKANSAS,AR,1,1,0,1,51,0,CENTRAL,13,9,September,2010,2,Monday,9,9,1,2,2,141,34.50950833,-93.17449167,35,1,0,0,0,1,0
50316,5,ARKANSAS,AR,1,1,0,1,85,0,BENTON,13,9,September,2010,2,Monday,12,14,0,13,3,30,34.98685833,-91.95382778,34,1,0,0,0,1,0
50317,5,ARKANSAS,AR,2,2,0,3,119,2320,BELLAMY,13,9,September,2010,2,Monday,15,14,1,11,1,1271,34.65079167,-92.41544722,12,1,0,0,0,1,1
50318,5,ARKANSAS,AR,1,1,0,1,125,0,BROOKWOOD,13,9,September,2010,2,Monday,18,20,0,4,4,0,34.65523889,-92.57906111,30,1,0,0,0,1,1
50319,5,ARKANSAS,AR,1,1,0,2,45,0,ARITON,14,9,September,2010,3,Tuesday,14,28,0,6,4,0,35.21081389,-92.15081389,34,1,0,0,0,1,0
50320,5,ARKANSAS,AR,1,1,0,1,139,3720,CALION,14,9,September,2010,3,Tuesday,15,0,0,6,4,0,33.12029167,-92.34313889,42,1,0,0,0,1,0
50321,5,ARKANSAS,AR,1,1,0,1,145,0,BALD KNOB,14,9,September,2010,3,Tuesday,16,25,1,2,2,117,35.33975556,-91.52942778,21,1,0,0,0,1,1
50322,5,ARKANSAS,AR,2,2,0,2,115,3450,ASHVILLE,15,9,September,2010,4,Wednesday,9,30,0,13,2,129,35.27794444,-93.09675000,12,1,0,0,0,1,0
50323,5,ARKANSAS,AR,1,1,0,2,93,0,BEAR CREEK,15,9,September,2010,4,Wednesday,10,30,1,1,1,382,35.57538333,-90.13840278,51,1,0,0,0,1,0
50324,5,ARKANSAS,AR,1,1,0,1,91,0,DAYTON,15,9,September,2010,4,Wednesday,16,4,0,4,3,14,33.11203333,-93.98479722,1,1,0,0,0,1,0
50325,5,ARKANSAS,AR,1,1,0,1,127,0,BURNWELL,15,9,September,2010,4,Wednesday,17,5,0,6,6,0,34.87578333,-94.00064444,34,1,0,0,0,1,1
50326,5,ARKANSAS,AR,2,2,0,2,119,2880,BELLAMY,15,9,September,2010,4,Wednesday,17,30,1,11,1,116,34.80983056,-92.35775833,12,1,0,0,0,1,1
50327,5,ARKANSAS,AR,1,1,0,3,149,0,BELLEVILLE,15,9,September,2010,4,Wednesday,20,47,0,4,3,196,34.94528889,-93.41495556,42,6,0,0,0,2,1
50328,5,ARKANSAS,AR,1,1,0,1,35,0,BROOKLYN,15,9,September,2010,4,Wednesday,22,0,1,11,1,2842,35.15315000,-90.09533889,1,6,0,0,0,1,1
50329,5,ARKANSAS,AR,1,1,0,1,37,0,BRADFORD,16,9,September,2010,5,Thursday,12,39,0,4,3,52,35.37519444,-90.70424167,1,1,0,0,0,1,0
50330,5,ARKANSAS,AR,2,2,0,3,91,0,DAYTON,17,9,September,2010,6,Friday,3,0,1,1,1,83,33.52333056,-93.93035833,12,6,0,0,0,1,1
50331,5,ARKANSAS,AR,1,1,0,1,79,3700,COURTLAND,18,9,September,2010,7,Saturday,6,30,0,6,4,0,33.85421111,-91.94016111,23,1,0,0,0,1,1
50332,5,ARKANSAS,AR,1,1,0,2,87,0,ARMSTRONG,18,9,September,2010,7,Saturday,9,10,0,3,3,2490,36.04729444,-93.71732778,35,1,0,0,0,1,0
50333,5,ARKANSAS,AR,3,3,0,3,25,0,BARLOW BEND,18,9,September,2010,7,Saturday,9,10,1,2,2,71,34.05493611,-92.40995278,12,1,0,0,0,1,0
50334,5,ARKANSAS,AR,1,1,0,1,143,3670,CANEHILL,18,9,September,2010,7,Saturday,18,2,0,6,6,0,36.20048889,-94.16036944,33,1,0,0,0,1,0
50335,5,ARKANSAS,AR,1,1,0,2,143,0,CANEHILL,18,9,September,2010,7,Saturday,20,50,0,6,4,0,35.83496667,-94.00773611,42,6,0,0,0,1,0
50336,5,ARKANSAS,AR,1,1,0,1,121,0,BON AIR,18,9,September,2010,7,Saturday,99,99,0,4,3,105,36.28389444,-91.25141111,34,6,0,0,0,1,1
50337,5,ARKANSAS,AR,1,1,0,2,67,0,ABBEVILLE,21,9,September,2010,3,Tuesday,17,51,0,6,4,0,35.86496111,-91.17289722,32,1,0,0,0,1,0
50338,5,ARKANSAS,AR,1,1,0,1,101,0,BOYLSTON,22,9,September,2010,4,Wednesday,16,44,0,4,3,123,36.00300833,-93.31332222,59,1,0,0,0,1,0
50339,5,ARKANSAS,AR,1,1,0,1,53,3550,ATMORE,23,9,September,2010,5,Thursday,15,4,0,4,3,187,34.29828056,-92.41029722,42,1,0,0,0,1,0
50340,5,ARKANSAS,AR,1,1,0,1,91,3810,DAYTON,23,9,September,2010,5,Thursday,17,24,1,12,3,34,33.41305278,-94.00587500,39,1,0,0,0,1,0
50341,5,ARKANSAS,AR,3,3,0,4,125,0,BROOKWOOD,24,9,September,2010,6,Friday,15,45,1,2,2,51,34.52779167,-92.68021389,12,1,0,0,0,1,0
50342,5,ARKANSAS,AR,1,1,0,1,125,0,BROOKWOOD,24,9,September,2010,6,Friday,21,37,0,6,4,0,34.48630833,-92.72285000,42,6,0,0,0,1,1
50343,5,ARKANSAS,AR,1,1,0,1,75,0,BEAVERTON,24,9,September,2010,6,Friday,23,56,0,4,3,17,35.89715000,-90.95297778,1,6,0,0,0,1,1
50344,5,ARKANSAS,AR,1,1,0,3,137,0,ALCO,25,9,September,2010,7,Saturday,0,35,0,3,3,53,35.85886667,-92.03212778,32,6,0,0,0,3,1
50345,5,ARKANSAS,AR,2,2,0,2,37,3070,BRADFORD,25,9,September,2010,7,Saturday,16,55,0,4,3,84,35.27085000,-90.55609722,12,1,0,0,0,1,0
50346,5,ARKANSAS,AR,1,1,0,5,139,3720,CALION,25,9,September,2010,7,Saturday,23,50,0,6,4,0,33.12851389,-92.33889722,42,3,0,0,0,1,0
50347,5,ARKANSAS,AR,2,2,0,3,119,2320,BELLAMY,26,9,September,2010,1,Sunday,2,0,0,16,6,0,34.74115833,-92.27166944,12,2,0,0,0,1,1
50348,5,ARKANSAS,AR,1,1,0,2,129,0,BIGBEE,27,9,September,2010,2,Monday,11,22,0,3,3,140,35.99043889,-92.42952222,1,1,0,0,0,1,0
50349,5,ARKANSAS,AR,2,2,0,3,43,0,BAILEYTON,27,9,September,2010,2,Monday,15,26,1,2,2,27,33.64649167,-91.80175833,12,1,0,0,0,1,0
50350,5,ARKANSAS,AR,2,2,0,2,117,1845,BIRMINGHAM,28,9,September,2010,3,Tuesday,10,15,0,3,3,40,34.98873056,-91.73704167,12,1,0,0,0,1,0
50351,5,ARKANSAS,AR,1,1,0,1,123,0,ALEXANDER CITY,28,9,September,2010,3,Tuesday,14,10,1,1,1,2222,34.93231667,-91.08584444,1,1,0,0,0,1,0
50352,5,ARKANSAS,AR,3,1,0,2,45,2600,ARITON,30,9,September,2010,5,Thursday,1,36,1,1,1,1341,34.97937778,-92.41699167,14,6,0,0,0,1,0
50353,5,ARKANSAS,AR,2,2,0,2,17,0,CHAMBERS,30,9,September,2010,5,Thursday,7,58,1,2,2,33,33.30538889,-91.40535000,12,1,0,0,0,1,0
50354,5,ARKANSAS,AR,2,2,0,3,7,0,BIBB,30,9,September,2010,5,Thursday,16,34,0,4,3,198,36.24143889,-93.90428056,12,1,0,0,0,1,0
50355,5,ARKANSAS,AR,2,2,0,2,121,0,BON AIR,2,9,September,2010,5,Thursday,17,13,0,4,3,22,36.19037222,-91.05141389,12,1,0,0,0,1,0
50356,5,ARKANSAS,AR,1,1,0,3,93,1040,BEAR CREEK,5,9,September,2010,1,Sunday,5,26,0,2,3,99,35.86933333,-90.01450556,34,6,0,0,0,1,0
50357,5,ARKANSAS,AR,1,1,0,1,35,0,BROOKLYN,2,10,October,2010,7,Saturday,3,19,0,4,3,84,35.30695556,-90.25055000,34,6,0,0,0,1,1
50358,5,ARKANSAS,AR,1,1,0,3,139,0,CALION,2,10,October,2010,7,Saturday,17,6,0,4,3,28,33.31790556,-92.91094722,52,1,0,0,0,1,0
50359,5,ARKANSAS,AR,1,1,0,2,133,0,ARLEY,2,10,October,2010,7,Saturday,21,1,1,2,2,65,34.04624167,-94.21939444,1,6,0,0,0,1,0
50360,5,ARKANSAS,AR,1,1,0,1,119,0,BELLAMY,2,10,October,2010,7,Saturday,19,8,0,6,4,0,34.94875278,-92.18803889,32,5,0,0,0,1,1
50361,5,ARKANSAS,AR,2,2,1,2,7,355,BIBB,2,10,October,2010,7,Saturday,23,20,0,13,2,10,36.23465833,-94.13726389,8,6,0,0,0,1,0
50362,5,ARKANSAS,AR,1,1,0,1,87,0,ARMSTRONG,2,10,October,2010,7,Saturday,23,37,0,3,3,135,36.25296111,-93.73947222,53,6,0,0,0,1,1
50363,5,ARKANSAS,AR,1,1,0,2,143,1310,CANEHILL,3,10,October,2010,1,Sunday,1,47,0,14,3,23,36.05290556,-94.18078611,43,3,0,0,0,1,1
50364,5,ARKANSAS,AR,1,1,0,2,147,0,AUGUSTA,3,10,October,2010,1,Sunday,3,20,0,3,2,80,35.09599167,-91.10291389,23,6,0,0,0,1,0
50365,5,ARKANSAS,AR,1,1,0,1,93,0,BEAR CREEK,3,10,October,2010,1,Sunday,4,55,0,6,4,0,35.90791944,-89.93659722,34,6,0,0,0,1,1
50366,5,ARKANSAS,AR,1,1,0,1,63,0,BOLIGEE,3,10,October,2010,1,Sunday,19,58,0,4,3,20,35.79317222,-91.31406667,34,6,0,0,0,1,0
50367,5,ARKANSAS,AR,2,2,0,2,69,0,ASHFORD,4,10,October,2010,2,Monday,13,22,1,1,1,227,34.40328056,-92.18598889,12,1,0,0,0,1,1
50368,5,ARKANSAS,AR,1,1,0,2,89,0,BROWNSBORO,4,10,October,2010,2,Monday,14,0,0,4,3,32,36.25664444,-92.66030000,24,1,0,0,0,1,0
50369,5,ARKANSAS,AR,2,2,0,2,77,0,ANDERSON,4,10,October,2010,2,Monday,17,48,1,2,3,41,34.83462500,-90.79655278,12,1,0,0,0,1,0
50370,5,ARKANSAS,AR,2,2,0,3,7,0,BIBB,5,10,October,2010,3,Tuesday,18,37,1,2,2,130,36.17758333,-94.34646667,34,1,0,0,0,1,0