ST_CASE,STATE,State Name,State Abbreviation,# of Vehicle involved,VE_FORMS,Pedestrains,Total_Persons_in_accident,COUNTY,CITY,City_County_Name,Calendar_DAY,MONTH,Month_name,YEAR,DAY_WEEK,Day_Week_desc,HOUR,MINUTE,NHS_Desc,trafficway,Route,MILEPT,LATITUDE,LONGITUD,First_Crash_event,Light_cond_desc,Weather_condition,School_bus_involved,Crash_cause,FATALS,DRUNK_DR
80004,8,COLORADO,CO,2,2,0,4,103,0,DANVILLE,19,1,January,2010,3,Tuesday,7,10,0,3,3,398,40.02435000,-107.94320000,12,4,0,0,0,1,0
80005,8,COLORADO,CO,2,2,0,2,123,0,ALEXANDER CITY,11,1,January,2010,2,Monday,8,40,1,1,1,255,40.00445000,-104.71031111,12,1,0,0,0,1,0
80006,8,COLORADO,CO,2,2,0,4,59,0,FRANKLIN,23,1,January,2010,7,Saturday,16,55,1,13,4,0,39.60970000,-105.07259167,12,5,0,0,0,1,0
80007,8,COLORADO,CO,3,3,0,6,41,0,BRANTLEY,29,1,January,2010,6,Friday,19,20,1,11,1,1330,38.73881944,-104.74700278,1,2,0,0,0,1,0
80008,8,COLORADO,CO,1,1,0,1,123,0,ALEXANDER CITY,25,1,January,2010,2,Monday,0,30,0,6,4,0,40.56785833,-104.01370000,35,2,0,0,0,1,1
80009,8,COLORADO,CO,2,2,1,3,59,1435,FRANKLIN,24,1,January,2010,1,Sunday,17,48,0,13,2,2936,39.74028611,-105.06631389,8,3,0,0,0,1,0
80010,8,COLORADO,CO,2,2,0,2,59,2555,FRANKLIN,16,1,January,2010,7,Saturday,12,19,0,14,6,0,39.76208889,-105.06501944,12,1,0,0,0,1,0
80011,8,COLORADO,CO,1,1,0,1,1,0,AUTAUGA,27,1,January,2010,4,Wednesday,0,1,0,16,4,0,39.87150556,-104.73237778,31,2,0,0,0,1,1
80012,8,COLORADO,CO,1,1,0,1,87,0,ARMSTRONG,28,1,January,2010,5,Thursday,7,26,1,1,1,856,40.26788889,-103.69863056,1,1,0,0,0,1,0
80013,8,COLORADO,CO,1,1,0,1,35,0,BROOKLYN,30,1,January,2010,7,Saturday,14,15,1,2,2,1934,39.47446944,-104.99077222,43,1,0,0,0,1,0
80014,8,COLORADO,CO,2,2,0,3,59,1435,FRANKLIN,30,1,January,2010,7,Saturday,7,24,1,12,2,2801,39.72555833,-105.09513333,12,1,0,0,0,1,0
80015,8,COLORADO,CO,2,2,0,2,35,1952,BROOKLYN,30,1,January,2010,7,Saturday,21,10,0,13,3,569,39.47858333,-104.75813056,12,3,0,0,0,1,1
80016,8,COLORADO,CO,2,2,0,3,13,0,BOLLING,4,2,February,2010,5,Thursday,17,58,0,4,3,46,39.96121389,-105.20050556,12,2,0,0,0,1,0
80017,8,COLORADO,CO,2,2,0,6,39,0,ANDALUSIA,8,2,February,2010,2,Monday,8,5,1,1,1,3549,39.28791667,-103.78949722,31,1,0,0,0,2,0
80018,8,COLORADO,CO,2,2,0,4,83,0,ARDMORE,10,2,February,2010,4,Wednesday,16,4,0,5,4,0,37.60838889,-108.75582222,12,1,0,0,0,1,0
80019,8,COLORADO,CO,1,1,0,2,125,0,BROOKWOOD,11,2,February,2010,5,Thursday,12,58,0,6,4,0,40.08471944,-102.17931667,10,1,0,0,0,2,0
80020,8,COLORADO,CO,1,1,1,1,59,1435,FRANKLIN,12,2,February,2010,6,Friday,22,5,1,13,3,139,39.74400278,-105.08140556,8,3,0,0,0,1,0
80021,8,COLORADO,CO,1,1,0,1,59,0,FRANKLIN,13,2,February,2010,7,Saturday,15,15,1,12,3,63,39.62874444,-105.15781111,59,1,0,0,0,1,1
80022,8,COLORADO,CO,2,2,0,5,107,0,CARROLLTON,13,2,February,2010,7,Saturday,18,25,1,2,2,1173,40.48508889,-107.09623056,12,2,0,0,0,1,0
80023,8,COLORADO,CO,2,2,0,7,41,430,BRANTLEY,14,2,February,2010,1,Sunday,2,13,0,13,6,0,38.81748611,-104.78054444,12,3,0,0,0,1,2
80024,8,COLORADO,CO,4,3,0,4,31,600,COFFEE,15,2,February,2010,2,Monday,22,39,0,14,6,0,39.75481667,-105.02993611,12,3,0,0,0,1,1
80025,8,COLORADO,CO,1,1,0,1,23,0,BLADON SPRINGS,20,2,February,2010,7,Saturday,16,17,0,3,3,303,37.21686944,-105.48180833,1,1,0,0,0,1,0
80026,8,COLORADO,CO,1,1,0,3,73,0,ARGO,21,2,February,2010,1,Sunday,8,57,0,3,3,768,38.91235000,-103.70101111,1,1,0,0,0,1,0
80027,8,COLORADO,CO,1,1,0,2,59,1435,FRANKLIN,23,2,February,2010,3,Tuesday,19,46,0,15,6,0,39.65955278,-105.09934167,42,3,0,0,0,1,0
80028,8,COLORADO,CO,1,1,0,1,119,0,BELLAMY,27,2,February,2010,7,Saturday,12,45,0,3,3,617,38.84436944,-105.14427778,1,1,0,0,0,1,0
80029,8,COLORADO,CO,2,2,0,4,123,1070,ALEXANDER CITY,2,2,February,2010,3,Tuesday,7,18,0,14,6,0,40.44102222,-104.74297500,12,1,0,1,0,1,0
80030,8,COLORADO,CO,2,2,0,3,35,0,BROOKLYN,26,2,February,2010,6,Friday,7,6,0,3,4,0,39.51073056,-104.92220000,12,1,0,0,0,1,0
80031,8,COLORADO,CO,1,1,1,1,123,780,ALEXANDER CITY,20,2,February,2010,7,Saturday,3,25,1,12,2,2645,40.37519444,-104.69445556,8,2,0,0,0,1,0
80032,8,COLORADO,CO,1,1,0,1,35,1952,BROOKLYN,20,2,February,2010,7,Saturday,20,54,0,13,3,615,39.54411111,-104.77196111,33,3,0,0,0,1,0
80033,8,COLORADO,CO,3,3,0,6,13,1390,BOLLING,22,2,February,2010,2,Monday,18,13,1,13,2,3018,39.97236667,-105.09008889,12,3,0,0,0,1,0
80034,8,COLORADO,CO,2,2,0,4,41,0,BRANTLEY,13,2,February,2010,7,Saturday,5,20,0,3,3,341,38.64348889,-104.86468333,12,2,0,0,0,2,1
80035,8,COLORADO,CO,2,2,0,3,101,0,BOYLSTON,3,3,March,2010,4,Wednesday,15,55,1,2,2,3252,38.27302222,-104.44023889,12,1,0,0,0,1,0
80036,8,COLORADO,CO,1,1,0,2,69,0,ASHFORD,4,3,March,2010,5,Thursday,0,45,1,1,1,2773,40.69551944,-105.00027500,59,3,0,0,0,1,0
80037,8,COLORADO,CO,1,1,0,3,37,0,BRADFORD,6,3,March,2010,7,Saturday,10,25,1,1,1,1860,39.58125000,-106.24839444,48,1,0,0,0,1,0
80038,8,COLORADO,CO,1,1,1,1,31,600,COFFEE,9,3,March,2010,3,Tuesday,13,47,0,14,6,0,39.65746667,-104.90007778,9,1,0,0,0,1,0
80039,8,COLORADO,CO,1,1,0,1,13,0,BOLLING,9,3,March,2010,3,Tuesday,23,57,0,6,4,0,39.97201111,-105.21275000,53,2,0,0,0,1,1
80040,8,COLORADO,CO,2,2,0,2,1,110,AUTAUGA,9,3,March,2010,3,Tuesday,9,33,0,14,6,0,39.77272778,-104.78989167,12,1,0,0,0,1,0
80041,8,COLORADO,CO,4,4,0,7,23,0,BLADON SPRINGS,15,3,March,2010,2,Monday,10,0,1,2,2,2748,37.59103611,-105.24617778,12,1,0,0,0,2,0
80042,8,COLORADO,CO,2,2,0,3,31,600,COFFEE,9,3,March,2010,3,Tuesday,13,0,0,13,6,0,39.66271667,-104.91281389,12,1,0,0,0,1,0
80043,8,COLORADO,CO,3,3,0,5,93,0,BEAR CREEK,14,3,March,2010,1,Sunday,13,33,1,2,2,2048,39.43157778,-105.76160833,12,1,0,0,0,1,0
80044,8,COLORADO,CO,1,1,0,3,31,600,COFFEE,9,3,March,2010,3,Tuesday,23,51,0,13,6,0,39.78180000,-104.97861944,30,3,0,0,0,1,1
80045,8,COLORADO,CO,2,2,0,4,3,0,BALDWIN,20,3,March,2010,7,Saturday,10,35,1,2,2,2445,37.47476111,-105.66451944,12,1,0,0,0,1,0
80046,8,COLORADO,CO,1,1,0,1,87,0,ARMSTRONG,21,3,March,2010,1,Sunday,16,14,1,2,3,1664,40.14611111,-103.58471944,1,1,0,0,0,1,0
80047,8,COLORADO,CO,1,1,1,2,31,600,COFFEE,21,3,March,2010,1,Sunday,18,31,0,16,6,0,39.67098611,-105.02012778,15,5,0,0,0,1,0
80048,8,COLORADO,CO,1,1,1,2,1,2427,AUTAUGA,13,3,March,2010,7,Saturday,21,45,1,11,1,2186,39.85173889,-104.98604722,8,3,0,0,0,1,0
80049,8,COLORADO,CO,1,1,1,2,41,430,BRANTLEY,15,3,March,2010,2,Monday,6,51,0,14,6,0,38.82055556,-104.78056111,8,4,0,0,0,1,0
80050,8,COLORADO,CO,2,2,0,2,99,0,BEATRICE,24,3,March,2010,4,Wednesday,5,30,1,2,2,744,38.04068889,-102.61556944,12,2,0,0,0,1,0
80051,8,COLORADO,CO,2,2,0,3,19,0,CEDAR BLUFF,25,3,March,2010,5,Thursday,16,19,1,1,1,2383,39.74749444,-105.54511389,12,1,0,0,0,1,1
80052,8,COLORADO,CO,1,1,0,4,37,0,BRADFORD,27,3,March,2010,7,Saturday,14,37,1,1,1,1492,39.67526944,-106.78495000,38,1,0,0,0,1,0
80053,8,COLORADO,CO,2,2,0,4,69,1550,ASHFORD,2,3,March,2010,3,Tuesday,12,3,0,14,6,0,40.40576111,-105.05872500,12,1,0,0,0,1,0
80054,8,COLORADO,CO,1,1,0,3,41,430,BRANTLEY,25,3,March,2010,5,Thursday,19,51,0,16,6,0,38.91205000,-104.70281944,33,2,0,0,0,1,1
80055,8,COLORADO,CO,2,2,0,2,41,430,BRANTLEY,25,3,March,2010,5,Thursday,16,21,0,13,6,0,38.85422500,-104.78044722,12,1,0,0,0,1,0
80056,8,COLORADO,CO,1,1,0,1,59,2555,FRANKLIN,18,3,March,2010,5,Thursday,5,44,0,14,6,0,39.77832222,-105.13677778,1,3,0,0,0,1,1
80057,8,COLORADO,CO,2,2,0,6,1,230,AUTAUGA,30,3,March,2010,3,Tuesday,13,29,1,11,1,188,39.93218889,-104.79488333,12,1,0,0,0,1,0
80058,8,COLORADO,CO,1,1,0,1,59,1000,FRANKLIN,3,3,March,2010,4,Wednesday,2,30,1,12,2,2724,39.74788889,-105.22577222,24,2,0,0,0,1,1
80059,8,COLORADO,CO,1,1,0,2,123,780,ALEXANDER CITY,17,3,March,2010,4,Wednesday,2,7,0,16,6,0,40.37014167,-104.70865278,1,2,0,0,0,1,1
80060,8,COLORADO,CO,1,1,0,1,15,0,ANNISTON,2,4,April,2010,6,Friday,0,18,1,2,2,2253,38.90733056,-105.98036111,1,2,0,0,0,1,1
80061,8,COLORADO,CO,3,3,0,14,31,600,COFFEE,3,4,April,2010,7,Saturday,16,58,1,13,6,0,39.72908889,-104.98615000,12,1,0,0,0,2,0
80062,8,COLORADO,CO,1,1,0,1,29,0,BORDEN SPRINGS,5,4,April,2010,2,Monday,9,35,0,3,3,118,38.80263889,-107.87633056,1,1,0,0,0,1,0
80063,8,COLORADO,CO,2,2,0,2,9,0,BLOUNT,7,4,April,2010,4,Wednesday,10,22,1,2,2,27,37.03195833,-102.53454722,12,1,0,0,0,1,0
80064,8,COLORADO,CO,1,1,1,1,5,110,BAKER HILL,5,4,April,2010,2,Monday,17,41,0,14,6,0,39.69698889,-104.84719444,8,1,0,0,0,1,0
80065,8,COLORADO,CO,3,3,0,3,31,600,COFFEE,9,4,April,2010,6,Friday,2,16,1,11,1,2768,39.78022222,-104.93610000,30,3,0,0,0,1,1
80066,8,COLORADO,CO,3,3,0,8,99,0,BEATRICE,10,4,April,2010,7,Saturday,0,15,1,2,2,578,37.80123889,-102.61161389,12,2,0,0,0,1,0
80067,8,COLORADO,CO,1,1,0,2,41,0,BRANTLEY,10,4,April,2010,7,Saturday,1,9,1,2,2,3383,39.02735000,-104.32001944,31,2,0,0,0,2,1
80068,8,COLORADO,CO,1,1,1,2,31,600,COFFEE,11,4,April,2010,1,Sunday,20,29,0,14,6,0,39.75849167,-105.03932778,9,3,0,0,0,1,1
80069,8,COLORADO,CO,1,1,0,3,77,0,ANDERSON,10,4,April,2010,7,Saturday,23,45,0,5,4,1,39.36535000,-108.25348056,1,2,0,0,0,1,0
80070,8,COLORADO,CO,1,1,0,3,3,0,BALDWIN,11,4,April,2010,1,Sunday,0,5,1,2,2,2301,37.48507500,-105.91797500,31,2,0,0,0,1,1
80071,8,COLORADO,CO,1,1,0,4,81,0,AUBURN,12,4,April,2010,2,Monday,20,30,0,6,4,0,40.57946389,-107.52754444,1,2,0,0,0,1,0
80072,8,COLORADO,CO,3,3,0,3,31,600,COFFEE,11,4,April,2010,1,Sunday,14,49,1,11,1,2128,39.76825833,-104.99429444,12,1,0,0,0,1,0
80073,8,COLORADO,CO,1,1,0,1,69,0,ASHFORD,13,4,April,2010,3,Tuesday,22,59,0,6,4,0,40.37433056,-105.19206944,1,2,0,0,0,1,0
80074,8,COLORADO,CO,2,2,0,2,41,430,BRANTLEY,13,4,April,2010,3,Tuesday,17,7,0,13,6,0,38.87598333,-104.84944722,12,1,0,0,0,1,0
80075,8,COLORADO,CO,1,1,0,1,13,0,BOLLING,14,4,April,2010,4,Wednesday,14,10,0,4,4,0,40.02760278,-105.17851944,34,1,0,0,0,1,0
80076,8,COLORADO,CO,1,1,1,1,59,0,FRANKLIN,15,4,April,2010,5,Thursday,17,45,1,1,1,2552,39.70432222,-105.26578889,8,1,0,0,0,1,0
80077,8,COLORADO,CO,1,1,1,2,123,0,ALEXANDER CITY,10,4,April,2010,7,Saturday,2,8,0,4,4,0,40.20267500,-104.60273056,8,2,0,0,0,1,0
80078,8,COLORADO,CO,2,2,0,2,123,0,ALEXANDER CITY,16,4,April,2010,6,Friday,12,35,0,4,4,0,40.34693889,-104.60207222,12,1,0,0,0,2,0
80079,8,COLORADO,CO,2,2,0,2,69,0,ASHFORD,16,4,April,2010,6,Friday,14,35,1,11,1,2736,40.64155000,-105.00071944,1,1,0,0,0,1,1
80080,8,COLORADO,CO,1,1,0,1,41,430,BRANTLEY,18,4,April,2010,1,Sunday,1,17,0,13,6,0,38.90103056,-104.77921944,24,3,0,0,0,1,1
80081,8,COLORADO,CO,1,1,0,1,65,0,CYPRESS,20,4,April,2010,3,Tuesday,17,0,0,3,3,102,39.36088889,-106.18373056,1,1,0,0,0,1,0
80082,8,COLORADO,CO,1,1,0,2,63,0,BOLIGEE,2,4,April,2010,6,Friday,8,41,0,6,4,0,39.34821111,-102.27833611,1,1,0,0,0,2,0
80083,8,COLORADO,CO,1,1,0,1,45,0,ARITON,12,4,April,2010,2,Monday,8,50,1,1,1,825,39.49884167,-107.92008333,35,1,0,0,0,1,0
80084,8,COLORADO,CO,2,2,0,2,61,0,BELLWOOD,22,4,April,2010,5,Thursday,13,50,0,6,4,0,38.54223056,-102.89634444,12,1,0,0,0,1,0
80085,8,COLORADO,CO,1,1,0,3,73,0,ARGO,23,4,April,2010,6,Friday,14,25,1,1,1,3685,39.26528889,-103.54611944,31,1,0,0,0,1,0
80086,8,COLORADO,CO,1,1,0,2,71,0,BRIDGEPORT,24,4,April,2010,7,Saturday,6,35,1,1,1,254,37.32014167,-104.55620278,31,1,0,0,0,2,0
80087,8,COLORADO,CO,2,2,0,2,39,0,ANDALUSIA,24,4,April,2010,7,Saturday,15,35,1,2,2,3672,39.19128889,-103.85597500,12,1,0,0,0,1,0
80088,8,COLORADO,CO,1,1,1,1,31,600,COFFEE,25,4,April,2010,1,Sunday,1,59,1,11,1,2095,39.73032500,-105.01539444,8,3,0,0,0,1,1
80089,8,COLORADO,CO,2,2,0,4,59,0,FRANKLIN,21,4,April,2010,4,Wednesday,13,50,0,4,4,0,39.64743056,-105.29427500,12,1,0,0,0,1,0
80090,8,COLORADO,CO,2,2,0,2,31,600,COFFEE,28,4,April,2010,4,Wednesday,17,25,0,14,6,0,39.66746389,-104.92743333,12,1,0,0,0,1,0
80091,8,COLORADO,CO,1,1,0,2,93,0,BEAR CREEK,24,4,April,2010,7,Saturday,22,16,1,2,2,2539,39.04351944,-105.52965000,1,2,0,0,0,1,1
80092,8,COLORADO,CO,1,1,1,1,13,1390,BOLLING,6,4,April,2010,3,Tuesday,21,46,0,14,6,0,39.98845278,-105.09048611,9,3,0,0,0,1,0
80093,8,COLORADO,CO,2,2,0,3,69,0,ASHFORD,1,5,May,2010,7,Saturday,15,20,0,14,4,0,40.62865833,-105.09520556,12,1,0,0,0,1,2
80094,8,COLORADO,CO,1,1,0,1,123,0,ALEXANDER CITY,3,5,May,2010,2,Monday,6,14,0,4,4,0,40.34095000,-104.65871111,53,2,0,0,0,1,1
80095,8,COLORADO,CO,1,1,0,2,37,0,BRADFORD,5,5,May,2010,4,Wednesday,6,20,1,1,1,1670,39.63484167,-106.51626111,31,4,0,0,0,1,0
80096,8,COLORADO,CO,2,2,0,2,41,0,BRANTLEY,5,5,May,2010,4,Wednesday,8,5,1,11,1,1322,38.73060000,-104.73853889,12,1,0,0,0,1,0
80097,8,COLORADO,CO,1,1,0,2,41,430,BRANTLEY,4,5,May,2010,3,Tuesday,19,11,1,12,6,0,38.78556944,-104.75745000,1,5,0,0,0,1,1
80098,8,COLORADO,CO,1,1,0,2,73,0,ARGO,5,5,May,2010,4,Wednesday,22,0,1,1,1,3620,39.26230000,-103.66391944,24,3,0,0,0,1,0
80099,8,COLORADO,CO,1,1,0,1,107,0,CARROLLTON,8,5,May,2010,7,Saturday,17,35,0,6,4,29,40.51740000,-107.23778611,1,1,0,0,0,1,1
80100,8,COLORADO,CO,2,2,0,2,51,0,CENTRAL,9,5,May,2010,1,Sunday,13,50,0,3,3,356,39.06893889,-107.36518611,1,1,0,0,0,1,0
80101,8,COLORADO,CO,1,1,1,1,31,600,COFFEE,9,5,May,2010,1,Sunday,17,36,0,16,6,0,39.70842500,-105.02036944,8,1,0,0,0,1,0
80102,8,COLORADO,CO,1,1,0,2,5,110,BAKER HILL,7,5,May,2010,6,Friday,19,30,1,11,1,57,39.68052222,-104.82889167,1,5,0,0,0,1,0
80103,8,COLORADO,CO,2,2,0,3,41,0,BRANTLEY,12,5,May,2010,4,Wednesday,19,49,0,3,4,0,38.89640556,-104.55345556,12,5,0,0,0,1,0
80104,8,COLORADO,CO,1,1,0,1,59,0,FRANKLIN,22,5,May,2010,7,Saturday,7,50,1,1,1,2569,39.69879167,-105.23728056,24,1,0,0,0,1,0
80105,8,COLORADO,CO,1,1,0,1,41,0,BRANTLEY,22,5,May,2010,7,Saturday,16,5,1,2,2,2949,38.88835000,-104.95628889,1,1,0,0,0,1,0
80106,8,COLORADO,CO,1,1,0,1,89,0,BROWNSBORO,22,5,May,2010,7,Saturday,19,31,0,3,2,504,37.75741667,-103.84130278,1,1,0,0,0,1,0
80107,8,COLORADO,CO,1,1,1,2,101,2050,BOYLSTON,22,5,May,2010,7,Saturday,1,36,0,13,3,576,38.27139444,-104.57963611,9,3,0,0,0,1,0
80108,8,COLORADO,CO,1,1,0,1,55,0,ATTALLA,25,5,May,2010,3,Tuesday,1,0,0,4,4,26,37.77269444,-105.22297500,35,2,0,0,0,1,0
80109,8,COLORADO,CO,1,1,0,1,123,1070,ALEXANDER CITY,22,5,May,2010,7,Saturday,16,8,0,14,6,0,40.42446111,-104.75597500,1,1,0,0,0,1,0
80110,8,COLORADO,CO,1,1,0,1,59,2550,FRANKLIN,27,5,May,2010,5,Thursday,6,4,0,14,6,0,39.87830000,-105.12966111,59,2,0,0,0,1,1
80111,8,COLORADO,CO,1,1,0,1,43,0,BAILEYTON,27,5,May,2010,5,Thursday,13,41,0,14,3,229,38.51305278,-104.96421389,17,1,0,0,0,1,0
80112,8,COLORADO,CO,2,2,0,2,1,434,AUTAUGA,27,5,May,2010,5,Thursday,14,10,0,13,6,0,39.83300000,-104.89791667,12,1,0,0,0,2,0
80113,8,COLORADO,CO,1,1,0,1,87,0,ARMSTRONG,28,5,May,2010,6,Friday,18,5,0,4,3,66,40.33806944,-104.05643056,31,1,0,0,0,1,1
80114,8,COLORADO,CO,1,1,0,2,101,0,BOYLSTON,28,5,May,2010,6,Friday,19,25,1,2,2,3017,38.35536944,-104.84281389,1,1,0,0,0,1,1
80115,8,COLORADO,CO,1,1,0,2,9,0,BLOUNT,29,5,May,2010,7,Saturday,19,39,0,6,4,0,37.62056111,-102.55128889,1,2,0,0,0,1,1
80116,8,COLORADO,CO,1,1,0,1,27,0,ASHLAND,30,5,May,2010,1,Sunday,16,15,0,4,3,72,38.10792778,-105.13770278,1,1,0,0,0,1,0
80117,8,COLORADO,CO,1,1,0,1,41,0,BRANTLEY,30,5,May,2010,1,Sunday,23,45,0,6,4,0,38.76638056,-104.61528889,31,2,0,0,0,1,1
80118,8,COLORADO,CO,1,1,0,2,67,0,ABBEVILLE,31,5,May,2010,2,Monday,10,25,0,5,4,69,37.13971111,-107.89382500,1,1,0,0,0,1,0
80119,8,COLORADO,CO,2,2,0,3,123,0,ALEXANDER CITY,31,5,May,2010,2,Monday,14,20,0,3,3,1067,40.47975000,-104.86441944,12,1,0,0,0,2,0
80120,8,COLORADO,CO,2,2,0,4,35,1952,BROOKLYN,31,5,May,2010,2,Monday,13,53,0,13,6,0,39.53689167,-104.77451667,12,1,0,0,0,1,0
80121,8,COLORADO,CO,1,1,0,3,41,430,BRANTLEY,27,5,May,2010,5,Thursday,1,50,1,13,6,0,38.86248056,-104.75730556,33,3,0,0,0,1,0
80122,8,COLORADO,CO,2,2,0,3,5,345,BAKER HILL,17,5,May,2010,2,Monday,11,35,0,13,6,0,39.58055000,-104.88567222,12,1,0,0,0,1,0
80123,8,COLORADO,CO,1,1,0,3,1,2427,AUTAUGA,31,5,May,2010,2,Monday,19,17,0,15,6,0,39.86000556,-104.95003333,35,1,0,0,0,1,1
80124,8,COLORADO,CO,2,1,0,1,41,430,BRANTLEY,7,5,May,2010,6,Friday,23,54,0,16,6,0,38.84645000,-104.75259722,14,2,0,0,0,1,1
80125,8,COLORADO,CO,2,2,0,2,41,1710,BRANTLEY,22,5,May,2010,7,Saturday,22,0,0,14,3,55,39.09558333,-104.86513333,12,3,0,0,0,1,1
80126,8,COLORADO,CO,1,1,1,1,13,0,BOLLING,2,6,June,2010,4,Wednesday,15,31,0,14,4,0,40.07271111,-105.16914167,8,1,0,0,0,1,0
80127,8,COLORADO,CO,2,2,0,2,123,9997,ALEXANDER CITY,3,6,June,2010,5,Thursday,11,50,0,15,3,57,40.30533889,-105.05106944,12,1,0,0,0,1,0
80128,8,COLORADO,CO,1,1,0,2,41,430,BRANTLEY,7,6,June,2010,2,Monday,0,41,1,13,6,0,38.90477500,-104.77596389,33,2,0,0,0,2,1
80129,8,COLORADO,CO,2,2,0,4,31,600,COFFEE,6,6,June,2010,1,Sunday,17,38,1,13,3,60,39.74008889,-104.94077222,12,1,0,0,0,1,0
80130,8,COLORADO,CO,1,1,0,2,3,0,BALDWIN,6,6,June,2010,1,Sunday,0,20,0,4,4,0,37.40067500,-106.02088056,11,2,0,0,0,1,0
80131,8,COLORADO,CO,1,1,0,2,35,0,BROOKLYN,6,6,June,2010,1,Sunday,1,15,1,11,1,1885,39.47220000,-104.87250000,31,3,0,0,0,1,0
80132,8,COLORADO,CO,1,1,0,1,3,0,BALDWIN,6,6,June,2010,1,Sunday,20,15,0,5,4,0,37.53051111,-105.92897500,59,1,0,0,0,1,1
80133,8,COLORADO,CO,1,1,0,2,101,2050,BOYLSTON,7,6,June,2010,2,Monday,13,35,0,13,3,532,38.25844722,-104.65337778,1,1,0,0,0,1,0
80134,8,COLORADO,CO,2,2,0,2,77,1040,ANDERSON,11,6,June,2010,6,Friday,13,10,1,13,3,21,39.09367500,-108.61287222,12,1,0,0,0,1,0
80135,8,COLORADO,CO,1,1,0,2,103,0,DANVILLE,10,6,June,2010,5,Thursday,8,48,0,3,3,389,40.18108333,-108.49409722,31,1,0,0,0,1,1
80136,8,COLORADO,CO,1,1,0,1,41,0,BRANTLEY,11,6,June,2010,6,Friday,19,52,1,2,2,2933,38.90486944,-104.97004444,24,5,0,0,0,1,1
80137,8,COLORADO,CO,1,1,0,1,71,0,BRIDGEPORT,3,6,June,2010,5,Thursday,22,0,0,6,4,0,37.37216944,-104.72813889,1,2,0,0,0,1,0
80138,8,COLORADO,CO,1,1,0,1,59,0,FRANKLIN,14,6,June,2010,2,Monday,7,0,0,3,4,131,39.34848889,-105.25266667,42,2,0,0,0,1,1
80139,8,COLORADO,CO,1,1,0,3,101,2050,BOYLSTON,13,6,June,2010,1,Sunday,18,33,1,11,1,944,38.21233333,-104.62586111,1,1,0,0,0,1,0
80140,8,COLORADO,CO,2,2,0,2,85,0,BENTON,15,6,June,2010,3,Tuesday,16,48,0,3,3,134,38.60620556,-108.04022778,12,1,0,0,0,1,0
80141,8,COLORADO,CO,1,1,0,1,35,0,BROOKLYN,5,6,June,2010,7,Saturday,2,32,0,15,4,0,39.55084722,-104.69246389,11,2,0,0,0,1,1
80142,8,COLORADO,CO,2,1,0,1,123,0,ALEXANDER CITY,17,6,June,2010,5,Thursday,17,18,0,6,4,0,40.40589722,-104.57844444,53,1,0,0,0,1,1
80143,8,COLORADO,CO,1,1,0,1,45,0,ARITON,17,6,June,2010,5,Thursday,21,45,0,3,3,127,39.66264444,-107.89383889,31,2,0,0,0,1,1
80144,8,COLORADO,CO,2,2,0,5,41,0,BRANTLEY,18,6,June,2010,6,Friday,10,9,1,2,2,3354,39.02623611,-104.37696389,12,1,0,0,0,1,0
80145,8,COLORADO,CO,1,1,0,3,5,0,BAKER HILL,15,6,June,2010,3,Tuesday,12,14,0,16,4,0,39.65528611,-105.02976111,5,1,0,0,0,1,0
80146,8,COLORADO,CO,1,1,0,5,41,890,BRANTLEY,19,6,June,2010,7,Saturday,2,0,1,1,1,1272,38.66458056,-104.70234444,1,2,0,0,0,2,1
80147,8,COLORADO,CO,1,1,0,1,45,0,ARITON,19,6,June,2010,7,Saturday,16,2,0,3,3,345,39.59537778,-108.81126111,24,1,0,0,0,1,0
80148,8,COLORADO,CO,1,1,0,1,35,0,BROOKLYN,16,6,June,2010,4,Wednesday,1,58,0,13,4,0,39.53673889,-104.90656389,33,3,0,0,0,1,1
80149,8,COLORADO,CO,2,2,0,2,13,0,BOLLING,21,6,June,2010,2,Monday,16,30,0,2,2,137,40.25678889,-105.34176944,12,1,0,0,0,1,0
80150,8,COLORADO,CO,2,2,0,2,13,0,BOLLING,21,6,June,2010,2,Monday,17,55,0,3,4,0,40.11251389,-105.18321944,12,1,0,0,0,1,0
80151,8,COLORADO,CO,1,1,0,1,87,0,ARMSTRONG,22,6,June,2010,3,Tuesday,4,51,1,1,1,679,40.25001111,-104.02303889,59,4,0,0,0,1,1
80152,8,COLORADO,CO,1,1,0,1,67,0,ABBEVILLE,24,6,June,2010,5,Thursday,14,22,1,13,2,267,37.33821944,-107.85281111,42,1,0,0,0,1,0
80153,8,COLORADO,CO,2,2,0,3,31,600,COFFEE,24,6,June,2010,5,Thursday,15,16,1,12,2,2106,39.70461667,-104.99548056,12,1,0,0,0,1,0
80154,8,COLORADO,CO,1,1,1,1,107,0,CARROLLTON,23,6,June,2010,4,Wednesday,8,25,0,6,4,45,40.74966111,-106.96153333,9,1,0,0,0,1,0
80155,8,COLORADO,CO,2,2,0,3,13,0,BOLLING,25,6,June,2010,6,Friday,17,5,0,2,2,309,40.08247778,-105.28214722,12,1,0,0,0,1,1
80156,8,COLORADO,CO,2,1,0,5,63,0,BOLIGEE,28,6,June,2010,2,Monday,10,30,1,1,1,4304,39.29397222,-102.39752222,45,1,0,0,0,4,0
80157,8,COLORADO,CO,2,2,0,2,81,0,AUBURN,26,6,June,2010,7,Saturday,7,20,0,13,3,879,40.50545833,-107.58328611,11,1,0,0,0,1,1
80158,8,COLORADO,CO,2,2,0,2,49,0,COLLINSVILLE,29,6,June,2010,3,Tuesday,12,5,1,2,2,2164,40.03144444,-105.93989167,12,1,0,0,0,1,0