ST_CASE,STATE,State Name,State Abbreviation,# of Vehicle involved,VE_FORMS,Pedestrains,Total_Persons_in_accident,COUNTY,CITY,City_County_Name,Calendar_DAY,MONTH,Month_name,YEAR,DAY_WEEK,Day_Week_desc,HOUR,MINUTE,NHS_Desc,trafficway,Route,MILEPT,LATITUDE,LONGITUD,First_Crash_event,Light_cond_desc,Weather_condition,School_bus_involved,Crash_cause,FATALS,DRUNK_DR
90052,9,CONNECTICUT,CT,2,2,0,3,7,822,BIBB,9,2,February,2010,3,Tuesday,14,54,0,4,3,41,41.32343611,-72.49382222,12,1,0,0,0,1,0
90053,9,CONNECTICUT,CT,2,2,0,2,3,89,BALDWIN,2,4,April,2010,6,Friday,15,54,0,13,3,347,41.77362500,-72.94957222,1,1,0,0,0,1,0
90054,9,CONNECTICUT,CT,1,1,0,1,3,255,BALDWIN,6,4,April,2010,3,Tuesday,0,53,1,12,3,44,41.72629444,-72.61047500,42,3,0,0,0,1,0
90055,9,CONNECTICUT,CT,1,1,0,1,9,430,BLOUNT,7,4,April,2010,4,Wednesday,0,8,1,11,1,12,41.31433889,-72.90938056,24,3,0,0,0,1,1
90056,9,CONNECTICUT,CT,2,2,0,2,9,385,BLOUNT,7,4,April,2010,4,Wednesday,3,52,1,11,1,410,41.24316667,-73.01452778,50,3,0,0,0,1,0
90057,9,CONNECTICUT,CT,1,1,0,1,5,740,BAKER HILL,8,4,April,2010,5,Thursday,7,21,1,12,3,380,41.65279444,-73.07911944,31,1,0,0,0,1,1
90058,9,CONNECTICUT,CT,1,1,0,1,1,765,AUTAUGA,11,4,April,2010,1,Sunday,13,57,1,12,3,88,41.28071667,-73.21572222,35,1,0,0,0,1,0
90059,9,CONNECTICUT,CT,1,1,0,4,7,380,BIBB,17,4,April,2010,7,Saturday,23,1,0,16,6,0,41.54472500,-72.68332222,19,3,0,0,0,2,1
90060,9,CONNECTICUT,CT,1,1,0,1,3,224,BALDWIN,16,4,April,2010,6,Friday,23,11,0,16,6,2,41.90873611,-72.61622778,53,3,0,0,0,1,1
90061,9,CONNECTICUT,CT,1,1,0,2,7,160,BIBB,23,4,April,2010,6,Friday,1,41,1,11,1,260,41.60628056,-72.70242222,35,3,0,0,0,1,0
90062,9,CONNECTICUT,CT,2,2,0,4,9,430,BLOUNT,24,4,April,2010,7,Saturday,12,54,1,11,1,466,41.28689167,-72.92515833,12,1,0,0,0,1,0
90063,9,CONNECTICUT,CT,2,2,0,2,15,843,ANNISTON,24,4,April,2010,7,Saturday,15,34,1,13,2,941,41.74112222,-72.17723611,12,1,0,0,0,1,0
90064,9,CONNECTICUT,CT,1,1,0,1,13,368,BOLLING,30,4,April,2010,6,Friday,1,37,0,4,3,11,41.77814167,-72.18891944,42,2,0,0,0,1,1
90065,9,CONNECTICUT,CT,2,2,0,2,1,650,AUTAUGA,30,4,April,2010,6,Friday,2,22,0,14,3,61,41.27940000,-73.15864444,12,3,0,0,0,1,1
90066,9,CONNECTICUT,CT,1,1,0,1,9,360,BLOUNT,15,4,April,2010,5,Thursday,9,1,1,11,1,640,41.28820000,-72.61531667,42,1,0,0,0,1,0
90067,9,CONNECTICUT,CT,1,1,0,1,9,410,BLOUNT,24,4,April,2010,7,Saturday,11,20,0,16,6,0,41.49390000,-73.08124167,39,1,0,0,0,1,0
90068,9,CONNECTICUT,CT,2,2,0,2,11,440,BULLOCK,5,4,April,2010,2,Monday,15,46,0,14,6,3,41.34678333,-72.10040000,12,1,0,0,0,1,1
90069,9,CONNECTICUT,CT,2,2,0,2,1,835,AUTAUGA,29,4,April,2010,5,Thursday,16,1,0,14,6,4,41.12294722,-73.35337778,12,1,0,0,0,1,0
90070,9,CONNECTICUT,CT,1,1,0,1,7,332,BIBB,2,4,April,2010,6,Friday,1,7,0,6,6,0,41.34974444,-72.56099444,1,3,0,0,0,1,1
90071,9,CONNECTICUT,CT,1,1,0,2,3,229,BALDWIN,26,4,April,2010,2,Monday,4,21,0,14,3,73,41.95862778,-72.52738333,24,3,0,0,0,1,1
90072,9,CONNECTICUT,CT,1,1,0,2,13,293,BOLLING,1,5,May,2010,7,Saturday,1,39,0,15,6,2,41.59483333,-72.39813333,24,2,0,0,0,1,1
90073,9,CONNECTICUT,CT,1,1,0,2,5,326,BAKER HILL,1,5,May,2010,7,Saturday,13,16,0,4,3,48,41.72111389,-73.45221944,34,1,0,0,0,2,0
90074,9,CONNECTICUT,CT,1,1,0,1,3,280,BALDWIN,1,5,May,2010,7,Saturday,13,46,1,11,1,375,41.75419444,-72.65918611,25,1,0,0,0,1,0
90075,9,CONNECTICUT,CT,2,2,0,2,11,584,BULLOCK,1,5,May,2010,7,Saturday,21,53,0,4,3,27,41.53430556,-72.01928889,12,2,0,0,0,1,1
90076,9,CONNECTICUT,CT,1,1,0,2,9,585,BLOUNT,1,5,May,2010,7,Saturday,22,45,0,16,6,5,41.51355833,-72.99510556,33,2,0,0,0,1,1
90077,9,CONNECTICUT,CT,2,2,0,3,3,90,BALDWIN,2,5,May,2010,1,Sunday,12,13,1,13,2,494,41.69650833,-72.90653889,12,1,0,0,0,1,0
90078,9,CONNECTICUT,CT,1,1,0,1,1,765,AUTAUGA,3,5,May,2010,2,Monday,13,40,1,12,3,87,41.28005278,-73.21494167,35,1,0,0,0,1,0
90079,9,CONNECTICUT,CT,3,2,1,2,9,790,BLOUNT,8,5,May,2010,7,Saturday,16,53,1,11,1,119,41.43210000,-72.80561389,12,1,0,0,0,1,0
90080,9,CONNECTICUT,CT,1,1,0,1,3,224,BALDWIN,14,5,May,2010,6,Friday,0,8,1,11,1,511,41.92953611,-72.60873333,42,3,0,0,0,1,1
90081,9,CONNECTICUT,CT,1,1,0,1,11,140,BULLOCK,15,5,May,2010,7,Saturday,20,36,1,2,3,269,41.57015556,-72.28548056,1,2,0,0,0,1,1
90082,9,CONNECTICUT,CT,1,1,0,4,3,280,BALDWIN,17,5,May,2010,2,Monday,3,50,0,14,6,6,41.79818333,-72.67381944,42,3,0,0,0,3,1
90083,9,CONNECTICUT,CT,4,4,0,4,1,235,AUTAUGA,15,5,May,2010,7,Saturday,22,16,1,11,1,229,41.13670556,-73.29059722,12,3,0,0,0,1,0
90084,9,CONNECTICUT,CT,3,2,0,2,13,151,BOLLING,21,5,May,2010,6,Friday,0,32,1,2,3,306,41.70210833,-72.30172778,31,3,0,0,0,1,1
90085,9,CONNECTICUT,CT,2,2,0,3,3,680,BALDWIN,5,5,May,2010,4,Wednesday,23,47,0,14,3,74,41.56480833,-72.88987500,12,3,0,0,0,1,2
90086,9,CONNECTICUT,CT,1,1,0,2,9,810,BLOUNT,16,5,May,2010,1,Sunday,1,25,0,13,3,161,41.54631944,-73.02638889,33,3,0,0,0,1,1
90087,9,CONNECTICUT,CT,1,1,0,1,7,160,BIBB,23,5,May,2010,1,Sunday,14,17,1,11,1,278,41.62397500,-72.68564444,30,1,0,0,0,1,1
90088,9,CONNECTICUT,CT,2,1,0,1,1,700,AUTAUGA,24,5,May,2010,2,Monday,21,57,0,14,6,25,41.08101667,-73.52156389,33,3,0,0,0,1,1
90089,9,CONNECTICUT,CT,2,2,0,3,9,585,BLOUNT,26,5,May,2010,4,Wednesday,11,54,0,13,3,136,41.52167778,-72.99335278,12,1,0,0,0,1,0
90090,9,CONNECTICUT,CT,2,2,0,2,9,430,BLOUNT,30,5,May,2010,1,Sunday,3,26,0,16,6,3,41.29420000,-72.93322778,12,3,0,0,0,1,1
90091,9,CONNECTICUT,CT,3,3,1,4,3,225,BALDWIN,26,5,May,2010,4,Wednesday,23,51,0,14,2,560,41.77564722,-72.62861667,9,3,0,0,0,1,0
90092,9,CONNECTICUT,CT,1,1,0,1,11,520,BULLOCK,31,5,May,2010,2,Monday,12,19,0,16,6,6,41.57766667,-72.11143611,33,1,0,0,0,1,0
90093,9,CONNECTICUT,CT,2,2,0,2,9,430,BLOUNT,25,5,May,2010,3,Tuesday,15,15,0,14,6,3,41.30048056,-72.94322778,12,1,0,0,0,1,0
90094,9,CONNECTICUT,CT,1,1,1,1,3,224,BALDWIN,27,5,May,2010,5,Thursday,11,26,0,16,6,0,41.92311667,-72.60714167,8,1,0,0,0,1,0
90095,9,CONNECTICUT,CT,1,1,1,1,5,450,BAKER HILL,3,6,June,2010,5,Thursday,22,29,1,13,2,324,41.50560556,-73.41901389,9,2,0,0,0,1,0
90096,9,CONNECTICUT,CT,1,1,0,1,13,293,BOLLING,4,6,June,2010,6,Friday,18,50,0,5,3,332,41.71855556,-72.43602222,59,1,0,0,0,1,1
90097,9,CONNECTICUT,CT,2,2,0,3,15,268,ANNISTON,5,6,June,2010,7,Saturday,15,57,1,2,2,1026,41.77576111,-72.03691389,12,1,0,0,0,1,0
90098,9,CONNECTICUT,CT,1,1,0,1,1,170,AUTAUGA,6,6,June,2010,1,Sunday,21,14,1,11,1,42,41.39438611,-73.47829722,25,3,0,0,0,1,1
90099,9,CONNECTICUT,CT,2,2,0,2,9,200,BLOUNT,7,6,June,2010,2,Monday,17,35,0,13,3,116,41.34066389,-73.11895000,12,1,0,0,0,1,0
90100,9,CONNECTICUT,CT,3,1,1,2,9,502,BLOUNT,8,6,June,2010,3,Tuesday,2,22,1,11,1,36,41.33510833,-72.87574722,14,3,0,0,0,1,0
90101,9,CONNECTICUT,CT,2,2,0,2,5,760,BAKER HILL,8,6,June,2010,3,Tuesday,13,21,1,13,2,423,41.78632500,-73.14360833,12,1,0,0,0,1,0
90102,9,CONNECTICUT,CT,2,2,0,2,7,822,BIBB,9,6,June,2010,4,Wednesday,17,10,0,4,3,33,41.31300000,-72.49301667,24,1,0,0,0,1,1
90103,9,CONNECTICUT,CT,2,2,0,2,9,430,BLOUNT,11,6,June,2010,6,Friday,23,33,1,11,1,472,41.29424167,-72.91885278,12,3,0,0,0,1,1
90104,9,CONNECTICUT,CT,1,1,0,1,3,237,BALDWIN,13,6,June,2010,1,Sunday,19,14,1,11,1,529,41.70297222,-72.80461389,24,1,0,0,0,1,1
90105,9,CONNECTICUT,CT,2,2,0,2,11,260,BULLOCK,17,6,June,2010,5,Thursday,16,37,1,11,1,967,41.35959444,-72.04291944,12,1,0,0,0,1,0
90106,9,CONNECTICUT,CT,1,1,0,2,1,610,AUTAUGA,20,6,June,2010,1,Sunday,1,54,0,15,6,12,41.32324722,-73.49023611,35,3,0,0,0,1,1
90107,9,CONNECTICUT,CT,2,2,0,4,9,640,BLOUNT,14,6,June,2010,2,Monday,15,24,0,13,3,109,41.34848056,-73.12735833,12,1,0,0,0,1,0
90108,9,CONNECTICUT,CT,1,1,0,1,9,430,BLOUNT,15,6,June,2010,3,Tuesday,12,16,0,16,6,4,41.32445833,-72.98333611,30,1,0,0,0,1,1
90109,9,CONNECTICUT,CT,2,2,0,3,11,339,BULLOCK,23,6,June,2010,4,Wednesday,1,49,0,13,3,30,41.40377222,-72.07952500,12,2,0,0,0,1,1
90110,9,CONNECTICUT,CT,1,1,0,1,15,268,ANNISTON,25,6,June,2010,6,Friday,1,44,0,4,3,178,41.78186667,-72.05495556,33,2,0,0,0,1,1
90111,9,CONNECTICUT,CT,2,2,0,2,15,858,ANNISTON,4,6,June,2010,6,Friday,12,58,0,4,3,182,41.93425000,-71.94619167,12,1,0,0,0,1,0
90112,9,CONNECTICUT,CT,1,1,0,2,15,705,ANNISTON,26,6,June,2010,7,Saturday,18,34,0,4,3,215,41.68602222,-71.84944444,30,1,0,0,0,1,0
90113,9,CONNECTICUT,CT,2,1,1,1,3,842,BALDWIN,26,6,June,2010,7,Saturday,3,29,1,11,1,434,41.83311944,-72.66531944,14,3,0,0,0,1,1
90114,9,CONNECTICUT,CT,3,3,0,6,3,365,BALDWIN,27,6,June,2010,1,Sunday,0,31,1,11,1,695,41.79794444,-72.55756389,12,3,0,0,0,2,2
90115,9,CONNECTICUT,CT,1,1,0,1,15,843,ANNISTON,27,6,June,2010,1,Sunday,14,2,0,15,3,6,41.68639722,-72.16251667,30,1,0,0,0,1,1
90116,9,CONNECTICUT,CT,2,2,0,2,3,842,BALDWIN,25,6,June,2010,6,Friday,22,22,1,11,1,23,41.80798889,-72.62439167,12,3,0,0,0,1,0
90117,9,CONNECTICUT,CT,1,1,0,1,7,295,BIBB,26,6,June,2010,7,Saturday,2,16,0,14,6,11,41.48821389,-72.57716944,53,2,0,0,0,1,1
90118,9,CONNECTICUT,CT,1,1,1,0,9,370,BLOUNT,10,6,June,2010,5,Thursday,23,21,0,14,6,0,41.53914167,-72.80890833,19,2,0,0,0,1,0
90119,9,CONNECTICUT,CT,1,1,0,1,11,632,BULLOCK,28,6,June,2010,2,Monday,21,42,1,2,3,127,41.49655833,-72.30173056,24,2,0,0,0,1,1
90120,9,CONNECTICUT,CT,1,1,0,1,5,492,BAKER HILL,28,6,June,2010,2,Monday,18,30,0,6,6,0,42.02405556,-73.32305000,30,1,0,0,0,1,0
90121,9,CONNECTICUT,CT,1,1,0,3,9,585,BLOUNT,28,6,June,2010,2,Monday,22,22,0,16,6,0,41.51337500,-72.98760000,5,2,0,0,0,1,0
90122,9,CONNECTICUT,CT,1,1,0,1,1,510,AUTAUGA,17,6,June,2010,5,Thursday,0,45,0,15,6,5,41.09862500,-73.41617222,33,3,0,0,0,1,0
90123,9,CONNECTICUT,CT,2,2,0,2,3,258,BALDWIN,30,6,June,2010,4,Wednesday,12,8,0,16,6,14,41.97394444,-72.82385278,12,1,0,0,0,1,0
90124,9,CONNECTICUT,CT,3,3,0,4,9,810,BLOUNT,25,6,June,2010,6,Friday,23,53,0,14,3,47,41.56929722,-73.05418889,12,2,0,0,0,1,0
90125,9,CONNECTICUT,CT,2,2,0,2,9,370,BLOUNT,24,6,June,2010,5,Thursday,15,54,0,12,3,4,41.53421111,-72.75523056,12,1,0,0,0,1,0
90126,9,CONNECTICUT,CT,1,1,0,1,15,590,ANNISTON,2,7,July,2010,6,Friday,22,56,0,4,3,11,41.89087222,-71.86820278,30,2,0,0,0,1,1
90127,9,CONNECTICUT,CT,1,1,1,1,13,691,BOLLING,3,7,July,2010,7,Saturday,15,2,0,16,6,11,41.96901667,-72.29813889,8,1,0,0,0,2,1
90128,9,CONNECTICUT,CT,1,1,0,1,5,326,BAKER HILL,4,7,July,2010,1,Sunday,9,0,0,3,2,497,41.70953333,-73.48866389,1,1,0,0,0,1,0
90129,9,CONNECTICUT,CT,1,1,0,1,9,502,BLOUNT,4,7,July,2010,1,Sunday,17,36,1,12,3,545,41.40555833,-72.86190833,42,1,0,0,0,1,0
90130,9,CONNECTICUT,CT,2,2,0,5,1,80,AUTAUGA,5,7,July,2010,2,Monday,12,3,1,11,1,293,41.17429167,-73.18835556,1,1,0,0,0,1,0
90131,9,CONNECTICUT,CT,2,1,1,1,1,650,AUTAUGA,3,7,July,2010,7,Saturday,22,3,0,14,3,111,41.33313333,-73.12084722,14,3,0,0,0,1,1
90132,9,CONNECTICUT,CT,2,2,0,2,9,410,BLOUNT,7,7,July,2010,4,Wednesday,15,47,0,15,3,1,41.48701667,-73.05153333,12,1,0,0,0,1,0
90133,9,CONNECTICUT,CT,1,1,0,1,15,843,ANNISTON,9,7,July,2010,6,Friday,5,35,0,15,3,25,41.71016667,-72.16569722,30,1,0,0,0,1,1
90134,9,CONNECTICUT,CT,2,2,0,3,3,225,BALDWIN,9,7,July,2010,6,Friday,23,38,1,11,1,627,41.76944444,-72.66550000,12,3,0,0,0,1,1
90135,9,CONNECTICUT,CT,1,1,0,1,1,80,AUTAUGA,11,7,July,2010,1,Sunday,17,40,1,12,3,21,41.19626111,-73.19486111,24,1,0,0,0,1,1
90136,9,CONNECTICUT,CT,1,1,0,4,15,330,ANNISTON,12,7,July,2010,2,Monday,19,29,1,11,1,413,41.84492500,-71.87917778,31,1,0,0,0,1,0
90137,9,CONNECTICUT,CT,2,2,0,2,9,370,BLOUNT,15,7,July,2010,5,Thursday,15,34,0,13,6,28,41.53687778,-72.79910556,12,1,0,0,0,1,0
90138,9,CONNECTICUT,CT,1,1,1,1,3,420,BALDWIN,19,7,July,2010,2,Monday,4,40,1,12,3,358,41.66755556,-72.77297500,8,3,0,0,0,1,0
90139,9,CONNECTICUT,CT,3,3,0,3,9,669,BLOUNT,19,7,July,2010,2,Monday,5,50,0,14,3,173,41.47603056,-73.20528333,12,1,0,0,0,1,0
90140,9,CONNECTICUT,CT,1,1,1,1,1,80,AUTAUGA,6,7,July,2010,3,Tuesday,13,21,0,15,6,11,41.16783611,-73.20014167,9,1,0,0,0,1,0
90141,9,CONNECTICUT,CT,1,1,0,1,13,775,BOLLING,19,7,July,2010,2,Monday,17,25,1,1,1,969,42.01984722,-72.15052222,31,1,0,0,0,1,0
90142,9,CONNECTICUT,CT,1,1,0,2,9,370,BLOUNT,26,7,July,2010,2,Monday,2,38,1,11,1,178,41.50627222,-72.76917778,42,2,0,0,0,2,0
90143,9,CONNECTICUT,CT,1,1,0,1,9,502,BLOUNT,20,7,July,2010,3,Tuesday,2,12,0,16,6,3,41.38601667,-72.85543889,42,3,0,0,0,1,1
90144,9,CONNECTICUT,CT,2,2,0,2,9,502,BLOUNT,21,7,July,2010,4,Wednesday,10,40,0,14,3,50,41.38662500,-72.86133611,12,1,0,0,0,1,0
90145,9,CONNECTICUT,CT,2,2,0,2,3,224,BALDWIN,28,7,July,2010,4,Wednesday,22,23,1,13,2,438,41.87532222,-72.60926389,12,2,0,0,0,1,0
90146,9,CONNECTICUT,CT,3,1,0,1,1,185,AUTAUGA,11,7,July,2010,1,Sunday,1,33,0,14,6,38,41.06710833,-73.49982222,33,3,0,0,0,1,0
90147,9,CONNECTICUT,CT,3,1,0,3,3,229,BALDWIN,2,9,September,2010,5,Thursday,16,16,1,11,1,564,42.00173611,-72.58484722,14,1,0,0,0,1,0
90148,9,CONNECTICUT,CT,1,1,1,1,1,256,AUTAUGA,3,9,September,2010,6,Friday,8,30,0,13,2,0,41.01258889,-73.65484444,8,1,0,0,0,1,0
90149,9,CONNECTICUT,CT,2,2,0,2,15,550,ANNISTON,4,9,September,2010,7,Saturday,17,20,1,1,1,308,41.70306111,-71.90090556,12,1,0,0,0,1,0
90150,9,CONNECTICUT,CT,2,2,0,2,9,502,BLOUNT,5,9,September,2010,1,Sunday,19,20,0,14,2,79,41.40759722,-72.84481944,12,5,0,0,0,1,0
90151,9,CONNECTICUT,CT,1,1,1,1,5,817,BAKER HILL,6,9,September,2010,2,Monday,17,45,0,15,6,1,41.59420000,-73.08108611,8,1,0,0,0,1,0
90152,9,CONNECTICUT,CT,1,1,0,1,3,369,BALDWIN,8,9,September,2010,4,Wednesday,16,11,1,12,3,132,41.65065278,-72.49355556,31,1,0,0,0,1,0
90153,9,CONNECTICUT,CT,1,1,0,3,15,330,ANNISTON,11,9,September,2010,7,Saturday,2,28,0,3,3,93,41.84891389,-71.79832500,35,2,0,0,0,1,0
90154,9,CONNECTICUT,CT,1,1,0,1,7,130,BIBB,14,9,September,2010,3,Tuesday,13,59,0,14,3,1,41.27955278,-72.52786111,50,1,0,0,0,1,0
90155,9,CONNECTICUT,CT,3,3,1,3,9,430,BLOUNT,16,9,September,2010,5,Thursday,23,57,1,11,1,482,41.29822778,-72.90340556,8,3,0,0,0,1,0
90156,9,CONNECTICUT,CT,1,1,0,1,11,787,BULLOCK,11,8,August,2010,4,Wednesday,9,45,0,4,3,111,41.55501111,-71.85179167,42,1,0,0,0,1,0
90157,9,CONNECTICUT,CT,2,2,0,3,5,428,BAKER HILL,14,8,August,2010,7,Saturday,14,29,1,2,2,528,41.83030556,-72.98550278,12,1,0,0,0,1,0
90158,9,CONNECTICUT,CT,1,1,0,1,1,510,AUTAUGA,17,9,September,2010,6,Friday,0,47,1,12,3,178,41.14351667,-73.42157222,33,2,0,0,0,1,1
90159,9,CONNECTICUT,CT,1,1,0,1,3,225,BALDWIN,18,9,September,2010,7,Saturday,2,17,1,12,3,35,41.73459444,-72.62491111,33,3,0,0,0,1,1
90160,9,CONNECTICUT,CT,1,1,0,1,9,370,BLOUNT,18,9,September,2010,7,Saturday,23,1,1,12,3,624,41.50501111,-72.79095833,24,2,0,0,0,1,0
90161,9,CONNECTICUT,CT,1,1,0,1,9,265,BLOUNT,19,9,September,2010,1,Sunday,21,6,0,15,3,110,41.42372222,-72.69142222,33,2,0,0,0,1,0
90162,9,CONNECTICUT,CT,1,1,0,1,9,430,BLOUNT,15,8,August,2010,1,Sunday,2,20,0,13,3,10,41.29488889,-72.94612778,30,3,0,0,0,1,1
90163,9,CONNECTICUT,CT,1,1,0,1,15,104,ANNISTON,7,8,August,2010,7,Saturday,7,40,0,4,3,98,41.65562778,-71.97520278,24,2,0,0,0,1,1
90164,9,CONNECTICUT,CT,2,1,0,1,1,80,AUTAUGA,13,9,September,2010,2,Monday,4,5,0,16,6,7,41.22288611,-73.20875278,59,3,0,0,0,1,0
90165,9,CONNECTICUT,CT,1,1,0,1,3,555,BALDWIN,21,9,September,2010,3,Tuesday,22,51,0,14,3,290,41.66326111,-72.86413889,33,3,0,0,0,1,1
90166,9,CONNECTICUT,CT,2,2,0,2,3,280,BALDWIN,18,8,August,2010,4,Wednesday,0,55,1,11,1,605,41.75829444,-72.70060556,12,3,0,0,0,1,1
90167,9,CONNECTICUT,CT,1,1,0,1,9,502,BLOUNT,18,8,August,2010,4,Wednesday,6,51,1,12,3,576,41.42369722,-72.85453333,42,1,0,0,0,1,0
90168,9,CONNECTICUT,CT,1,1,0,1,7,580,BIBB,26,9,September,2010,1,Sunday,17,43,0,6,6,11,41.60222222,-72.57644444,34,1,0,0,0,1,0
90169,9,CONNECTICUT,CT,1,1,1,1,1,425,AUTAUGA,18,8,August,2010,4,Wednesday,16,41,0,14,3,93,41.18650556,-73.52284167,8,1,0,0,0,1,0
90170,9,CONNECTICUT,CT,1,1,1,1,11,440,BULLOCK,30,9,September,2010,5,Thursday,4,32,1,11,1,938,41.36345000,-72.09725278,8,3,0,0,0,1,0
90171,9,CONNECTICUT,CT,1,1,1,2,13,228,BOLLING,9,9,September,2010,5,Thursday,18,42,0,13,3,175,41.89947500,-72.45956944,9,5,0,0,0,1,0
90172,9,CONNECTICUT,CT,2,2,0,3,9,265,BLOUNT,18,9,September,2010,7,Saturday,12,31,0,13,3,87,41.34822222,-72.73343056,12,1,0,0,0,2,0
90173,9,CONNECTICUT,CT,2,2,0,2,3,838,BALDWIN,2,9,September,2010,5,Thursday,12,50,1,11,1,322,41.68755278,-72.64953056,12,1,0,0,0,1,0
90174,9,CONNECTICUT,CT,1,1,1,2,3,255,BALDWIN,9,9,September,2010,5,Thursday,18,40,0,16,6,4,41.66343889,-72.53600278,8,1,0,0,0,1,0
90175,9,CONNECTICUT,CT,1,1,0,1,5,802,BAKER HILL,19,9,September,2010,1,Sunday,1,27,1,2,2,309,41.70314167,-73.30015833,24,2,0,0,0,1,0
90176,9,CONNECTICUT,CT,1,1,1,1,9,370,BLOUNT,17,9,September,2010,6,Friday,21,31,0,14,3,103,41.51657778,-72.82526944,8,3,0,0,0,1,0
90177,9,CONNECTICUT,CT,1,1,0,1,1,650,AUTAUGA,3,10,October,2010,1,Sunday,4,37,1,12,3,112,41.30118333,-73.10165833,30,2,0,0,0,1,1
90178,9,CONNECTICUT,CT,3,3,0,4,1,510,AUTAUGA,5,10,October,2010,3,Tuesday,11,43,1,11,1,154,41.10665556,-73.42242778,12,1,0,0,0,1,0
90179,9,CONNECTICUT,CT,2,2,0,3,13,156,BOLLING,9,10,October,2010,7,Saturday,9,28,0,15,3,108,41.77368889,-72.30699722,12,1,0,0,0,1,0
90180,9,CONNECTICUT,CT,2,2,0,2,3,237,BALDWIN,12,10,October,2010,3,Tuesday,9,48,0,13,3,432,41.72572500,-72.81753333,12,1,0,0,0,1,1
90181,9,CONNECTICUT,CT,2,2,0,3,5,286,BAKER HILL,5,8,August,2010,5,Thursday,20,20,0,6,6,17,41.74680278,-73.05505833,12,2,0,0,0,2,1
90182,9,CONNECTICUT,CT,2,2,0,3,5,801,BAKER HILL,13,10,October,2010,4,Wednesday,8,4,0,4,3,110,41.74396389,-73.35375000,12,1,0,0,0,1,0
90183,9,CONNECTICUT,CT,1,1,1,2,9,370,BLOUNT,21,8,August,2010,7,Saturday,22,54,1,11,1,186,41.51881389,-72.77084444,8,3,0,0,0,1,0
90184,9,CONNECTICUT,CT,2,2,0,2,13,64,BOLLING,14,10,October,2010,5,Thursday,20,9,0,14,2,762,41.78494444,-72.45930833,12,3,0,0,0,1,0
90185,9,CONNECTICUT,CT,1,1,0,1,7,160,BIBB,21,8,August,2010,7,Saturday,22,4,0,16,6,12,41.59336389,-72.66503333,57,2,0,0,0,1,1
90186,9,CONNECTICUT,CT,3,1,2,7,1,185,AUTAUGA,16,10,October,2010,7,Saturday,2,26,1,11,1,115,41.07201389,-73.47726944,8,3,0,0,0,2,1
90187,9,CONNECTICUT,CT,3,3,0,4,11,263,BULLOCK,2,8,August,2010,2,Monday,15,39,0,4,3,103,41.55433333,-71.88211667,12,1,0,0,0,1,0
90188,9,CONNECTICUT,CT,1,1,0,3,15,590,ANNISTON,17,10,October,2010,1,Sunday,2,57,0,6,6,40,41.90940833,-71.80084722,30,2,0,0,0,1,0
90189,9,CONNECTICUT,CT,2,2,0,4,3,229,BALDWIN,25,8,August,2010,4,Wednesday,2,32,1,11,1,555,41.98610833,-72.58840000,12,3,0,0,0,1,1
90190,9,CONNECTICUT,CT,1,1,0,4,13,846,BOLLING,17,10,October,2010,1,Sunday,20,3,1,1,1,851,41.89484444,-72.29360556,1,3,0,0,0,3,1
90191,9,CONNECTICUT,CT,1,1,1,1,9,430,BLOUNT,22,8,August,2010,1,Sunday,1,44,0,15,6,3,41.31705000,-72.94346944,8,3,0,0,0,1,0
90192,9,CONNECTICUT,CT,1,1,0,2,11,263,BULLOCK,21,10,October,2010,5,Thursday,19,32,0,4,3,169,41.60762222,-71.92406667,35,2,0,0,0,1,1
90193,9,CONNECTICUT,CT,2,2,0,3,5,492,BAKER HILL,27,10,October,2010,4,Wednesday,14,39,1,2,2,98,42.01719444,-73.35058056,12,1,0,0,0,1,0
90194,9,CONNECTICUT,CT,1,1,0,2,1,80,AUTAUGA,27,8,August,2010,6,Friday,1,2,0,14,3,28,41.21825000,-73.17627778,42,3,0,0,0,1,0
90195,9,CONNECTICUT,CT,1,1,0,1,9,430,BLOUNT,29,10,October,2010,6,Friday,19,3,1,11,1,19,41.31860000,-72.89726944,25,3,0,0,0,1,0
90196,9,CONNECTICUT,CT,1,1,0,1,9,502,BLOUNT,30,10,October,2010,7,Saturday,3,19,1,13,3,536,41.39564444,-72.87229167,42,2,0,0,0,1,1
90197,9,CONNECTICUT,CT,2,1,0,1,9,200,BLOUNT,30,10,October,2010,7,Saturday,14,39,0,13,3,129,41.32772222,-73.10308889,33,1,0,0,0,1,0
90198,9,CONNECTICUT,CT,1,1,0,1,13,156,BOLLING,30,10,October,2010,7,Saturday,22,40,0,16,6,1,41.79795278,-72.31484444,42,2,0,0,0,1,1
90199,9,CONNECTICUT,CT,2,2,0,4,13,368,BOLLING,29,10,October,2010,6,Friday,18,15,0,2,3,29,41.75383056,-72.19268611,12,1,0,0,0,1,0
90200,9,CONNECTICUT,CT,1,1,0,3,1,700,AUTAUGA,30,10,October,2010,7,Saturday,7,21,1,12,3,120,41.11891389,-73.52349722,24,1,0,0,0,1,0
90201,9,CONNECTICUT,CT,1,1,0,3,1,700,AUTAUGA,29,10,October,2010,6,Friday,2,9,1,11,1,88,41.05525556,-73.52046111,42,3,0,0,0,1,0
90202,9,CONNECTICUT,CT,1,1,1,3,11,140,BULLOCK,15,10,October,2010,6,Friday,19,54,0,4,3,80,41.54266389,-72.41272222,8,2,0,0,0,1,0
90203,9,CONNECTICUT,CT,2,2,0,2,9,430,BLOUNT,27,8,August,2010,6,Friday,7,38,0,16,6,16,41.29310278,-72.89266111,12,1,0,0,0,1,0