ST_CASE,STATE,State Name,State Abbreviation,# of Vehicle involved,VE_FORMS,Pedestrains,Total_Persons_in_accident,COUNTY,CITY,City_County_Name,Calendar_DAY,MONTH,Month_name,YEAR,DAY_WEEK,Day_Week_desc,HOUR,MINUTE,NHS_Desc,trafficway,Route,MILEPT,LATITUDE,LONGITUD,First_Crash_event,Light_cond_desc,Weather_condition,School_bus_involved,Crash_cause,FATALS,DRUNK_DR
120402,12,FLORIDA,FL,1,1,0,1,9,2424,BLOUNT,27,3,March,2010,7,Saturday,22,17,0,16,6,0,28.01609167,-80.64590000,39,3,0,0,0,1,0
120403,12,FLORIDA,FL,2,1,0,1,83,0,ARDMORE,27,3,March,2010,7,Saturday,5,0,0,16,6,0,29.27543611,-81.88119444,14,2,0,0,0,1,0
120404,12,FLORIDA,FL,3,3,0,4,131,0,ARLINGTON,29,3,March,2010,2,Monday,8,10,1,2,2,99998,30.65369444,-86.11573056,12,1,0,0,0,1,0
120405,12,FLORIDA,FL,2,2,0,5,11,1050,BULLOCK,18,2,February,2010,5,Thursday,22,15,0,13,3,99998,26.15158333,-80.15449722,12,3,0,0,0,1,0
120406,12,FLORIDA,FL,1,1,1,1,9,0,BLOUNT,19,2,February,2010,6,Friday,22,42,0,13,2,99998,28.44054722,-80.76260000,8,2,0,0,0,1,0
120407,12,FLORIDA,FL,1,1,0,2,69,0,ASHFORD,19,2,February,2010,6,Friday,19,36,0,6,4,0,29.00841389,-81.40820556,42,2,0,0,0,2,0
120408,12,FLORIDA,FL,2,2,0,9,86,2010,AVENTURA,20,2,February,2010,7,Saturday,2,30,1,11,1,99998,25.78721389,-80.18136944,12,3,0,0,0,1,0
120409,12,FLORIDA,FL,3,3,0,4,86,0,AVENTURA,11,3,March,2010,5,Thursday,5,37,0,6,4,0,25.85464722,-80.25026111,12,3,0,0,0,1,1
120410,12,FLORIDA,FL,2,2,0,2,11,771,BULLOCK,13,3,March,2010,7,Saturday,16,27,0,13,3,99998,26.07649444,-80.25202500,12,1,0,0,0,1,1
120411,12,FLORIDA,FL,2,2,0,5,71,1070,BRIDGEPORT,13,3,March,2010,7,Saturday,17,50,0,16,6,0,26.63284722,-81.85457778,12,1,0,0,0,1,0
120412,12,FLORIDA,FL,2,2,0,3,23,0,BLADON SPRINGS,18,3,March,2010,5,Thursday,11,25,0,14,2,99998,30.17949444,-82.69485833,12,1,0,0,0,1,0
120413,12,FLORIDA,FL,1,1,0,2,86,0,AVENTURA,19,3,March,2010,6,Friday,3,20,0,6,4,0,25.91413889,-80.20972778,42,2,0,0,0,2,0
120414,12,FLORIDA,FL,1,1,0,2,23,0,BLADON SPRINGS,20,3,March,2010,7,Saturday,18,1,0,6,4,0,30.15525833,-82.73968889,42,1,0,0,0,1,0
120416,12,FLORIDA,FL,2,2,0,2,83,0,ARDMORE,23,3,March,2010,3,Tuesday,11,50,0,13,2,99998,29.02583056,-82.01934444,12,1,0,0,0,1,0
120417,12,FLORIDA,FL,2,1,0,1,101,0,BOYLSTON,25,3,March,2010,5,Thursday,21,20,0,6,4,0,28.32878889,-82.68842222,53,3,0,0,0,1,1
120418,12,FLORIDA,FL,3,3,2,1,11,1420,BULLOCK,26,3,March,2010,6,Friday,4,18,1,11,1,99998,26.03031944,-80.16493889,12,3,0,0,0,1,0
120419,12,FLORIDA,FL,2,2,0,2,11,1782,BULLOCK,29,3,March,2010,2,Monday,22,59,0,13,3,99998,26.18828333,-80.25185556,12,3,0,0,0,1,0
120420,12,FLORIDA,FL,1,1,0,3,51,0,CENTRAL,27,3,March,2010,7,Saturday,23,38,0,6,4,0,26.60276389,-81.34809444,34,2,0,0,0,1,1
120421,12,FLORIDA,FL,3,3,0,3,31,1510,COFFEE,29,3,March,2010,2,Monday,7,0,1,11,1,99998,30.32039167,-81.69079722,12,4,0,0,0,1,0
120422,12,FLORIDA,FL,2,2,0,4,97,0,AXIS,31,3,March,2010,4,Wednesday,3,25,0,2,2,99998,28.21699167,-81.17716944,12,2,0,0,0,1,1
120423,12,FLORIDA,FL,1,1,1,1,95,0,ALBERTVILLE,1,4,April,2010,5,Thursday,13,35,0,6,4,0,28.41056667,-81.55805833,9,1,0,0,0,1,0
120424,12,FLORIDA,FL,2,2,0,2,95,0,ALBERTVILLE,2,4,April,2010,6,Friday,0,31,0,6,4,0,28.56716389,-81.12733056,12,3,0,0,0,1,1
120425,12,FLORIDA,FL,1,1,0,3,63,0,BOLIGEE,3,4,April,2010,7,Saturday,7,40,0,6,4,0,30.96068333,-85.14744444,42,1,0,0,0,3,0
120426,12,FLORIDA,FL,1,1,1,2,99,1559,BEATRICE,4,4,April,2010,1,Sunday,6,30,0,16,6,0,26.87812500,-80.05303889,8,3,0,0,0,1,0
120427,12,FLORIDA,FL,2,2,0,2,101,0,BOYLSTON,19,2,February,2010,6,Friday,8,47,1,13,2,99998,28.28904722,-82.71215833,12,1,0,0,0,1,1
120428,12,FLORIDA,FL,1,1,0,1,9,3175,BLOUNT,25,2,February,2010,5,Thursday,23,2,0,16,6,0,28.05732222,-80.67123333,43,2,0,0,0,1,1
120429,12,FLORIDA,FL,1,1,1,2,127,787,BURNWELL,5,3,March,2010,6,Friday,23,34,0,16,6,0,28.89017222,-81.33182222,9,3,0,0,0,1,0
120430,12,FLORIDA,FL,1,1,0,3,81,340,AUBURN,12,3,March,2010,6,Friday,19,20,0,14,3,99998,27.49585278,-82.60921667,33,3,0,0,0,1,1
120431,12,FLORIDA,FL,1,1,1,2,86,0,AVENTURA,14,3,March,2010,1,Sunday,20,5,0,6,4,0,25.74717222,-80.35155833,8,3,0,0,0,1,0
120432,12,FLORIDA,FL,2,2,0,2,121,0,BON AIR,18,3,March,2010,5,Thursday,23,4,0,6,4,0,30.29008889,-83.12943333,12,2,0,0,0,1,0
120433,12,FLORIDA,FL,1,1,0,1,113,0,COTTONTON,25,3,March,2010,5,Thursday,13,0,0,3,3,99998,30.85433333,-86.83196667,34,1,0,0,0,1,0
120434,12,FLORIDA,FL,1,1,1,1,115,0,ASHVILLE,29,3,March,2010,2,Monday,4,28,0,13,2,99998,27.38658056,-82.55847222,8,3,0,0,0,1,0
120435,12,FLORIDA,FL,1,1,0,2,99,0,BEATRICE,30,3,March,2010,3,Tuesday,1,50,0,6,4,0,26.87764722,-80.24738889,59,2,0,0,0,2,1
120436,12,FLORIDA,FL,3,3,0,6,113,0,COTTONTON,31,3,March,2010,4,Wednesday,14,34,0,3,3,99998,30.54317222,-86.90221389,12,1,0,0,0,1,0
120437,12,FLORIDA,FL,1,1,1,1,107,0,CARROLLTON,31,3,March,2010,4,Wednesday,18,20,0,6,4,0,29.62247778,-81.71453333,8,1,0,0,0,1,0
120438,12,FLORIDA,FL,1,1,0,1,131,0,ARLINGTON,4,4,April,2010,1,Sunday,19,5,0,6,4,0,30.66218611,-85.91863611,42,1,0,0,0,1,1
120439,12,FLORIDA,FL,2,2,0,2,113,0,COTTONTON,5,4,April,2010,2,Monday,19,19,0,14,2,99998,30.60246667,-87.15320000,1,2,0,0,0,1,1
120440,12,FLORIDA,FL,2,2,0,2,81,0,AUBURN,8,4,April,2010,5,Thursday,18,30,0,6,4,0,27.44787500,-82.61246667,12,1,0,0,0,1,0
120441,12,FLORIDA,FL,1,1,0,1,107,0,CARROLLTON,9,2,February,2010,3,Tuesday,12,50,0,6,4,0,29.61577222,-81.68795556,42,1,0,0,0,1,0
120442,12,FLORIDA,FL,1,1,0,1,61,0,BELLWOOD,18,2,February,2010,5,Thursday,12,45,1,2,3,99998,27.64171667,-80.69355000,1,1,0,0,0,1,0
120443,12,FLORIDA,FL,1,1,1,1,57,0,BANKSTON,14,2,February,2010,1,Sunday,1,18,0,13,3,99998,27.99658056,-82.54796389,8,2,0,0,0,1,0
120444,12,FLORIDA,FL,2,2,0,2,71,457,BRIDGEPORT,2,2,February,2010,3,Tuesday,9,7,0,16,6,0,26.69691944,-82.00645000,12,1,0,0,0,1,0
120445,12,FLORIDA,FL,2,2,0,5,49,3120,COLLINSVILLE,2,2,February,2010,3,Tuesday,16,18,1,13,2,99998,27.53295833,-81.80935000,12,1,0,0,0,1,0
120446,12,FLORIDA,FL,1,1,0,1,91,0,DAYTON,17,2,February,2010,4,Wednesday,6,35,0,2,3,99998,30.89304722,-86.50704444,33,1,0,0,0,1,0
120447,12,FLORIDA,FL,1,1,1,3,9,454,BLOUNT,18,2,February,2010,5,Thursday,20,36,0,13,3,99998,28.37799722,-80.60563889,8,3,0,0,0,1,0
120448,12,FLORIDA,FL,2,2,0,2,93,0,BEAR CREEK,25,2,February,2010,5,Thursday,13,34,0,2,2,99998,27.34843611,-80.82172778,12,1,0,0,0,1,0
120449,12,FLORIDA,FL,1,1,1,1,127,0,BURNWELL,2,2,February,2010,3,Tuesday,18,57,0,13,3,99998,29.32316389,-81.05523611,8,3,0,0,0,1,0
120450,12,FLORIDA,FL,1,1,0,2,131,0,ARLINGTON,21,2,February,2010,1,Sunday,12,10,1,1,1,99998,30.73416667,-86.37219167,1,1,0,0,0,1,0
120451,12,FLORIDA,FL,1,1,0,1,103,2730,DANVILLE,11,2,February,2010,5,Thursday,1,41,0,16,6,0,27.80640833,-82.70614167,30,3,0,0,0,1,1
120452,12,FLORIDA,FL,2,2,0,2,99,3147,BEATRICE,12,2,February,2010,6,Friday,1,5,0,15,6,99998,26.62218333,-80.23653611,12,3,0,0,0,1,1
120453,12,FLORIDA,FL,1,1,1,1,11,2916,BULLOCK,13,2,February,2010,7,Saturday,22,20,0,13,3,99998,26.15072500,-80.25701944,8,3,0,0,0,1,0
120454,12,FLORIDA,FL,3,3,0,5,86,2010,AVENTURA,13,2,February,2010,7,Saturday,15,9,0,13,3,99998,25.77515833,-80.26391667,12,1,0,0,0,1,0
120455,12,FLORIDA,FL,2,2,0,2,86,2025,AVENTURA,15,2,February,2010,2,Monday,14,43,0,16,6,0,25.91177222,-80.32100278,12,1,0,0,0,1,0
120456,12,FLORIDA,FL,1,1,1,1,57,0,BANKSTON,14,2,February,2010,1,Sunday,19,5,0,6,4,0,27.75926111,-82.26671944,8,2,0,0,0,1,0
120457,12,FLORIDA,FL,1,1,1,1,31,1510,COFFEE,17,2,February,2010,4,Wednesday,9,13,0,16,6,0,30.31258333,-81.68287500,8,1,0,0,0,1,0
120458,12,FLORIDA,FL,2,2,0,2,99,0,BEATRICE,21,2,February,2010,1,Sunday,11,26,0,14,4,99998,26.94255278,-80.24247500,12,1,0,0,0,1,0
120459,12,FLORIDA,FL,1,1,1,1,95,2360,ALBERTVILLE,22,2,February,2010,2,Monday,19,54,0,16,6,0,28.52422778,-81.34106667,8,3,0,0,0,1,0
120461,12,FLORIDA,FL,1,1,1,1,87,1580,ARMSTRONG,3,3,March,2010,4,Wednesday,14,43,1,13,2,99998,24.56327222,-81.77622778,8,1,0,0,0,1,0
120462,12,FLORIDA,FL,2,2,0,2,86,1340,AVENTURA,12,2,February,2010,6,Friday,7,0,0,16,6,0,25.88668889,-80.33970278,12,1,0,0,0,1,0
120463,12,FLORIDA,FL,1,1,0,1,1,0,AUTAUGA,5,2,February,2010,6,Friday,14,28,1,11,1,99998,29.62360000,-82.39038611,34,1,0,0,0,1,0
120464,12,FLORIDA,FL,2,2,0,2,86,9999,AVENTURA,17,2,February,2010,4,Wednesday,16,14,1,12,3,99998,25.94704722,-80.35370278,12,1,0,0,0,1,0
120465,12,FLORIDA,FL,1,1,0,3,47,0,BROWNS,24,2,February,2010,4,Wednesday,6,35,1,1,1,99998,30.50836667,-83.04863611,42,4,0,0,0,1,0
120466,12,FLORIDA,FL,2,2,0,3,53,0,ATMORE,24,2,February,2010,4,Wednesday,8,22,1,13,2,99998,28.53831944,-82.56605278,12,1,0,0,0,1,0
120467,12,FLORIDA,FL,1,1,1,1,33,0,CHEROKEE,25,2,February,2010,5,Thursday,18,58,0,6,4,0,30.52573889,-87.18986389,8,2,0,0,0,1,0
120468,12,FLORIDA,FL,1,1,1,1,11,1782,BULLOCK,12,2,February,2010,6,Friday,11,15,0,13,3,99998,26.12138611,-80.18680556,8,1,0,0,0,1,0
120469,12,FLORIDA,FL,2,2,0,4,57,2950,BANKSTON,18,2,February,2010,5,Thursday,2,15,1,13,2,99998,27.93088889,-82.50586944,33,3,0,0,0,1,1
120470,12,FLORIDA,FL,2,2,1,2,127,2580,BURNWELL,26,2,February,2010,6,Friday,14,56,0,16,6,0,29.11426389,-81.01848056,8,1,0,0,0,1,0
120471,12,FLORIDA,FL,2,2,0,3,111,1080,GRAHAM,2,3,March,2010,3,Tuesday,18,10,0,13,3,99998,27.42570556,-80.35039444,12,1,0,0,0,1,0
120472,12,FLORIDA,FL,1,1,1,2,11,2570,BULLOCK,3,3,March,2010,4,Wednesday,22,33,0,14,3,99998,26.27162222,-80.11406944,8,3,0,0,0,1,0
120473,12,FLORIDA,FL,1,1,0,1,86,2030,AVENTURA,7,3,March,2010,1,Sunday,22,34,1,11,1,99998,25.86491111,-80.20821944,31,3,0,0,0,1,1
120474,12,FLORIDA,FL,2,2,0,3,85,0,BENTON,14,3,March,2010,1,Sunday,22,48,0,6,4,0,27.10156111,-80.15143333,12,3,0,0,0,1,2
120475,12,FLORIDA,FL,2,2,0,2,11,771,BULLOCK,19,3,March,2010,6,Friday,8,9,0,16,6,0,26.09365278,-80.27385833,12,1,0,0,0,1,0
120476,12,FLORIDA,FL,1,1,0,1,83,2270,ARDMORE,20,3,March,2010,7,Saturday,3,48,0,16,6,0,29.14180833,-82.13500278,42,2,0,0,0,1,1
120477,12,FLORIDA,FL,2,2,0,2,61,0,BELLWOOD,21,3,March,2010,1,Sunday,12,55,0,6,4,0,27.58810000,-80.38010833,12,1,0,0,0,1,0
120479,12,FLORIDA,FL,1,1,0,1,53,0,ATMORE,26,3,March,2010,6,Friday,2,0,0,3,2,99998,28.65821667,-82.32441944,38,2,0,0,0,1,1
120480,12,FLORIDA,FL,1,1,0,1,127,0,BURNWELL,26,3,March,2010,6,Friday,16,20,1,11,1,99998,29.39015833,-81.14922500,1,1,0,0,0,1,0
120481,12,FLORIDA,FL,1,1,1,1,9,620,BLOUNT,27,3,March,2010,7,Saturday,22,40,1,12,3,99998,28.40021667,-80.75455556,8,2,0,0,0,1,0
120482,12,FLORIDA,FL,3,3,0,3,27,0,ASHLAND,30,3,March,2010,3,Tuesday,17,44,1,2,2,99998,27.08285833,-81.95614444,12,5,0,0,0,1,0
120483,12,FLORIDA,FL,2,2,0,2,87,0,ARMSTRONG,31,3,March,2010,4,Wednesday,8,28,1,13,2,99998,24.57905000,-81.73450556,12,1,0,0,0,1,1
120484,12,FLORIDA,FL,1,1,0,3,65,0,CYPRESS,1,4,April,2010,5,Thursday,13,0,1,1,1,99998,30.47654722,-83.89404722,42,1,0,0,0,3,0
120485,12,FLORIDA,FL,2,2,0,2,117,0,BIRMINGHAM,2,4,April,2010,6,Friday,12,45,0,13,3,99998,28.81188889,-81.36752500,12,1,0,0,0,1,1
120486,12,FLORIDA,FL,3,3,0,9,89,0,BROWNSBORO,2,4,April,2010,6,Friday,16,40,1,2,2,99998,30.66317500,-81.88476111,12,1,0,0,0,6,0
120487,12,FLORIDA,FL,2,2,0,2,11,2541,BULLOCK,2,4,April,2010,6,Friday,15,48,1,12,3,99998,26.11220000,-80.21844444,12,1,0,0,0,1,0
120488,12,FLORIDA,FL,1,1,0,1,11,771,BULLOCK,3,4,April,2010,7,Saturday,22,1,1,11,1,99998,26.06624722,-80.35490000,35,2,0,0,0,1,0
120489,12,FLORIDA,FL,1,1,0,1,107,0,CARROLLTON,3,4,April,2010,7,Saturday,0,20,0,2,2,99998,29.47199167,-81.53248056,1,2,0,0,0,1,1
120490,12,FLORIDA,FL,3,3,0,6,71,0,BRIDGEPORT,3,4,April,2010,7,Saturday,11,9,0,6,4,0,26.65138889,-81.59808889,12,1,0,0,0,1,0
120491,12,FLORIDA,FL,1,1,0,1,83,0,ARDMORE,4,4,April,2010,1,Sunday,4,35,0,6,4,0,29.29731389,-81.97808056,42,2,0,0,0,1,1
120492,12,FLORIDA,FL,1,1,0,2,9,0,BLOUNT,4,4,April,2010,1,Sunday,18,42,0,13,2,99998,28.20551667,-80.66194444,1,1,0,0,0,1,1
120493,12,FLORIDA,FL,3,3,0,4,107,2420,CARROLLTON,5,4,April,2010,2,Monday,10,6,0,16,6,0,29.64822778,-81.64248333,12,1,0,0,0,1,0
120494,12,FLORIDA,FL,2,2,0,2,31,1510,COFFEE,5,4,April,2010,2,Monday,11,31,1,13,2,99998,30.21510833,-81.70389167,12,1,0,0,0,1,0
120495,12,FLORIDA,FL,2,2,0,6,21,0,CHILTON,5,4,April,2010,2,Monday,15,55,0,2,2,99998,25.81862222,-80.88850278,12,1,0,0,0,1,0
120496,12,FLORIDA,FL,1,1,0,1,86,2010,AVENTURA,7,4,April,2010,4,Wednesday,18,30,1,11,1,99998,25.78555556,-80.19345833,24,1,0,0,0,1,0
120497,12,FLORIDA,FL,2,2,0,3,89,430,BROWNSBORO,7,4,April,2010,4,Wednesday,12,30,1,2,2,99998,30.57313056,-81.83490278,12,1,0,0,0,2,0
120498,12,FLORIDA,FL,1,1,0,1,57,0,BANKSTON,7,4,April,2010,4,Wednesday,13,53,1,11,1,99998,28.10098611,-82.44576667,1,1,0,0,0,1,0
120499,12,FLORIDA,FL,1,1,0,1,47,0,BROWNS,7,4,April,2010,4,Wednesday,2,5,0,6,4,0,30.50252500,-83.21995000,1,2,0,0,0,1,1
120500,12,FLORIDA,FL,1,1,0,1,86,0,AVENTURA,8,4,April,2010,5,Thursday,15,25,1,12,3,99998,25.89580833,-80.28229167,24,1,0,0,0,1,0
120502,12,FLORIDA,FL,2,2,0,4,63,0,BOLIGEE,9,4,April,2010,6,Friday,10,50,0,4,3,99998,30.95181389,-85.24008889,12,1,0,0,0,1,0
120503,12,FLORIDA,FL,1,1,0,2,11,790,BULLOCK,9,4,April,2010,6,Friday,2,10,1,11,1,99998,26.28658611,-80.12468056,42,3,0,0,0,1,0
120504,12,FLORIDA,FL,1,1,0,1,127,0,BURNWELL,10,4,April,2010,7,Saturday,11,58,0,6,4,0,29.09268056,-81.06863056,11,1,0,0,0,1,0
120505,12,FLORIDA,FL,1,1,0,1,21,0,CHILTON,11,4,April,2010,1,Sunday,14,48,1,11,1,99998,26.16426389,-81.71886111,42,1,0,0,0,1,0
120506,12,FLORIDA,FL,1,1,1,1,21,0,CHILTON,12,4,April,2010,2,Monday,7,42,0,6,4,0,26.15392500,-81.74083333,8,1,0,0,0,1,0
120507,12,FLORIDA,FL,1,1,0,1,86,0,AVENTURA,21,3,March,2010,1,Sunday,18,59,0,6,4,0,25.75130278,-80.31107778,18,5,0,0,0,1,0
120508,12,FLORIDA,FL,1,1,0,1,57,0,BANKSTON,4,4,April,2010,1,Sunday,3,26,0,6,4,0,27.99764444,-82.56283333,30,3,0,0,0,1,1
120509,12,FLORIDA,FL,1,1,1,2,105,1740,MARION,26,2,February,2010,6,Friday,21,0,1,13,2,99998,27.91754167,-81.60455278,8,2,0,0,0,1,0
120510,12,FLORIDA,FL,2,2,0,3,105,0,MARION,10,3,March,2010,4,Wednesday,16,0,0,6,4,0,28.07555833,-82.01493333,12,1,0,0,0,1,0
120511,12,FLORIDA,FL,2,1,0,3,81,0,AUBURN,13,4,April,2010,3,Tuesday,1,39,1,11,1,99998,27.39035556,-82.44911944,14,3,0,0,0,1,0
120512,12,FLORIDA,FL,1,1,0,1,9,0,BLOUNT,7,3,March,2010,1,Sunday,15,55,1,1,1,99998,28.73805556,-80.88477778,1,1,0,0,0,1,0
120513,12,FLORIDA,FL,1,1,1,1,57,2950,BANKSTON,10,2,February,2010,4,Wednesday,6,10,0,13,2,99998,27.99610556,-82.42649444,9,3,0,0,0,1,0
120514,12,FLORIDA,FL,1,1,2,1,21,0,CHILTON,9,3,March,2010,3,Tuesday,21,29,0,13,2,99998,26.13826667,-81.78277500,8,3,0,0,0,1,0
120515,12,FLORIDA,FL,2,2,1,5,73,2940,ARGO,20,3,March,2010,7,Saturday,2,31,0,14,2,99998,30.44876667,-84.30413056,8,3,0,0,0,1,0
120516,12,FLORIDA,FL,1,1,1,1,11,790,BULLOCK,1,4,April,2010,5,Thursday,2,3,1,1,1,99998,26.30452222,-80.11946944,8,2,0,0,0,1,0
120517,12,FLORIDA,FL,1,1,2,1,105,0,MARION,1,4,April,2010,5,Thursday,6,46,1,13,2,99998,28.22618889,-81.64597500,8,3,0,0,0,1,0
120518,12,FLORIDA,FL,2,2,0,2,23,0,BLADON SPRINGS,2,4,April,2010,6,Friday,13,40,0,3,3,99998,30.11044444,-82.65979444,12,1,0,0,0,1,0
120519,12,FLORIDA,FL,2,2,0,2,93,0,BEAR CREEK,2,4,April,2010,6,Friday,8,18,0,13,2,99998,27.20085000,-80.77418889,12,1,0,0,0,1,0
120520,12,FLORIDA,FL,4,4,0,8,86,2526,AVENTURA,3,4,April,2010,7,Saturday,20,40,1,13,2,99998,25.67941389,-80.31701389,12,3,0,0,0,1,1
120521,12,FLORIDA,FL,3,2,0,7,57,2950,BANKSTON,4,4,April,2010,1,Sunday,3,3,0,13,3,99998,27.98131111,-82.48065833,12,3,0,0,0,1,1
120522,12,FLORIDA,FL,1,1,0,1,117,0,BIRMINGHAM,4,4,April,2010,1,Sunday,5,39,0,14,3,99998,28.61429444,-81.27266111,24,2,0,0,0,1,1
120523,12,FLORIDA,FL,1,1,1,1,117,0,BIRMINGHAM,5,4,April,2010,2,Monday,18,59,0,6,4,0,28.65590556,-81.34000556,8,5,0,0,0,1,0
120524,12,FLORIDA,FL,2,2,0,3,5,0,BAKER HILL,6,4,April,2010,3,Tuesday,18,31,1,2,3,99998,30.33678611,-85.66004722,1,2,0,0,0,1,1
120525,12,FLORIDA,FL,1,1,0,1,103,0,DANVILLE,8,4,April,2010,5,Thursday,14,9,9,99,9,0,27.90596389,-82.66625278,3,1,0,0,0,1,0
120526,12,FLORIDA,FL,2,2,0,2,73,0,ARGO,8,4,April,2010,5,Thursday,22,54,1,2,2,99998,30.62711667,-84.16980000,12,2,0,0,0,1,1
120527,12,FLORIDA,FL,1,1,1,1,1,0,AUTAUGA,9,4,April,2010,6,Friday,14,30,1,1,1,99998,29.59638611,-82.36806389,8,1,0,0,0,1,0
120528,12,FLORIDA,FL,1,1,0,3,99,3190,BEATRICE,9,4,April,2010,6,Friday,18,31,0,15,6,99998,26.64827500,-80.05923333,31,1,0,0,0,1,0
120530,12,FLORIDA,FL,1,1,0,1,75,0,BEAVERTON,10,4,April,2010,7,Saturday,9,50,1,2,2,99998,29.47653611,-82.69119444,42,1,0,0,0,1,0
120531,12,FLORIDA,FL,2,2,0,4,57,0,BANKSTON,11,4,April,2010,1,Sunday,23,20,1,11,1,99998,28.02638056,-82.22850278,12,2,0,0,0,1,0
120532,12,FLORIDA,FL,2,2,0,2,1,0,AUTAUGA,11,4,April,2010,1,Sunday,13,30,1,2,3,99998,29.61476667,-82.34070556,12,1,0,0,0,1,0
120533,12,FLORIDA,FL,1,1,1,3,55,0,ATTALLA,12,4,April,2010,2,Monday,6,35,0,6,4,0,27.52486667,-81.43315278,9,2,0,0,0,1,0
120535,12,FLORIDA,FL,1,1,1,1,33,2085,CHEROKEE,15,4,April,2010,5,Thursday,19,48,0,6,4,0,30.70416111,-87.33416389,8,2,0,0,0,1,0
120536,12,FLORIDA,FL,3,3,0,5,95,0,ALBERTVILLE,15,4,April,2010,5,Thursday,1,25,0,13,3,99998,28.56823333,-81.28602778,12,2,0,0,0,1,0
120537,12,FLORIDA,FL,2,2,0,2,73,0,ARGO,16,4,April,2010,6,Friday,16,16,0,13,3,99998,30.48800000,-84.36318889,12,1,0,0,0,1,0
120538,12,FLORIDA,FL,2,2,0,2,33,0,CHEROKEE,17,4,April,2010,7,Saturday,0,10,1,11,1,99998,30.55517222,-87.35985000,12,3,0,0,0,1,1
120539,12,FLORIDA,FL,1,1,0,4,71,0,BRIDGEPORT,17,4,April,2010,7,Saturday,12,52,1,11,1,99998,26.39176667,-81.77210556,1,1,0,0,0,1,0
120540,12,FLORIDA,FL,1,1,0,1,115,0,ASHVILLE,17,4,April,2010,7,Saturday,23,30,0,6,4,0,27.22552500,-82.49736944,38,2,0,0,0,1,1
120541,12,FLORIDA,FL,1,1,0,2,101,0,BOYLSTON,18,4,April,2010,1,Sunday,22,50,0,6,4,0,28.34289722,-82.30678611,1,2,0,0,0,1,1
120542,12,FLORIDA,FL,1,1,0,1,101,0,BOYLSTON,18,4,April,2010,1,Sunday,22,38,1,2,3,99998,28.40555000,-82.51256944,35,2,0,0,0,1,0
120543,12,FLORIDA,FL,2,2,0,3,39,2630,ANDALUSIA,18,2,February,2010,5,Thursday,9,30,0,14,3,99998,30.59245556,-84.56392500,12,1,0,0,0,1,1
120545,12,FLORIDA,FL,1,1,0,1,11,2948,BULLOCK,9,4,April,2010,6,Friday,10,20,0,13,3,99998,26.19952778,-80.25228611,39,1,0,0,0,1,0
120546,12,FLORIDA,FL,1,1,1,2,11,2260,BULLOCK,2,2,February,2010,3,Tuesday,19,48,0,13,3,99998,26.18111944,-80.15488611,9,3,0,0,0,1,0
120547,12,FLORIDA,FL,2,2,0,2,83,2270,ARDMORE,4,2,February,2010,5,Thursday,22,14,0,16,6,0,29.12033889,-82.05125833,12,3,0,0,0,1,1
120548,12,FLORIDA,FL,1,1,0,1,107,2420,CARROLLTON,5,2,February,2010,6,Friday,15,36,1,13,2,99998,29.64696389,-81.62863056,25,1,0,0,0,1,1
120550,12,FLORIDA,FL,1,1,0,1,127,0,BURNWELL,6,2,February,2010,7,Saturday,21,26,1,11,1,99998,29.04641944,-81.00720278,1,2,0,0,0,1,0
120551,12,FLORIDA,FL,1,1,0,1,117,1705,BIRMINGHAM,10,2,February,2010,4,Wednesday,15,36,0,16,6,0,28.75627222,-81.34955000,39,1,0,0,0,1,0
120552,12,FLORIDA,FL,6,6,0,11,97,0,AXIS,11,2,February,2010,5,Thursday,14,50,0,13,2,99998,28.33268056,-81.53454167,12,1,0,0,0,1,0
120553,12,FLORIDA,FL,1,1,0,1,57,0,BANKSTON,11,2,February,2010,5,Thursday,16,24,0,6,4,0,28.06147222,-82.35452500,5,1,0,0,0,1,0
120554,12,FLORIDA,FL,2,2,0,2,57,0,BANKSTON,14,2,February,2010,1,Sunday,13,5,0,6,4,0,27.95963889,-82.31040833,12,1,0,0,0,1,0
120555,12,FLORIDA,FL,1,1,0,5,9,1990,BLOUNT,15,2,February,2010,2,Monday,11,47,0,16,6,0,28.14391667,-80.63690556,1,1,0,0,0,1,0
120556,12,FLORIDA,FL,1,1,1,1,86,0,AVENTURA,15,2,February,2010,2,Monday,20,12,0,13,3,99998,25.85413333,-80.24208889,8,3,0,0,0,1,0
120557,12,FLORIDA,FL,1,1,0,3,115,2780,ASHVILLE,18,2,February,2010,5,Thursday,13,20,0,13,2,99998,27.33139444,-82.53099444,19,1,0,0,0,2,0
120558,12,FLORIDA,FL,1,1,0,2,97,0,AXIS,19,2,February,2010,6,Friday,10,50,0,13,2,99998,28.13168056,-81.01018889,35,1,0,0,0,1,0
120560,12,FLORIDA,FL,3,3,0,5,11,633,BULLOCK,20,2,February,2010,7,Saturday,12,38,0,14,6,99998,26.24454722,-80.19466944,12,1,0,0,0,1,0
120561,12,FLORIDA,FL,1,1,0,1,19,1200,CEDAR BLUFF,21,2,February,2010,1,Sunday,16,45,0,13,3,99998,29.99040833,-81.68535000,1,1,0,0,0,1,0
120562,12,FLORIDA,FL,1,1,1,1,83,2270,ARDMORE,22,2,February,2010,2,Monday,20,35,0,16,6,0,29.09357778,-82.10013611,8,3,0,0,0,1,0