ST_CASE,STATE,State Name,State Abbreviation,# of Vehicle involved,VE_FORMS,Pedestrains,Total_Persons_in_accident,COUNTY,CITY,City_County_Name,Calendar_DAY,MONTH,Month_name,YEAR,DAY_WEEK,Day_Week_desc,HOUR,MINUTE,NHS_Desc,trafficway,Route,MILEPT,LATITUDE,LONGITUD,First_Crash_event,Light_cond_desc,Weather_condition,School_bus_involved,Crash_cause,FATALS,DRUNK_DR
120722,12,FLORIDA,FL,1,1,1,1,81,0,AUBURN,11,5,May,2010,3,Tuesday,22,31,0,13,2,99998,27.47511667,-82.54649722,9,3,0,0,0,1,0
120723,12,FLORIDA,FL,1,1,0,3,97,0,AXIS,11,5,May,2010,3,Tuesday,22,30,0,2,2,99998,28.11283889,-80.92131389,1,2,0,0,0,1,0
120724,12,FLORIDA,FL,1,1,1,1,119,0,BELLAMY,12,5,May,2010,4,Wednesday,21,15,0,2,2,99998,28.88423056,-82.03716389,8,2,0,0,0,1,0
120725,12,FLORIDA,FL,1,1,1,1,99,290,BEATRICE,13,5,May,2010,5,Thursday,19,35,1,11,1,99998,26.36739722,-80.11865000,8,5,0,0,0,1,0
120726,12,FLORIDA,FL,1,1,0,1,51,0,CENTRAL,15,5,May,2010,7,Saturday,18,15,0,6,4,0,26.46956389,-81.12480556,24,1,0,0,0,1,0
120727,12,FLORIDA,FL,2,2,0,4,125,1650,BROOKWOOD,16,5,May,2010,1,Sunday,13,20,0,4,3,99998,30.02108056,-82.34497222,12,1,0,0,0,2,0
120728,12,FLORIDA,FL,1,1,0,3,113,0,COTTONTON,18,5,May,2010,3,Tuesday,16,46,0,3,2,99998,30.62738333,-86.96790278,42,1,0,0,0,1,0
120730,12,FLORIDA,FL,1,1,1,1,11,1050,BULLOCK,17,4,April,2010,7,Saturday,20,33,0,13,3,99998,26.13652500,-80.16197500,8,3,0,0,0,1,0
120731,12,FLORIDA,FL,3,3,0,7,127,780,BURNWELL,24,4,April,2010,7,Saturday,16,49,1,13,2,99998,29.18181111,-81.07913889,12,1,0,0,0,1,0
120732,12,FLORIDA,FL,1,1,1,1,86,0,AVENTURA,17,1,January,2010,1,Sunday,8,8,0,6,4,0,25.74265278,-80.17226944,9,1,0,0,0,1,1
120733,12,FLORIDA,FL,1,1,1,1,11,1782,BULLOCK,15,2,February,2010,2,Monday,12,59,0,15,6,99998,26.14732500,-80.22331111,8,1,0,0,0,1,0
120734,12,FLORIDA,FL,2,2,0,3,85,0,BENTON,26,2,February,2010,6,Friday,14,18,0,15,6,99998,27.24381111,-80.23152222,12,1,0,0,0,2,0
120735,12,FLORIDA,FL,1,1,2,1,11,1050,BULLOCK,10,3,March,2010,4,Wednesday,19,34,0,15,6,99998,26.11927778,-80.13225000,8,3,0,0,0,1,0
120736,12,FLORIDA,FL,2,2,0,2,105,1270,MARION,10,3,March,2010,4,Wednesday,21,30,0,13,2,99998,28.10681111,-81.66023889,12,3,0,0,0,1,1
120737,12,FLORIDA,FL,3,3,0,3,31,1510,COFFEE,17,3,March,2010,4,Wednesday,12,0,0,12,3,99998,30.24056111,-81.55194167,12,1,0,0,0,1,1
120738,12,FLORIDA,FL,1,1,1,1,11,0,BULLOCK,25,3,March,2010,5,Thursday,22,15,0,13,2,99998,26.10447222,-80.20138611,9,3,0,0,0,1,0
120739,12,FLORIDA,FL,2,2,0,3,103,2730,DANVILLE,27,3,March,2010,7,Saturday,9,18,0,14,2,99998,27.77663611,-82.64462500,12,1,0,0,0,1,0
120740,12,FLORIDA,FL,1,1,1,1,86,2220,AVENTURA,31,3,March,2010,4,Wednesday,15,5,0,13,2,99998,25.89971667,-80.16060556,8,1,0,0,0,1,0
120741,12,FLORIDA,FL,1,1,0,1,99,0,BEATRICE,19,1,January,2010,3,Tuesday,23,55,0,15,6,99998,26.47608611,-80.12685278,42,2,0,0,0,1,1
120743,12,FLORIDA,FL,1,1,1,1,31,1510,COFFEE,4,4,April,2010,1,Sunday,20,50,0,14,3,99998,30.33685278,-81.60260000,8,3,0,0,0,1,0
120744,12,FLORIDA,FL,1,1,1,1,11,3193,BULLOCK,6,4,April,2010,3,Tuesday,3,0,1,13,2,99998,26.06238333,-80.43366944,8,2,0,0,0,1,0
120745,12,FLORIDA,FL,1,1,1,1,86,1340,AVENTURA,8,4,April,2010,5,Thursday,19,2,0,16,6,0,25.84803889,-80.29014722,8,1,0,0,0,1,0
120747,12,FLORIDA,FL,1,1,0,1,86,2010,AVENTURA,19,4,April,2010,2,Monday,18,45,1,11,1,99998,25.81153611,-80.18879722,39,1,0,0,0,1,0
120748,12,FLORIDA,FL,1,1,0,1,86,0,AVENTURA,20,4,April,2010,3,Tuesday,22,16,1,12,3,99998,25.78124722,-80.33722500,1,3,0,0,0,1,0
120749,12,FLORIDA,FL,1,1,1,1,71,0,BRIDGEPORT,21,4,April,2010,4,Wednesday,0,10,0,13,2,99998,26.57690833,-81.87196389,9,3,0,0,0,1,0
120750,12,FLORIDA,FL,1,1,0,1,57,2950,BANKSTON,21,4,April,2010,4,Wednesday,8,34,1,11,1,99998,27.95623611,-82.49165278,1,1,0,0,0,1,0
120751,12,FLORIDA,FL,4,4,0,5,115,2780,ASHVILLE,22,4,April,2010,5,Thursday,7,23,0,16,6,0,27.32283056,-82.51796111,12,1,0,0,0,1,0
120753,12,FLORIDA,FL,2,2,0,2,127,2580,BURNWELL,23,4,April,2010,6,Friday,17,44,0,13,2,99998,29.13798611,-80.98472500,12,1,0,0,0,1,0
120754,12,FLORIDA,FL,2,2,0,2,103,1770,DANVILLE,23,4,April,2010,6,Friday,13,48,0,14,3,99998,27.91640000,-82.73431667,12,1,0,0,0,1,0
120755,12,FLORIDA,FL,1,1,0,1,95,0,ALBERTVILLE,25,4,April,2010,1,Sunday,16,32,0,13,2,99998,28.69038889,-81.35476944,1,1,0,0,0,1,0
120756,12,FLORIDA,FL,2,2,0,2,129,0,BIGBEE,29,4,April,2010,5,Thursday,13,46,0,2,2,99998,30.19936667,-84.18023889,12,1,0,0,0,1,0
120757,12,FLORIDA,FL,4,4,0,4,11,2541,BULLOCK,30,4,April,2010,6,Friday,23,20,1,12,3,99998,26.11546667,-80.21860556,12,3,0,0,0,1,1
120758,12,FLORIDA,FL,2,2,0,3,86,0,AVENTURA,16,3,March,2010,3,Tuesday,1,10,0,13,3,99998,25.80840000,-80.26434167,12,3,0,0,0,1,0
120759,12,FLORIDA,FL,2,2,0,1,57,2950,BANKSTON,19,3,March,2010,6,Friday,3,20,0,16,6,0,27.96773611,-82.44704722,12,3,0,0,0,1,1
120760,12,FLORIDA,FL,2,2,0,4,57,2950,BANKSTON,19,3,March,2010,6,Friday,11,55,0,13,3,99998,27.98139722,-82.50197500,12,1,0,0,0,1,0
120761,12,FLORIDA,FL,1,1,1,1,57,2950,BANKSTON,26,3,March,2010,6,Friday,6,55,0,13,3,99998,27.94478889,-82.48628889,8,3,0,0,0,1,0
120762,12,FLORIDA,FL,2,2,0,2,86,670,AVENTURA,15,4,April,2010,5,Thursday,17,14,0,16,6,0,25.72878056,-80.25575556,12,1,0,0,0,1,0
120763,12,FLORIDA,FL,4,2,0,2,11,2219,BULLOCK,28,4,April,2010,4,Wednesday,13,8,0,14,6,99998,26.22250278,-80.22050556,12,1,0,0,0,1,0
120764,12,FLORIDA,FL,1,1,0,1,15,0,ANNISTON,8,5,May,2010,7,Saturday,21,45,0,6,4,0,26.79914167,-81.79436111,1,2,0,0,0,1,1
120765,12,FLORIDA,FL,1,1,0,2,31,1510,COFFEE,8,5,May,2010,7,Saturday,2,44,1,11,1,99998,30.25834444,-81.76322500,24,3,0,0,0,1,1
120766,12,FLORIDA,FL,1,1,0,2,117,0,BIRMINGHAM,11,5,May,2010,3,Tuesday,19,20,0,6,4,0,28.74043889,-81.29586111,33,1,0,0,0,1,1
120767,12,FLORIDA,FL,2,2,0,2,19,1200,CEDAR BLUFF,13,5,May,2010,5,Thursday,21,6,0,13,2,99998,30.02211944,-81.70541944,12,3,0,0,0,1,0
120768,12,FLORIDA,FL,1,1,0,1,86,0,AVENTURA,13,5,May,2010,5,Thursday,9,10,1,11,1,99998,25.97087500,-80.16543333,1,1,0,0,0,1,0
120769,12,FLORIDA,FL,2,1,0,2,86,0,AVENTURA,15,5,May,2010,7,Saturday,20,34,1,12,3,99998,25.90925833,-80.38211389,14,2,0,0,0,1,0
120770,12,FLORIDA,FL,1,1,0,1,83,0,ARDMORE,15,5,May,2010,7,Saturday,17,55,0,6,4,0,29.34781667,-81.81988889,1,1,0,0,0,1,1
120771,12,FLORIDA,FL,1,1,1,1,127,0,BURNWELL,15,5,May,2010,7,Saturday,22,16,0,13,2,99998,29.33673056,-81.13239444,8,2,0,0,0,1,1
120772,12,FLORIDA,FL,1,1,0,1,39,0,ANDALUSIA,16,5,May,2010,1,Sunday,0,45,0,6,4,0,30.65668056,-84.38215556,43,2,0,0,0,1,0
120773,12,FLORIDA,FL,2,2,0,2,83,0,ARDMORE,17,5,May,2010,2,Monday,18,5,1,2,3,99998,29.20035556,-81.93228056,12,1,0,0,0,1,0
120774,12,FLORIDA,FL,1,1,0,1,61,0,BELLWOOD,17,5,May,2010,2,Monday,11,35,0,6,4,0,27.74176667,-80.54406389,1,1,0,0,0,1,0
120775,12,FLORIDA,FL,2,1,1,1,73,0,ARGO,17,5,May,2010,2,Monday,17,50,0,14,2,99998,30.46267778,-84.39258056,14,1,0,0,0,1,0
120776,12,FLORIDA,FL,2,1,0,3,117,0,BIRMINGHAM,18,5,May,2010,3,Tuesday,21,16,1,11,1,99998,28.68080833,-81.38841944,14,2,0,0,0,1,0
120777,12,FLORIDA,FL,1,1,1,1,81,0,AUBURN,20,5,May,2010,5,Thursday,20,23,0,13,2,99998,27.47543056,-82.57538333,8,3,0,0,0,1,0
120778,12,FLORIDA,FL,1,1,0,1,93,0,BEAR CREEK,20,5,May,2010,5,Thursday,19,15,1,2,3,99998,27.64032222,-80.85135556,1,5,0,0,0,1,1
120779,12,FLORIDA,FL,1,1,0,1,13,0,BOLLING,21,5,May,2010,6,Friday,19,55,0,3,3,99998,30.23904722,-85.20976389,1,5,0,0,0,1,1
120780,12,FLORIDA,FL,1,1,0,3,127,0,BURNWELL,21,5,May,2010,6,Friday,14,59,1,11,1,99998,28.93550556,-81.26412778,24,1,0,0,0,1,0
120781,12,FLORIDA,FL,1,1,1,2,127,0,BURNWELL,22,5,May,2010,7,Saturday,22,26,0,6,4,0,28.86322778,-81.20939167,9,2,0,0,0,1,0
120782,12,FLORIDA,FL,1,1,0,2,99,0,BEATRICE,22,5,May,2010,7,Saturday,8,28,1,12,3,99998,26.63610556,-80.17397500,1,1,0,0,0,1,0
120783,12,FLORIDA,FL,1,1,0,5,55,0,ATTALLA,22,5,May,2010,7,Saturday,10,15,1,2,3,99998,27.20900556,-81.21227778,38,1,0,0,0,2,0
120784,12,FLORIDA,FL,1,1,0,2,103,2730,DANVILLE,28,4,April,2010,4,Wednesday,13,21,1,11,1,99998,27.87778611,-82.67538056,1,1,0,0,0,1,0
120785,12,FLORIDA,FL,2,2,2,5,69,0,ASHFORD,24,4,April,2010,7,Saturday,3,8,0,6,4,0,28.87567778,-81.74968056,12,2,0,0,0,1,0
120786,12,FLORIDA,FL,1,1,1,1,61,0,BELLWOOD,17,5,May,2010,2,Monday,21,5,0,15,4,99998,27.62160278,-80.39368056,9,2,0,0,0,1,0
120787,12,FLORIDA,FL,1,1,0,1,23,0,BLADON SPRINGS,19,5,May,2010,4,Wednesday,3,30,1,1,1,99998,30.26940833,-82.75576111,42,3,0,0,0,1,0
120788,12,FLORIDA,FL,2,2,0,2,101,0,BOYLSTON,26,5,May,2010,4,Wednesday,12,40,0,13,3,99998,28.20621389,-82.67660000,12,1,0,0,0,1,0
120789,12,FLORIDA,FL,4,4,1,4,86,0,AVENTURA,28,3,March,2010,1,Sunday,20,59,0,6,4,0,25.83140278,-80.23308056,12,3,0,0,0,1,1
120790,12,FLORIDA,FL,2,2,0,2,103,2730,DANVILLE,27,1,January,2010,4,Wednesday,18,52,0,16,6,0,27.82115278,-82.65500833,12,3,0,0,0,1,0
120791,12,FLORIDA,FL,2,2,0,2,86,0,AVENTURA,17,3,March,2010,4,Wednesday,5,5,0,16,6,0,25.93224167,-80.26098056,12,3,0,1,0,1,1
120792,12,FLORIDA,FL,2,2,0,2,127,1410,BURNWELL,3,4,April,2010,7,Saturday,1,6,0,13,2,99998,29.25485556,-81.04652222,12,2,0,0,0,1,2
120793,12,FLORIDA,FL,1,1,1,3,103,2730,DANVILLE,12,4,April,2010,2,Monday,20,42,0,14,2,99998,27.83553611,-82.63865556,8,3,0,0,0,1,0
120794,12,FLORIDA,FL,2,2,0,3,86,2010,AVENTURA,16,4,April,2010,6,Friday,8,17,0,16,6,0,25.78861667,-80.25598611,12,1,0,0,0,1,0
120795,12,FLORIDA,FL,1,1,0,1,93,0,BEAR CREEK,20,4,April,2010,3,Tuesday,4,44,0,2,2,99998,27.41212500,-80.81393889,53,2,0,0,0,1,1
120796,12,FLORIDA,FL,1,1,0,1,11,2468,BULLOCK,23,4,April,2010,6,Friday,19,55,0,12,6,99998,25.99437778,-80.25729444,34,3,0,0,0,1,0
120797,12,FLORIDA,FL,3,3,0,7,86,0,AVENTURA,1,5,May,2010,7,Saturday,17,36,0,6,4,0,25.59469167,-80.46630000,12,1,0,0,0,2,0
120798,12,FLORIDA,FL,2,2,0,4,11,2468,BULLOCK,3,5,May,2010,2,Monday,17,35,0,12,6,99998,26.03109444,-80.24062222,12,1,0,0,0,1,0
120799,12,FLORIDA,FL,1,1,1,1,86,1340,AVENTURA,3,5,May,2010,2,Monday,9,53,0,13,3,99998,25.82268611,-80.28011667,15,1,0,0,0,1,0
120800,12,FLORIDA,FL,2,2,0,2,109,2571,ANSLEY,3,5,May,2010,2,Monday,21,24,0,14,3,99998,30.21663889,-81.38138889,12,3,0,0,0,1,0
120801,12,FLORIDA,FL,1,1,1,1,105,1690,MARION,4,5,May,2010,3,Tuesday,18,57,0,14,3,99998,28.04049722,-81.95996389,15,1,0,0,0,1,0
120802,12,FLORIDA,FL,1,1,0,1,31,1510,COFFEE,5,5,May,2010,4,Wednesday,23,30,0,16,6,0,30.34039722,-81.47696111,42,3,0,0,0,1,1
120803,12,FLORIDA,FL,1,1,1,1,11,2260,BULLOCK,7,5,May,2010,6,Friday,21,34,0,13,3,99998,26.18890278,-80.13040556,8,3,0,0,0,1,0
120804,12,FLORIDA,FL,1,1,1,1,105,1690,MARION,7,5,May,2010,6,Friday,5,17,0,14,3,99998,28.10337778,-81.94466667,8,2,0,0,0,1,0
120805,12,FLORIDA,FL,2,2,0,3,86,1340,AVENTURA,8,5,May,2010,7,Saturday,14,55,0,16,6,0,25.85070278,-80.31040278,12,1,0,0,0,1,0
120806,12,FLORIDA,FL,3,3,0,7,11,2541,BULLOCK,9,5,May,2010,1,Sunday,9,56,0,14,6,99998,26.13489722,-80.26918611,12,1,0,0,0,1,0
120807,12,FLORIDA,FL,2,2,0,3,83,2270,ARDMORE,12,5,May,2010,4,Wednesday,20,53,0,14,3,99998,29.17171111,-82.13433889,12,3,0,0,0,1,0
120808,12,FLORIDA,FL,1,1,0,1,115,2235,ASHVILLE,13,5,May,2010,5,Thursday,2,39,0,16,6,0,27.05369444,-82.18769722,42,3,0,0,0,1,1
120809,12,FLORIDA,FL,1,1,1,1,103,1770,DANVILLE,14,5,May,2010,6,Friday,17,52,0,14,3,99998,27.91673056,-82.77304444,8,1,0,0,0,1,0
120810,12,FLORIDA,FL,2,2,0,3,103,1770,DANVILLE,16,5,May,2010,1,Sunday,2,12,0,14,3,99998,27.91661944,-82.75786111,12,3,0,0,0,1,1
120811,12,FLORIDA,FL,2,2,0,2,83,2270,ARDMORE,22,5,May,2010,7,Saturday,14,35,0,13,2,99998,29.20531111,-82.18239167,12,1,0,0,0,1,0
120812,12,FLORIDA,FL,4,4,0,5,31,1510,COFFEE,22,4,April,2010,5,Thursday,2,40,0,13,2,99998,30.28662500,-81.54323056,12,3,0,0,0,1,0
120813,12,FLORIDA,FL,2,2,0,2,127,780,BURNWELL,10,5,May,2010,2,Monday,15,14,0,16,6,0,29.21342500,-81.06197778,12,1,0,0,0,1,0
120814,12,FLORIDA,FL,2,2,0,4,57,0,BANKSTON,14,5,May,2010,6,Friday,18,58,0,6,4,0,27.98415833,-82.08435000,12,5,0,0,0,1,0
120815,12,FLORIDA,FL,1,1,1,1,57,2675,BANKSTON,17,5,May,2010,2,Monday,5,41,0,13,3,99998,27.71295556,-82.40417778,8,3,0,0,0,1,0
120816,12,FLORIDA,FL,2,2,0,3,95,0,ALBERTVILLE,23,3,March,2010,3,Tuesday,21,7,0,6,4,0,28.75326944,-81.55988333,12,3,0,0,0,1,0
120817,12,FLORIDA,FL,2,2,0,2,17,0,CHAMBERS,30,3,March,2010,3,Tuesday,12,50,1,13,2,99998,28.87868056,-82.58101667,12,1,0,0,0,1,0
120818,12,FLORIDA,FL,2,2,0,3,99,0,BEATRICE,28,4,April,2010,4,Wednesday,8,35,0,6,4,0,26.47289722,-80.14702222,12,1,0,0,0,1,0
120819,12,FLORIDA,FL,1,1,1,1,11,1420,BULLOCK,4,5,May,2010,3,Tuesday,17,44,0,16,6,0,26.02473889,-80.15327778,8,1,0,0,0,1,0
120820,12,FLORIDA,FL,1,1,0,1,35,2439,BROOKLYN,16,5,May,2010,1,Sunday,3,5,0,16,6,0,29.48413611,-81.19613889,33,3,0,0,0,1,1
120821,12,FLORIDA,FL,2,2,0,2,1,0,AUTAUGA,19,5,May,2010,4,Wednesday,4,20,0,2,2,99998,29.74235000,-82.60710000,12,2,0,0,0,1,0
120822,12,FLORIDA,FL,1,1,1,2,5,0,BAKER HILL,21,5,May,2010,6,Friday,22,10,1,13,2,99998,30.24266944,-85.91753611,8,2,0,0,0,1,0
120823,12,FLORIDA,FL,1,1,0,3,93,0,BEAR CREEK,21,5,May,2010,6,Friday,10,22,0,6,4,0,27.46517500,-80.86924444,5,1,0,0,0,1,0
120824,12,FLORIDA,FL,1,1,0,1,71,0,BRIDGEPORT,23,5,May,2010,1,Sunday,18,0,0,6,4,0,26.35480278,-81.77015278,1,1,0,0,0,1,0
120825,12,FLORIDA,FL,2,2,0,3,95,0,ALBERTVILLE,23,5,May,2010,1,Sunday,21,11,0,14,3,99998,28.52111111,-81.28660000,12,3,0,0,0,1,0
120826,12,FLORIDA,FL,1,1,0,1,101,0,BOYLSTON,23,5,May,2010,1,Sunday,21,20,0,6,4,0,28.20089444,-82.50154722,33,3,0,0,0,1,1
120827,12,FLORIDA,FL,2,2,0,7,127,817,BURNWELL,23,5,May,2010,1,Sunday,1,10,0,16,6,0,29.11991111,-81.35393333,12,3,0,0,0,2,1
120828,12,FLORIDA,FL,1,1,0,1,39,0,ANDALUSIA,24,5,May,2010,2,Monday,10,30,1,2,2,99998,30.65074722,-84.41712778,42,1,0,0,0,1,0
120829,12,FLORIDA,FL,1,1,0,1,117,0,BIRMINGHAM,26,5,May,2010,4,Wednesday,18,35,0,2,3,99998,28.71668611,-81.05711667,34,1,0,0,0,1,0
120830,12,FLORIDA,FL,1,1,0,2,23,0,BLADON SPRINGS,26,5,May,2010,4,Wednesday,13,25,0,6,4,0,29.92228611,-82.69147500,42,1,0,0,0,1,0
120831,12,FLORIDA,FL,2,2,0,4,127,0,BURNWELL,26,5,May,2010,4,Wednesday,4,1,1,11,1,99998,29.00320278,-80.98126944,12,2,0,0,0,1,0
120832,12,FLORIDA,FL,1,1,1,1,101,0,BOYLSTON,27,5,May,2010,5,Thursday,17,34,0,13,2,99998,28.22616389,-82.17998889,9,1,0,0,0,1,0
120833,12,FLORIDA,FL,1,1,0,1,127,0,BURNWELL,27,5,May,2010,5,Thursday,15,15,1,11,1,99998,29.39015556,-81.14901389,34,1,0,0,0,1,0
120834,12,FLORIDA,FL,1,1,0,2,121,0,BON AIR,27,5,May,2010,5,Thursday,21,50,0,6,4,0,30.30300278,-82.87047500,5,2,0,0,0,1,0
120835,12,FLORIDA,FL,1,1,0,1,71,0,BRIDGEPORT,28,5,May,2010,6,Friday,22,50,0,3,3,99998,26.52050278,-81.57191944,34,2,0,0,0,1,1
120836,12,FLORIDA,FL,1,1,1,2,53,2882,ATMORE,28,5,May,2010,6,Friday,22,20,1,13,2,99998,28.48369167,-82.60641111,8,3,0,0,0,1,0
120837,12,FLORIDA,FL,1,1,1,1,57,0,BANKSTON,28,5,May,2010,6,Friday,21,15,0,13,2,99998,27.99030000,-82.35876667,8,3,0,0,0,1,0
120838,12,FLORIDA,FL,2,2,0,3,101,0,BOYLSTON,28,5,May,2010,6,Friday,13,30,0,3,2,99998,28.29767500,-82.49375278,31,1,0,0,0,1,0
120839,12,FLORIDA,FL,1,1,0,3,9,0,BLOUNT,29,5,May,2010,7,Saturday,23,35,0,6,4,0,28.65553611,-80.86471667,38,3,0,0,0,1,1
120840,12,FLORIDA,FL,2,2,0,3,23,0,BLADON SPRINGS,29,5,May,2010,7,Saturday,20,20,1,1,1,99998,30.27146944,-82.77566389,12,5,0,0,0,1,0
120841,12,FLORIDA,FL,1,1,0,5,91,0,DAYTON,29,5,May,2010,7,Saturday,18,10,1,1,1,99998,30.71876667,-86.45742222,1,1,0,0,0,1,0
120842,12,FLORIDA,FL,1,1,0,3,57,0,BANKSTON,30,5,May,2010,1,Sunday,22,47,1,13,3,99998,27.93760833,-82.20258889,34,2,0,0,0,1,0
120843,12,FLORIDA,FL,1,1,1,2,85,1482,BENTON,31,5,May,2010,2,Monday,21,43,1,13,3,99998,27.01913611,-80.46475278,8,3,0,0,0,1,0
120844,12,FLORIDA,FL,1,1,0,2,85,0,BENTON,1,6,June,2010,3,Tuesday,16,20,1,2,3,99998,26.97196389,-80.17830833,30,1,0,0,0,1,0
120845,12,FLORIDA,FL,2,2,0,3,113,0,COTTONTON,2,6,June,2010,4,Wednesday,18,25,0,6,4,0,30.59520000,-86.99713056,12,1,0,0,0,1,0
120846,12,FLORIDA,FL,2,2,0,2,55,0,ATTALLA,13,5,May,2010,5,Thursday,1,58,0,6,4,0,27.61747500,-81.52255556,12,2,0,0,0,1,1
120847,12,FLORIDA,FL,2,2,0,2,86,0,AVENTURA,25,4,April,2010,1,Sunday,6,25,0,6,4,0,25.53585833,-80.47100278,12,3,0,0,0,1,0
120848,12,FLORIDA,FL,1,1,1,1,69,1820,ASHFORD,4,5,May,2010,3,Tuesday,22,53,0,13,2,99998,28.83751111,-81.89171667,8,3,0,0,0,1,0
120849,12,FLORIDA,FL,2,2,0,2,9,1483,BLOUNT,6,5,May,2010,5,Thursday,9,23,0,13,3,99998,28.09788611,-80.56888056,12,1,0,0,0,1,0
120850,12,FLORIDA,FL,3,3,0,5,11,1420,BULLOCK,9,5,May,2010,1,Sunday,3,21,0,14,6,99998,26.04681111,-80.20065000,12,3,0,0,0,1,0
120851,12,FLORIDA,FL,1,1,0,1,73,2940,ARGO,3,6,June,2010,5,Thursday,3,32,0,16,6,0,30.47470000,-84.35571944,33,3,0,0,0,1,0
120852,12,FLORIDA,FL,1,1,0,1,57,2950,BANKSTON,9,2,February,2010,3,Tuesday,8,0,1,13,3,99998,27.96583611,-82.54647222,25,1,0,0,0,1,0
120853,12,FLORIDA,FL,1,1,1,1,86,0,AVENTURA,21,2,February,2010,1,Sunday,99,99,0,16,6,0,25.78968889,-80.22311944,8,3,0,0,0,1,0
120854,12,FLORIDA,FL,1,1,0,5,61,0,BELLWOOD,29,5,May,2010,7,Saturday,17,52,1,1,1,99998,27.61139444,-80.51260833,1,1,0,0,0,4,0
120855,12,FLORIDA,FL,1,1,1,1,95,0,ALBERTVILLE,4,5,May,2010,3,Tuesday,0,17,0,13,2,99998,28.47278889,-81.39651389,8,3,0,0,0,1,0
120857,12,FLORIDA,FL,1,1,1,1,103,2730,DANVILLE,24,4,April,2010,7,Saturday,22,38,0,14,2,99998,27.79645556,-82.63856944,8,3,0,0,0,1,0
120858,12,FLORIDA,FL,2,2,0,3,71,0,BRIDGEPORT,1,5,May,2010,7,Saturday,15,30,1,1,1,99998,26.76074722,-81.87333611,12,1,0,0,0,2,1
120859,12,FLORIDA,FL,1,1,0,3,11,2219,BULLOCK,1,5,May,2010,7,Saturday,11,9,1,12,3,99998,26.20850833,-80.19676111,20,1,0,0,0,1,0
120860,12,FLORIDA,FL,2,2,0,5,11,672,BULLOCK,2,5,May,2010,1,Sunday,1,14,0,13,2,99998,26.28642222,-80.20187500,12,3,0,0,0,1,2
120861,12,FLORIDA,FL,1,1,1,2,73,2940,ARGO,4,5,May,2010,3,Tuesday,22,5,0,16,6,0,30.44801389,-84.28436389,9,3,0,0,0,1,0
120862,12,FLORIDA,FL,1,1,0,1,31,1510,COFFEE,16,5,May,2010,1,Sunday,3,20,0,13,3,99998,30.20934722,-81.95929444,34,2,0,0,0,1,1
120863,12,FLORIDA,FL,1,1,1,1,21,0,CHILTON,5,5,May,2010,4,Wednesday,15,50,0,13,3,99998,26.41858056,-81.42055000,9,1,0,0,0,1,0
120864,12,FLORIDA,FL,1,1,1,1,101,0,BOYLSTON,6,5,May,2010,5,Thursday,12,24,1,13,2,99998,28.33721389,-82.69914444,15,1,0,0,0,1,0
120865,12,FLORIDA,FL,2,2,0,2,119,0,BELLAMY,7,5,May,2010,6,Friday,23,5,0,6,4,0,28.90190000,-82.08337222,12,2,0,0,0,1,0
120866,12,FLORIDA,FL,2,2,0,2,31,1510,COFFEE,13,5,May,2010,5,Thursday,15,31,1,12,3,99998,30.29948333,-81.52288889,12,1,0,0,0,1,1
120867,12,FLORIDA,FL,1,1,0,2,35,2439,BROOKLYN,14,6,June,2010,2,Monday,17,50,1,11,1,99998,29.60683611,-81.25191389,1,1,0,0,0,1,0
120868,12,FLORIDA,FL,2,2,0,2,21,0,CHILTON,20,5,May,2010,5,Thursday,15,18,0,6,4,0,26.12716111,-81.73021389,12,1,0,0,0,2,0
120869,12,FLORIDA,FL,1,1,0,1,86,2010,AVENTURA,20,5,May,2010,5,Thursday,22,53,1,11,1,99998,25.75886944,-80.19993889,24,3,0,0,0,1,0
120870,12,FLORIDA,FL,1,1,1,3,95,0,ALBERTVILLE,21,5,May,2010,6,Friday,21,0,0,6,4,0,28.59698333,-81.45142500,8,3,0,0,0,1,0
120871,12,FLORIDA,FL,1,1,0,1,83,0,ARDMORE,24,5,May,2010,2,Monday,11,25,0,6,4,0,29.19195000,-81.93606667,38,1,0,0,0,1,0
120872,12,FLORIDA,FL,1,1,0,1,85,0,BENTON,24,5,May,2010,2,Monday,16,13,1,1,1,99998,27.12732500,-80.30366389,1,1,0,0,0,1,0
120873,12,FLORIDA,FL,5,5,0,6,85,0,BENTON,25,5,May,2010,3,Tuesday,7,53,1,1,1,99998,26.99807500,-80.19865000,12,1,0,0,0,1,0
120874,12,FLORIDA,FL,1,1,0,1,21,0,CHILTON,27,5,May,2010,5,Thursday,15,10,0,13,2,99998,26.31243611,-81.80497778,42,1,0,0,0,1,0
120875,12,FLORIDA,FL,2,2,0,2,1,0,AUTAUGA,28,5,May,2010,6,Friday,1,52,0,13,2,99998,29.61816111,-82.34036944,12,3,0,0,0,1,0
120876,12,FLORIDA,FL,1,1,1,1,103,0,DANVILLE,28,5,May,2010,6,Friday,20,56,0,13,2,99998,27.86190000,-82.78696944,8,2,0,0,0,1,0
120877,12,FLORIDA,FL,3,3,1,7,11,2948,BULLOCK,29,5,May,2010,7,Saturday,20,42,1,12,3,99998,26.18256389,-80.21814444,8,3,0,0,0,1,0
120878,12,FLORIDA,FL,2,2,0,2,95,0,ALBERTVILLE,29,5,May,2010,7,Saturday,8,53,0,6,3,0,28.45096111,-81.36336389,12,1,0,0,0,1,0
120879,12,FLORIDA,FL,2,2,0,3,5,0,BAKER HILL,29,5,May,2010,7,Saturday,15,50,0,6,4,0,30.14098889,-85.44318056,12,1,0,0,0,1,1
120880,12,FLORIDA,FL,2,2,0,3,61,0,BELLWOOD,30,5,May,2010,1,Sunday,17,13,0,14,4,99998,27.73389722,-80.44573056,12,1,0,0,0,1,0