ST_CASE,STATE,State Name,State Abbreviation,# of Vehicle involved,VE_FORMS,Pedestrains,Total_Persons_in_accident,COUNTY,CITY,City_County_Name,Calendar_DAY,MONTH,Month_name,YEAR,DAY_WEEK,Day_Week_desc,HOUR,MINUTE,NHS_Desc,trafficway,Route,MILEPT,LATITUDE,LONGITUD,First_Crash_event,Light_cond_desc,Weather_condition,School_bus_involved,Crash_cause,FATALS,DRUNK_DR
121360,12,FLORIDA,FL,1,1,0,1,99,1560,BEATRICE,26,5,May,2010,4,Wednesday,18,10,0,13,2,99998,26.95006667,-80.08527778,33,1,0,0,0,1,1
121361,12,FLORIDA,FL,1,1,1,1,99,3190,BEATRICE,26,5,May,2010,4,Wednesday,21,58,0,14,6,99998,26.73917778,-80.11814444,8,3,0,0,0,1,0
121362,12,FLORIDA,FL,1,1,0,1,86,844,AVENTURA,2,6,June,2010,4,Wednesday,17,39,0,16,6,0,25.85022500,-80.37875556,39,1,0,0,0,1,0
121363,12,FLORIDA,FL,2,2,1,2,71,1070,BRIDGEPORT,5,6,June,2010,7,Saturday,23,21,0,14,3,99998,26.63036944,-81.78800278,8,2,0,0,0,1,0
121364,12,FLORIDA,FL,2,2,0,3,17,0,CHAMBERS,19,6,June,2010,7,Saturday,16,29,0,14,2,99998,28.81857222,-82.31618056,12,1,0,0,0,1,0
121365,12,FLORIDA,FL,1,1,0,2,39,0,ANDALUSIA,2,7,July,2010,6,Friday,1,0,0,6,4,0,30.52467778,-84.44609444,32,2,0,0,0,1,0
121366,12,FLORIDA,FL,2,2,0,3,31,1510,COFFEE,5,7,July,2010,2,Monday,12,30,0,14,3,99998,30.21863333,-81.55248333,12,1,0,0,0,1,0
121367,12,FLORIDA,FL,2,2,0,2,127,810,BURNWELL,10,7,July,2010,7,Saturday,0,12,0,14,3,99998,29.05440556,-81.32498056,12,2,0,0,0,1,1
121370,12,FLORIDA,FL,2,2,0,3,105,0,MARION,31,7,July,2010,7,Saturday,21,10,0,2,2,99998,28.23362500,-82.03858056,12,2,0,0,0,2,1
121371,12,FLORIDA,FL,1,1,0,2,19,0,CEDAR BLUFF,7,8,August,2010,7,Saturday,19,53,0,6,4,0,29.77243056,-82.00958333,1,3,0,0,0,1,0
121372,12,FLORIDA,FL,2,2,0,3,23,0,BLADON SPRINGS,16,8,August,2010,2,Monday,14,45,0,2,2,99998,30.07420556,-82.60058333,12,1,0,0,0,1,0
121373,12,FLORIDA,FL,2,2,0,4,23,0,BLADON SPRINGS,18,8,August,2010,4,Wednesday,10,30,0,6,4,0,30.07215833,-82.63953611,12,1,0,0,0,1,0
121374,12,FLORIDA,FL,2,2,0,1,9,0,BLOUNT,19,8,August,2010,5,Thursday,1,40,1,1,1,99998,28.78508889,-80.89765278,12,2,0,0,0,1,0
121375,12,FLORIDA,FL,1,1,1,1,21,0,CHILTON,21,8,August,2010,7,Saturday,17,55,0,6,4,0,26.17872222,-81.70850000,15,1,0,0,0,1,0
121376,12,FLORIDA,FL,1,1,1,3,23,0,BLADON SPRINGS,22,8,August,2010,1,Sunday,5,48,1,1,1,99998,30.25165556,-82.54234444,8,2,0,0,0,1,0
121377,12,FLORIDA,FL,2,2,0,8,105,0,MARION,7,8,August,2010,7,Saturday,13,15,1,2,3,99998,27.89423889,-81.93558889,59,1,0,0,0,2,0
121378,12,FLORIDA,FL,2,2,0,6,121,0,BON AIR,8,8,August,2010,1,Sunday,14,40,0,3,2,99998,30.36317778,-83.13362500,12,1,0,0,0,1,0
121379,12,FLORIDA,FL,1,1,1,1,73,2940,ARGO,10,8,August,2010,3,Tuesday,9,42,0,16,6,0,30.43963611,-84.29813889,15,1,0,0,0,1,0
121380,12,FLORIDA,FL,1,1,0,1,109,0,ANSLEY,14,8,August,2010,7,Saturday,1,25,1,1,1,99998,29.90762778,-81.40918611,34,2,0,0,0,1,0
121381,12,FLORIDA,FL,1,1,0,1,123,0,ALEXANDER CITY,14,8,August,2010,7,Saturday,22,30,0,6,4,0,29.77227500,-83.55761944,42,2,0,0,0,1,1
121382,12,FLORIDA,FL,1,1,1,1,95,0,ALBERTVILLE,14,8,August,2010,7,Saturday,2,42,0,13,2,99998,28.47908611,-81.39671667,8,3,0,0,0,1,0
121383,12,FLORIDA,FL,1,1,0,1,63,0,BOLIGEE,16,8,August,2010,2,Monday,0,5,0,3,3,99998,30.69978611,-85.18367500,34,2,0,0,0,1,1
121384,12,FLORIDA,FL,1,1,0,5,86,0,AVENTURA,16,8,August,2010,2,Monday,20,32,0,13,2,99998,25.76165278,-80.34628889,39,3,0,0,0,1,0
121385,12,FLORIDA,FL,2,2,0,2,81,0,AUBURN,16,8,August,2010,2,Monday,20,53,0,6,4,0,27.47167222,-82.58767778,12,2,0,0,0,1,1
121386,12,FLORIDA,FL,2,2,1,2,95,0,ALBERTVILLE,16,8,August,2010,2,Monday,21,35,0,13,3,99998,28.56843889,-81.27803889,8,2,0,0,0,1,0
121387,12,FLORIDA,FL,1,1,0,1,97,0,AXIS,16,8,August,2010,2,Monday,7,48,1,2,3,99998,27.91032222,-81.05070556,24,1,0,0,0,1,0
121388,12,FLORIDA,FL,2,2,0,2,95,0,ALBERTVILLE,17,8,August,2010,3,Tuesday,5,34,0,6,4,0,28.63665833,-81.42728889,12,3,0,0,0,1,0
121389,12,FLORIDA,FL,3,3,0,4,125,0,BROOKWOOD,20,8,August,2010,6,Friday,16,35,0,3,3,99998,29.95396944,-82.41361944,12,1,0,0,0,1,0
121390,12,FLORIDA,FL,1,1,0,2,53,0,ATMORE,21,8,August,2010,7,Saturday,11,35,0,6,4,0,28.48948056,-82.40066389,38,1,0,0,0,1,0
121391,12,FLORIDA,FL,2,2,0,2,95,0,ALBERTVILLE,23,8,August,2010,2,Monday,10,44,0,13,2,99998,28.69031389,-81.54685556,12,1,0,0,0,1,0
121392,12,FLORIDA,FL,1,1,1,1,33,0,CHEROKEE,24,8,August,2010,3,Tuesday,1,19,0,6,4,0,30.33400556,-87.13596944,8,3,0,0,0,1,0
121393,12,FLORIDA,FL,2,2,0,4,86,0,AVENTURA,19,5,May,2010,4,Wednesday,7,0,0,13,3,99998,25.73224167,-80.36773611,12,1,0,0,0,1,0
121394,12,FLORIDA,FL,1,1,0,2,99,290,BEATRICE,22,5,May,2010,7,Saturday,22,25,1,11,1,99998,26.39771389,-80.09088056,1,3,0,0,0,1,0
121395,12,FLORIDA,FL,2,2,0,2,85,0,BENTON,12,8,August,2010,5,Thursday,18,24,0,13,3,99998,27.17346667,-80.26252500,12,1,0,0,0,1,1
121396,12,FLORIDA,FL,1,1,0,2,101,0,BOYLSTON,13,8,August,2010,6,Friday,13,5,0,6,4,0,28.23376389,-82.69317222,43,1,0,0,0,1,0
121397,12,FLORIDA,FL,1,1,1,3,57,0,BANKSTON,17,8,August,2010,3,Tuesday,10,21,0,6,4,0,27.89363889,-82.31853333,8,1,0,0,0,1,0
121398,12,FLORIDA,FL,1,1,1,1,31,1510,COFFEE,18,8,August,2010,4,Wednesday,20,20,1,12,3,99998,30.17881389,-81.51520000,8,3,0,0,0,1,0
121400,12,FLORIDA,FL,3,3,0,5,57,0,BANKSTON,22,8,August,2010,1,Sunday,1,9,0,13,3,99998,28.00743611,-82.60357778,12,2,0,0,0,1,1
121401,12,FLORIDA,FL,1,1,1,1,117,2770,BIRMINGHAM,23,5,May,2010,1,Sunday,18,17,0,16,6,0,28.81258889,-81.25942222,8,1,0,0,0,1,1
121402,12,FLORIDA,FL,1,1,1,1,86,0,AVENTURA,14,6,June,2010,2,Monday,12,20,0,13,2,99998,25.76529722,-80.23470556,8,1,0,0,0,1,0
121403,12,FLORIDA,FL,1,1,1,1,105,1690,MARION,20,7,July,2010,3,Tuesday,1,12,0,13,3,99998,28.04418611,-81.94715000,8,3,0,0,0,1,0
121404,12,FLORIDA,FL,1,1,0,2,33,2490,CHEROKEE,2,8,August,2010,2,Monday,20,46,0,13,2,99998,30.45908889,-87.16613333,24,3,0,0,0,1,0
121405,12,FLORIDA,FL,1,1,0,2,86,0,AVENTURA,15,8,August,2010,1,Sunday,0,50,1,12,3,99998,25.92715556,-80.22519167,24,3,0,0,0,1,0
121406,12,FLORIDA,FL,2,2,0,3,99,0,BEATRICE,18,8,August,2010,4,Wednesday,20,34,0,13,3,99998,26.72127222,-80.11050833,12,3,0,0,0,2,1
121407,12,FLORIDA,FL,1,1,0,1,83,0,ARDMORE,24,8,August,2010,3,Tuesday,5,15,1,11,1,99998,29.23992222,-82.18978056,38,2,0,0,0,1,0
121408,12,FLORIDA,FL,1,1,1,2,86,2010,AVENTURA,28,8,August,2010,7,Saturday,10,25,0,16,6,0,25.82282778,-80.19584444,9,1,0,0,0,1,0
121409,12,FLORIDA,FL,1,1,0,2,127,0,BURNWELL,22,8,August,2010,1,Sunday,16,10,0,6,4,0,29.07301944,-81.25448056,16,1,0,0,0,1,0
121410,12,FLORIDA,FL,1,1,0,4,86,2025,AVENTURA,22,8,August,2010,1,Sunday,7,25,1,12,3,99998,25.91003333,-80.31808333,35,1,0,0,0,2,1
121411,12,FLORIDA,FL,2,2,0,2,83,0,ARDMORE,23,8,August,2010,2,Monday,14,20,0,6,4,0,29.18728333,-82.36017778,12,1,0,0,0,1,0
121412,12,FLORIDA,FL,2,2,0,2,105,0,MARION,24,8,August,2010,3,Tuesday,6,15,0,6,4,0,27.99669444,-82.05591944,12,4,0,0,0,1,0
121413,12,FLORIDA,FL,2,2,0,9,97,0,AXIS,24,8,August,2010,3,Tuesday,12,15,0,6,4,0,28.27505556,-81.47421111,12,1,0,0,0,3,1
121414,12,FLORIDA,FL,1,1,0,2,11,771,BULLOCK,27,8,August,2010,6,Friday,3,14,1,1,1,99998,26.08403611,-80.19498056,59,3,0,0,0,1,1
121415,12,FLORIDA,FL,1,1,0,1,21,0,CHILTON,27,8,August,2010,6,Friday,5,33,0,6,4,0,26.23782500,-81.70357222,59,2,0,0,0,1,0
121416,12,FLORIDA,FL,2,2,0,2,113,0,COTTONTON,27,8,August,2010,6,Friday,17,11,1,11,1,99998,30.59180000,-87.00328611,12,1,0,0,0,1,0
121417,12,FLORIDA,FL,2,2,0,2,97,0,AXIS,27,8,August,2010,6,Friday,19,57,1,2,3,99998,27.72884722,-81.01135556,12,3,0,0,0,1,0
121418,12,FLORIDA,FL,3,3,0,3,57,0,BANKSTON,28,8,August,2010,7,Saturday,2,20,0,13,3,99998,28.02397222,-82.62937500,12,2,0,0,0,1,1
121419,12,FLORIDA,FL,1,1,1,2,49,0,COLLINSVILLE,29,8,August,2010,1,Sunday,16,57,1,13,2,99998,27.57530556,-81.81751111,8,1,0,0,0,1,0
121420,12,FLORIDA,FL,1,1,0,1,69,0,ASHFORD,23,8,August,2010,2,Monday,20,5,0,6,4,0,28.74596111,-81.87792778,42,1,0,0,0,1,1
121421,12,FLORIDA,FL,1,1,0,1,95,0,ALBERTVILLE,31,8,August,2010,3,Tuesday,20,41,0,13,3,99998,28.60686944,-81.39373056,30,3,0,0,0,1,1
121422,12,FLORIDA,FL,1,1,1,1,71,457,BRIDGEPORT,23,6,June,2010,4,Wednesday,21,52,0,16,6,0,26.62303333,-81.98690000,9,2,0,0,0,1,0
121423,12,FLORIDA,FL,1,1,0,1,99,0,BEATRICE,16,7,July,2010,6,Friday,13,59,1,2,2,99998,26.71467778,-80.42520000,3,1,0,0,0,1,0
121424,12,FLORIDA,FL,2,1,0,1,86,0,AVENTURA,1,8,August,2010,1,Sunday,18,48,0,14,2,99998,25.84794444,-80.20936389,14,1,0,0,0,1,0
121425,12,FLORIDA,FL,2,2,0,3,86,0,AVENTURA,1,8,August,2010,1,Sunday,4,17,0,14,3,99998,25.91384167,-80.16443889,12,3,0,0,0,1,0
121426,12,FLORIDA,FL,1,1,1,1,86,0,AVENTURA,2,8,August,2010,2,Monday,12,0,1,12,3,99998,25.88256944,-80.25127500,8,1,0,0,0,1,0
121427,12,FLORIDA,FL,1,1,1,1,99,1560,BEATRICE,11,8,August,2010,4,Wednesday,9,40,0,14,6,99998,26.92576667,-80.10211667,8,1,0,0,0,1,0
121428,12,FLORIDA,FL,2,2,0,2,99,0,BEATRICE,14,8,August,2010,7,Saturday,5,10,1,2,2,99998,26.68681111,-80.38678056,12,3,0,0,0,1,0
121429,12,FLORIDA,FL,1,1,1,2,69,2130,ASHFORD,28,8,August,2010,7,Saturday,1,23,0,13,2,99998,28.82339722,-81.64377222,8,2,0,0,0,1,0
121430,12,FLORIDA,FL,1,1,0,1,73,2940,ARGO,30,8,August,2010,2,Monday,2,11,0,16,6,0,30.48995278,-84.27007222,42,3,0,0,0,1,0
121431,12,FLORIDA,FL,1,1,0,2,99,330,BEATRICE,2,9,September,2010,5,Thursday,17,50,1,1,1,99998,26.67683056,-80.07135000,43,1,0,0,0,1,1
121432,12,FLORIDA,FL,1,1,1,2,103,570,DANVILLE,25,7,July,2010,1,Sunday,19,46,0,16,6,0,27.98583611,-82.82662500,43,1,0,0,0,1,0
121433,12,FLORIDA,FL,1,1,0,1,51,0,CENTRAL,31,7,July,2010,7,Saturday,12,25,0,6,4,0,26.76132222,-80.94660000,42,1,0,0,0,1,0
121435,12,FLORIDA,FL,2,2,0,3,11,672,BULLOCK,7,8,August,2010,7,Saturday,16,53,0,14,6,99998,26.25924167,-80.24658889,12,1,0,0,0,1,0
121436,12,FLORIDA,FL,2,2,0,2,11,2083,BULLOCK,9,8,August,2010,2,Monday,16,5,0,12,6,99998,25.98448611,-80.21070278,12,1,0,0,0,1,0
121437,12,FLORIDA,FL,4,4,0,5,117,0,BIRMINGHAM,24,8,August,2010,3,Tuesday,14,45,0,13,3,99998,28.78656111,-81.21287222,12,1,0,0,0,1,0
121438,12,FLORIDA,FL,1,1,0,1,31,1510,COFFEE,28,8,August,2010,7,Saturday,19,54,0,14,3,99998,30.41198889,-81.57723333,33,3,0,0,0,1,1
121439,12,FLORIDA,FL,1,1,0,1,31,1510,COFFEE,29,8,August,2010,1,Sunday,4,30,0,12,3,99998,30.35535000,-81.55296111,30,3,0,0,0,1,0
121440,12,FLORIDA,FL,2,2,0,4,95,0,ALBERTVILLE,29,8,August,2010,1,Sunday,0,30,1,12,3,99998,28.52531111,-81.25069444,12,2,0,0,0,1,0
121441,12,FLORIDA,FL,3,2,0,3,57,0,BANKSTON,30,8,August,2010,2,Monday,11,45,0,6,4,0,27.95965833,-82.28590556,12,1,0,0,0,1,0
121442,12,FLORIDA,FL,2,2,0,5,83,0,ARDMORE,31,8,August,2010,3,Tuesday,0,12,0,6,4,0,29.30978889,-82.11611389,12,2,0,0,0,4,1
121443,12,FLORIDA,FL,1,1,0,1,57,0,BANKSTON,31,8,August,2010,3,Tuesday,11,55,0,13,2,99998,27.77005556,-82.33505000,24,1,0,0,0,1,0
121444,12,FLORIDA,FL,2,2,0,3,103,0,DANVILLE,1,9,September,2010,4,Wednesday,5,40,0,13,3,99998,27.89130556,-82.80977222,12,3,0,1,0,1,0
121445,12,FLORIDA,FL,2,2,0,2,86,0,AVENTURA,18,7,July,2010,1,Sunday,0,50,0,6,4,0,25.48994722,-80.43663611,12,2,0,0,0,1,1
121446,12,FLORIDA,FL,2,2,0,4,83,0,ARDMORE,14,8,August,2010,7,Saturday,14,0,0,6,4,0,29.25000000,-82.11000000,12,1,0,0,0,1,0
121447,12,FLORIDA,FL,2,2,0,3,101,0,BOYLSTON,17,8,August,2010,3,Tuesday,16,40,0,2,3,99998,28.32631944,-82.52864167,12,1,0,0,0,1,0
121448,12,FLORIDA,FL,2,2,0,2,127,810,BURNWELL,9,7,July,2010,6,Friday,13,32,0,13,3,99998,29.02796944,-81.32002500,12,1,0,0,0,1,0
121449,12,FLORIDA,FL,2,2,0,2,99,2446,BEATRICE,23,8,August,2010,2,Monday,21,30,0,14,6,99998,26.62910000,-80.10220833,12,3,0,0,0,1,0
121450,12,FLORIDA,FL,2,2,0,7,133,0,ARLEY,24,8,August,2010,3,Tuesday,5,30,1,2,3,99998,30.45083889,-85.89743333,12,4,0,0,0,1,0
121451,12,FLORIDA,FL,4,4,0,6,117,30,BIRMINGHAM,28,8,August,2010,7,Saturday,1,25,1,11,1,99998,28.66928611,-81.38878889,12,2,0,0,0,1,2
121452,12,FLORIDA,FL,1,1,0,1,109,0,ANSLEY,31,8,August,2010,3,Tuesday,22,40,0,3,3,99998,29.75698889,-81.27830000,11,2,0,0,0,1,0
121453,12,FLORIDA,FL,1,1,0,1,21,0,CHILTON,31,8,August,2010,3,Tuesday,21,55,1,1,1,99998,26.17441667,-81.73648889,21,3,0,0,0,1,0
121454,12,FLORIDA,FL,2,2,0,5,83,0,ARDMORE,3,9,September,2010,6,Friday,23,20,0,6,4,0,29.03425000,-82.25254167,12,2,0,0,0,1,1
121455,12,FLORIDA,FL,1,1,0,1,91,0,DAYTON,3,9,September,2010,6,Friday,11,45,0,3,2,99998,30.72423889,-86.71139722,59,1,0,0,0,1,1
121456,12,FLORIDA,FL,1,1,0,1,115,0,ASHVILLE,3,9,September,2010,6,Friday,0,0,0,14,3,99998,26.94606111,-82.35276111,1,3,0,0,0,1,1
121457,12,FLORIDA,FL,1,1,1,1,127,0,BURNWELL,4,9,September,2010,7,Saturday,21,10,0,14,3,99998,29.00211667,-81.31470556,8,2,0,0,0,1,0
121458,12,FLORIDA,FL,1,1,0,1,91,0,DAYTON,4,9,September,2010,7,Saturday,4,45,0,6,4,0,30.79461111,-86.51173889,1,2,0,0,0,1,1
121459,12,FLORIDA,FL,2,2,0,2,23,0,BLADON SPRINGS,4,9,September,2010,7,Saturday,16,25,0,2,2,99998,29.88304722,-82.60908056,12,1,0,0,0,2,0
121460,12,FLORIDA,FL,1,1,0,1,77,0,ANDERSON,5,9,September,2010,1,Sunday,2,55,0,3,3,99998,30.41725833,-84.78338333,1,2,0,0,0,1,1
121461,12,FLORIDA,FL,1,1,0,2,111,0,GRAHAM,6,9,September,2010,2,Monday,15,14,1,11,1,99998,27.46517500,-80.41859167,42,1,0,0,0,1,0
121462,12,FLORIDA,FL,1,1,1,1,9,620,BLOUNT,6,9,September,2010,2,Monday,5,44,0,13,3,99998,28.35576667,-80.73635556,8,3,0,0,0,1,0
121464,12,FLORIDA,FL,2,2,0,2,11,1927,BULLOCK,26,8,August,2010,5,Thursday,21,4,0,13,2,99998,26.22817500,-80.20498056,12,3,0,0,0,1,0
121465,12,FLORIDA,FL,2,2,0,3,86,1340,AVENTURA,1,9,September,2010,4,Wednesday,14,33,0,6,4,0,25.90247222,-80.29209444,12,1,0,0,0,1,0
121467,12,FLORIDA,FL,1,1,0,1,115,0,ASHVILLE,2,9,September,2010,5,Thursday,2,45,1,11,1,99998,27.30814722,-82.44811667,24,2,0,0,0,1,1
121468,12,FLORIDA,FL,1,1,0,3,31,1510,COFFEE,2,9,September,2010,5,Thursday,19,34,1,12,3,99998,30.43313056,-81.57903056,34,5,0,0,0,1,1
121469,12,FLORIDA,FL,2,2,0,2,9,0,BLOUNT,2,9,September,2010,5,Thursday,10,5,1,2,2,99998,27.93452778,-80.52883333,12,1,0,0,0,1,1
121470,12,FLORIDA,FL,1,1,0,2,103,0,DANVILLE,3,9,September,2010,6,Friday,15,16,9,99,9,99998,27.81080556,-82.74330278,42,1,0,0,0,1,0
121471,12,FLORIDA,FL,2,2,0,2,119,0,BELLAMY,8,9,September,2010,4,Wednesday,8,43,0,2,3,99998,28.55879444,-82.04358889,12,1,0,0,0,1,0
121472,12,FLORIDA,FL,1,1,0,1,83,0,ARDMORE,9,9,September,2010,5,Thursday,23,55,0,6,4,0,29.35914444,-82.13835000,42,2,0,0,0,1,1
121473,12,FLORIDA,FL,2,2,0,2,1,0,AUTAUGA,9,9,September,2010,5,Thursday,16,22,0,14,3,99998,29.60506667,-82.40951389,12,1,0,0,0,1,0
121474,12,FLORIDA,FL,1,1,0,1,99,820,BEATRICE,16,8,August,2010,2,Monday,9,34,0,14,6,99998,26.43940278,-80.09079444,18,1,0,0,0,1,0
121475,12,FLORIDA,FL,2,2,0,7,86,0,AVENTURA,19,8,August,2010,5,Thursday,18,4,0,13,3,99998,25.89138889,-80.24346389,12,1,0,0,0,1,0
121476,12,FLORIDA,FL,1,1,1,2,86,2010,AVENTURA,2,8,August,2010,2,Monday,5,55,0,13,3,99998,25.76679444,-80.23898056,8,3,0,0,0,1,0
121477,12,FLORIDA,FL,1,1,0,1,99,3190,BEATRICE,30,8,August,2010,2,Monday,13,0,0,15,6,99998,26.74593611,-80.05965833,18,1,0,0,0,1,1
121478,12,FLORIDA,FL,2,2,0,3,57,0,BANKSTON,3,9,September,2010,6,Friday,14,26,0,6,4,0,28.14933333,-82.59112778,12,1,0,0,0,1,1
121479,12,FLORIDA,FL,1,1,0,2,57,0,BANKSTON,4,9,September,2010,7,Saturday,2,53,0,6,4,0,27.91524444,-82.32376389,33,3,0,0,0,1,0
121480,12,FLORIDA,FL,1,1,2,1,57,0,BANKSTON,28,8,August,2010,7,Saturday,1,25,0,13,3,99998,27.94084444,-82.12103333,8,2,0,0,0,1,0
121481,12,FLORIDA,FL,1,1,0,2,65,0,CYPRESS,30,8,August,2010,2,Monday,16,15,0,6,4,0,30.58210278,-83.75622500,42,1,0,1,0,1,0
121482,12,FLORIDA,FL,1,1,0,5,47,0,BROWNS,5,9,September,2010,1,Sunday,3,20,0,6,4,0,30.58103056,-83.19560278,34,2,0,0,0,1,1
121483,12,FLORIDA,FL,2,2,0,4,86,0,AVENTURA,6,9,September,2010,2,Monday,16,55,1,12,3,99998,25.83121111,-80.32165278,12,1,0,0,0,1,0
121484,12,FLORIDA,FL,2,2,0,2,86,0,AVENTURA,7,9,September,2010,3,Tuesday,22,32,1,2,3,99998,25.58193889,-80.47833056,12,2,0,0,0,1,1
121485,12,FLORIDA,FL,1,1,1,1,109,0,ANSLEY,7,9,September,2010,3,Tuesday,21,15,0,13,2,99998,29.93855000,-81.33401944,8,2,0,0,0,1,0
121486,12,FLORIDA,FL,1,1,0,3,85,0,BENTON,9,9,September,2010,5,Thursday,15,30,1,2,3,99998,27.07845556,-80.55653889,10,1,0,0,0,1,0
121487,12,FLORIDA,FL,2,2,0,6,5,0,BAKER HILL,13,9,September,2010,2,Monday,15,5,1,13,3,99998,30.32228611,-85.65975556,12,1,0,0,0,1,0
121488,12,FLORIDA,FL,2,2,0,4,101,0,BOYLSTON,13,9,September,2010,2,Monday,14,50,0,13,2,99998,28.17180833,-82.46127500,12,1,0,0,0,1,0
121489,12,FLORIDA,FL,2,2,0,2,103,2730,DANVILLE,26,7,July,2010,2,Monday,23,52,0,16,6,0,27.84702778,-82.64691944,12,3,0,0,0,1,1
121490,12,FLORIDA,FL,1,1,1,1,57,0,BANKSTON,9,9,September,2010,5,Thursday,7,13,0,6,4,0,28.08065000,-82.42365278,9,1,0,0,0,1,0
121491,12,FLORIDA,FL,2,2,0,3,85,0,BENTON,28,8,August,2010,7,Saturday,7,23,1,1,1,99998,27.12711389,-80.34125833,12,1,0,0,0,1,1
121492,12,FLORIDA,FL,1,1,1,1,109,0,ANSLEY,2,9,September,2010,5,Thursday,23,10,0,13,2,99998,29.94473889,-81.33778889,8,3,0,0,0,1,0
121493,12,FLORIDA,FL,2,2,0,2,9,620,BLOUNT,6,9,September,2010,2,Monday,9,35,0,14,3,99998,28.37460000,-80.80428611,12,1,0,0,0,1,0
121494,12,FLORIDA,FL,1,1,1,1,99,0,BEATRICE,7,9,September,2010,3,Tuesday,21,11,0,14,4,99998,26.37135278,-80.18659444,8,3,0,0,0,1,0
121495,12,FLORIDA,FL,2,2,1,2,1,0,AUTAUGA,8,9,September,2010,4,Wednesday,9,24,1,2,3,99998,29.65402500,-82.50726389,8,1,0,0,0,1,0
121496,12,FLORIDA,FL,1,1,1,2,97,0,AXIS,9,9,September,2010,5,Thursday,19,50,0,6,4,0,28.32780000,-81.36428889,8,3,0,0,0,1,0
121498,12,FLORIDA,FL,1,1,0,2,105,1690,MARION,13,9,September,2010,2,Monday,12,30,1,12,3,99998,27.99459167,-81.94921111,1,1,0,0,0,1,0
121500,12,FLORIDA,FL,2,2,0,5,86,2010,AVENTURA,15,9,September,2010,4,Wednesday,15,41,1,11,1,99998,25.78578889,-80.25428889,12,1,0,0,0,1,0
121501,12,FLORIDA,FL,1,1,1,1,95,0,ALBERTVILLE,15,9,September,2010,4,Wednesday,23,16,0,13,2,99998,28.69071944,-81.54810278,8,3,0,0,0,1,0
121502,12,FLORIDA,FL,2,2,0,2,37,0,BRADFORD,15,9,September,2010,4,Wednesday,7,16,0,2,2,99998,29.86389722,-84.62168889,12,1,0,0,0,1,0
121503,12,FLORIDA,FL,1,1,0,2,1,0,AUTAUGA,16,9,September,2010,5,Thursday,17,33,1,1,1,99998,29.85309444,-82.53616389,1,1,0,0,0,1,0
121505,12,FLORIDA,FL,1,1,0,1,29,0,BORDEN SPRINGS,18,9,September,2010,7,Saturday,14,40,0,6,4,0,29.59104444,-83.05768889,43,1,0,0,0,1,0
121506,12,FLORIDA,FL,1,1,0,1,103,2730,DANVILLE,18,9,September,2010,7,Saturday,11,35,1,11,1,99998,27.87366944,-82.66352778,52,1,0,0,0,1,0
121507,12,FLORIDA,FL,2,2,0,2,101,0,BOYLSTON,4,9,September,2010,7,Saturday,22,22,0,6,4,0,28.28048889,-82.67601944,12,3,0,0,0,1,1
121508,12,FLORIDA,FL,2,2,0,2,103,2730,DANVILLE,11,9,September,2010,7,Saturday,3,10,1,11,1,99998,27.77660556,-82.64748333,12,3,0,0,0,1,2
121509,12,FLORIDA,FL,1,1,1,1,95,0,ALBERTVILLE,12,9,September,2010,1,Sunday,15,25,0,13,3,99998,28.46058889,-81.36619444,8,1,0,0,0,1,0
121510,12,FLORIDA,FL,3,3,0,3,63,2830,BOLIGEE,17,9,September,2010,6,Friday,14,40,0,6,4,0,30.72184167,-85.18648056,12,1,0,0,0,1,0
121511,12,FLORIDA,FL,2,2,0,4,73,0,ARGO,4,9,September,2010,7,Saturday,15,19,0,6,4,0,30.37046111,-84.12628611,12,1,0,0,0,1,0
121512,12,FLORIDA,FL,1,1,0,2,11,672,BULLOCK,6,9,September,2010,2,Monday,15,51,0,14,6,99998,26.25898611,-80.26590278,42,1,0,0,0,1,0
121513,12,FLORIDA,FL,2,2,0,3,11,1050,BULLOCK,10,9,September,2010,6,Friday,21,38,0,13,2,99998,26.13655278,-80.15184444,12,3,0,0,0,1,1
121514,12,FLORIDA,FL,3,3,0,3,9,2073,BLOUNT,30,8,August,2010,2,Monday,12,12,0,14,3,99998,28.66598611,-80.87281944,12,1,0,0,0,1,0
121515,12,FLORIDA,FL,1,1,0,5,85,0,BENTON,15,9,September,2010,4,Wednesday,7,10,0,3,3,99998,27.05872778,-80.30606389,42,1,0,0,0,1,0
121516,12,FLORIDA,FL,3,3,0,4,33,0,CHEROKEE,19,9,September,2010,1,Sunday,22,30,0,13,3,99998,30.29083056,-87.47121667,12,3,0,0,0,1,3
121517,12,FLORIDA,FL,3,2,0,2,31,1510,COFFEE,20,9,September,2010,2,Monday,13,1,1,11,1,99998,30.31828889,-81.76988889,12,1,0,0,0,1,0
121518,12,FLORIDA,FL,2,2,0,3,97,0,AXIS,1,9,September,2010,4,Wednesday,18,27,1,1,1,99998,27.69753056,-80.89842778,12,1,0,0,0,2,0
121519,12,FLORIDA,FL,1,1,0,3,105,0,MARION,7,7,July,2010,4,Wednesday,23,17,0,4,3,99998,27.78734444,-81.53891389,1,3,0,0,0,1,1