ST_CASE,STATE,State Name,State Abbreviation,# of Vehicle involved,VE_FORMS,Pedestrains,Total_Persons_in_accident,COUNTY,CITY,City_County_Name,Calendar_DAY,MONTH,Month_name,YEAR,DAY_WEEK,Day_Week_desc,HOUR,MINUTE,NHS_Desc,trafficway,Route,MILEPT,LATITUDE,LONGITUD,First_Crash_event,Light_cond_desc,Weather_condition,School_bus_involved,Crash_cause,FATALS,DRUNK_DR
121672,12,FLORIDA,FL,1,1,0,2,17,0,CHAMBERS,16,10,October,2010,7,Saturday,19,55,0,6,4,0,28.76404722,-82.50076944,1,2,0,0,0,1,0
121673,12,FLORIDA,FL,1,1,0,1,9,3000,BLOUNT,23,7,July,2010,6,Friday,13,4,0,13,2,99998,28.60918333,-80.80758611,33,1,0,0,0,1,0
121674,12,FLORIDA,FL,3,3,0,3,103,2730,DANVILLE,1,8,August,2010,1,Sunday,11,22,0,13,2,99998,27.74836389,-82.67938333,1,1,0,0,0,1,0
121675,12,FLORIDA,FL,2,2,0,6,103,2730,DANVILLE,1,8,August,2010,1,Sunday,0,46,0,16,6,0,27.79207500,-82.64675556,12,3,0,0,0,4,1
121676,12,FLORIDA,FL,1,1,0,1,31,1510,COFFEE,5,8,August,2010,5,Thursday,18,24,0,16,6,0,30.33295278,-81.83468056,1,1,0,0,0,1,0
121677,12,FLORIDA,FL,3,3,0,3,81,340,AUBURN,31,8,August,2010,3,Tuesday,5,42,0,14,3,99998,27.49577500,-82.60698333,12,3,0,0,0,1,1
121678,12,FLORIDA,FL,1,1,1,1,69,1240,ASHFORD,19,9,September,2010,1,Sunday,19,13,0,16,6,0,28.56897500,-81.85408056,8,5,0,0,0,1,1
121679,12,FLORIDA,FL,1,1,0,1,105,0,MARION,26,7,July,2010,2,Monday,16,53,1,2,3,99998,27.91646389,-81.72937500,34,1,0,0,0,1,0
121680,12,FLORIDA,FL,1,1,1,1,105,0,MARION,19,8,August,2010,5,Thursday,16,57,0,13,2,99998,28.04796944,-81.90801111,15,1,0,0,0,1,0
121681,12,FLORIDA,FL,2,2,0,7,105,0,MARION,20,8,August,2010,6,Friday,18,55,0,14,3,99998,28.02888889,-81.77891111,12,1,0,0,0,1,0
121682,12,FLORIDA,FL,2,2,0,2,105,0,MARION,30,8,August,2010,2,Monday,19,59,0,3,3,99998,28.25850000,-81.82462778,12,5,0,0,0,1,0
121683,12,FLORIDA,FL,1,1,1,1,57,2950,BANKSTON,13,9,September,2010,2,Monday,20,14,0,16,6,0,27.94558889,-82.52423056,8,3,0,0,0,1,0
121684,12,FLORIDA,FL,2,2,0,3,103,0,DANVILLE,2,10,October,2010,7,Saturday,21,31,1,13,2,99998,28.05954167,-82.73877500,12,3,0,0,0,1,0
121685,12,FLORIDA,FL,1,1,0,4,105,0,MARION,2,10,October,2010,7,Saturday,3,12,0,6,4,0,28.03015278,-82.01536944,59,2,0,0,0,1,1
121686,12,FLORIDA,FL,2,2,0,2,11,790,BULLOCK,8,10,October,2010,6,Friday,12,5,1,11,1,99998,26.28954444,-80.12375000,1,1,0,0,0,1,0
121687,12,FLORIDA,FL,1,1,0,6,99,1560,BEATRICE,11,10,October,2010,2,Monday,6,35,1,11,1,99998,26.93025833,-80.14929722,25,4,0,0,0,1,0
121688,12,FLORIDA,FL,1,1,0,3,11,1050,BULLOCK,12,10,October,2010,3,Tuesday,18,48,1,11,1,99998,26.08173333,-80.16463056,39,2,0,0,0,1,0
121689,12,FLORIDA,FL,1,1,2,1,101,0,BOYLSTON,13,10,October,2010,4,Wednesday,8,15,0,6,4,0,28.26322778,-82.45476667,8,1,0,0,0,1,0
121690,12,FLORIDA,FL,1,1,0,1,53,0,ATMORE,14,10,October,2010,5,Thursday,8,49,1,13,2,99998,28.56029444,-82.56081944,42,1,0,0,0,1,0
121691,12,FLORIDA,FL,2,2,0,3,31,1510,COFFEE,9,10,October,2010,7,Saturday,15,25,0,13,3,99998,30.25206111,-81.74305556,1,1,0,0,0,1,0
121692,12,FLORIDA,FL,1,1,0,1,123,0,ALEXANDER CITY,19,10,October,2010,3,Tuesday,7,5,1,2,2,99998,30.23699167,-83.68807500,42,4,0,0,0,1,0
121693,12,FLORIDA,FL,2,2,0,2,111,2601,GRAHAM,3,4,April,2010,7,Saturday,22,53,0,14,6,99998,27.30314167,-80.32793889,12,3,0,0,0,1,0
121694,12,FLORIDA,FL,2,2,0,2,99,0,BEATRICE,8,10,October,2010,6,Friday,10,19,0,6,4,0,26.73880833,-80.30795556,12,1,0,0,0,1,1
121695,12,FLORIDA,FL,2,2,0,2,86,1340,AVENTURA,24,9,September,2010,6,Friday,19,41,0,14,3,99998,25.84545556,-80.25777778,12,3,0,0,0,1,0
121696,12,FLORIDA,FL,1,1,0,1,95,2360,ALBERTVILLE,4,10,October,2010,2,Monday,2,45,1,11,1,99998,28.53550278,-81.38322222,1,3,0,0,0,1,1
121697,12,FLORIDA,FL,2,2,1,2,11,771,BULLOCK,13,10,October,2010,4,Wednesday,9,3,0,14,3,99998,26.08480278,-80.18700556,12,1,0,0,0,1,0
121698,12,FLORIDA,FL,1,1,0,3,86,2230,AVENTURA,3,10,October,2010,1,Sunday,1,40,1,11,1,99998,25.95426667,-80.17687500,43,3,0,0,0,2,0
121699,12,FLORIDA,FL,2,2,0,3,127,0,BURNWELL,18,10,October,2010,2,Monday,20,5,1,11,1,99998,29.22671389,-81.10560833,12,2,0,0,0,1,1
121700,12,FLORIDA,FL,2,2,0,4,15,0,ANNISTON,16,10,October,2010,7,Saturday,20,37,0,6,4,0,26.88005000,-82.02351667,12,2,0,0,0,1,0
121701,12,FLORIDA,FL,3,3,0,4,111,1080,GRAHAM,7,8,August,2010,7,Saturday,20,39,0,13,2,99998,27.37421944,-80.32600000,12,3,0,0,0,1,0
121702,12,FLORIDA,FL,1,1,0,5,111,2601,GRAHAM,5,7,July,2010,2,Monday,1,19,0,16,6,0,27.27195556,-80.33042222,30,3,0,0,0,1,0
121703,12,FLORIDA,FL,3,3,0,6,105,1690,MARION,8,9,September,2010,4,Wednesday,12,12,0,14,3,99998,27.99665833,-81.95714444,12,1,0,0,0,2,0
121704,12,FLORIDA,FL,2,2,0,2,99,330,BEATRICE,19,9,September,2010,1,Sunday,18,0,0,13,3,99998,26.52807222,-80.08336667,12,1,0,0,0,1,0
121706,12,FLORIDA,FL,1,1,1,1,86,2020,AVENTURA,3,9,September,2010,6,Friday,9,4,0,13,3,99998,25.78048333,-80.13175556,8,1,0,0,0,1,0
121707,12,FLORIDA,FL,1,1,0,1,86,0,AVENTURA,3,9,September,2010,6,Friday,4,15,0,6,4,0,25.55030278,-80.51377778,30,1,0,0,0,1,1
121708,12,FLORIDA,FL,1,1,0,1,53,0,ATMORE,12,10,October,2010,3,Tuesday,6,45,0,6,4,0,28.44617500,-82.37076667,11,4,0,0,0,1,0
121709,12,FLORIDA,FL,1,1,0,1,86,0,AVENTURA,10,9,September,2010,6,Friday,22,6,0,6,4,0,25.62687222,-80.39548611,30,3,0,0,0,1,0
121710,12,FLORIDA,FL,1,1,1,2,86,0,AVENTURA,16,9,September,2010,5,Thursday,16,5,0,6,4,0,25.60651389,-80.43168056,42,1,0,0,0,1,0
121711,12,FLORIDA,FL,2,2,0,2,73,0,ARGO,16,9,September,2010,5,Thursday,7,40,0,13,2,99998,30.37598611,-84.27899722,12,1,0,0,0,1,0
121712,12,FLORIDA,FL,1,1,0,2,86,0,AVENTURA,18,9,September,2010,7,Saturday,22,13,0,6,4,0,25.68276111,-80.39575556,42,3,0,0,0,1,0
121713,12,FLORIDA,FL,3,3,1,5,86,0,AVENTURA,29,9,September,2010,4,Wednesday,6,10,0,14,3,99998,25.82410556,-80.23533889,8,2,0,0,0,1,0
121714,12,FLORIDA,FL,2,2,0,2,119,0,BELLAMY,19,10,October,2010,3,Tuesday,16,42,0,16,4,0,28.64420278,-82.25578056,12,1,0,0,0,1,0
121715,12,FLORIDA,FL,1,1,1,1,21,1926,CHILTON,22,7,July,2010,5,Thursday,13,5,0,16,6,0,25.95572222,-81.74178056,8,1,0,0,0,1,0
121716,12,FLORIDA,FL,1,1,1,1,86,0,AVENTURA,10,9,September,2010,6,Friday,13,20,0,13,2,99998,25.76110278,-80.35237222,8,1,0,0,0,1,0
121717,12,FLORIDA,FL,2,2,0,2,11,1420,BULLOCK,15,9,September,2010,4,Wednesday,15,40,0,13,2,99998,26.00580556,-80.20748056,12,1,0,0,0,1,0
121718,12,FLORIDA,FL,1,1,0,1,31,1510,COFFEE,27,9,September,2010,2,Monday,3,5,0,16,6,0,30.35999444,-81.67604444,30,3,0,0,0,1,1
121719,12,FLORIDA,FL,2,2,0,2,103,2730,DANVILLE,28,9,September,2010,3,Tuesday,0,15,0,16,6,0,27.74938056,-82.64453056,12,3,0,0,0,1,0
121720,12,FLORIDA,FL,1,1,1,1,11,760,BULLOCK,1,9,September,2010,4,Wednesday,21,20,0,13,3,99998,26.06225556,-80.18514167,8,3,0,0,0,1,0
121721,12,FLORIDA,FL,2,2,0,2,99,0,BEATRICE,4,9,September,2010,7,Saturday,14,2,9,99,9,99998,26.69884444,-80.11130556,12,1,0,0,0,1,0
121722,12,FLORIDA,FL,1,1,0,4,109,0,ANSLEY,4,9,September,2010,7,Saturday,17,18,0,6,4,0,29.94674722,-81.30732222,5,1,0,0,0,1,0
121723,12,FLORIDA,FL,1,1,0,2,21,2150,CHILTON,5,9,September,2010,1,Sunday,8,23,0,16,6,0,26.14973056,-81.79080556,30,1,0,0,0,2,0
121725,12,FLORIDA,FL,2,2,0,2,86,2441,AVENTURA,6,9,September,2010,2,Monday,19,48,1,13,2,99998,25.60698889,-80.34824167,12,1,0,0,0,1,0
121726,12,FLORIDA,FL,2,2,0,3,95,0,ALBERTVILLE,9,10,October,2010,7,Saturday,13,10,0,6,4,0,28.35814444,-81.50771111,12,1,0,0,0,1,0
121727,12,FLORIDA,FL,1,1,1,2,1,1130,AUTAUGA,11,9,September,2010,7,Saturday,22,40,0,16,6,0,29.63424722,-82.37295278,8,2,0,0,0,1,0
121728,12,FLORIDA,FL,2,2,0,3,103,570,DANVILLE,20,9,September,2010,2,Monday,4,45,0,14,3,99998,27.98266389,-82.71543056,12,3,0,0,0,1,1
121729,12,FLORIDA,FL,1,1,0,1,11,2916,BULLOCK,30,9,September,2010,5,Thursday,3,50,0,14,3,99998,26.11885556,-80.34730833,21,2,0,0,0,1,0
121730,12,FLORIDA,FL,2,2,0,2,123,0,ALEXANDER CITY,7,10,October,2010,5,Thursday,14,40,1,2,2,99998,30.17163889,-83.63112778,12,1,0,0,0,1,0
121731,12,FLORIDA,FL,2,2,0,2,103,2730,DANVILLE,3,9,September,2010,6,Friday,21,54,0,16,6,0,27.76648056,-82.67534444,12,3,0,0,0,1,1
121732,12,FLORIDA,FL,1,1,0,1,73,2940,ARGO,13,10,October,2010,4,Wednesday,3,30,1,11,1,99998,30.47839722,-84.34550556,24,3,0,0,0,1,1
121733,12,FLORIDA,FL,2,2,0,2,83,0,ARDMORE,14,10,October,2010,5,Thursday,17,30,0,6,4,0,29.08482500,-82.13626944,12,1,0,0,0,1,0
121734,12,FLORIDA,FL,2,2,0,3,57,0,BANKSTON,14,10,October,2010,5,Thursday,15,0,1,11,1,99998,27.94675556,-82.32889167,12,1,0,0,0,1,0
121735,12,FLORIDA,FL,2,2,1,5,99,1750,BEATRICE,16,10,October,2010,7,Saturday,6,30,1,11,1,99998,26.61907778,-80.06833056,8,3,0,0,0,1,0
121736,12,FLORIDA,FL,1,1,1,1,95,0,ALBERTVILLE,19,10,October,2010,3,Tuesday,20,32,0,14,3,99998,28.57166944,-81.43074722,8,3,0,0,0,1,0
121737,12,FLORIDA,FL,3,3,1,6,9,2005,BLOUNT,20,10,October,2010,4,Wednesday,20,6,1,12,3,99998,28.40500556,-80.65604167,12,2,0,0,0,1,0
121738,12,FLORIDA,FL,1,1,0,1,86,0,AVENTURA,15,9,September,2010,4,Wednesday,19,36,0,6,4,0,25.77870278,-80.41640833,43,3,0,0,0,1,0
121739,12,FLORIDA,FL,5,1,0,1,86,2010,AVENTURA,24,10,October,2010,1,Sunday,4,12,1,13,2,99998,25.73144444,-80.25542778,38,3,0,0,0,1,0
121740,12,FLORIDA,FL,1,1,0,1,111,2601,GRAHAM,9,2,February,2010,3,Tuesday,19,0,0,15,6,99998,27.25566944,-80.29806389,1,3,0,0,0,1,0
121741,12,FLORIDA,FL,1,1,1,2,71,457,BRIDGEPORT,23,9,September,2010,5,Thursday,0,52,0,16,6,0,26.56858333,-81.96660278,8,2,0,0,0,1,0
121742,12,FLORIDA,FL,1,1,0,1,11,1050,BULLOCK,17,10,October,2010,1,Sunday,10,30,1,11,1,99998,26.12918333,-80.16924167,24,1,0,0,0,1,0
121743,12,FLORIDA,FL,1,1,0,1,131,0,ARLINGTON,17,10,October,2010,1,Sunday,20,0,1,13,2,99998,30.37516944,-86.35975833,33,2,0,0,0,1,1
121744,12,FLORIDA,FL,1,1,0,2,13,0,BOLLING,19,10,October,2010,3,Tuesday,13,55,0,3,3,99998,30.23508056,-85.20813611,34,1,0,0,0,1,1
121745,12,FLORIDA,FL,2,2,0,2,49,0,COLLINSVILLE,19,10,October,2010,3,Tuesday,12,0,1,2,2,99998,27.45364722,-81.79719444,12,1,0,0,0,1,1
121746,12,FLORIDA,FL,1,1,0,1,1,0,AUTAUGA,20,10,October,2010,4,Wednesday,20,57,0,6,4,0,29.63088333,-82.52376111,11,2,0,0,0,1,0
121747,12,FLORIDA,FL,2,2,0,6,71,0,BRIDGEPORT,2,10,October,2010,7,Saturday,22,11,0,3,3,99998,26.56637222,-81.67833889,12,2,0,0,0,1,1
121748,12,FLORIDA,FL,2,2,0,5,93,0,BEAR CREEK,13,10,October,2010,4,Wednesday,20,24,0,2,2,99998,27.61088056,-80.85476111,12,2,0,0,0,2,0
121749,12,FLORIDA,FL,1,1,0,1,95,0,ALBERTVILLE,14,10,October,2010,5,Thursday,6,29,0,2,3,99998,28.50710556,-81.05578611,38,2,0,0,0,1,0
121750,12,FLORIDA,FL,3,1,1,2,86,0,AVENTURA,1,10,October,2010,6,Friday,7,52,0,6,4,0,25.76355278,-80.26575000,8,1,0,0,0,1,1
121751,12,FLORIDA,FL,1,1,0,1,95,2290,ALBERTVILLE,2,10,October,2010,7,Saturday,15,29,0,16,6,0,28.60917778,-81.51608611,24,1,0,0,0,1,1
121752,12,FLORIDA,FL,1,1,0,1,57,2950,BANKSTON,3,10,October,2010,1,Sunday,15,22,0,16,6,0,28.00133333,-82.48323889,1,1,0,0,0,1,0
121753,12,FLORIDA,FL,1,1,1,1,57,0,BANKSTON,8,10,October,2010,6,Friday,22,50,0,6,4,0,27.71324167,-82.43684722,8,2,0,0,0,1,0
121754,12,FLORIDA,FL,3,3,0,4,57,0,BANKSTON,11,10,October,2010,2,Monday,7,59,0,6,4,0,28.02154444,-82.30251667,12,1,0,0,0,1,0
121755,12,FLORIDA,FL,2,2,0,2,57,0,BANKSTON,12,10,October,2010,3,Tuesday,1,36,0,13,2,99998,27.82205833,-82.33100556,12,2,0,0,0,1,1
121757,12,FLORIDA,FL,2,2,0,4,99,0,BEATRICE,10,10,October,2010,1,Sunday,1,55,0,13,4,99998,26.81183056,-80.25833889,12,2,0,0,0,1,1
121758,12,FLORIDA,FL,1,1,0,5,86,2220,AVENTURA,11,10,October,2010,2,Monday,16,15,0,16,6,0,25.89179444,-80.19339444,42,1,0,0,0,1,0
121759,12,FLORIDA,FL,2,2,0,6,105,0,MARION,28,9,September,2010,3,Tuesday,7,55,0,6,4,0,27.85080278,-82.02115833,12,1,0,0,0,1,0
121760,12,FLORIDA,FL,2,2,0,3,105,1670,MARION,11,10,October,2010,2,Monday,13,30,0,16,6,0,28.04064444,-81.61191389,12,1,0,0,0,1,1
121761,12,FLORIDA,FL,1,1,1,1,11,2916,BULLOCK,16,10,October,2010,7,Saturday,3,18,0,12,6,99998,26.16869167,-80.30978333,8,2,0,0,0,1,0
121763,12,FLORIDA,FL,1,1,0,2,81,0,AUBURN,20,10,October,2010,4,Wednesday,20,52,1,11,1,99998,27.50686389,-82.49127500,1,2,0,0,0,1,0
121764,12,FLORIDA,FL,1,1,1,1,86,0,AVENTURA,7,9,September,2010,3,Tuesday,3,17,0,13,3,99998,25.78259444,-80.23951389,8,3,0,0,0,1,0
121765,12,FLORIDA,FL,1,1,0,8,1,1130,AUTAUGA,16,10,October,2010,7,Saturday,0,53,1,13,3,99998,29.60781111,-82.36522222,42,3,0,0,0,1,1
121766,12,FLORIDA,FL,1,1,1,1,49,320,COLLINSVILLE,16,4,April,2010,6,Friday,20,57,1,13,2,99998,27.63113889,-81.82499167,8,2,0,0,0,1,0
121767,12,FLORIDA,FL,2,2,0,2,83,0,ARDMORE,4,1,January,2010,2,Monday,16,33,0,13,3,99998,29.21546667,-82.05963056,12,1,0,0,0,1,0
121769,12,FLORIDA,FL,5,5,0,11,57,2950,BANKSTON,26,9,September,2010,1,Sunday,10,18,0,16,6,0,27.95945833,-82.50142222,12,1,0,0,0,1,0
121770,12,FLORIDA,FL,2,2,0,17,11,1420,BULLOCK,9,10,October,2010,7,Saturday,7,15,0,13,2,99998,26.02208889,-80.14326111,12,1,0,0,0,1,1
121771,12,FLORIDA,FL,4,4,0,5,101,0,BOYLSTON,13,10,October,2010,4,Wednesday,13,4,1,13,2,99998,28.20177500,-82.73967222,12,1,0,0,0,1,0
121772,12,FLORIDA,FL,1,1,0,2,35,0,BROOKLYN,15,10,October,2010,6,Friday,14,33,0,6,4,0,29.40371667,-81.15730278,1,1,0,0,0,1,0
121773,12,FLORIDA,FL,1,1,1,2,86,0,AVENTURA,18,10,October,2010,2,Monday,5,44,1,13,2,99998,25.55890833,-80.38911111,8,3,0,0,0,1,0
121774,12,FLORIDA,FL,1,1,0,2,89,430,BROWNSBORO,19,10,October,2010,3,Tuesday,16,10,1,2,2,99998,30.54458889,-81.84869722,42,1,0,0,0,1,0
121776,12,FLORIDA,FL,2,2,0,2,83,0,ARDMORE,23,10,October,2010,7,Saturday,12,45,0,6,4,0,29.26666667,-82.11186667,12,1,0,0,0,1,1
121777,12,FLORIDA,FL,1,1,0,1,95,0,ALBERTVILLE,24,10,October,2010,1,Sunday,2,52,0,6,4,0,28.54393056,-81.19682778,33,3,0,0,0,1,1
121778,12,FLORIDA,FL,3,3,0,4,21,0,CHILTON,24,10,October,2010,1,Sunday,14,0,0,6,4,0,26.18222778,-81.68710278,12,1,0,0,0,1,1
121779,12,FLORIDA,FL,1,1,0,2,83,0,ARDMORE,24,10,October,2010,1,Sunday,1,38,0,6,4,0,29.24083333,-81.87516111,42,2,0,0,0,1,0
121780,12,FLORIDA,FL,1,1,1,1,113,0,COTTONTON,25,10,October,2010,2,Monday,20,17,1,13,2,99998,30.40030556,-86.99610556,8,3,0,0,0,1,1
121781,12,FLORIDA,FL,5,5,0,8,101,0,BOYLSTON,26,10,October,2010,3,Tuesday,16,58,0,6,4,0,28.27375556,-82.67433333,12,1,0,0,0,2,0
121782,12,FLORIDA,FL,1,1,0,1,49,0,COLLINSVILLE,27,10,October,2010,4,Wednesday,0,30,0,2,3,99998,27.48556667,-82.01385556,35,2,0,0,0,1,0
121783,12,FLORIDA,FL,1,1,0,1,103,0,DANVILLE,4,10,October,2010,2,Monday,23,6,1,11,1,99998,27.79627222,-82.66151944,24,3,0,0,0,1,0
121785,12,FLORIDA,FL,1,1,0,1,99,2674,BEATRICE,4,10,October,2010,2,Monday,7,30,0,15,6,99998,26.72188611,-80.22731111,1,1,0,0,0,1,0
121786,12,FLORIDA,FL,2,2,0,2,127,825,BURNWELL,8,10,October,2010,6,Friday,16,30,0,6,4,0,28.94693333,-81.20267500,12,1,0,0,0,1,0
121787,12,FLORIDA,FL,1,1,1,1,95,0,ALBERTVILLE,25,10,October,2010,2,Monday,20,34,0,14,3,99998,28.57749722,-81.47669722,8,3,0,0,0,1,0
121788,12,FLORIDA,FL,2,2,0,3,101,0,BOYLSTON,28,10,October,2010,5,Thursday,10,48,1,13,2,99998,28.18970000,-82.46631944,12,1,0,0,0,1,0
121789,12,FLORIDA,FL,2,2,0,3,31,1510,COFFEE,8,10,October,2010,6,Friday,9,14,0,13,2,99998,30.28691944,-81.53446111,12,1,0,0,0,1,1
121790,12,FLORIDA,FL,1,1,0,1,86,0,AVENTURA,17,8,August,2010,3,Tuesday,0,38,1,12,3,99998,25.72355556,-80.31859444,25,3,0,0,0,1,1
121791,12,FLORIDA,FL,2,2,0,3,9,3000,BLOUNT,3,9,September,2010,6,Friday,13,0,0,13,3,99998,28.61536111,-80.81603333,12,1,0,0,0,1,0
121792,12,FLORIDA,FL,2,2,0,2,127,780,BURNWELL,10,9,September,2010,6,Friday,20,49,0,13,3,99998,29.22832778,-81.00887500,12,3,0,0,0,1,0
121793,12,FLORIDA,FL,1,1,0,1,105,0,MARION,18,9,September,2010,7,Saturday,14,20,0,6,4,0,27.96952778,-81.73397222,43,1,0,0,0,1,0
121794,12,FLORIDA,FL,1,1,0,1,21,0,CHILTON,2,11,November,2010,3,Tuesday,21,4,0,6,4,0,26.03160000,-81.67394722,33,3,0,0,0,1,0
121795,12,FLORIDA,FL,2,2,0,7,95,2360,ALBERTVILLE,2,10,October,2010,7,Saturday,1,12,0,13,3,99998,28.50560833,-81.31035000,12,3,0,0,0,1,1
121796,12,FLORIDA,FL,2,2,0,2,127,2375,BURNWELL,7,10,October,2010,5,Thursday,2,54,0,13,3,99998,29.27096667,-81.08119444,12,3,0,0,0,1,1
121797,12,FLORIDA,FL,1,1,1,1,31,1510,COFFEE,10,9,September,2010,6,Friday,6,0,0,14,3,99998,30.39493889,-81.43585556,9,3,0,0,0,1,0
121798,12,FLORIDA,FL,1,1,0,2,69,580,ASHFORD,10,10,October,2010,1,Sunday,1,53,0,16,6,0,28.54342222,-81.74874444,59,3,0,0,0,1,1
121799,12,FLORIDA,FL,1,1,1,1,115,2780,ASHVILLE,27,8,August,2010,6,Friday,16,19,0,13,2,99998,27.37074722,-82.55291111,8,1,0,0,0,1,0
121800,12,FLORIDA,FL,1,1,1,1,86,0,AVENTURA,12,10,October,2010,3,Tuesday,19,49,0,14,2,99998,25.87457778,-80.21015000,8,3,0,0,0,1,0
121801,12,FLORIDA,FL,1,1,1,1,31,1510,COFFEE,15,10,October,2010,6,Friday,16,48,0,13,2,99998,30.35472222,-81.65386389,9,1,0,1,0,1,0
121802,12,FLORIDA,FL,1,1,1,1,109,2690,ANSLEY,16,10,October,2010,7,Saturday,3,36,0,13,2,99998,29.92525000,-81.32591944,8,3,0,0,0,1,0
121803,12,FLORIDA,FL,2,2,0,6,11,2468,BULLOCK,17,10,October,2010,1,Sunday,11,14,0,13,3,99998,26.00759444,-80.27981944,12,1,0,0,0,1,0
121804,12,FLORIDA,FL,3,3,0,7,97,0,AXIS,22,10,October,2010,6,Friday,20,17,1,2,3,99998,27.79850278,-81.16982500,12,2,0,0,0,1,0
121805,12,FLORIDA,FL,2,2,0,2,57,0,BANKSTON,23,10,October,2010,7,Saturday,19,10,0,6,4,0,27.96743056,-82.25284167,12,5,0,0,0,1,1
121806,12,FLORIDA,FL,2,2,0,3,85,1405,BENTON,25,10,October,2010,2,Monday,12,46,0,13,2,99998,27.10603889,-80.16663611,12,1,0,0,0,1,0
121807,12,FLORIDA,FL,1,1,0,1,53,0,ATMORE,25,10,October,2010,2,Monday,6,30,0,6,4,0,28.58467222,-82.50045833,59,2,0,0,0,1,0
121808,12,FLORIDA,FL,1,1,0,1,95,0,ALBERTVILLE,26,10,October,2010,3,Tuesday,18,0,0,2,3,99998,28.54351389,-80.94084722,1,2,0,0,0,1,1
121809,12,FLORIDA,FL,2,2,0,3,53,0,ATMORE,27,10,October,2010,4,Wednesday,5,53,0,6,4,0,28.43395278,-82.60237222,12,3,0,0,0,1,0
121810,12,FLORIDA,FL,1,1,0,1,89,1010,BROWNSBORO,28,10,October,2010,5,Thursday,16,43,0,16,6,0,30.59681111,-81.45956944,42,1,0,0,0,1,0
121811,12,FLORIDA,FL,2,2,0,2,113,0,COTTONTON,29,10,October,2010,6,Friday,21,28,0,14,2,99998,30.59434722,-87.17247500,12,2,0,0,0,1,1
121812,12,FLORIDA,FL,2,2,0,4,95,0,ALBERTVILLE,29,10,October,2010,6,Friday,20,57,0,13,3,99998,28.54809167,-81.31058889,12,3,0,0,0,1,1
121813,12,FLORIDA,FL,2,2,0,2,115,0,ASHVILLE,30,10,October,2010,7,Saturday,19,2,0,3,3,99998,27.24260278,-82.33211944,11,2,0,0,0,1,0
121814,12,FLORIDA,FL,1,1,1,2,127,0,BURNWELL,30,10,October,2010,7,Saturday,19,30,0,13,2,99998,29.07654722,-81.31167778,8,2,0,0,0,1,0
121815,12,FLORIDA,FL,1,1,1,2,86,1440,AVENTURA,3,10,October,2010,1,Sunday,4,0,1,13,2,99998,25.47721111,-80.46503056,9,3,0,0,0,1,1
121816,12,FLORIDA,FL,2,2,0,3,86,1440,AVENTURA,6,10,October,2010,4,Wednesday,18,11,0,16,6,0,25.46263056,-80.43624167,12,1,0,0,0,1,1
121817,12,FLORIDA,FL,1,1,0,1,95,2360,ALBERTVILLE,26,10,October,2010,3,Tuesday,1,5,0,16,6,0,28.54280000,-81.40373889,42,3,0,0,0,1,1
121818,12,FLORIDA,FL,2,2,0,3,86,0,AVENTURA,9,10,October,2010,7,Saturday,0,20,0,6,4,0,25.66966389,-80.44819167,12,3,0,0,0,1,0
121819,12,FLORIDA,FL,1,1,0,5,99,0,BEATRICE,16,10,October,2010,7,Saturday,22,28,0,6,4,0,26.68865556,-80.28239444,30,2,0,0,0,1,1
121820,12,FLORIDA,FL,1,1,1,1,81,340,AUBURN,23,10,October,2010,7,Saturday,21,28,0,13,3,99998,27.49846111,-82.51563611,8,2,0,0,0,1,0
121821,12,FLORIDA,FL,1,1,1,2,53,0,ATMORE,25,10,October,2010,2,Monday,21,37,1,13,2,99998,28.49157222,-82.59884722,8,3,0,0,0,1,1
121822,12,FLORIDA,FL,1,1,0,1,57,0,BANKSTON,29,10,October,2010,6,Friday,18,56,1,11,1,99998,27.99400278,-82.32623333,38,5,0,0,0,1,0
121823,12,FLORIDA,FL,1,1,1,1,57,2950,BANKSTON,29,10,October,2010,6,Friday,19,18,0,16,6,0,27.96437500,-82.39146389,8,3,0,0,0,1,0
121824,12,FLORIDA,FL,1,1,0,1,61,0,BELLWOOD,30,10,October,2010,7,Saturday,14,22,1,2,3,99998,27.64749444,-80.77820000,32,1,0,0,0,1,0
121825,12,FLORIDA,FL,2,2,1,2,31,1510,COFFEE,31,10,October,2010,1,Sunday,2,15,1,11,1,99998,30.43202500,-81.72871111,12,2,0,0,0,1,0
121826,12,FLORIDA,FL,1,1,1,1,115,0,ASHVILLE,31,10,October,2010,1,Sunday,1,40,1,1,1,99998,27.10922500,-82.37298056,8,2,0,0,0,1,0
121827,12,FLORIDA,FL,4,4,0,4,101,0,BOYLSTON,1,11,November,2010,2,Monday,7,15,0,13,3,99998,28.19821389,-82.64473333,12,2,0,0,0,1,0