ST_CASE,STATE,State Name,State Abbreviation,# of Vehicle involved,VE_FORMS,Pedestrains,Total_Persons_in_accident,COUNTY,CITY,City_County_Name,Calendar_DAY,MONTH,Month_name,YEAR,DAY_WEEK,Day_Week_desc,HOUR,MINUTE,NHS_Desc,trafficway,Route,MILEPT,LATITUDE,LONGITUD,First_Crash_event,Light_cond_desc,Weather_condition,School_bus_involved,Crash_cause,FATALS,DRUNK_DR
130099,13,GEORGIA,GA,1,1,1,1,269,0,BUTLER,17,2,February,2010,4,Wednesday,21,36,0,2,3,80,99.99990000,999.99990000,8,2,0,0,0,1,0
130100,13,GEORGIA,GA,2,2,0,4,15,980,ANNISTON,18,2,February,2010,5,Thursday,14,55,0,13,3,122,34.22863889,-84.78514167,12,1,0,0,0,1,0
130101,13,GEORGIA,GA,2,2,0,6,315,0,ABBEVILLE,18,2,February,2010,5,Thursday,15,58,0,3,3,112,31.95562222,-83.43560556,12,1,0,0,0,5,0
130102,13,GEORGIA,GA,1,1,0,1,51,4910,CENTRAL,21,2,February,2010,1,Sunday,15,24,0,14,6,29,32.06285000,-81.10270000,42,1,0,0,0,1,0
130103,13,GEORGIA,GA,1,1,0,2,135,800,ASH FLAT,21,2,February,2010,1,Sunday,1,50,1,2,1,72,34.12908889,-83.96236944,42,2,0,0,0,2,0
130104,13,GEORGIA,GA,1,1,1,1,121,5640,BON AIR,22,2,February,2010,2,Monday,21,18,0,14,3,26,33.57030833,-84.55048056,8,2,0,0,0,1,0
130105,13,GEORGIA,GA,1,1,1,1,59,270,FRANKLIN,6,3,March,2010,7,Saturday,6,26,0,14,3,56,33.98660556,-83.42058333,9,2,0,0,0,1,0
130106,13,GEORGIA,GA,2,2,1,3,95,0,ALBERTVILLE,4,3,March,2010,5,Thursday,16,59,0,14,3,154,31.61660556,-84.13883611,8,1,0,0,0,1,0
130107,13,GEORGIA,GA,2,2,0,3,135,0,ASH FLAT,6,3,March,2010,7,Saturday,22,36,0,14,3,55,33.97835000,-84.09980556,12,2,0,0,0,1,0
130108,13,GEORGIA,GA,1,1,0,1,59,270,FRANKLIN,8,3,March,2010,2,Monday,1,18,0,15,4,3,33.92133611,-83.34782222,33,2,0,0,0,1,0
130109,13,GEORGIA,GA,2,2,0,4,63,0,BOLIGEE,27,2,February,2010,7,Saturday,0,39,0,13,3,5,33.48988889,-84.38935556,12,3,0,0,0,1,0
130110,13,GEORGIA,GA,2,2,0,5,39,3010,ANDALUSIA,22,2,February,2010,2,Monday,14,19,1,13,3,175,99.99990000,999.99990000,12,1,0,0,0,1,0
130111,13,GEORGIA,GA,2,2,0,3,215,1280,BIBB CITY,30,1,January,2010,7,Saturday,20,14,0,14,6,13,32.48017222,-84.89884722,12,3,0,0,0,1,0
130112,13,GEORGIA,GA,1,1,0,1,255,0,EAST GRIFFIN,1,2,February,2010,2,Monday,14,30,0,6,4,5,33.26513889,-84.41624167,1,1,0,0,0,1,0
130113,13,GEORGIA,GA,1,1,0,1,33,0,CHEROKEE,2,2,February,2010,3,Tuesday,0,1,0,4,4,78,33.12795556,-82.07211944,34,2,0,0,0,1,0
130114,13,GEORGIA,GA,2,2,0,5,179,0,ALLENHURST,2,2,February,2010,3,Tuesday,17,40,0,3,3,94,31.65469722,-81.39525833,12,1,0,0,0,2,0
130115,13,GEORGIA,GA,1,1,0,1,69,0,ASHFORD,3,2,February,2010,4,Wednesday,8,36,0,5,4,57,31.51363611,-83.04717778,32,1,0,0,0,1,0
130116,13,GEORGIA,GA,2,2,0,5,129,0,BIGBEE,3,2,February,2010,4,Wednesday,14,56,0,3,3,35,34.43871667,-85.00016944,12,1,0,0,0,1,0
130117,13,GEORGIA,GA,1,1,0,2,155,0,IRWIN,3,2,February,2010,4,Wednesday,13,25,0,3,3,245,99.99990000,999.99990000,42,1,0,0,0,1,0
130118,13,GEORGIA,GA,2,2,0,4,15,2010,ANNISTON,5,2,February,2010,6,Friday,1,44,1,11,1,87,34.14269444,-84.73883611,24,2,0,0,0,1,1
130119,13,GEORGIA,GA,3,3,2,3,57,0,BANKSTON,5,2,February,2010,6,Friday,18,30,1,1,1,22,34.10679444,-84.53262778,12,3,0,0,0,1,0
130120,13,GEORGIA,GA,2,2,0,4,161,2630,DENTON,5,2,February,2010,6,Friday,14,39,0,2,6,127,31.87733889,-82.59686667,12,1,0,0,0,1,0
130121,13,GEORGIA,GA,2,2,0,3,45,0,ARITON,7,2,February,2010,1,Sunday,20,41,1,13,3,152,33.62316111,-85.10018333,12,2,0,0,0,2,0
130122,13,GEORGIA,GA,1,1,0,3,277,0,BROOKFIELD,7,2,February,2010,1,Sunday,10,57,0,5,4,8,31.43051111,-83.50240278,10,1,0,0,0,2,0
130123,13,GEORGIA,GA,2,2,0,3,95,90,ALBERTVILLE,8,2,February,2010,2,Monday,13,17,0,12,3,61,31.59657500,-84.13970556,1,1,0,0,0,1,0
130124,13,GEORGIA,GA,2,2,0,5,215,1280,BIBB CITY,8,2,February,2010,2,Monday,9,53,0,13,6,114,32.51956944,-84.87710833,12,1,0,0,0,1,0
130125,13,GEORGIA,GA,2,2,0,3,217,0,COVINGTON,8,2,February,2010,2,Monday,10,19,0,14,3,123,33.55048056,-83.84686111,12,1,0,0,0,1,0
130126,13,GEORGIA,GA,2,2,1,1,217,1380,COVINGTON,8,2,February,2010,2,Monday,11,2,0,14,3,124,33.55176667,-83.84737778,12,1,0,0,0,1,0
130127,13,GEORGIA,GA,1,1,0,1,45,0,ARITON,12,2,February,2010,6,Friday,17,31,0,4,4,32,33.49216111,-85.18490833,21,1,0,0,0,1,0
130128,13,GEORGIA,GA,1,1,0,1,77,0,ANDERSON,12,2,February,2010,6,Friday,16,55,0,14,4,2,33.49386111,-84.61811667,35,1,0,0,0,1,0
130129,13,GEORGIA,GA,2,2,0,6,159,3730,FARRAR,12,2,February,2010,6,Friday,18,31,0,3,3,159,33.32934444,-83.66316389,12,1,0,0,0,1,0
130130,13,GEORGIA,GA,2,2,0,3,297,0,BETWEEN,12,2,February,2010,6,Friday,19,2,0,3,3,2,33.71850278,-83.69614444,12,2,0,0,0,2,0
130131,13,GEORGIA,GA,2,2,0,4,45,0,ARITON,13,2,February,2010,7,Saturday,10,30,0,9,3,202,99.99990000,999.99990000,12,1,0,0,0,1,0
130132,13,GEORGIA,GA,1,1,0,2,301,0,BARNETT,13,2,February,2010,7,Saturday,6,10,1,1,1,109,99.99990000,999.99990000,34,2,0,0,0,1,0
130133,13,GEORGIA,GA,2,2,0,3,303,0,DAVISBORO,16,2,February,2010,3,Tuesday,10,28,0,4,4,140,33.05318889,-83.12371667,12,1,0,0,0,1,0
130134,13,GEORGIA,GA,1,1,0,2,77,0,ANDERSON,17,2,February,2010,4,Wednesday,11,23,0,5,4,11,33.26686111,-84.58618611,34,1,0,0,0,1,1
130135,13,GEORGIA,GA,1,1,0,2,21,3390,CHILTON,19,2,February,2010,6,Friday,23,37,0,14,3,102,32.81429444,-83.66290556,33,3,0,0,0,2,1
130136,13,GEORGIA,GA,1,1,0,1,295,0,BLOWING SPRINGS,19,2,February,2010,6,Friday,14,55,0,4,3,59,34.65801111,-85.31879444,34,1,0,0,0,1,0
130137,13,GEORGIA,GA,1,1,0,1,311,0,CLEVELAND,19,2,February,2010,6,Friday,2,12,0,3,3,28,34.54705833,-83.80328056,34,2,0,0,0,1,1
130138,13,GEORGIA,GA,2,2,0,5,31,5170,COFFEE,20,2,February,2010,7,Saturday,19,9,0,2,3,83,32.37662778,-81.84213611,12,1,0,0,0,3,0
130139,13,GEORGIA,GA,3,3,0,4,115,0,ASHVILLE,20,2,February,2010,7,Saturday,15,7,0,13,3,168,34.30550833,-85.17419167,12,1,0,0,0,1,0
130140,13,GEORGIA,GA,2,2,0,2,193,3720,IDEAL,21,2,February,2010,1,Sunday,16,15,0,4,3,63,32.43342500,-84.07111944,12,1,0,0,0,1,0
130141,13,GEORGIA,GA,2,2,0,2,45,970,ARITON,22,2,February,2010,2,Monday,21,0,0,16,4,24,99.99990000,999.99990000,12,2,0,0,0,1,0
130142,13,GEORGIA,GA,1,1,0,2,175,0,CADWELL,22,2,February,2010,2,Monday,20,10,0,6,4,99999,99.99990000,999.99990000,59,2,0,0,0,1,1
130143,13,GEORGIA,GA,1,1,0,1,297,0,BETWEEN,22,2,February,2010,2,Monday,20,16,0,5,4,0,33.87167222,-83.71987778,35,2,0,0,0,1,1
130144,13,GEORGIA,GA,1,1,0,1,179,0,ALLENHURST,23,2,February,2010,3,Tuesday,1,23,0,6,4,99999,31.83597500,-81.38028056,32,2,0,0,0,1,1
130145,13,GEORGIA,GA,3,2,0,3,247,0,CONYERS,23,2,February,2010,3,Tuesday,19,21,0,14,3,18,33.63054722,-83.97867778,12,3,0,0,0,1,0
130146,13,GEORGIA,GA,1,1,1,3,321,0,BRIDGEBORO,23,2,February,2010,3,Tuesday,19,18,0,2,3,7,31.55077222,-83.96896667,8,2,0,0,0,1,0
130147,13,GEORGIA,GA,2,2,0,2,33,3580,CHEROKEE,24,2,February,2010,4,Wednesday,16,52,0,4,3,69,32.92030000,-82.24149722,12,1,0,0,0,1,0
130148,13,GEORGIA,GA,1,1,1,1,63,0,BOLIGEE,24,2,February,2010,4,Wednesday,6,54,0,13,3,19,33.54320833,-84.41615556,8,2,0,0,0,1,0
130149,13,GEORGIA,GA,2,2,0,3,291,0,BLAIRSVILLE,25,2,February,2010,5,Thursday,19,28,0,2,3,63,34.86064444,-84.00622778,12,5,0,0,0,1,0
130150,13,GEORGIA,GA,2,2,0,2,75,40,BEAVERTON,27,2,February,2010,7,Saturday,10,29,0,3,3,40,31.15023611,-83.47363056,12,1,0,0,0,1,0
130151,13,GEORGIA,GA,2,2,0,2,175,0,CADWELL,28,2,February,2010,1,Sunday,18,25,1,2,2,129,32.36550000,-82.93016944,12,1,0,0,0,1,0
130152,13,GEORGIA,GA,1,1,0,2,115,4760,ASHVILLE,1,3,March,2010,2,Monday,14,21,0,19,6,99999,34.29415556,-85.21835556,5,1,0,0,0,1,0
130153,13,GEORGIA,GA,2,2,0,3,151,0,FLIPPEN,1,3,March,2010,2,Monday,19,16,0,9,4,5,33.54807500,-84.28941667,12,2,0,0,0,1,0
130154,13,GEORGIA,GA,1,1,1,1,89,0,BROWNSBORO,2,3,March,2010,3,Tuesday,1,44,0,13,3,25,33.85234722,-84.31825833,8,3,0,0,0,1,0
130155,13,GEORGIA,GA,1,1,0,2,89,280,BROWNSBORO,6,3,March,2010,7,Saturday,2,43,0,15,4,15,33.72287500,-84.32794444,53,3,0,0,0,2,1
130156,13,GEORGIA,GA,2,2,0,4,319,108,ALLENTOWN,6,3,March,2010,7,Saturday,9,25,0,3,3,7,32.59071944,-83.22776667,12,1,0,0,0,1,0
130157,13,GEORGIA,GA,1,1,0,1,119,0,BELLAMY,7,3,March,2010,1,Sunday,19,5,0,4,4,27,34.27111944,-83.28327778,35,2,0,0,0,1,0
130158,13,GEORGIA,GA,2,2,0,3,63,0,BOLIGEE,8,3,March,2010,2,Monday,7,45,0,4,4,99999,99.99990000,999.99990000,12,1,0,0,0,1,0
130159,13,GEORGIA,GA,2,2,0,3,135,5080,ASH FLAT,10,3,March,2010,4,Wednesday,16,53,0,13,3,34,33.83668333,-84.07169444,12,1,0,0,0,1,0
130160,13,GEORGIA,GA,2,2,0,4,223,0,BRASWELL,10,3,March,2010,4,Wednesday,19,27,0,14,3,132,33.96839444,-84.73960833,12,2,0,0,0,1,0
130161,13,GEORGIA,GA,3,3,0,5,51,4910,CENTRAL,11,3,March,2010,5,Thursday,11,29,0,13,3,60,32.11945556,-81.18937222,12,1,0,0,0,1,0
130162,13,GEORGIA,GA,2,2,1,1,89,0,BROWNSBORO,11,3,March,2010,5,Thursday,3,50,1,11,1,166,33.70018889,-84.08838889,12,2,0,0,0,1,0
130163,13,GEORGIA,GA,2,2,0,3,121,280,BON AIR,11,3,March,2010,5,Thursday,5,48,1,11,1,41,33.70597222,-84.40268056,12,3,10,0,0,1,0
130164,13,GEORGIA,GA,1,1,1,1,215,1280,BIBB CITY,11,3,March,2010,5,Thursday,17,50,0,16,6,3,32.48741111,-84.98293889,15,1,0,0,0,1,0
130165,13,GEORGIA,GA,1,1,1,2,89,0,BROWNSBORO,12,3,March,2010,6,Friday,19,47,0,14,4,57,33.73706389,-84.22853056,8,2,0,0,0,1,0
130166,13,GEORGIA,GA,1,1,0,1,171,0,ALDORA,12,3,March,2010,6,Friday,22,20,0,4,4,99999,99.99990000,999.99990000,35,2,0,0,0,1,0
130167,13,GEORGIA,GA,1,1,1,3,51,2290,CENTRAL,13,3,March,2010,7,Saturday,23,48,0,13,3,78,32.04220556,-81.19003889,8,2,0,0,0,1,0
130168,13,GEORGIA,GA,2,2,0,3,37,0,BRADFORD,15,3,March,2010,2,Monday,11,50,0,3,3,79,31.46377500,-84.59841667,12,1,0,0,0,1,0
130169,13,GEORGIA,GA,1,1,0,2,59,590,FRANKLIN,15,3,March,2010,2,Monday,20,39,0,16,6,3,33.94711667,-83.52233611,32,2,0,0,0,1,1
130170,13,GEORGIA,GA,1,1,0,1,117,0,BIRMINGHAM,15,3,March,2010,2,Monday,23,59,0,16,4,18,34.24386111,-84.13544722,42,2,0,0,0,1,0
130171,13,GEORGIA,GA,2,2,1,2,63,0,BOLIGEE,16,3,March,2010,3,Tuesday,22,38,0,14,3,1,33.55627222,-84.44714167,8,6,0,0,0,1,0
130172,13,GEORGIA,GA,2,2,0,4,89,0,BROWNSBORO,16,3,March,2010,3,Tuesday,8,45,0,16,4,99999,33.76486111,-84.16467222,12,1,0,0,0,1,0
130173,13,GEORGIA,GA,2,2,0,7,119,0,BELLAMY,16,3,March,2010,3,Tuesday,19,41,0,4,3,74,34.32630278,-83.27426389,12,5,0,0,0,1,0
130174,13,GEORGIA,GA,1,1,0,1,15,0,ANNISTON,17,3,March,2010,4,Wednesday,18,0,0,3,3,2,34.36901667,-85.00330278,30,1,0,0,0,1,0
130175,13,GEORGIA,GA,3,3,0,4,321,0,BRIDGEBORO,18,3,March,2010,5,Thursday,7,19,1,2,3,99999,31.50725278,-83.73412500,12,1,0,0,0,1,0
130176,13,GEORGIA,GA,1,1,0,1,231,0,CONCORD,19,3,March,2010,6,Friday,21,0,0,4,4,15,33.17159444,-84.49357500,42,2,0,0,0,1,1
130177,13,GEORGIA,GA,1,1,0,1,71,0,BRIDGEPORT,20,3,March,2010,7,Saturday,15,50,0,5,4,22,31.26989444,-83.57801944,34,1,0,0,0,1,1
130178,13,GEORGIA,GA,2,2,1,2,135,1810,ASH FLAT,20,3,March,2010,7,Saturday,12,8,1,11,1,82,33.96126667,-84.11122222,8,1,0,0,0,1,0
130179,13,GEORGIA,GA,2,2,0,2,57,390,BANKSTON,23,3,March,2010,3,Tuesday,14,59,0,4,3,126,34.32508056,-84.35714722,12,1,0,0,0,1,0
130180,13,GEORGIA,GA,1,1,0,1,153,4340,BONAIRE,23,3,March,2010,3,Tuesday,16,34,0,3,3,176,32.48600000,-83.78849722,1,1,0,0,0,1,0
130181,13,GEORGIA,GA,2,2,0,5,199,3420,ALVATON,23,3,March,2010,3,Tuesday,15,36,0,6,6,11,32.84921667,-84.60957500,12,1,0,0,0,1,0
130182,13,GEORGIA,GA,2,2,0,2,121,280,BON AIR,24,3,March,2010,4,Wednesday,23,28,1,11,1,65,33.74716389,-84.43261389,12,3,0,0,0,1,0
130183,13,GEORGIA,GA,2,2,0,3,247,0,CONYERS,25,3,March,2010,5,Thursday,7,28,0,15,4,2,33.67838889,-84.05791944,12,1,0,0,0,2,0
130184,13,GEORGIA,GA,1,1,1,1,121,280,BON AIR,26,3,March,2010,6,Friday,2,40,1,11,1,99,33.78100278,-84.39062222,8,3,0,0,0,1,0
130185,13,GEORGIA,GA,1,1,0,3,121,0,BON AIR,27,3,March,2010,7,Saturday,22,20,0,14,3,74,34.17083611,-84.32996111,42,2,0,0,0,2,0
130186,13,GEORGIA,GA,2,2,1,3,135,3990,ASH FLAT,27,3,March,2010,7,Saturday,1,8,0,14,3,33,33.93430000,-84.25700556,8,2,0,0,0,1,0
130187,13,GEORGIA,GA,2,2,3,1,145,0,BALD KNOB,27,3,March,2010,7,Saturday,3,35,1,1,1,74,99.99990000,999.99990000,12,2,0,0,0,2,0
130188,13,GEORGIA,GA,1,1,0,1,201,0,ANNETTE,28,3,March,2010,1,Sunday,20,24,0,4,3,3,31.07028611,-84.79248056,35,1,0,0,0,1,0
130189,13,GEORGIA,GA,1,1,0,1,47,2210,BROWNS,29,3,March,2010,2,Monday,13,9,0,14,6,13,34.94086389,-85.24487222,42,1,0,0,0,1,1
130190,13,GEORGIA,GA,1,1,1,1,121,2060,BON AIR,29,3,March,2010,2,Monday,21,36,0,13,3,58,33.55337778,-84.59807500,8,2,0,0,0,1,1
130191,13,GEORGIA,GA,2,2,0,4,179,0,ALLENHURST,29,3,March,2010,2,Monday,18,45,0,14,3,78,31.87868611,-81.39536667,12,1,0,0,0,1,0
130192,13,GEORGIA,GA,2,2,0,2,245,310,AUGUSTA,29,3,March,2010,2,Monday,19,18,0,14,6,5,33.47571389,-81.99643889,12,1,0,0,0,1,0
130193,13,GEORGIA,GA,1,1,1,1,17,0,CHAMBERS,31,3,March,2010,4,Wednesday,20,17,0,14,3,62,99.99990000,999.99990000,15,2,0,0,0,1,0
130194,13,GEORGIA,GA,2,2,0,3,107,0,CARROLLTON,2,3,March,2010,3,Tuesday,16,30,1,2,2,257,32.62119444,-82.37720556,12,1,0,0,0,2,0
130195,13,GEORGIA,GA,4,4,0,4,63,0,BOLIGEE,3,3,March,2010,4,Wednesday,19,51,1,11,1,1079,33.64493889,-84.39896944,12,1,0,0,0,1,0
130196,13,GEORGIA,GA,1,1,1,1,11,3490,BULLOCK,4,3,March,2010,5,Thursday,17,58,0,4,3,56,34.26088889,-83.55967222,8,1,0,0,0,1,0
130197,13,GEORGIA,GA,1,1,0,1,87,0,ARMSTRONG,4,3,March,2010,5,Thursday,15,26,0,4,3,221,31.04284167,-84.53130833,42,1,0,0,0,1,0
130198,13,GEORGIA,GA,4,4,0,5,89,0,BROWNSBORO,4,3,March,2010,5,Thursday,13,49,1,11,1,237,33.67862222,-84.31738611,12,1,0,0,0,1,0
130200,13,GEORGIA,GA,1,1,1,1,89,0,BROWNSBORO,13,1,January,2010,4,Wednesday,16,35,0,9,3,4,33.82966389,-84.32548611,8,1,0,0,0,1,0
130201,13,GEORGIA,GA,1,1,0,1,127,0,BURNWELL,25,1,January,2010,2,Monday,5,3,0,9,3,6,99.99990000,999.99990000,42,2,0,0,0,1,0
130202,13,GEORGIA,GA,1,1,0,1,31,0,COFFEE,20,2,February,2010,7,Saturday,11,46,0,6,4,23,32.45564167,-81.70309167,34,1,0,0,0,1,1
130203,13,GEORGIA,GA,1,1,0,1,229,0,BLACKSHEAR,13,2,February,2010,7,Saturday,22,57,0,4,4,104,31.39335000,-82.23377222,42,2,0,0,0,1,1
130204,13,GEORGIA,GA,2,2,0,2,305,0,DOCTORTOWN,21,2,February,2010,1,Sunday,19,38,0,2,3,230,31.53858333,-81.79904722,12,2,0,0,99,1,0
130205,13,GEORGIA,GA,1,1,0,7,21,3390,CHILTON,26,2,February,2010,6,Friday,2,56,1,11,1,130,32.85249722,-83.64164167,24,3,0,0,0,1,0
130206,13,GEORGIA,GA,2,2,0,4,153,5790,BONAIRE,27,2,February,2010,7,Saturday,7,50,1,13,6,30,32.59370278,-83.61626944,12,1,0,0,0,1,0
130207,13,GEORGIA,GA,1,1,1,1,321,5340,BRIDGEBORO,6,3,March,2010,7,Saturday,3,9,0,9,6,125,31.53059167,-83.83530278,8,3,0,0,0,1,0
130208,13,GEORGIA,GA,1,1,0,1,97,1770,AXIS,11,3,March,2010,5,Thursday,12,0,1,11,1,183,33.77688333,-84.60652778,25,1,0,0,0,1,0
130209,13,GEORGIA,GA,1,1,1,1,151,0,FLIPPEN,12,3,March,2010,6,Friday,19,32,0,4,4,25,33.35239722,-84.07638889,8,3,0,0,0,1,0
130210,13,GEORGIA,GA,2,2,0,3,67,0,ABBEVILLE,13,3,March,2010,7,Saturday,16,51,1,11,1,20,33.77384444,-84.56131944,12,1,0,0,0,1,1
130211,13,GEORGIA,GA,1,1,1,1,73,0,ARGO,17,3,March,2010,4,Wednesday,17,14,0,14,4,3,33.51766667,-82.10335556,8,1,0,0,0,1,0
130212,13,GEORGIA,GA,2,2,0,6,39,0,ANDALUSIA,19,3,March,2010,6,Friday,7,42,0,9,4,71,30.87815278,-81.57630833,12,1,0,0,0,2,0
130213,13,GEORGIA,GA,1,1,0,1,141,5120,BEE BRANCH,20,3,March,2010,7,Saturday,19,25,0,3,3,95,33.28680833,-82.97512222,42,1,0,0,0,1,0
130214,13,GEORGIA,GA,1,1,0,1,33,5860,CHEROKEE,21,3,March,2010,1,Sunday,4,13,0,16,6,7,33.09462500,-82.01307778,10,2,0,0,0,1,0
130215,13,GEORGIA,GA,1,1,0,1,153,4340,BONAIRE,24,3,March,2010,4,Wednesday,22,16,1,11,1,123,99.99990000,999.99990000,34,3,0,0,0,1,1
130216,13,GEORGIA,GA,2,2,0,3,113,4278,COTTONTON,25,3,March,2010,5,Thursday,14,28,0,13,3,38,33.42240000,-84.55872778,12,1,0,0,0,1,0
130217,13,GEORGIA,GA,1,1,0,4,139,0,CALION,26,3,March,2010,6,Friday,21,30,0,16,4,2,34.15785556,-83.88162500,1,2,0,0,0,1,0
130218,13,GEORGIA,GA,2,2,0,4,263,0,BOX SPRINGS,26,3,March,2010,6,Friday,16,39,0,3,3,250,32.84234444,-84.62323333,12,1,0,0,0,1,0
130219,13,GEORGIA,GA,2,2,0,5,59,270,FRANKLIN,27,3,March,2010,7,Saturday,10,32,0,15,4,19,33.93349167,-83.36724722,12,1,0,0,0,1,0
130220,13,GEORGIA,GA,1,1,0,2,39,0,ANDALUSIA,28,3,March,2010,1,Sunday,22,30,1,11,1,30,99.99990000,999.99990000,42,2,0,0,0,2,0
130221,13,GEORGIA,GA,2,2,0,2,245,310,AUGUSTA,28,3,March,2010,1,Sunday,19,13,0,13,3,73,99.99990000,999.99990000,12,3,0,0,0,1,0
130222,13,GEORGIA,GA,1,1,0,2,299,0,BEACH,28,3,March,2010,1,Sunday,23,24,1,2,3,106,31.26201667,-82.51783889,34,2,0,0,0,1,0
130223,13,GEORGIA,GA,1,1,0,1,221,0,ARNOLDSVILLE,17,3,March,2010,4,Wednesday,20,24,0,2,3,40,99.99990000,999.99990000,34,2,0,0,0,1,0
130224,13,GEORGIA,GA,2,2,0,2,107,5310,CARROLLTON,1,4,April,2010,5,Thursday,7,40,1,2,3,230,32.58681389,-82.36638889,12,1,0,0,0,1,0
130225,13,GEORGIA,GA,1,1,0,1,177,0,LEE,1,4,April,2010,5,Thursday,17,13,0,6,4,59,31.87114444,-84.03463889,1,1,0,0,0,1,0
130226,13,GEORGIA,GA,1,1,0,2,89,280,BROWNSBORO,3,4,April,2010,7,Saturday,17,23,0,16,6,1,33.77272500,-84.33978889,42,1,0,0,0,1,0
130227,13,GEORGIA,GA,1,1,0,2,115,0,ASHVILLE,3,4,April,2010,7,Saturday,22,25,0,15,4,15,34.24084444,-85.13076111,35,2,0,0,0,1,1
130228,13,GEORGIA,GA,3,3,0,4,63,0,BOLIGEE,4,4,April,2010,1,Sunday,1,29,1,11,1,69,33.59411944,-84.38671667,12,3,0,0,0,1,0
130229,13,GEORGIA,GA,2,2,0,3,245,310,AUGUSTA,5,4,April,2010,2,Monday,11,53,0,14,3,93,33.36892222,-81.99693333,12,1,0,0,0,1,0
130230,13,GEORGIA,GA,1,1,0,1,13,0,BOLLING,6,4,April,2010,3,Tuesday,10,54,0,3,3,101,34.02191667,-83.68376389,43,1,0,0,0,1,0
130231,13,GEORGIA,GA,2,2,0,2,51,0,CENTRAL,6,4,April,2010,3,Tuesday,8,19,1,13,4,99999,31.97510000,-81.09708333,12,1,0,0,0,1,0
130232,13,GEORGIA,GA,2,2,0,6,45,0,ARITON,29,3,March,2010,2,Monday,14,15,0,3,3,29,33.76302222,-84.94836944,12,1,0,0,0,1,0
130233,13,GEORGIA,GA,1,1,0,2,189,1600,BONEVILLE,30,3,March,2010,3,Tuesday,15,48,0,6,4,10,33.34372222,-82.41213889,32,1,0,0,0,1,0
130234,13,GEORGIA,GA,5,1,0,6,215,1280,BIBB CITY,4,1,January,2010,2,Monday,13,43,0,15,6,9,32.50756389,-84.95353333,30,1,0,0,0,1,0
130235,13,GEORGIA,GA,1,1,1,3,277,5490,BROOKFIELD,2,4,April,2010,6,Friday,20,53,0,4,4,36,31.39531667,-83.51630556,8,2,0,0,0,1,0
130236,13,GEORGIA,GA,1,1,0,2,43,0,BAILEYTON,3,4,April,2010,7,Saturday,2,46,0,9,4,99999,32.41978333,-82.14138611,42,2,0,0,0,2,1
130237,13,GEORGIA,GA,2,2,0,2,85,0,BENTON,3,4,April,2010,7,Saturday,20,44,0,2,3,129,34.38486111,-84.07488333,12,2,0,0,0,1,0
130238,13,GEORGIA,GA,1,1,0,1,213,0,CARTERS,3,4,April,2010,7,Saturday,3,34,0,4,4,8,34.74617222,-84.80875556,31,2,0,0,0,1,1
130239,13,GEORGIA,GA,1,1,0,1,23,1220,BLADON SPRINGS,5,4,April,2010,2,Monday,13,55,0,6,4,8,32.43048889,-83.21270278,34,1,0,0,0,1,0
130240,13,GEORGIA,GA,2,2,0,2,31,0,COFFEE,7,4,April,2010,4,Wednesday,0,32,1,2,2,380,32.28608056,-81.53795278,12,2,0,0,0,1,1
130241,13,GEORGIA,GA,1,1,0,1,213,0,CARTERS,7,4,April,2010,4,Wednesday,11,20,0,4,3,165,34.83290833,-84.80858611,34,1,0,0,0,1,0
130242,13,GEORGIA,GA,1,1,0,1,57,0,BANKSTON,8,4,April,2010,5,Thursday,14,42,0,4,3,120,34.34317500,-84.51445833,35,1,0,0,0,1,0
130243,13,GEORGIA,GA,1,1,0,1,121,280,BON AIR,8,4,April,2010,5,Thursday,12,45,0,14,3,21,33.72179722,-84.34946667,38,1,0,0,0,1,0
130244,13,GEORGIA,GA,2,2,0,2,205,0,BACONTON,8,4,April,2010,5,Thursday,10,43,1,2,2,53,31.37959167,-84.15007500,12,1,0,0,0,1,0
130245,13,GEORGIA,GA,1,1,0,1,121,0,BON AIR,9,4,April,2010,6,Friday,6,17,1,13,3,27,33.69957778,-84.57688889,42,4,0,0,0,1,0
130246,13,GEORGIA,GA,1,1,0,1,175,0,CADWELL,9,4,April,2010,6,Friday,15,32,1,1,1,299,32.45730556,-82.76726111,32,1,0,0,0,1,0
130247,13,GEORGIA,GA,1,1,1,2,121,280,BON AIR,10,4,April,2010,7,Saturday,0,1,0,14,3,231,33.73221389,-84.41420833,8,3,0,0,0,1,0
130248,13,GEORGIA,GA,3,3,0,3,121,280,BON AIR,10,4,April,2010,7,Saturday,22,2,1,11,1,24,33.75855278,-84.49328611,12,3,0,0,0,1,0
130249,13,GEORGIA,GA,1,1,0,1,63,1250,BOLIGEE,11,4,April,2010,1,Sunday,16,3,0,14,3,54,33.62541111,-84.44638889,33,1,0,0,0,1,0
130250,13,GEORGIA,GA,3,3,0,5,51,4910,CENTRAL,11,4,April,2010,1,Sunday,15,17,1,13,3,164,31.98286111,-81.15278889,12,1,0,0,0,1,0
130251,13,GEORGIA,GA,2,2,0,2,47,0,BROWNS,13,4,April,2010,3,Tuesday,10,30,0,6,4,19,34.86123333,-85.26163889,12,1,0,0,0,1,0
130252,13,GEORGIA,GA,2,2,0,2,77,0,ANDERSON,15,4,April,2010,5,Thursday,7,37,0,16,4,0,33.46792222,-84.64145000,12,1,0,0,0,1,0