ST_CASE,STATE,State Name,State Abbreviation,# of Vehicle involved,VE_FORMS,Pedestrains,Total_Persons_in_accident,COUNTY,CITY,City_County_Name,Calendar_DAY,MONTH,Month_name,YEAR,DAY_WEEK,Day_Week_desc,HOUR,MINUTE,NHS_Desc,trafficway,Route,MILEPT,LATITUDE,LONGITUD,First_Crash_event,Light_cond_desc,Weather_condition,School_bus_involved,Crash_cause,FATALS,DRUNK_DR
160060,16,IDAHO,ID,2,2,0,5,1,1070,AUTAUGA,14,6,June,2010,2,Monday,20,20,0,13,6,715,43.61949444,-116.35498889,12,1,0,0,0,1,0
160061,16,IDAHO,ID,1,1,0,1,1,435,AUTAUGA,22,5,May,2010,7,Saturday,9,16,0,14,6,162,43.69560278,-116.37653333,38,1,0,0,0,1,0
160062,16,IDAHO,ID,1,1,0,1,77,0,ANDERSON,18,6,June,2010,6,Friday,16,45,0,9,4,0,42.82760833,-112.92451111,30,1,0,0,0,1,1
160063,16,IDAHO,ID,2,2,0,5,67,0,ABBEVILLE,9,6,June,2010,4,Wednesday,21,4,0,13,3,65,42.63413333,-113.64883611,12,5,0,0,0,1,1
160064,16,IDAHO,ID,2,2,0,3,3,0,BALDWIN,27,6,June,2010,1,Sunday,16,45,1,2,2,1321,44.67713333,-116.44975556,12,1,0,0,0,1,0
160065,16,IDAHO,ID,2,2,0,5,57,0,BANKSTON,27,6,June,2010,1,Sunday,18,29,1,2,2,3405,46.66852222,-117.02499444,12,1,0,0,0,1,0
160066,16,IDAHO,ID,1,1,0,1,49,0,COLLINSVILLE,28,6,June,2010,2,Monday,6,15,1,2,2,2063,45.55673333,-116.29835000,35,1,0,0,0,1,1
160067,16,IDAHO,ID,2,2,0,2,5,1430,BAKER HILL,28,6,June,2010,2,Monday,16,45,0,6,4,0,42.79655556,-112.36037500,12,1,0,0,0,1,0
160068,16,IDAHO,ID,1,1,0,2,53,0,ATMORE,8,5,May,2010,7,Saturday,18,40,0,6,4,0,42.58642778,-114.19083056,5,1,0,0,0,1,0
160069,16,IDAHO,ID,1,1,0,1,55,0,ATTALLA,26,6,June,2010,7,Saturday,16,40,0,4,4,20,47.69743056,-116.93442222,34,1,0,0,0,1,1
160070,16,IDAHO,ID,1,1,1,3,81,0,AUBURN,29,6,June,2010,3,Tuesday,21,45,0,4,4,11,43.60700556,-111.14838333,9,2,10,0,0,1,0
160071,16,IDAHO,ID,1,1,0,1,51,0,CENTRAL,5,7,July,2010,2,Monday,13,47,1,1,1,1501,43.93234722,-112.21480556,1,1,0,0,0,1,0
160072,16,IDAHO,ID,2,2,0,2,69,0,ASHFORD,6,7,July,2010,3,Tuesday,11,53,1,2,2,3078,46.43312500,-116.91212778,12,1,0,0,0,1,0
160073,16,IDAHO,ID,1,1,0,1,19,0,CEDAR BLUFF,8,7,July,2010,5,Thursday,1,56,0,5,4,0,43.55978333,-112.03884444,38,2,0,0,0,1,1
160074,16,IDAHO,ID,1,1,0,1,15,760,ANNISTON,8,7,July,2010,5,Thursday,13,31,1,2,3,619,43.88716944,-116.20767222,24,1,0,0,0,1,0
160075,16,IDAHO,ID,2,2,0,2,53,0,ATMORE,10,7,July,2010,7,Saturday,21,21,0,4,4,78,42.56232778,-114.30614444,12,5,0,0,0,1,1
160076,16,IDAHO,ID,1,1,0,2,59,0,FRANKLIN,11,7,July,2010,1,Sunday,2,0,0,6,4,0,45.00879444,-113.62212778,38,2,0,0,0,1,1
160077,16,IDAHO,ID,1,1,0,3,17,1640,CHAMBERS,11,7,July,2010,1,Sunday,13,46,0,3,3,389,48.32323611,-116.37966667,1,1,0,0,0,1,0
160078,16,IDAHO,ID,2,2,0,3,83,0,ARDMORE,11,7,July,2010,1,Sunday,17,55,0,3,2,2282,42.53323889,-114.28633056,12,1,0,0,0,1,1
160079,16,IDAHO,ID,1,1,0,1,5,0,BAKER HILL,12,7,July,2010,2,Monday,14,52,0,4,4,46,42.85821667,-112.26656667,1,1,0,0,0,1,1
160080,16,IDAHO,ID,1,1,0,1,83,0,ARDMORE,10,7,July,2010,7,Saturday,14,5,0,4,4,3,42.22887222,-114.27451944,42,1,0,0,0,1,1
160081,16,IDAHO,ID,1,1,1,1,11,0,BULLOCK,14,7,July,2010,4,Wednesday,21,59,0,5,4,0,43.19183333,-112.50476389,8,2,0,0,0,1,0
160082,16,IDAHO,ID,2,2,0,2,43,0,BAILEYTON,16,7,July,2010,6,Friday,2,44,1,2,2,3940,44.51618056,-111.32707222,12,2,0,0,0,1,1
160083,16,IDAHO,ID,2,2,0,3,41,1480,BRANTLEY,17,7,July,2010,7,Saturday,9,39,0,3,2,81,42.09210000,-111.87664444,12,1,0,0,0,2,0
160084,16,IDAHO,ID,1,1,0,1,55,0,ATTALLA,10,7,July,2010,7,Saturday,16,0,0,9,8,0,47.64999444,-116.36608611,42,1,0,0,0,1,1
160085,16,IDAHO,ID,1,1,0,1,9,0,BLOUNT,20,7,July,2010,3,Tuesday,11,17,0,3,3,650,47.12495833,-116.39471667,42,1,0,0,0,1,1
160086,16,IDAHO,ID,1,1,0,2,49,0,COLLINSVILLE,22,7,July,2010,5,Thursday,9,45,1,2,2,1510,46.47205278,-114.89201944,1,1,0,0,0,1,0
160087,16,IDAHO,ID,1,1,0,5,11,0,BULLOCK,26,6,June,2010,7,Saturday,17,12,0,6,8,0,43.05277222,-112.56776389,1,1,0,0,0,1,1
160088,16,IDAHO,ID,1,1,0,1,31,0,COFFEE,24,7,July,2010,7,Saturday,22,34,0,4,3,305,42.56547778,-113.62367500,1,2,0,0,0,1,1
160089,16,IDAHO,ID,1,1,0,2,1,1070,AUTAUGA,1,7,July,2010,5,Thursday,3,17,0,3,4,147,43.58111389,-116.45361944,38,2,0,0,0,1,1
160090,16,IDAHO,ID,1,1,1,1,1,0,AUTAUGA,30,7,July,2010,6,Friday,23,58,1,2,2,330,43.66307778,-116.49860833,9,2,0,0,0,1,0
160091,16,IDAHO,ID,1,1,0,1,29,0,BORDEN SPRINGS,25,6,June,2010,6,Friday,19,25,0,4,3,837,42.98715556,-111.50003056,35,1,0,0,0,1,1
160092,16,IDAHO,ID,2,2,0,6,27,210,ASHLAND,31,7,July,2010,7,Saturday,17,47,0,14,6,146,43.61940556,-116.63295000,12,1,0,0,0,1,0
160093,16,IDAHO,ID,1,1,0,1,7,0,BIBB,23,7,July,2010,6,Friday,99,99,0,9,4,0,42.23076944,-111.43751667,35,2,0,0,0,1,1
160094,16,IDAHO,ID,3,3,0,3,5,0,BAKER HILL,28,7,July,2010,4,Wednesday,14,9,1,1,1,482,42.67568056,-112.21540278,12,1,0,0,0,1,0
160095,16,IDAHO,ID,1,1,0,1,39,0,ANDALUSIA,25,7,July,2010,1,Sunday,14,20,0,4,4,1509,42.96236667,-115.29010833,1,1,0,0,0,1,1
160096,16,IDAHO,ID,1,1,0,4,31,0,COFFEE,30,7,July,2010,6,Friday,21,45,0,9,4,0,42.16673056,-114.27174167,5,5,0,0,0,1,0
160097,16,IDAHO,ID,2,2,0,2,17,0,CHAMBERS,5,8,August,2010,5,Thursday,17,45,0,3,3,224,48.00335000,-116.90059167,12,1,0,0,0,1,0
160098,16,IDAHO,ID,2,2,0,4,17,0,CHAMBERS,8,8,August,2010,1,Sunday,12,40,0,4,3,35,48.22617222,-116.90490278,12,1,0,0,0,1,0
160099,16,IDAHO,ID,1,1,0,1,49,0,COLLINSVILLE,7,8,August,2010,7,Saturday,12,25,1,2,2,1489,46.46878611,-114.92428056,1,1,0,0,0,1,0
160100,16,IDAHO,ID,1,1,0,2,13,0,BOLLING,6,8,August,2010,6,Friday,14,17,0,9,4,0,43.39987222,-114.49936111,34,1,0,0,0,1,0
160101,16,IDAHO,ID,2,2,0,5,39,0,ANDALUSIA,12,8,August,2010,5,Thursday,20,42,1,1,1,1197,42.96249167,-115.31516389,12,1,0,0,0,4,1
160102,16,IDAHO,ID,1,1,0,3,83,0,ARDMORE,12,8,August,2010,5,Thursday,1,56,0,6,4,0,42.56399722,-114.76976111,18,2,0,0,0,1,1
160103,16,IDAHO,ID,1,1,1,1,27,1200,ASHLAND,21,7,July,2010,4,Wednesday,11,31,0,13,3,269,43.57042222,-116.57060000,8,1,0,0,0,1,0
160104,16,IDAHO,ID,1,1,0,11,29,0,BORDEN SPRINGS,13,8,August,2010,6,Friday,5,26,1,2,2,4024,42.65857222,-111.65347778,1,2,0,0,0,2,0
160105,16,IDAHO,ID,1,1,2,1,17,0,CHAMBERS,14,8,August,2010,7,Saturday,6,23,0,3,3,304,48.06630833,-117.02343056,9,1,0,0,0,1,1
160106,16,IDAHO,ID,3,3,0,6,85,0,BENTON,16,8,August,2010,2,Monday,12,48,1,2,3,1090,44.43758056,-115.99944444,12,1,0,0,0,1,0
160107,16,IDAHO,ID,2,2,0,6,17,0,CHAMBERS,21,8,August,2010,7,Saturday,17,35,0,4,3,87,48.28450556,-116.95831667,12,1,0,0,0,1,1
160108,16,IDAHO,ID,1,1,0,3,53,0,ATMORE,18,8,August,2010,4,Wednesday,99,99,0,9,4,0,42.76748056,-114.50454444,59,1,0,0,0,3,0
160109,16,IDAHO,ID,2,2,0,4,1,1070,AUTAUGA,24,8,August,2010,3,Tuesday,5,15,0,14,6,185,43.61214167,-116.37456389,12,3,0,0,0,1,0
160110,16,IDAHO,ID,2,2,0,2,67,0,ABBEVILLE,25,8,August,2010,4,Wednesday,21,7,0,3,3,14,42.58257778,-113.71754167,12,2,0,0,0,2,0
160111,16,IDAHO,ID,1,1,0,1,17,0,CHAMBERS,28,8,August,2010,7,Saturday,19,30,1,2,2,4518,47.98682222,-116.69789444,31,2,0,0,0,1,1
160112,16,IDAHO,ID,1,1,0,2,51,0,CENTRAL,29,8,August,2010,1,Sunday,3,12,0,3,3,602,43.82885278,-112.16850556,1,2,0,0,0,2,1
160113,16,IDAHO,ID,1,1,0,4,15,0,ANNISTON,28,8,August,2010,7,Saturday,19,15,0,4,4,1114,43.60288611,-115.88714167,1,1,0,0,0,3,1
160114,16,IDAHO,ID,1,1,0,1,1,0,AUTAUGA,27,8,August,2010,6,Friday,5,13,0,3,6,1047,43.70705556,-116.42285556,1,2,0,0,0,1,0
160115,16,IDAHO,ID,2,2,0,3,53,0,ATMORE,26,8,August,2010,5,Thursday,17,0,1,1,1,1979,42.57614722,-113.98371667,12,1,0,0,0,1,0
160116,16,IDAHO,ID,2,2,0,3,27,0,ASHLAND,24,8,August,2010,3,Tuesday,15,12,0,14,6,30,43.57583889,-116.63292500,12,1,0,0,0,1,0
160117,16,IDAHO,ID,2,2,0,4,1,160,AUTAUGA,5,9,September,2010,1,Sunday,0,25,1,11,1,546,43.56464722,-116.19302222,52,3,0,0,0,1,0
160118,16,IDAHO,ID,1,1,0,1,55,1460,ATTALLA,5,9,September,2010,1,Sunday,3,31,1,11,1,20,47.70873333,-117.00305000,26,3,0,0,0,1,1
160119,16,IDAHO,ID,1,1,0,4,13,0,BOLLING,5,9,September,2010,1,Sunday,6,55,0,5,4,0,43.50398889,-114.11511667,34,4,0,0,0,1,1
160120,16,IDAHO,ID,1,1,0,2,55,0,ATTALLA,4,9,September,2010,7,Saturday,17,30,0,4,4,1047,47.74432778,-116.71029167,42,2,0,0,0,2,0
160121,16,IDAHO,ID,1,1,0,1,27,0,ASHLAND,10,9,September,2010,6,Friday,2,45,0,13,2,285,43.66319722,-116.58842222,1,2,0,0,0,1,0
160122,16,IDAHO,ID,1,1,1,1,27,1080,ASHLAND,10,9,September,2010,6,Friday,7,41,0,13,3,34,43.70636389,-116.63263889,8,4,0,0,0,1,0
160123,16,IDAHO,ID,1,1,0,2,63,0,BOLIGEE,11,9,September,2010,7,Saturday,99,99,1,2,2,1869,43.09444444,-114.08681667,35,4,0,0,0,2,1
160124,16,IDAHO,ID,2,2,0,2,49,0,COLLINSVILLE,12,9,September,2010,1,Sunday,12,15,1,2,2,2597,46.11930278,-116.35241389,12,1,0,0,0,1,0
160125,16,IDAHO,ID,1,1,0,1,59,0,FRANKLIN,7,9,September,2010,3,Tuesday,14,30,1,2,2,3184,45.34935556,-113.91878056,1,1,0,0,0,1,1
160126,16,IDAHO,ID,1,1,0,2,33,0,CHEROKEE,15,9,September,2010,4,Wednesday,15,40,1,1,1,1867,44.44417500,-112.21622778,31,1,0,0,0,1,0
160127,16,IDAHO,ID,1,1,0,3,83,0,ARDMORE,12,9,September,2010,1,Sunday,1,0,0,5,4,0,42.56395556,-114.62142222,58,2,0,0,0,2,1
160128,16,IDAHO,ID,2,2,0,3,39,600,ANDALUSIA,18,9,September,2010,7,Saturday,17,14,0,4,4,1207,42.95832222,-115.29017222,12,1,0,0,0,1,1
160129,16,IDAHO,ID,1,1,0,1,39,1150,ANDALUSIA,10,9,September,2010,6,Friday,20,7,0,16,6,0,43.12585833,-115.74711389,5,1,0,0,0,1,0
160130,16,IDAHO,ID,1,1,0,1,39,0,ANDALUSIA,21,9,September,2010,3,Tuesday,17,51,1,1,1,764,43.32079167,-115.92796944,1,1,0,0,0,1,0
160131,16,IDAHO,ID,1,1,0,1,29,0,BORDEN SPRINGS,16,9,September,2010,5,Thursday,16,30,0,6,4,0,42.79721111,-111.36142500,35,1,0,0,0,1,1
160132,16,IDAHO,ID,1,1,0,3,37,0,BRADFORD,12,9,September,2010,1,Sunday,99,99,0,9,8,0,44.50752778,-114.97630278,35,1,0,0,0,1,1
160133,16,IDAHO,ID,2,2,0,2,15,0,ANNISTON,25,9,September,2010,7,Saturday,13,7,0,3,3,422,43.84045833,-115.77918056,12,1,0,0,0,1,0
160134,16,IDAHO,ID,2,2,0,4,47,0,BROWNS,28,9,September,2010,3,Tuesday,8,21,0,4,3,89,42.89480278,-114.71275000,12,1,0,0,0,1,0
160135,16,IDAHO,ID,1,1,1,1,67,0,ABBEVILLE,29,9,September,2010,4,Wednesday,19,55,0,16,6,0,42.60148889,-113.68762500,8,2,0,0,0,1,0
160136,16,IDAHO,ID,2,2,0,4,11,535,BULLOCK,29,9,September,2010,4,Wednesday,20,38,0,4,2,888,43.03654722,-112.43502500,12,2,0,0,0,2,1
160137,16,IDAHO,ID,1,1,0,1,15,0,ANNISTON,29,9,September,2010,4,Wednesday,99,99,0,4,4,1124,43.60682222,-115.85967222,35,9,0,0,0,1,0
160138,16,IDAHO,ID,2,2,0,3,83,0,ARDMORE,26,9,September,2010,1,Sunday,20,10,1,2,2,78,42.10799167,-114.68814722,12,2,0,0,0,1,1
160139,16,IDAHO,ID,2,2,0,2,1,160,AUTAUGA,26,9,September,2010,1,Sunday,15,39,0,13,6,244,43.64343889,-116.24036111,12,1,0,0,0,1,0
160140,16,IDAHO,ID,1,1,0,1,57,0,BANKSTON,4,10,October,2010,2,Monday,8,40,0,6,4,0,46.55307500,-116.99069167,1,1,0,0,0,1,0
160141,16,IDAHO,ID,2,2,0,2,43,0,BAILEYTON,4,10,October,2010,2,Monday,11,30,1,2,2,3629,44.10395278,-111.45219167,12,1,0,0,0,1,0
160142,16,IDAHO,ID,2,2,0,2,19,790,CEDAR BLUFF,4,10,October,2010,2,Monday,18,52,0,13,6,120,43.49645556,-111.98418333,12,5,0,0,0,1,0
160143,16,IDAHO,ID,1,1,0,1,35,0,BROOKLYN,5,10,October,2010,3,Tuesday,15,54,0,4,4,0,46.48115556,-116.25792778,42,1,0,0,0,1,1
160144,16,IDAHO,ID,1,1,0,1,27,0,ASHLAND,7,10,October,2010,5,Thursday,3,57,0,13,3,117,43.60420278,-116.69132500,1,2,0,0,0,1,1
160145,16,IDAHO,ID,1,1,0,1,1,160,AUTAUGA,7,10,October,2010,5,Thursday,23,39,0,16,6,0,43.60557778,-116.21159167,33,3,0,0,0,1,1
160146,16,IDAHO,ID,2,2,0,6,27,210,ASHLAND,9,10,October,2010,7,Saturday,20,4,1,11,1,285,43.66435278,-116.66326389,12,3,0,0,0,2,0
160147,16,IDAHO,ID,1,1,0,1,75,0,BEAVERTON,11,10,October,2010,2,Monday,0,14,1,2,2,727,44.13194722,-116.90314722,30,6,10,0,0,1,1
160148,16,IDAHO,ID,1,1,0,1,85,0,BENTON,22,10,October,2010,6,Friday,2,45,1,2,3,1072,44.41099167,-115.99977500,59,2,0,0,0,1,1
160149,16,IDAHO,ID,2,2,0,2,61,0,BELLWOOD,20,10,October,2010,4,Wednesday,14,7,0,5,4,0,46.23827500,-116.38971667,12,1,0,0,0,1,0
160150,16,IDAHO,ID,1,1,1,1,1,160,AUTAUGA,9,10,October,2010,7,Saturday,21,54,0,13,6,769,43.61895833,-116.24756944,8,2,0,0,0,1,0
160151,16,IDAHO,ID,2,2,0,3,55,0,ATTALLA,9,10,October,2010,7,Saturday,14,10,0,14,6,34,47.74513889,-116.98043333,12,1,0,0,0,1,0
160152,16,IDAHO,ID,1,1,0,2,53,0,ATMORE,12,10,October,2010,3,Tuesday,13,13,1,1,1,3,42.68732222,-114.51881944,38,1,0,0,0,1,0
160153,16,IDAHO,ID,1,1,0,1,43,0,BAILEYTON,13,10,October,2010,4,Wednesday,21,1,0,4,3,132,43.96930556,-111.24942778,1,2,0,0,0,1,0
160154,16,IDAHO,ID,1,1,0,1,57,0,BANKSTON,17,10,October,2010,1,Sunday,99,99,0,4,3,408,46.81160556,-116.35933889,34,9,0,0,0,1,0
160155,16,IDAHO,ID,1,1,0,1,27,0,ASHLAND,18,10,October,2010,2,Monday,11,16,0,3,3,108,43.66885833,-116.87601667,42,1,0,0,0,1,0
160156,16,IDAHO,ID,2,2,0,2,65,1520,CYPRESS,19,10,October,2010,3,Tuesday,6,10,1,2,2,3394,43.89466389,-111.73733333,12,2,0,0,0,1,0
160157,16,IDAHO,ID,2,2,0,2,81,0,AUBURN,19,10,October,2010,3,Tuesday,11,24,0,3,3,1225,43.87803889,-111.32216111,12,1,0,0,0,1,0
160158,16,IDAHO,ID,1,1,2,1,19,790,CEDAR BLUFF,23,10,October,2010,7,Saturday,10,47,0,14,6,59,43.48244722,-112.01601667,8,1,0,0,0,1,0
160159,16,IDAHO,ID,2,2,0,4,13,0,BOLLING,26,10,October,2010,3,Tuesday,7,30,1,2,2,1752,43.32801111,-114.33562778,12,2,0,0,0,1,0
160160,16,IDAHO,ID,1,1,1,1,27,210,ASHLAND,27,10,October,2010,4,Wednesday,7,2,0,13,3,197,43.66972778,-116.70079722,8,3,0,0,0,1,0
160161,16,IDAHO,ID,2,2,0,2,47,0,BROWNS,28,10,October,2010,5,Thursday,20,51,1,1,1,1398,42.92983333,-114.94288889,12,2,0,0,0,2,1
160162,16,IDAHO,ID,3,3,0,4,27,1200,ASHLAND,16,9,September,2010,5,Thursday,23,11,0,13,6,161,43.60532500,-116.60299722,12,3,0,0,0,1,0
160163,16,IDAHO,ID,2,2,0,2,39,1150,ANDALUSIA,30,10,October,2010,7,Saturday,17,25,1,11,1,905,43.17297222,-115.74232778,12,1,0,0,0,1,0
160164,16,IDAHO,ID,1,1,0,1,9,0,BLOUNT,18,10,October,2010,2,Monday,12,32,0,4,4,100,47.33009444,-116.40396389,42,1,0,0,0,1,0
160165,16,IDAHO,ID,1,1,0,1,43,0,BAILEYTON,31,10,October,2010,1,Sunday,1,47,0,4,4,103,43.92709722,-111.82739167,1,2,10,0,0,1,1
160166,16,IDAHO,ID,2,2,0,4,55,0,ATTALLA,16,10,October,2010,7,Saturday,17,35,0,4,4,1020,47.75946111,-116.91586389,12,1,0,0,0,1,0
160167,16,IDAHO,ID,2,2,0,2,19,0,CEDAR BLUFF,1,11,November,2010,2,Monday,18,45,0,4,4,37,43.47631944,-112.12293056,12,2,0,0,0,1,0
160168,16,IDAHO,ID,1,1,0,1,27,0,ASHLAND,3,11,November,2010,4,Wednesday,99,99,0,6,4,0,43.70098611,-116.89198889,35,2,0,0,0,1,1
160169,16,IDAHO,ID,1,1,0,2,1,160,AUTAUGA,8,11,November,2010,2,Monday,21,9,1,11,1,0,43.61539167,-116.25831667,42,3,0,0,0,1,0
160170,16,IDAHO,ID,2,2,0,2,37,0,BRADFORD,11,11,November,2010,5,Thursday,18,40,1,2,2,1184,43.99564444,-113.75840833,12,2,0,0,0,1,1
160171,16,IDAHO,ID,1,1,0,1,49,0,COLLINSVILLE,14,11,November,2010,1,Sunday,6,35,1,2,2,2078,45.57679444,-116.30183611,31,1,2,0,0,1,0
160172,16,IDAHO,ID,3,3,0,4,53,0,ATMORE,12,11,November,2010,6,Friday,12,55,1,2,2,631,42.78718056,-114.43346111,12,1,0,0,0,1,0
160173,16,IDAHO,ID,1,1,0,3,31,0,COFFEE,20,11,November,2010,7,Saturday,8,45,1,1,1,2586,42.19913889,-113.02512222,1,1,10,0,0,1,0
160174,16,IDAHO,ID,1,1,0,6,57,0,BANKSTON,21,11,November,2010,1,Sunday,2,48,0,4,3,1037,46.92213611,-116.96522778,35,2,0,0,0,1,1
160175,16,IDAHO,ID,1,1,0,2,21,0,CHILTON,25,11,November,2010,5,Thursday,8,0,1,2,2,5087,48.71093333,-116.30421389,24,1,4,0,0,1,0
160176,16,IDAHO,ID,2,2,0,4,55,0,ATTALLA,26,11,November,2010,6,Friday,16,30,1,2,2,4228,47.61635000,-116.87502500,12,2,4,0,0,2,0
160177,16,IDAHO,ID,3,2,1,7,53,0,ATMORE,28,11,November,2010,1,Sunday,15,29,1,1,1,1877,42.57590833,-114.18310556,8,1,6,0,0,1,0
160178,16,IDAHO,ID,1,1,0,1,71,0,BRIDGEPORT,11,11,November,2010,5,Thursday,9,0,0,4,3,1058,42.19124722,-112.14352500,24,1,0,0,0,1,0
160179,16,IDAHO,ID,2,2,0,6,57,0,BANKSTON,3,12,December,2010,6,Friday,15,40,1,2,2,3503,46.80367778,-116.99967222,12,1,0,0,0,1,0
160180,16,IDAHO,ID,1,1,2,1,83,1830,ARDMORE,28,11,November,2010,1,Sunday,17,53,0,15,6,15,42.55574444,-114.44631944,8,2,0,0,0,1,0
160182,16,IDAHO,ID,1,1,0,1,69,0,ASHFORD,8,12,December,2010,4,Wednesday,11,38,0,14,6,72,46.37385000,-117.04868333,43,1,0,0,0,1,0
160183,16,IDAHO,ID,2,2,0,3,61,0,BELLWOOD,18,12,December,2010,7,Saturday,8,57,1,2,2,2818,46.28384722,-116.59466111,12,1,0,0,0,1,1
160184,16,IDAHO,ID,2,2,0,2,55,1460,ATTALLA,15,12,December,2010,4,Wednesday,15,30,1,11,1,34,47.71171111,-116.97349444,12,1,0,0,0,1,0
160185,16,IDAHO,ID,1,1,0,2,27,210,ASHLAND,24,12,December,2010,6,Friday,8,32,1,11,1,280,43.66779722,-116.67242222,1,1,0,0,0,1,0
160186,16,IDAHO,ID,2,2,0,4,1,570,AUTAUGA,26,11,November,2010,6,Friday,2,4,1,12,2,435,43.65386667,-116.29087778,12,2,0,0,0,3,2
170001,17,ILLINOIS,IL,2,2,0,4,197,9390,BUENA VISTA,2,1,January,2010,7,Saturday,18,37,0,14,6,20,41.29059722,-88.15820278,12,1,0,0,0,1,0
170002,17,ILLINOIS,IL,2,2,0,4,91,0,DAYTON,4,1,January,2010,2,Monday,10,50,0,2,3,78,41.20674444,-87.84877778,12,1,0,0,0,1,0
170003,17,ILLINOIS,IL,1,1,0,1,19,1550,CEDAR BLUFF,3,1,January,2010,1,Sunday,5,8,0,14,6,0,40.12726944,-88.23630833,10,3,0,0,0,1,1
170004,17,ILLINOIS,IL,1,1,0,1,119,0,BELLAMY,2,1,January,2010,7,Saturday,2,6,0,4,3,314,38.84543611,-89.89498611,34,2,0,0,0,1,1
170005,17,ILLINOIS,IL,4,4,0,5,23,0,BLADON SPRINGS,5,1,January,2010,3,Tuesday,2,15,1,1,1,1581,39.42925833,-87.56731111,12,2,0,0,0,1,1
170006,17,ILLINOIS,IL,2,2,0,2,31,0,COFFEE,7,1,January,2010,5,Thursday,11,32,1,11,1,380,41.68639722,-87.78101944,24,1,0,0,0,1,0
170007,17,ILLINOIS,IL,2,1,0,5,121,0,BON AIR,7,1,January,2010,5,Thursday,8,2,1,1,1,1146,38.59988056,-88.96738611,34,1,0,0,0,2,0
170008,17,ILLINOIS,IL,2,2,0,4,51,0,CENTRAL,7,1,January,2010,5,Thursday,13,20,0,4,4,0,39.00562778,-88.95642778,12,1,0,0,0,1,0
170009,17,ILLINOIS,IL,2,2,0,7,49,2650,COLLINSVILLE,7,1,January,2010,5,Thursday,9,41,1,11,1,1581,39.10306111,-88.57388611,12,1,0,0,0,1,0
170010,17,ILLINOIS,IL,2,2,0,2,185,0,ANAKTUVUK PASS,10,1,January,2010,1,Sunday,18,35,1,2,3,723,38.32063611,-87.92138056,12,2,0,0,0,2,0
170011,17,ILLINOIS,IL,1,1,1,1,21,6700,CHILTON,23,1,January,2010,7,Saturday,23,21,0,14,3,5,39.39277500,-89.07941944,8,3,0,0,0,1,0
170012,17,ILLINOIS,IL,1,1,0,3,163,2610,AVERA,5,1,January,2010,3,Tuesday,17,19,0,16,6,0,38.62770000,-90.12050000,30,1,0,0,0,1,1
170013,17,ILLINOIS,IL,1,1,0,1,197,887,BUENA VISTA,11,1,January,2010,2,Monday,11,15,1,11,1,2658,41.67306111,-88.09096389,34,1,0,0,0,1,0
170014,17,ILLINOIS,IL,2,2,0,3,51,0,CENTRAL,13,1,January,2010,4,Wednesday,16,53,0,4,4,0,39.13250278,-89.13863611,12,5,0,0,0,1,0
170015,17,ILLINOIS,IL,2,2,0,4,167,0,ADRIAN,14,1,January,2010,5,Thursday,21,33,0,3,3,90,39.82868333,-89.75851111,12,2,0,0,0,1,0
170016,17,ILLINOIS,IL,1,1,0,1,75,0,BEAVERTON,31,1,January,2010,1,Sunday,7,48,0,6,4,0,40.85928056,-88.07185556,42,2,0,0,0,1,1
170017,17,ILLINOIS,IL,1,1,0,1,183,0,FORT STEWART,27,1,January,2010,4,Wednesday,19,16,0,15,4,0,40.20462500,-87.61532222,10,2,0,0,0,1,0
170018,17,ILLINOIS,IL,2,2,0,2,83,0,ARDMORE,21,1,January,2010,5,Thursday,18,20,0,2,3,71,39.10868611,-90.53884444,12,2,0,0,0,1,1
170019,17,ILLINOIS,IL,1,1,0,1,19,0,CEDAR BLUFF,15,1,January,2010,6,Friday,7,30,0,6,4,0,40.31795556,-87.98771111,34,4,0,0,0,1,0
170020,17,ILLINOIS,IL,1,1,0,1,19,0,CEDAR BLUFF,16,1,January,2010,7,Saturday,0,49,0,4,4,0,40.02544444,-88.45827222,34,2,0,0,0,1,1
170021,17,ILLINOIS,IL,1,1,1,1,19,1550,CEDAR BLUFF,22,1,January,2010,6,Friday,22,11,0,14,6,0,40.09812500,-88.25098611,8,3,0,0,0,1,1
170022,17,ILLINOIS,IL,2,2,0,2,75,0,BEAVERTON,16,1,January,2010,7,Saturday,4,14,1,1,1,2991,40.96373611,-87.92053056,12,2,0,0,0,1,0
170023,17,ILLINOIS,IL,2,2,0,5,31,140,COFFEE,24,1,January,2010,1,Sunday,16,1,1,13,3,413,41.67143611,-87.73896667,12,1,0,0,0,1,1
170024,17,ILLINOIS,IL,2,2,0,4,45,0,ARITON,25,1,January,2010,2,Monday,17,24,0,3,2,2603,39.60725833,-87.59461667,12,2,0,0,0,1,0
170025,17,ILLINOIS,IL,1,1,0,1,79,0,COURTLAND,24,1,January,2010,1,Sunday,21,50,0,6,5,0,39.06791389,-88.31658056,34,2,0,0,0,1,0
170026,17,ILLINOIS,IL,1,1,0,1,1,0,AUTAUGA,29,1,January,2010,6,Friday,16,50,0,4,4,0,39.78878611,-91.29561389,35,1,0,0,0,1,0
170027,17,ILLINOIS,IL,2,2,0,3,173,0,LAKELAND,17,1,January,2010,1,Sunday,19,20,0,4,4,0,39.62377500,-88.87743056,12,2,0,0,0,2,2
170029,17,ILLINOIS,IL,1,1,0,5,157,0,ARCADE,19,1,January,2010,3,Tuesday,10,21,0,3,3,410,38.19438056,-89.63877500,34,1,0,0,0,1,0