ST_CASE,STATE,State Name,State Abbreviation,# of Vehicle involved,VE_FORMS,Pedestrains,Total_Persons_in_accident,COUNTY,CITY,City_County_Name,Calendar_DAY,MONTH,Month_name,YEAR,DAY_WEEK,Day_Week_desc,HOUR,MINUTE,NHS_Desc,trafficway,Route,MILEPT,LATITUDE,LONGITUD,First_Crash_event,Light_cond_desc,Weather_condition,School_bus_involved,Crash_cause,FATALS,DRUNK_DR
170841,17,ILLINOIS,IL,1,1,0,4,167,0,ADRIAN,25,12,December,2010,7,Saturday,9,46,0,4,5,0,39.56730833,-89.68909722,34,1,0,0,0,1,0
170842,17,ILLINOIS,IL,3,3,0,3,11,0,BULLOCK,16,12,December,2010,5,Thursday,4,53,1,1,1,459,41.39073889,-89.66447222,12,2,0,0,0,1,0
170843,17,ILLINOIS,IL,3,3,0,5,163,0,AVERA,23,12,December,2010,5,Thursday,17,19,1,11,1,116,38.62121111,-90.16562222,12,2,0,0,0,1,0
170844,17,ILLINOIS,IL,2,2,0,2,189,0,BONEVILLE,15,12,December,2010,4,Wednesday,20,42,1,1,1,577,38.38990833,-89.22939167,12,2,0,0,0,1,0
170845,17,ILLINOIS,IL,1,1,0,1,99,0,BEATRICE,24,12,December,2010,6,Friday,11,47,1,1,1,783,41.36830556,-89.06441389,1,1,0,0,0,1,0
170846,17,ILLINOIS,IL,4,4,0,14,49,0,COLLINSVILLE,15,12,December,2010,4,Wednesday,22,0,1,1,1,1430,38.91773333,-88.68402222,12,2,0,0,0,2,0
170847,17,ILLINOIS,IL,2,2,0,6,49,0,COLLINSVILLE,24,12,December,2010,6,Friday,19,22,0,4,3,1513,38.99556111,-88.57886944,12,2,0,0,0,2,1
170848,17,ILLINOIS,IL,1,1,1,1,29,0,BORDEN SPRINGS,12,12,December,2010,1,Sunday,16,5,1,1,1,1931,39.53475278,-88.31346111,8,1,0,0,0,1,0
170849,17,ILLINOIS,IL,2,2,0,2,113,0,COTTONTON,24,12,December,2010,6,Friday,14,50,1,1,1,1520,40.39367500,-89.07652500,12,1,0,0,0,1,0
170850,17,ILLINOIS,IL,1,1,0,3,29,0,BORDEN SPRINGS,29,12,December,2010,4,Wednesday,20,9,0,6,4,0,39.45547222,-88.26999722,42,2,0,0,0,1,0
170851,17,ILLINOIS,IL,2,2,0,4,55,0,ATTALLA,24,12,December,2010,6,Friday,10,0,0,3,3,109,37.97946944,-89.03496111,12,1,0,0,0,1,0
170852,17,ILLINOIS,IL,1,1,0,3,31,1670,COFFEE,26,12,December,2010,1,Sunday,1,50,0,15,6,0,41.87421111,-87.66761667,33,3,0,0,0,1,1
170853,17,ILLINOIS,IL,1,1,1,1,31,1670,COFFEE,27,12,December,2010,2,Monday,8,0,0,14,2,21,41.72835000,-87.54283056,8,1,0,0,0,1,0
170854,17,ILLINOIS,IL,2,2,0,3,191,0,CRESCENT,27,12,December,2010,2,Monday,17,15,0,4,4,0,38.60373333,-88.48905833,12,2,0,0,0,1,0
170855,17,ILLINOIS,IL,2,2,0,2,97,0,AXIS,28,12,December,2010,3,Tuesday,19,21,1,13,2,616,42.46540833,-87.94641944,12,2,0,0,0,1,0
170856,17,ILLINOIS,IL,1,1,0,1,43,2440,BAILEYTON,4,5,May,2010,3,Tuesday,9,42,0,16,6,0,41.80535278,-88.04987778,33,1,0,0,0,1,0
170857,17,ILLINOIS,IL,2,2,0,3,89,0,BROWNSBORO,10,9,September,2010,6,Friday,14,37,1,13,3,1352,42.01937500,-88.46407500,12,1,0,0,0,1,0
170858,17,ILLINOIS,IL,1,1,1,1,89,2690,BROWNSBORO,13,11,November,2010,7,Saturday,18,9,0,14,6,0,42.04367222,-88.27823611,8,3,0,0,0,1,0
170859,17,ILLINOIS,IL,1,1,0,1,141,0,BEE BRANCH,16,11,November,2010,3,Tuesday,23,42,0,4,4,0,42.00166111,-89.31776389,34,2,0,0,0,1,1
170860,17,ILLINOIS,IL,2,2,0,3,141,0,BEE BRANCH,21,11,November,2010,1,Sunday,14,15,0,2,3,336,42.07876389,-89.33026389,12,1,0,0,0,1,1
170861,17,ILLINOIS,IL,2,2,0,7,97,9997,AXIS,13,12,December,2010,2,Monday,9,22,1,13,2,4172,42.38246667,-88.00423333,12,1,0,0,0,1,0
170862,17,ILLINOIS,IL,2,2,0,6,75,0,BEAVERTON,23,12,December,2010,5,Thursday,14,52,0,4,2,2047,40.89165556,-87.61732500,12,1,0,0,0,1,1
170863,17,ILLINOIS,IL,3,3,0,3,143,1700,CANEHILL,21,11,November,2010,1,Sunday,12,18,1,13,3,0,40.90766944,-89.49253056,12,1,0,0,0,1,0
170864,17,ILLINOIS,IL,1,1,0,2,99,0,BEATRICE,5,12,December,2010,1,Sunday,1,42,0,4,4,0,41.23836944,-88.65543333,30,2,0,0,0,1,1
170865,17,ILLINOIS,IL,1,1,0,2,33,0,CHEROKEE,17,12,December,2010,6,Friday,6,20,0,6,5,0,38.97248889,-87.78612500,34,4,0,0,0,1,0
170866,17,ILLINOIS,IL,2,2,0,3,123,0,ALEXANDER CITY,24,12,December,2010,6,Friday,12,54,1,2,3,1395,40.98393056,-89.44965278,12,1,0,0,0,1,0
170868,17,ILLINOIS,IL,1,1,0,1,97,9100,AXIS,12,10,October,2010,3,Tuesday,17,40,0,14,3,67,42.37316667,-87.88248611,1,1,0,0,0,1,0
170869,17,ILLINOIS,IL,1,1,0,1,203,2860,BENSON,4,11,November,2010,5,Thursday,9,30,1,2,2,1459,40.71941944,-89.30824722,19,1,0,0,0,1,0
170870,17,ILLINOIS,IL,2,1,0,2,113,840,COTTONTON,5,11,November,2010,6,Friday,23,10,0,14,6,0,40.48220000,-89.00236111,14,3,0,0,0,1,1
170871,17,ILLINOIS,IL,2,2,0,3,43,0,BAILEYTON,13,11,November,2010,7,Saturday,21,0,0,15,5,0,41.86061389,-88.16786389,12,2,0,0,0,1,0
170872,17,ILLINOIS,IL,1,1,1,1,97,9090,AXIS,14,11,November,2010,1,Sunday,4,8,1,13,3,269,42.26276389,-88.12266389,8,2,0,0,0,1,0
170873,17,ILLINOIS,IL,2,2,0,3,113,0,COTTONTON,4,12,December,2010,7,Saturday,10,50,0,4,4,0,40.41450833,-88.76459722,12,1,0,0,0,2,0
170874,17,ILLINOIS,IL,1,1,0,1,97,9090,AXIS,5,12,December,2010,1,Sunday,3,21,1,13,2,189,42.29302500,-88.16005278,34,2,0,0,0,1,1
170875,17,ILLINOIS,IL,3,3,0,6,3,0,BALDWIN,20,12,December,2010,2,Monday,18,0,0,3,3,217,37.23487222,-89.45699167,12,2,0,0,0,3,0
170876,17,ILLINOIS,IL,1,1,0,1,165,0,HERNDON,9,7,July,2010,6,Friday,22,12,0,6,5,0,37.84207778,-88.46643889,11,2,0,0,0,1,1
170877,17,ILLINOIS,IL,1,1,1,1,89,2690,BROWNSBORO,22,11,November,2010,2,Monday,19,24,0,14,6,26,42.01363333,-88.31465278,8,2,0,0,0,1,0
170878,17,ILLINOIS,IL,1,1,1,1,31,6690,COFFEE,3,12,December,2010,6,Friday,16,57,0,16,6,0,41.67581389,-87.81742778,8,2,0,0,0,1,0
170880,17,ILLINOIS,IL,1,1,0,1,43,0,BAILEYTON,28,12,December,2010,3,Tuesday,12,11,0,16,6,0,41.77275278,-88.01501667,42,1,0,0,0,1,0
170881,17,ILLINOIS,IL,2,2,0,2,97,3580,AXIS,11,10,October,2010,2,Monday,18,43,0,13,3,781,42.30625833,-88.02899722,12,2,0,0,0,1,1
170882,17,ILLINOIS,IL,2,2,0,2,179,2600,ALLENHURST,20,10,October,2010,4,Wednesday,10,19,1,11,1,95,40.67036944,-89.57363333,12,1,0,0,0,1,0
170883,17,ILLINOIS,IL,2,2,0,3,31,1670,COFFEE,15,11,November,2010,2,Monday,1,55,0,15,6,0,41.90215000,-87.76402778,12,3,0,0,0,1,0
170884,17,ILLINOIS,IL,2,2,0,2,179,6840,ALLENHURST,6,11,November,2010,7,Saturday,19,20,0,14,6,0,40.56771389,-89.63767500,12,3,0,0,0,1,1
170885,17,ILLINOIS,IL,2,2,0,3,31,1670,COFFEE,30,10,October,2010,7,Saturday,18,4,1,13,3,199,41.95164167,-87.90677500,12,2,0,0,0,1,0
170886,17,ILLINOIS,IL,1,1,1,1,97,0,AXIS,23,10,October,2010,7,Saturday,20,25,1,13,3,226,42.31666944,-87.96229722,8,2,0,0,0,1,0
170887,17,ILLINOIS,IL,2,2,0,2,31,1670,COFFEE,8,11,November,2010,2,Monday,11,50,1,15,6,0,41.84850278,-87.67573889,44,1,0,0,0,1,0
170888,17,ILLINOIS,IL,1,1,0,2,31,1670,COFFEE,26,9,September,2010,1,Sunday,2,21,0,16,6,0,41.72345278,-87.55385833,21,3,0,0,0,1,0
170889,17,ILLINOIS,IL,2,2,0,3,141,0,BEE BRANCH,11,12,December,2010,7,Saturday,14,33,1,2,3,1164,42.18407778,-89.62926667,12,1,0,0,0,1,0
170890,17,ILLINOIS,IL,1,1,1,1,31,1670,COFFEE,20,12,December,2010,2,Monday,14,25,0,16,6,0,41.90088889,-87.72013889,33,1,0,0,0,1,0
170891,17,ILLINOIS,IL,1,1,0,2,31,8620,COFFEE,22,12,December,2010,4,Wednesday,1,29,0,15,6,6,41.54711667,-87.78338889,43,2,0,0,0,1,1
170892,17,ILLINOIS,IL,1,1,0,2,31,1670,COFFEE,30,12,December,2010,5,Thursday,18,40,0,16,6,0,41.71796111,-87.63341667,10,3,0,0,0,1,1
170893,17,ILLINOIS,IL,2,2,0,4,103,0,DANVILLE,15,11,November,2010,2,Monday,6,30,1,1,1,934,41.84072500,-89.00986111,12,4,0,0,0,1,0
170894,17,ILLINOIS,IL,2,2,0,3,39,0,ANDALUSIA,16,8,August,2010,2,Monday,7,49,0,6,4,0,40.26800000,-88.86155000,12,1,0,0,0,1,0
170895,17,ILLINOIS,IL,2,2,0,3,31,7813,COFFEE,3,12,December,2010,6,Friday,20,31,0,15,6,4,42.04299167,-88.03141111,12,3,0,0,0,1,1
170896,17,ILLINOIS,IL,2,2,0,4,111,4286,GRAHAM,25,12,December,2010,7,Saturday,21,9,0,14,6,0,42.37911111,-88.25508333,12,3,0,0,0,1,0
170897,17,ILLINOIS,IL,2,2,0,2,97,9100,AXIS,23,12,December,2010,5,Thursday,2,4,0,14,6,347,42.34930000,-87.87417778,12,3,0,0,0,1,2
170898,17,ILLINOIS,IL,2,2,0,4,121,0,BON AIR,9,5,May,2010,1,Sunday,0,14,0,6,6,0,38.73860278,-89.01373056,12,2,0,0,0,1,1
170899,17,ILLINOIS,IL,1,1,0,1,31,5870,COFFEE,3,12,December,2010,6,Friday,7,48,1,13,3,595,42.07701944,-87.93681111,42,1,0,0,0,1,0
170900,17,ILLINOIS,IL,2,2,0,2,31,3790,COFFEE,14,12,December,2010,3,Tuesday,17,42,1,13,3,134,41.62259722,-87.65114167,12,3,0,1,0,1,0
170901,17,ILLINOIS,IL,1,1,1,1,43,460,BAILEYTON,12,12,December,2010,1,Sunday,4,30,1,13,3,128,41.81907778,-88.23695833,8,2,0,0,0,1,0
170902,17,ILLINOIS,IL,2,2,0,2,29,1590,BORDEN SPRINGS,21,12,December,2010,3,Tuesday,13,55,0,13,3,1421,39.48445000,-88.26650000,12,1,0,0,0,1,0
170903,17,ILLINOIS,IL,2,2,0,2,97,9100,AXIS,13,12,December,2010,2,Monday,16,20,0,14,3,58,42.36180000,-87.87575833,12,5,0,0,0,1,2
170904,17,ILLINOIS,IL,1,1,0,1,63,5750,BOLIGEE,14,7,July,2010,4,Wednesday,11,32,0,16,6,0,41.36299444,-88.41687500,1,1,0,0,0,1,0
170905,17,ILLINOIS,IL,2,2,0,2,43,0,BAILEYTON,1,12,December,2010,4,Wednesday,12,27,0,15,4,0,41.76901111,-88.05158333,12,1,0,0,0,1,0
170906,17,ILLINOIS,IL,1,1,1,2,31,1670,COFFEE,8,10,October,2010,6,Friday,18,55,0,13,6,12,41.88681944,-87.62453056,8,3,0,0,0,1,0
170907,17,ILLINOIS,IL,1,1,1,1,31,1670,COFFEE,19,3,March,2010,6,Friday,19,24,1,13,2,671,41.99050000,-87.68967222,8,3,0,0,0,1,0
170908,17,ILLINOIS,IL,1,1,0,2,25,0,BARLOW BEND,26,11,November,2010,6,Friday,5,30,0,2,2,1545,38.87113056,-88.51894444,6,2,0,0,0,1,0
170909,17,ILLINOIS,IL,3,3,0,4,31,5044,COFFEE,28,5,May,2010,6,Friday,14,40,0,14,6,0,41.52091944,-87.56865000,12,1,0,0,0,1,0
170910,17,ILLINOIS,IL,1,1,0,1,43,2225,BAILEYTON,3,2,February,2010,4,Wednesday,18,57,1,11,1,2709,41.71667778,-88.00732222,25,3,0,0,0,1,0
170911,17,ILLINOIS,IL,2,2,0,2,103,0,DANVILLE,8,7,July,2010,5,Thursday,11,25,1,13,3,862,41.82591111,-89.47515000,12,1,0,0,0,1,0
170912,17,ILLINOIS,IL,1,1,0,1,51,8800,CENTRAL,23,12,December,2010,5,Thursday,13,12,0,15,6,0,38.96155278,-89.09609444,10,1,0,0,0,1,0
180001,18,INDIANA,IN,1,1,0,2,97,2210,AXIS,1,1,January,2010,6,Friday,4,9,1,11,1,1018,39.64298333,-86.07438333,24,2,0,0,0,1,0
180002,18,INDIANA,IN,1,1,0,2,105,380,MARION,5,1,January,2010,3,Tuesday,21,54,0,16,4,0,39.25013611,-86.50124167,31,2,0,0,0,1,0
180003,18,INDIANA,IN,2,2,0,2,41,1000,BRANTLEY,5,1,January,2010,3,Tuesday,5,45,0,4,3,0,39.63243056,-85.21584167,12,2,0,0,0,1,0
180004,18,INDIANA,IN,2,2,0,2,141,3100,BEE BRANCH,9,1,January,2010,7,Saturday,21,19,0,6,4,0,41.68012500,-86.15773611,12,3,0,0,0,1,1
180005,18,INDIANA,IN,2,2,0,3,151,1680,FLIPPEN,8,1,January,2010,6,Friday,11,20,0,16,4,0,41.72133056,-84.99862500,12,1,0,0,0,1,0
180006,18,INDIANA,IN,2,2,1,4,71,1090,BRIDGEPORT,9,1,January,2010,7,Saturday,7,10,1,1,1,352,38.76566111,-85.83101111,8,3,0,0,0,1,0
180007,18,INDIANA,IN,2,2,0,2,47,550,BROWNS,7,1,January,2010,5,Thursday,11,15,0,3,2,0,39.39438611,-84.99173611,12,1,0,0,0,1,0
180008,18,INDIANA,IN,2,2,0,4,149,3620,BELLEVILLE,8,1,January,2010,6,Friday,7,23,0,4,3,0,41.25555000,-86.73783333,12,1,0,0,0,1,0
180009,18,INDIANA,IN,3,3,0,5,117,3780,BIRMINGHAM,11,1,January,2010,2,Monday,19,21,0,4,3,0,38.68520833,-86.45450556,54,2,0,0,0,3,0
180010,18,INDIANA,IN,1,1,0,1,127,4025,BURNWELL,7,1,January,2010,5,Thursday,0,49,1,1,1,241,41.57203333,-87.13344722,43,3,0,0,0,1,0
180011,18,INDIANA,IN,1,1,0,1,91,5085,DAYTON,12,1,January,2010,3,Tuesday,20,23,0,16,4,0,41.42533611,-86.87172778,24,2,0,0,0,1,1
180012,18,INDIANA,IN,1,1,0,1,51,4060,CENTRAL,8,1,January,2010,6,Friday,9,54,0,3,2,0,38.28269444,-87.56751667,34,1,0,0,0,1,0
180013,18,INDIANA,IN,1,1,0,2,53,2850,ATMORE,13,1,January,2010,4,Wednesday,23,48,0,4,3,0,40.55254722,-85.47723889,30,2,0,0,0,1,1
180014,18,INDIANA,IN,2,2,0,13,15,1200,ANNISTON,7,1,January,2010,5,Thursday,7,33,0,3,2,0,40.55998333,-86.65337500,12,2,0,1,0,1,0
180015,18,INDIANA,IN,3,3,0,3,127,4960,BURNWELL,12,1,January,2010,3,Tuesday,19,53,0,3,2,0,41.44473611,-86.99556111,12,2,0,0,0,1,0
180016,18,INDIANA,IN,1,1,0,2,125,4985,BROOKWOOD,11,1,January,2010,2,Monday,19,30,0,4,3,0,38.30529444,-87.09343056,35,2,0,0,0,2,1
180017,18,INDIANA,IN,2,2,0,3,39,1830,ANDALUSIA,15,1,January,2010,6,Friday,12,46,0,16,4,0,41.55230278,-85.71280000,12,1,0,0,0,2,0
180018,18,INDIANA,IN,1,1,1,1,127,4025,BURNWELL,15,1,January,2010,6,Friday,5,47,0,6,4,0,41.60681111,-87.10868611,8,3,0,0,0,1,0
180019,18,INDIANA,IN,1,1,1,1,89,2010,BROWNSBORO,17,1,January,2010,1,Sunday,2,58,0,6,4,0,41.60591389,-87.50016111,8,3,0,0,0,1,1
180020,18,INDIANA,IN,1,1,0,1,97,2210,AXIS,10,1,January,2010,1,Sunday,4,8,0,16,4,0,39.73201111,-86.05796944,30,3,0,0,0,1,0
180021,18,INDIANA,IN,2,2,0,2,147,830,AUGUSTA,21,1,January,2010,5,Thursday,6,29,0,3,2,0,38.03886389,-87.03643889,12,2,0,1,0,1,0
180022,18,INDIANA,IN,1,1,0,3,167,4141,ADRIAN,17,1,January,2010,1,Sunday,2,40,0,15,3,0,39.39023889,-87.30212778,24,2,0,0,0,1,1
180023,18,INDIANA,IN,1,1,2,1,175,4340,CADWELL,16,1,January,2010,7,Saturday,9,0,0,4,3,0,38.56803333,-85.86600833,49,1,10,0,0,2,0
180024,18,INDIANA,IN,1,1,1,1,97,2210,AXIS,20,1,January,2010,4,Wednesday,0,6,0,6,4,0,39.68014167,-86.08273056,8,3,0,0,0,1,0
180025,18,INDIANA,IN,1,1,0,1,179,4930,ALLENHURST,21,1,January,2010,5,Thursday,0,6,0,3,2,0,40.82968889,-85.28356111,34,2,0,0,0,1,0
180026,18,INDIANA,IN,2,2,0,3,167,4840,ADRIAN,24,1,January,2010,1,Sunday,11,26,0,4,3,0,39.34425556,-87.49786389,12,1,0,0,0,1,0
180027,18,INDIANA,IN,1,1,1,1,127,4025,BURNWELL,24,1,January,2010,1,Sunday,0,27,0,6,4,0,41.58026944,-87.16866111,8,2,0,0,0,1,0
180028,18,INDIANA,IN,1,1,1,3,81,1950,AUBURN,25,1,January,2010,2,Monday,19,15,0,14,2,0,39.60638889,-86.10881111,8,3,0,0,0,1,0
180029,18,INDIANA,IN,1,1,1,1,157,2480,ARCADE,25,1,January,2010,2,Monday,21,5,1,1,1,1730,40.42913056,-86.83059444,8,2,0,0,0,1,0
180030,18,INDIANA,IN,1,1,0,1,61,1030,BELLWOOD,27,1,January,2010,4,Wednesday,5,24,1,1,1,990,38.24144722,-86.18883056,39,2,0,0,0,1,0
180031,18,INDIANA,IN,1,1,0,1,61,3572,BELLWOOD,28,1,January,2010,5,Thursday,6,2,0,4,3,0,38.30718056,-86.05728056,42,2,0,0,0,1,0
180032,18,INDIANA,IN,1,1,0,1,97,2210,AXIS,27,1,January,2010,4,Wednesday,23,35,1,11,1,96,39.71685000,-86.26433889,30,3,0,0,0,1,0
180033,18,INDIANA,IN,2,2,0,2,61,1030,BELLWOOD,19,1,January,2010,3,Tuesday,18,13,0,15,3,0,38.21300556,-86.13143889,12,3,0,0,0,1,0
180034,18,INDIANA,IN,1,1,0,1,95,140,ALBERTVILLE,29,1,January,2010,6,Friday,5,11,0,6,4,0,40.10224722,-85.70961944,42,2,0,0,0,1,1
180035,18,INDIANA,IN,2,2,1,2,97,2210,AXIS,7,1,January,2010,5,Thursday,19,53,0,6,4,0,39.90519444,-86.08260278,8,3,0,0,0,1,0
180036,18,INDIANA,IN,2,2,0,4,55,360,ATTALLA,23,1,January,2010,7,Saturday,14,25,0,4,3,0,38.91781667,-86.90872222,12,1,0,0,0,1,0
180037,18,INDIANA,IN,1,1,0,1,83,575,ARDMORE,26,1,January,2010,3,Tuesday,10,11,0,4,3,0,38.76323611,-87.38795833,34,1,0,0,0,1,0
180038,18,INDIANA,IN,2,2,0,2,21,1027,CHILTON,1,2,February,2010,2,Monday,7,50,0,16,4,0,39.36038333,-87.21543889,12,4,0,0,0,1,0
180039,18,INDIANA,IN,2,2,0,2,87,2500,ARMSTRONG,25,1,January,2010,2,Monday,21,30,0,3,2,0,41.64076667,-85.49781667,12,2,0,0,0,1,0
180040,18,INDIANA,IN,1,1,0,1,73,4090,ARGO,31,1,January,2010,1,Sunday,3,7,0,16,4,0,40.76144722,-87.15374722,18,3,0,0,0,1,1
180041,18,INDIANA,IN,1,1,0,1,83,575,ARDMORE,4,2,February,2010,5,Thursday,17,53,0,4,3,0,38.79854722,-87.44409167,35,1,0,0,0,1,0
180042,18,INDIANA,IN,2,2,0,3,177,1350,LEE,5,2,February,2010,6,Friday,14,49,0,3,2,0,39.98264444,-85.12254167,12,1,0,0,0,2,0
180043,18,INDIANA,IN,2,2,0,2,127,2440,BURNWELL,7,2,February,2010,1,Sunday,15,28,0,16,4,0,41.30324722,-86.96815833,12,1,0,0,0,1,0
180044,18,INDIANA,IN,1,1,1,1,97,2210,AXIS,8,1,January,2010,6,Friday,20,48,0,6,4,0,39.77615556,-86.19703611,8,2,0,0,0,1,0
180045,18,INDIANA,IN,1,1,1,1,97,2210,AXIS,30,1,January,2010,7,Saturday,23,2,0,6,4,0,39.77035000,-86.01801389,8,2,0,0,0,1,1
180046,18,INDIANA,IN,2,2,0,2,83,575,ARDMORE,9,2,February,2010,3,Tuesday,4,59,0,4,3,0,38.76341944,-87.39203333,12,2,0,0,0,1,0
180047,18,INDIANA,IN,1,1,0,1,89,2010,BROWNSBORO,10,2,February,2010,4,Wednesday,20,54,0,6,4,0,41.63215556,-87.51863611,18,2,0,0,0,1,0
180048,18,INDIANA,IN,1,1,0,1,53,1490,ATMORE,9,2,February,2010,3,Tuesday,10,45,0,6,4,0,40.41937778,-85.64529444,10,1,0,0,0,1,0
180049,18,INDIANA,IN,2,2,0,3,79,3670,COURTLAND,5,2,February,2010,6,Friday,11,19,0,4,3,0,39.10219167,-85.74284167,12,1,0,0,0,2,0
180051,18,INDIANA,IN,1,1,0,1,51,3690,CENTRAL,11,2,February,2010,5,Thursday,6,40,0,4,3,0,38.17019444,-87.47005556,42,4,0,0,0,1,0
180052,18,INDIANA,IN,1,1,0,1,97,2210,AXIS,15,2,February,2010,2,Monday,19,50,0,6,4,0,39.79442500,-86.26996944,38,2,0,0,0,1,0
180053,18,INDIANA,IN,3,3,0,3,97,2210,AXIS,15,2,February,2010,2,Monday,8,0,0,6,4,0,39.90111111,-86.21786944,12,1,0,0,0,1,0
180054,18,INDIANA,IN,2,2,0,3,173,410,LAKELAND,15,2,February,2010,2,Monday,11,25,0,4,3,0,38.02828333,-87.33937778,12,1,0,0,0,1,0
180055,18,INDIANA,IN,3,3,0,3,85,5110,BENTON,13,1,January,2010,4,Wednesday,13,22,0,4,3,0,41.29193056,-85.85772500,12,1,0,0,0,1,0
180056,18,INDIANA,IN,2,2,0,19,145,4470,BALD KNOB,24,1,January,2010,1,Sunday,3,30,1,1,1,800,39.36134444,-85.94239722,12,2,0,0,0,2,0
180057,18,INDIANA,IN,2,2,0,3,81,4880,AUBURN,14,2,February,2010,1,Sunday,17,31,0,16,4,0,39.52195278,-86.00410833,12,5,0,0,0,1,0
180058,18,INDIANA,IN,2,2,0,2,35,3360,BROOKLYN,17,2,February,2010,4,Wednesday,13,0,0,3,2,0,40.27710278,-85.44243333,12,1,0,0,0,1,0
180059,18,INDIANA,IN,1,1,0,1,157,2480,ARCADE,18,2,February,2010,5,Thursday,6,4,0,6,4,0,99.99990000,999.99990000,30,2,0,0,0,1,0
180060,18,INDIANA,IN,1,1,0,1,3,1580,BALDWIN,21,2,February,2010,1,Sunday,14,45,0,16,4,0,41.08879722,-85.20240833,42,1,0,0,0,1,1
180061,18,INDIANA,IN,2,2,0,22,17,1710,CHAMBERS,20,2,February,2010,7,Saturday,7,26,0,3,2,0,40.60665556,-86.20628333,24,4,0,1,0,1,0
180062,18,INDIANA,IN,3,3,0,3,97,2210,AXIS,19,2,February,2010,6,Friday,13,54,1,11,1,0,39.81908333,-86.27632222,12,1,0,0,0,1,0
180063,18,INDIANA,IN,2,2,0,5,97,2210,AXIS,21,2,February,2010,1,Sunday,15,17,0,6,4,0,39.77582500,-86.25074444,12,1,0,0,0,1,2
180064,18,INDIANA,IN,2,2,0,2,51,1630,CENTRAL,19,2,February,2010,6,Friday,16,24,0,16,4,0,38.36238889,-87.48284444,12,1,0,0,0,1,0
180065,18,INDIANA,IN,2,2,0,6,39,5050,ANDALUSIA,22,2,February,2010,2,Monday,7,55,0,4,3,0,41.51474722,-85.98286667,12,1,0,0,0,1,0
180066,18,INDIANA,IN,3,3,0,5,91,2370,DAYTON,23,2,February,2010,3,Tuesday,9,5,0,3,2,0,41.53749444,-86.70118333,12,1,0,0,0,3,0
180067,18,INDIANA,IN,1,1,0,1,113,2670,COTTONTON,23,2,February,2010,3,Tuesday,7,40,0,3,2,0,41.43722500,-85.58619444,1,1,0,0,0,1,0
180068,18,INDIANA,IN,2,2,0,2,113,1080,COTTONTON,23,2,February,2010,3,Tuesday,7,54,0,3,2,0,41.39541944,-85.55268333,12,1,0,0,0,1,0
180069,18,INDIANA,IN,1,1,0,1,117,3780,BIRMINGHAM,23,2,February,2010,3,Tuesday,22,0,0,4,3,0,38.64449444,-86.45948333,1,2,0,0,0,1,1
180070,18,INDIANA,IN,2,2,0,4,5,990,BAKER HILL,12,2,February,2010,6,Friday,14,56,0,4,3,0,39.19960278,-85.97891944,12,1,0,0,0,2,0
180071,18,INDIANA,IN,1,1,0,1,107,1060,CARROLLTON,22,2,February,2010,2,Monday,10,35,0,16,4,0,39.96495000,-87.00665556,32,1,0,0,0,1,1
180072,18,INDIANA,IN,1,1,0,3,137,4780,ALCO,25,2,February,2010,5,Thursday,5,0,1,1,1,1565,39.28143333,-85.08555000,43,2,0,0,0,1,0
180073,18,INDIANA,IN,2,2,0,2,97,2210,AXIS,23,2,February,2010,3,Tuesday,18,58,0,6,4,0,39.63517500,-86.17135000,12,2,0,0,0,1,0
180074,18,INDIANA,IN,2,2,0,2,31,1910,COFFEE,24,2,February,2010,4,Wednesday,7,21,0,4,3,0,39.27319444,-85.57525556,12,1,0,0,0,1,0
180075,18,INDIANA,IN,1,1,0,1,117,3860,BIRMINGHAM,26,2,February,2010,6,Friday,2,0,0,16,4,0,38.50989167,-86.49707778,34,2,0,0,0,1,1
180076,18,INDIANA,IN,2,2,0,2,43,1939,BAILEYTON,19,2,February,2010,6,Friday,13,17,0,14,2,0,38.36743611,-85.96535556,24,1,0,0,0,1,0
180077,18,INDIANA,IN,2,2,0,3,147,1140,AUGUSTA,24,2,February,2010,4,Wednesday,7,20,0,16,4,0,99.99990000,999.99990000,12,1,0,0,0,1,0
180078,18,INDIANA,IN,1,1,0,2,67,1930,ABBEVILLE,26,2,February,2010,6,Friday,8,40,0,16,4,0,40.26354722,-85.70434444,30,1,0,0,0,1,1
180079,18,INDIANA,IN,1,1,0,1,73,4100,ARGO,27,2,February,2010,7,Saturday,1,0,0,16,4,0,40.97011389,-87.07973889,23,2,0,0,0,1,1
180080,18,INDIANA,IN,2,2,0,6,141,4580,BEE BRANCH,23,2,February,2010,3,Tuesday,17,19,0,4,3,0,41.67214167,-86.38069167,12,1,0,0,0,1,0
180082,18,INDIANA,IN,2,2,0,3,89,2760,BROWNSBORO,23,2,February,2010,3,Tuesday,5,20,1,1,1,2350,41.21611111,-87.29405833,12,2,0,0,0,2,0