ST_CASE,STATE,State Name,State Abbreviation,# of Vehicle involved,VE_FORMS,Pedestrains,Total_Persons_in_accident,COUNTY,CITY,City_County_Name,Calendar_DAY,MONTH,Month_name,YEAR,DAY_WEEK,Day_Week_desc,HOUR,MINUTE,NHS_Desc,trafficway,Route,MILEPT,LATITUDE,LONGITUD,First_Crash_event,Light_cond_desc,Weather_condition,School_bus_involved,Crash_cause,FATALS,DRUNK_DR
200280,20,KANSAS,KS,2,2,0,3,51,0,CENTRAL,29,9,September,2010,4,Wednesday,6,21,1,1,1,1568,38.91534722,-99.36103889,12,2,0,0,0,1,0
200281,20,KANSAS,KS,2,2,0,3,57,0,BANKSTON,29,9,September,2010,4,Wednesday,1,55,1,2,2,761,37.72863889,-99.92168333,12,2,0,0,0,2,0
200282,20,KANSAS,KS,1,1,0,2,125,0,BROOKWOOD,1,10,October,2010,6,Friday,17,33,0,3,2,4015,37.22533889,-95.77614722,24,1,0,0,0,1,0
200283,20,KANSAS,KS,1,1,0,1,139,0,CALION,1,10,October,2010,6,Friday,18,53,0,3,2,3834,38.70755000,-95.83966389,34,5,0,0,0,1,0
200284,20,KANSAS,KS,1,1,4,5,155,0,IRWIN,5,9,September,2010,1,Sunday,16,30,0,6,4,0,38.01726389,-98.08799722,8,1,0,0,0,1,0
200285,20,KANSAS,KS,2,2,0,3,69,0,ASHFORD,2,10,October,2010,7,Saturday,12,15,0,5,4,0,37.55900278,-100.50808056,12,1,0,0,0,1,0
200286,20,KANSAS,KS,1,1,0,1,35,0,BROOKLYN,2,10,October,2010,7,Saturday,12,12,0,6,4,0,37.17262778,-97.02163611,10,1,0,0,0,1,1
200287,20,KANSAS,KS,2,2,0,3,15,0,ANNISTON,2,10,October,2010,7,Saturday,16,40,0,2,2,2596,37.81066667,-96.78225556,12,1,0,0,0,1,0
200288,20,KANSAS,KS,1,1,0,1,17,0,CHAMBERS,10,5,May,2010,2,Monday,99,99,0,4,3,378,38.29236111,-96.54167222,1,2,0,0,0,1,0
200289,20,KANSAS,KS,1,1,0,3,43,0,BAILEYTON,2,10,October,2010,7,Saturday,16,50,0,5,4,0,39.82027222,-95.02444167,1,1,0,0,0,1,1
200290,20,KANSAS,KS,1,1,0,1,1,2620,AUTAUGA,3,10,October,2010,1,Sunday,20,19,0,4,4,0,37.82043056,-95.51015833,31,2,0,0,0,1,1
200291,20,KANSAS,KS,2,2,0,3,173,5880,LAKELAND,4,10,October,2010,2,Monday,18,50,0,16,5,0,37.68782778,-97.36041111,12,3,0,0,0,1,0
200292,20,KANSAS,KS,1,1,0,2,21,0,CHILTON,4,10,October,2010,2,Monday,2,0,0,6,4,0,37.25301389,-94.91741111,1,2,0,0,0,1,1
200293,20,KANSAS,KS,1,1,0,1,39,2750,ANDALUSIA,5,10,October,2010,3,Tuesday,4,15,0,4,4,0,39.71299722,-100.39031944,1,2,0,0,0,1,1
200294,20,KANSAS,KS,1,1,0,1,111,1660,GRAHAM,5,10,October,2010,3,Tuesday,23,50,1,1,1,1269,38.41486111,-96.23697222,31,3,0,0,0,1,1
200295,20,KANSAS,KS,1,1,0,1,111,0,GRAHAM,7,10,October,2010,5,Thursday,20,20,0,4,4,0,38.45002500,-96.25302222,1,2,0,0,0,1,1
200296,20,KANSAS,KS,2,2,0,2,91,4285,DAYTON,8,10,October,2010,6,Friday,21,10,0,14,6,0,38.91280833,-94.69442500,12,3,0,0,0,1,1
200297,20,KANSAS,KS,1,1,0,1,173,5880,LAKELAND,8,10,October,2010,6,Friday,3,24,0,15,6,0,37.69346389,-97.49868333,24,2,0,0,0,1,1
200298,20,KANSAS,KS,2,2,0,2,93,2940,BEAR CREEK,9,10,October,2010,7,Saturday,5,12,1,2,2,354,37.94555000,-101.40243611,12,2,0,0,0,2,1
200299,20,KANSAS,KS,1,1,0,1,173,5880,LAKELAND,9,10,October,2010,7,Saturday,19,21,1,1,1,165,37.67240833,-97.39929167,24,5,0,0,0,1,0
200300,20,KANSAS,KS,3,3,0,4,103,0,DANVILLE,10,10,October,2010,1,Sunday,20,48,0,3,3,62,39.00404444,-95.07740000,12,2,0,0,0,3,2
200301,20,KANSAS,KS,1,1,0,1,57,0,BANKSTON,12,10,October,2010,3,Tuesday,99,99,0,4,4,0,37.82605556,-99.97129444,34,1,0,0,0,1,1
200302,20,KANSAS,KS,2,2,0,2,85,0,BENTON,13,10,October,2010,4,Wednesday,6,40,1,2,2,1878,39.45620833,-95.74808056,12,4,0,0,0,1,0
200303,20,KANSAS,KS,2,2,0,2,45,3010,ARITON,14,10,October,2010,5,Thursday,1,31,0,13,6,0,38.94285556,-95.29790000,12,3,0,0,0,1,2
200304,20,KANSAS,KS,2,2,0,6,5,0,BAKER HILL,15,10,October,2010,6,Friday,19,3,1,2,2,1951,39.44845556,-95.28596944,12,5,0,0,0,2,2
200305,20,KANSAS,KS,1,1,0,1,173,5880,LAKELAND,16,10,October,2010,7,Saturday,3,18,0,13,6,0,37.74574167,-97.28067500,43,3,0,0,0,1,1
200306,20,KANSAS,KS,1,1,0,2,11,0,BULLOCK,16,10,October,2010,7,Saturday,3,0,0,4,5,0,37.79079444,-94.72154722,34,2,0,0,0,2,1
200307,20,KANSAS,KS,2,2,0,2,135,0,ASH FLAT,16,10,October,2010,7,Saturday,13,10,0,4,4,0,38.45090000,-100.06278889,12,1,0,0,0,1,0
200308,20,KANSAS,KS,1,1,0,1,91,4285,DAYTON,17,10,October,2010,1,Sunday,2,39,1,2,2,1370,38.85194167,-94.67751389,31,2,0,0,0,1,0
200309,20,KANSAS,KS,2,2,0,2,91,1340,DAYTON,18,10,October,2010,2,Monday,22,22,1,2,3,255,38.96107778,-94.99105556,12,2,0,0,0,1,2
200310,20,KANSAS,KS,1,1,0,3,205,0,BACONTON,20,10,October,2010,4,Wednesday,17,34,0,4,4,0,37.38570833,-95.57418889,34,1,0,0,0,1,1
200311,20,KANSAS,KS,1,1,0,2,207,0,BOLINGBROKE,22,10,October,2010,6,Friday,14,41,1,2,2,798,37.95394444,-95.73966944,42,1,0,0,0,1,0
200312,20,KANSAS,KS,1,1,0,2,103,0,DANVILLE,22,10,October,2010,6,Friday,0,1,0,6,5,0,39.14310833,-95.08941667,38,2,0,0,0,1,1
200313,20,KANSAS,KS,1,1,0,1,51,0,CENTRAL,23,10,October,2010,7,Saturday,2,30,0,4,4,0,38.84071111,-99.28121667,1,2,0,0,0,1,1
200314,20,KANSAS,KS,1,1,0,1,113,0,COTTONTON,25,10,October,2010,2,Monday,11,15,0,6,4,0,38.60063889,-97.66725556,1,1,0,0,0,1,0
200315,20,KANSAS,KS,2,2,0,2,165,0,HERNDON,26,10,October,2010,3,Tuesday,20,29,0,2,3,1542,38.46649167,-99.06440833,12,2,0,0,0,1,2
200317,20,KANSAS,KS,1,1,0,1,61,0,BELLWOOD,30,10,October,2010,7,Saturday,19,55,0,3,3,912,39.01931667,-96.53926944,43,2,0,0,0,1,1
200319,20,KANSAS,KS,1,1,0,1,67,0,ABBEVILLE,1,11,November,2010,2,Monday,8,15,0,5,5,0,37.60063333,-101.23661111,1,4,0,0,0,1,0
200320,20,KANSAS,KS,2,2,0,3,125,0,BROOKWOOD,1,11,November,2010,2,Monday,15,20,1,2,2,171,37.22404167,-95.58586111,12,1,0,0,0,2,0
200321,20,KANSAS,KS,1,1,0,2,63,0,BOLIGEE,19,9,September,2010,1,Sunday,15,9,1,1,1,1000,39.09762778,-100.36869167,5,1,0,0,0,1,0
200322,20,KANSAS,KS,2,2,0,6,189,3800,BONEVILLE,15,10,October,2010,6,Friday,21,55,0,4,3,0,37.19943333,-101.33926389,12,3,0,0,0,1,0
200323,20,KANSAS,KS,1,1,0,1,5,0,BAKER HILL,23,10,October,2010,7,Saturday,19,30,1,2,2,341,39.48403889,-95.11345000,38,1,0,0,0,1,0
200324,20,KANSAS,KS,2,2,0,2,121,4220,BON AIR,2,11,November,2010,3,Tuesday,19,40,1,2,2,1124,38.45789167,-94.96444722,12,2,0,0,0,1,2
200325,20,KANSAS,KS,1,1,0,2,103,0,DANVILLE,4,11,November,2010,5,Thursday,0,21,0,4,4,0,39.26734722,-94.98161389,43,2,0,0,0,1,1
200326,20,KANSAS,KS,2,2,0,3,13,0,BOLLING,4,11,November,2010,5,Thursday,16,55,1,2,2,3425,39.84136389,-95.71538056,12,1,0,0,0,1,2
200327,20,KANSAS,KS,1,1,0,2,161,3490,DENTON,7,11,November,2010,1,Sunday,22,12,0,2,3,1881,39.16853333,-96.61316944,1,2,0,0,0,1,1
200328,20,KANSAS,KS,1,1,0,2,173,0,LAKELAND,8,11,November,2010,2,Monday,20,30,0,4,4,0,37.56798333,-97.42675833,43,2,0,0,0,2,1
200329,20,KANSAS,KS,2,2,0,2,1,0,AUTAUGA,8,11,November,2010,2,Monday,3,50,1,13,2,692,37.92226389,-95.38021111,12,3,0,0,0,1,1
200330,20,KANSAS,KS,1,1,0,1,173,0,LAKELAND,10,11,November,2010,4,Wednesday,13,40,0,4,6,0,37.81846389,-97.24616944,34,1,0,0,0,1,0
200331,20,KANSAS,KS,2,2,0,2,39,0,ANDALUSIA,10,11,November,2010,4,Wednesday,8,38,1,2,2,2168,39.79956944,-100.53588889,12,1,0,0,0,1,1
200332,20,KANSAS,KS,2,2,0,2,209,2820,AILEY,10,11,November,2010,4,Wednesday,16,3,0,13,3,242,39.06325000,-94.78394444,12,1,0,0,0,1,2
200333,20,KANSAS,KS,1,1,0,1,175,3160,CADWELL,14,11,November,2010,1,Sunday,6,30,0,6,4,0,37.27569167,-100.83458056,34,2,0,0,0,1,1
200334,20,KANSAS,KS,1,1,1,2,209,2820,AILEY,16,11,November,2010,3,Tuesday,7,15,0,16,6,0,39.06864722,-94.62678889,8,4,0,0,0,1,0
200335,20,KANSAS,KS,2,2,0,3,165,0,HERNDON,18,11,November,2010,5,Thursday,11,20,0,6,4,0,38.69649722,-99.19075000,12,1,0,0,0,2,2
200336,20,KANSAS,KS,1,1,0,2,161,3490,DENTON,18,11,November,2010,5,Thursday,3,20,1,2,2,3110,39.24767500,-96.60312778,1,2,0,0,0,2,0
200337,20,KANSAS,KS,1,1,0,2,35,0,BROOKLYN,18,11,November,2010,5,Thursday,99,99,0,6,5,0,37.01269722,-96.93151389,1,2,0,0,0,2,1
200338,20,KANSAS,KS,1,1,0,1,79,4000,COURTLAND,20,11,November,2010,7,Saturday,13,56,1,2,2,2780,38.08410833,-97.29183333,31,1,0,0,0,1,1
200339,20,KANSAS,KS,1,1,2,1,103,3020,DANVILLE,20,11,November,2010,7,Saturday,1,2,0,16,6,0,39.31763333,-94.95054167,53,2,0,0,0,2,1
200340,20,KANSAS,KS,1,1,0,2,209,2820,AILEY,21,11,November,2010,1,Sunday,6,13,0,16,6,0,39.05465000,-94.61443056,30,4,0,0,0,1,0
200341,20,KANSAS,KS,2,2,0,3,85,0,BENTON,22,11,November,2010,2,Monday,6,33,1,2,2,2002,39.61395278,-95.73151667,12,2,0,0,0,1,2
200342,20,KANSAS,KS,2,2,0,4,173,5880,LAKELAND,22,11,November,2010,2,Monday,13,30,0,14,6,0,37.68589167,-97.37126944,12,1,0,0,0,1,1
200343,20,KANSAS,KS,2,2,0,5,145,0,BALD KNOB,23,11,November,2010,3,Tuesday,16,19,0,6,4,0,38.20419444,-99.11590556,12,5,0,0,0,2,2
200344,20,KANSAS,KS,2,2,0,5,45,0,ARITON,23,11,November,2010,3,Tuesday,3,40,0,2,2,0,39.02265000,-95.23430000,12,2,0,0,0,1,1
200345,20,KANSAS,KS,2,2,0,5,85,0,BENTON,25,11,November,2010,5,Thursday,10,44,0,6,6,0,39.54919167,-95.84961944,12,1,0,0,0,1,0
200346,20,KANSAS,KS,1,1,0,1,139,0,CALION,25,11,November,2010,5,Thursday,2,11,0,4,4,0,38.83088333,-95.69675556,31,2,0,0,0,1,1
200347,20,KANSAS,KS,1,1,0,3,57,0,BANKSTON,27,11,November,2010,7,Saturday,23,38,0,6,6,0,37.77824444,-99.68719444,1,2,0,0,0,1,1
200348,20,KANSAS,KS,2,2,0,4,173,0,LAKELAND,23,11,November,2010,3,Tuesday,14,35,0,4,4,0,37.57662222,-97.64339444,12,1,0,0,0,1,0
200349,20,KANSAS,KS,2,2,0,2,209,2820,AILEY,28,11,November,2010,1,Sunday,1,15,1,1,1,2338,39.06185000,-94.62678889,12,3,0,0,0,1,1
200350,20,KANSAS,KS,1,1,0,1,15,0,ANNISTON,29,11,November,2010,2,Monday,13,50,0,4,6,0,37.68708056,-96.88121667,34,1,0,0,0,1,1
200351,20,KANSAS,KS,2,2,0,4,91,4140,DAYTON,1,12,December,2010,4,Wednesday,10,27,0,16,6,0,38.89103333,-94.82557222,12,1,0,0,0,1,2
200352,20,KANSAS,KS,1,1,0,1,209,2820,AILEY,2,12,December,2010,5,Thursday,23,15,1,1,1,4237,39.11008333,-94.60945000,26,3,0,0,0,1,1
200353,20,KANSAS,KS,2,2,0,3,175,0,CADWELL,3,12,December,2010,6,Friday,16,10,0,6,4,0,37.11734722,-100.81501111,12,1,0,0,0,1,0
200354,20,KANSAS,KS,1,1,0,1,91,3645,DAYTON,4,12,December,2010,7,Saturday,0,30,1,1,1,2271,38.99457222,-94.69656944,26,3,0,0,0,1,1
200355,20,KANSAS,KS,2,2,0,5,91,1970,DAYTON,8,12,December,2010,4,Wednesday,17,8,0,13,2,4473,38.81135556,-94.87844444,12,1,0,0,0,2,2
200356,20,KANSAS,KS,1,1,1,1,175,3160,CADWELL,2,11,November,2010,3,Tuesday,19,13,0,14,6,0,37.03298056,-100.92264167,15,3,0,0,0,1,0
200357,20,KANSAS,KS,2,2,0,2,37,0,BRADFORD,9,12,December,2010,5,Thursday,9,8,1,2,2,413,37.48766389,-94.70626944,12,1,0,0,0,1,1
200358,20,KANSAS,KS,1,1,0,2,43,5690,BAILEYTON,9,12,December,2010,5,Thursday,3,22,1,13,2,3863,39.76104722,-94.94693889,32,3,0,0,0,1,1
200359,20,KANSAS,KS,2,2,0,2,51,0,CENTRAL,11,12,December,2010,7,Saturday,2,24,1,1,1,1481,38.94926389,-99.51621944,12,2,0,0,0,1,1
200360,20,KANSAS,KS,2,2,0,3,61,0,BELLWOOD,15,12,December,2010,4,Wednesday,18,15,1,1,1,3131,39.06338056,-96.55574722,12,2,3,0,0,1,0
200361,20,KANSAS,KS,2,2,0,2,209,2820,AILEY,16,12,December,2010,5,Thursday,16,51,0,13,6,0,39.12206944,-94.84256667,12,5,0,0,0,1,2
200362,20,KANSAS,KS,3,3,0,3,155,2660,IRWIN,16,12,December,2010,5,Thursday,17,8,0,13,6,0,38.05106389,-97.92852500,12,5,0,0,0,1,0
200363,20,KANSAS,KS,2,2,0,3,173,5880,LAKELAND,17,12,December,2010,6,Friday,22,0,0,13,6,0,37.65195556,-97.28028889,12,3,0,0,0,1,1
200364,20,KANSAS,KS,2,2,0,2,13,0,BOLLING,18,12,December,2010,7,Saturday,13,17,1,2,2,779,39.83734444,-95.73511944,12,1,0,0,0,1,0
200365,20,KANSAS,KS,2,2,0,2,173,5880,LAKELAND,18,12,December,2010,7,Saturday,10,18,0,13,6,0,37.62293333,-97.34049722,12,1,0,0,0,1,2
200366,20,KANSAS,KS,2,2,0,6,173,5880,LAKELAND,18,12,December,2010,7,Saturday,19,37,1,2,2,2131,37.67403889,-97.39173889,12,3,0,0,0,1,1
200367,20,KANSAS,KS,1,1,0,1,123,440,ALEXANDER CITY,18,12,December,2010,7,Saturday,23,7,0,3,3,1619,39.44189444,-98.11692222,43,2,0,0,0,1,1
200368,20,KANSAS,KS,1,1,0,1,19,0,CEDAR BLUFF,19,12,December,2010,1,Sunday,18,3,0,4,4,0,37.01221667,-95.97613333,42,2,0,0,0,1,1
200369,20,KANSAS,KS,1,1,0,1,173,0,LAKELAND,19,12,December,2010,1,Sunday,11,26,0,6,6,0,37.60811111,-97.36787778,53,1,0,0,0,1,0
200370,20,KANSAS,KS,1,1,1,2,173,4342,LAKELAND,19,12,December,2010,1,Sunday,6,5,1,1,1,143,37.79764444,-97.32856667,8,2,0,0,0,1,0
200371,20,KANSAS,KS,1,1,0,1,41,0,BRANTLEY,19,12,December,2010,1,Sunday,99,99,0,4,4,0,38.93003611,-97.26385000,1,2,0,0,0,1,1
200372,20,KANSAS,KS,1,1,0,1,155,0,IRWIN,19,12,December,2010,1,Sunday,0,45,0,4,6,0,37.77763611,-97.91925556,1,2,0,0,0,1,1
200373,20,KANSAS,KS,2,2,0,2,51,0,CENTRAL,21,12,December,2010,3,Tuesday,18,0,1,1,1,1533,38.92309167,-99.42558333,12,2,0,0,0,1,0
200374,20,KANSAS,KS,2,2,0,4,73,0,ARGO,21,12,December,2010,3,Tuesday,8,37,0,3,3,125,38.11321944,-95.96180000,12,1,0,0,0,2,1
200375,20,KANSAS,KS,2,2,0,3,177,5400,LEE,21,12,December,2010,3,Tuesday,17,10,0,13,6,0,39.04391944,-95.74327500,12,5,0,0,0,1,0
200376,20,KANSAS,KS,1,1,0,1,35,0,BROOKLYN,23,12,December,2010,5,Thursday,99,99,0,4,4,0,37.28846389,-96.97932222,23,2,0,0,0,1,0
200377,20,KANSAS,KS,2,2,0,4,173,5880,LAKELAND,23,12,December,2010,5,Thursday,12,50,0,13,6,0,37.64991667,-97.33303056,12,1,0,0,0,1,1
200378,20,KANSAS,KS,2,2,0,3,59,0,FRANKLIN,24,12,December,2010,6,Friday,17,20,1,1,1,1870,38.61881389,-95.23249722,12,5,0,0,0,1,1
200379,20,KANSAS,KS,1,1,0,4,91,4285,DAYTON,24,12,December,2010,6,Friday,14,4,0,14,6,0,38.96288056,-94.71442222,30,1,0,0,0,1,0
200380,20,KANSAS,KS,1,1,0,1,41,0,BRANTLEY,26,12,December,2010,1,Sunday,1,40,0,4,4,0,38.62377778,-96.99957778,31,2,0,0,0,1,1
200381,20,KANSAS,KS,2,2,0,3,89,3500,BROWNSBORO,28,12,December,2010,3,Tuesday,11,10,1,2,2,2089,39.78505833,-98.21820278,12,1,0,0,0,1,0
200382,20,KANSAS,KS,1,1,1,1,177,5400,LEE,28,12,December,2010,3,Tuesday,7,20,0,13,6,0,39.01505000,-95.71632500,8,1,0,0,0,1,1
200383,20,KANSAS,KS,1,1,0,1,183,0,FORT STEWART,30,12,December,2010,5,Thursday,18,30,0,6,6,0,39.84360278,-98.60435556,32,5,0,0,0,1,1
200384,20,KANSAS,KS,1,1,0,1,1,0,AUTAUGA,12,9,September,2010,1,Sunday,2,0,0,6,6,0,37.81032778,-95.49256389,23,2,0,0,0,1,1
200385,20,KANSAS,KS,2,2,0,2,91,5090,DAYTON,31,10,October,2010,1,Sunday,11,10,1,2,3,1600,38.99303889,-94.85321111,12,1,0,0,0,1,0
200386,20,KANSAS,KS,3,3,0,7,1,2700,AUTAUGA,6,11,November,2010,7,Saturday,16,50,0,3,6,0,37.95150833,-95.38192778,12,5,0,0,0,1,1
200387,20,KANSAS,KS,1,1,1,2,169,4900,BRADLEY,21,12,December,2010,3,Tuesday,0,10,1,1,1,914,38.81510000,-97.63481111,8,2,0,0,0,1,0
200388,20,KANSAS,KS,1,1,0,1,155,0,IRWIN,11,2,February,2010,5,Thursday,12,30,1,2,2,2370,38.01510000,-97.97470000,21,1,0,0,0,1,0
210001,21,KENTUCKY,KY,1,1,0,3,185,0,ANAKTUVUK PASS,1,1,January,2010,6,Friday,2,55,0,6,4,1,38.33354444,-85.54849722,42,3,0,0,0,1,1
210002,21,KENTUCKY,KY,1,1,0,5,141,0,BEE BRANCH,1,1,January,2010,6,Friday,4,16,0,3,2,99999,36.74225556,-87.05703611,1,2,0,0,0,1,1
210003,21,KENTUCKY,KY,1,1,0,2,195,0,CARLTON,1,1,January,2010,6,Friday,8,30,1,2,2,230,37.37036111,-82.25056111,1,6,0,0,0,1,0
210004,21,KENTUCKY,KY,2,2,0,3,209,0,AILEY,2,1,January,2010,7,Saturday,16,11,0,2,2,8,38.16700556,-84.55387222,12,1,0,0,0,1,1
210005,21,KENTUCKY,KY,1,1,0,1,195,2640,CARLTON,3,1,January,2010,1,Sunday,18,12,1,13,2,273,37.50094167,-82.53204444,31,5,0,0,0,1,0
210006,21,KENTUCKY,KY,1,1,0,1,111,2090,GRAHAM,4,1,January,2010,2,Monday,1,50,1,11,1,1,38.14760278,-85.54433611,35,3,0,0,0,1,0
210007,21,KENTUCKY,KY,1,1,0,2,21,860,CHILTON,4,1,January,2010,2,Monday,2,50,0,6,5,0,37.61293889,-84.77376944,35,2,0,0,0,1,0
210008,21,KENTUCKY,KY,2,2,0,6,199,0,ALVATON,4,1,January,2010,2,Monday,8,4,0,5,3,12,37.10981111,-84.62173056,12,1,0,0,0,1,0
210009,21,KENTUCKY,KY,2,2,0,2,151,3387,FLIPPEN,4,1,January,2010,2,Monday,21,18,0,3,3,217,37.71808056,-84.10025556,12,2,0,0,0,1,0
210010,21,KENTUCKY,KY,2,2,0,2,151,0,FLIPPEN,5,1,January,2010,3,Tuesday,7,55,0,3,3,139,37.73932778,-84.23363611,12,1,0,0,0,1,0
210011,21,KENTUCKY,KY,2,2,0,2,87,0,ARMSTRONG,5,1,January,2010,3,Tuesday,9,5,0,5,3,7,37.20978889,-85.43663889,12,1,0,0,0,1,0
210012,21,KENTUCKY,KY,1,1,0,1,9,0,BLOUNT,4,1,January,2010,2,Monday,21,0,0,6,4,17,37.06870000,-86.03320000,42,2,0,0,0,1,0
210013,21,KENTUCKY,KY,1,1,0,1,9,0,BLOUNT,7,1,January,2010,5,Thursday,15,39,0,6,4,71,37.11638889,-86.00089167,42,1,0,0,0,1,0
210014,21,KENTUCKY,KY,1,1,0,1,43,0,BAILEYTON,6,1,January,2010,4,Wednesday,12,27,1,1,1,1600,38.32566667,-83.13324444,35,1,0,0,0,1,0
210015,21,KENTUCKY,KY,1,1,1,1,199,0,ALVATON,6,1,January,2010,4,Wednesday,23,4,0,3,3,24,36.98618611,-84.63105556,8,2,0,0,0,1,0
210016,21,KENTUCKY,KY,1,1,1,2,111,2090,GRAHAM,8,1,January,2010,6,Friday,19,38,0,13,3,52,38.15487500,-85.69589167,8,2,0,0,0,1,0
210017,21,KENTUCKY,KY,1,1,0,1,83,0,ARDMORE,8,1,January,2010,6,Friday,19,45,0,5,3,26,36.53298611,-88.55332500,42,2,0,0,0,1,1
210018,21,KENTUCKY,KY,2,2,0,3,227,350,JASPER,10,1,January,2010,1,Sunday,9,53,0,6,5,1,36.94240556,-86.45015000,12,1,0,0,0,1,1
210019,21,KENTUCKY,KY,2,2,0,4,235,0,FINLEYSON,12,1,January,2010,3,Tuesday,17,6,0,6,2,369,36.90145000,-84.16986389,12,1,0,0,0,1,1
210020,21,KENTUCKY,KY,2,2,0,2,37,0,BRADFORD,13,1,January,2010,4,Wednesday,8,59,0,13,2,80,38.93657222,-84.39450556,12,1,0,0,0,1,0
210021,21,KENTUCKY,KY,2,2,0,6,43,0,BAILEYTON,13,1,January,2010,4,Wednesday,15,18,1,2,3,113,38.45943611,-83.07020278,12,1,0,0,0,1,0
210022,21,KENTUCKY,KY,1,1,0,1,51,0,CENTRAL,13,1,January,2010,4,Wednesday,18,22,0,4,3,96,37.21788889,-83.78817500,35,2,0,0,0,1,1
210023,21,KENTUCKY,KY,2,2,0,2,5,0,BAKER HILL,13,1,January,2010,4,Wednesday,18,22,1,2,2,1,37.94433333,-84.86908333,12,5,0,0,0,1,0
210024,21,KENTUCKY,KY,2,2,0,3,47,0,BROWNS,13,1,January,2010,4,Wednesday,19,20,0,4,3,77,36.86108056,-87.53331111,12,2,0,0,0,1,1
210025,21,KENTUCKY,KY,2,2,0,2,125,0,BROOKWOOD,14,1,January,2010,5,Thursday,6,55,0,5,3,90,37.15138889,-84.15016667,12,4,0,0,0,1,1
210026,21,KENTUCKY,KY,2,2,0,2,125,0,BROOKWOOD,14,1,January,2010,5,Thursday,9,40,0,4,3,58,37.25202222,-84.09489167,12,1,0,0,0,1,0
210027,21,KENTUCKY,KY,1,1,0,1,51,0,CENTRAL,14,1,January,2010,5,Thursday,19,49,0,4,3,13,37.03373333,-83.81590000,17,2,0,0,0,1,0
210028,21,KENTUCKY,KY,1,1,1,4,93,0,BEAR CREEK,15,1,January,2010,6,Friday,20,15,0,3,3,58,37.74503056,-85.95007778,8,2,0,0,0,1,0
210029,21,KENTUCKY,KY,2,2,0,2,239,0,GEORGETOWN,17,1,January,2010,1,Sunday,11,44,1,2,2,126,38.04386667,-84.65665278,12,1,0,0,0,1,0
210030,21,KENTUCKY,KY,1,1,0,1,131,3687,ARLINGTON,17,1,January,2010,1,Sunday,13,30,0,4,3,86,37.20018611,-83.28855556,24,1,0,0,0,1,0
210031,21,KENTUCKY,KY,2,2,4,1,111,2090,GRAHAM,17,1,January,2010,1,Sunday,16,24,0,14,3,4,38.25344722,-85.61246389,8,2,0,0,0,2,0
210032,21,KENTUCKY,KY,1,1,0,1,135,1133,ASH FLAT,18,1,January,2010,2,Monday,0,7,0,6,4,1,38.69100556,-83.05191111,10,2,0,0,0,1,1
210033,21,KENTUCKY,KY,1,1,0,1,219,0,BISHOP,18,1,January,2010,2,Monday,5,0,0,6,4,6,36.73308889,-87.29835000,1,2,0,0,0,1,0
210034,21,KENTUCKY,KY,3,3,0,3,67,1980,ABBEVILLE,18,1,January,2010,2,Monday,12,55,0,14,2,193,38.11716944,-84.52142778,12,1,0,0,0,1,0
210035,21,KENTUCKY,KY,1,1,1,1,111,2090,GRAHAM,5,1,January,2010,3,Tuesday,21,37,0,16,5,1,38.21695833,-85.62392222,8,2,0,0,0,1,0
210036,21,KENTUCKY,KY,4,4,0,4,67,1980,ABBEVILLE,19,1,January,2010,3,Tuesday,23,15,1,12,3,166,37.99200278,-84.47769722,12,2,0,0,0,1,1
210037,21,KENTUCKY,KY,2,2,0,5,239,3360,GEORGETOWN,21,1,January,2010,5,Thursday,7,20,0,14,3,128,38.03730833,-84.72486667,12,4,0,1,0,1,0
210038,21,KENTUCKY,KY,1,1,0,1,185,1316,ANAKTUVUK PASS,21,1,January,2010,5,Thursday,8,58,0,13,2,33,38.40652222,-85.56654444,30,1,0,0,0,1,0
210039,21,KENTUCKY,KY,2,2,0,2,115,1374,ASHVILLE,21,1,January,2010,5,Thursday,10,20,1,2,2,6,37.74869444,-82.79811944,12,1,0,0,0,1,0
210040,21,KENTUCKY,KY,2,2,0,4,19,0,CEDAR BLUFF,17,1,January,2010,1,Sunday,12,56,1,2,2,59,38.32453889,-82.58062500,12,1,0,0,0,1,0
210041,21,KENTUCKY,KY,1,1,0,2,13,2220,BOLLING,22,1,January,2010,6,Friday,15,7,0,15,3,36,36.63114722,-83.72002500,35,1,0,0,0,1,0
210042,21,KENTUCKY,KY,1,1,0,3,77,0,ANDERSON,23,1,January,2010,7,Saturday,19,55,0,4,2,102,38.77971389,-84.83368056,42,2,0,0,0,2,1
210043,21,KENTUCKY,KY,2,2,0,2,59,0,FRANKLIN,26,1,January,2010,3,Tuesday,6,13,0,3,3,114,37.70008611,-86.92721944,12,4,0,0,0,1,0
210044,21,KENTUCKY,KY,2,2,0,9,111,2090,GRAHAM,26,1,January,2010,3,Tuesday,9,42,0,13,2,14,38.24640556,-85.76554167,12,1,0,0,0,1,0
210045,21,KENTUCKY,KY,1,1,0,2,109,0,ANSLEY,7,1,January,2010,5,Thursday,14,6,0,6,4,6,37.35190000,-83.88953056,42,1,0,0,0,1,0