ST_CASE,STATE,State Name,State Abbreviation,# of Vehicle involved,VE_FORMS,Pedestrains,Total_Persons_in_accident,COUNTY,CITY,City_County_Name,Calendar_DAY,MONTH,Month_name,YEAR,DAY_WEEK,Day_Week_desc,HOUR,MINUTE,NHS_Desc,trafficway,Route,MILEPT,LATITUDE,LONGITUD,First_Crash_event,Light_cond_desc,Weather_condition,School_bus_involved,Crash_cause,FATALS,DRUNK_DR
210046,21,KENTUCKY,KY,1,1,1,2,19,120,CEDAR BLUFF,21,1,January,2010,5,Thursday,7,5,0,6,5,3,38.45936944,-82.63106944,8,3,0,0,0,1,0
210047,21,KENTUCKY,KY,2,1,0,1,191,0,CRESCENT,27,1,January,2010,4,Wednesday,8,45,0,5,3,103,38.65019167,-84.38126667,14,1,0,0,0,1,0
210048,21,KENTUCKY,KY,1,1,0,1,193,0,IDEAL,19,1,January,2010,3,Tuesday,12,41,0,5,3,120,37.27825278,-83.29992778,3,1,0,0,0,1,0
210049,21,KENTUCKY,KY,1,1,0,2,145,0,BALD KNOB,28,1,January,2010,5,Thursday,22,2,0,5,3,31,37.00791667,-88.59675278,59,2,0,0,0,2,1
210050,21,KENTUCKY,KY,2,2,0,3,125,0,BROOKWOOD,27,1,January,2010,4,Wednesday,13,20,0,14,2,155,37.14985000,-84.10386111,12,1,0,0,0,1,0
210051,21,KENTUCKY,KY,2,2,0,2,67,1980,ABBEVILLE,31,1,January,2010,1,Sunday,8,35,0,5,3,18,38.08775556,-84.59678611,12,1,0,0,0,1,1
210052,21,KENTUCKY,KY,1,1,0,2,217,0,COVINGTON,26,1,January,2010,3,Tuesday,11,32,0,5,3,14,37.40401667,-85.50466111,42,1,0,0,0,1,0
210053,21,KENTUCKY,KY,2,2,0,3,121,0,BON AIR,23,1,January,2010,7,Saturday,18,12,1,2,2,69,36.87138056,-83.83216389,12,2,0,0,0,1,0
210054,21,KENTUCKY,KY,2,2,0,2,39,0,ANDALUSIA,9,1,January,2010,7,Saturday,8,20,0,4,3,113,36.79890833,-88.86763611,12,1,0,0,0,1,1
210055,21,KENTUCKY,KY,2,2,0,2,133,1712,ARLEY,2,2,February,2010,3,Tuesday,12,31,1,2,3,75,37.16715556,-82.87669722,12,1,10,0,0,1,0
210056,21,KENTUCKY,KY,1,1,1,1,215,3240,BIBB CITY,3,2,February,2010,4,Wednesday,10,21,0,3,3,89,38.03129167,-85.34293333,8,1,0,0,0,1,0
210057,21,KENTUCKY,KY,2,2,0,2,199,0,ALVATON,5,2,February,2010,6,Friday,7,33,0,2,3,22,37.18514167,-84.47336111,12,4,10,0,0,1,0
210058,21,KENTUCKY,KY,2,2,0,2,19,0,CEDAR BLUFF,5,2,February,2010,6,Friday,12,18,1,2,2,29,38.28120278,-82.58150278,12,1,10,0,0,1,0
210059,21,KENTUCKY,KY,1,1,0,3,107,0,CARROLLTON,7,2,February,2010,1,Sunday,18,29,0,5,3,83,37.42039444,-87.41018889,35,2,0,0,0,1,0
210060,21,KENTUCKY,KY,1,1,0,1,43,0,BAILEYTON,11,2,February,2010,5,Thursday,12,25,0,6,4,0,38.25623611,-83.27530556,21,1,0,0,0,1,1
210061,21,KENTUCKY,KY,1,1,0,1,101,0,BOYLSTON,13,2,February,2010,7,Saturday,3,51,1,2,8,723,37.73311944,-87.51983611,52,2,0,0,0,1,1
210062,21,KENTUCKY,KY,1,1,0,2,107,0,CARROLLTON,14,2,February,2010,1,Sunday,3,25,1,2,8,406,37.21279722,-87.40310556,52,2,0,0,0,1,0
210063,21,KENTUCKY,KY,1,1,0,1,155,0,IRWIN,15,2,February,2010,2,Monday,14,6,0,6,4,40,37.51721389,-85.18961944,1,1,0,0,0,1,0
210064,21,KENTUCKY,KY,2,2,0,2,151,0,FLIPPEN,16,2,February,2010,3,Tuesday,14,14,0,3,2,55,37.58278056,-84.21097778,12,1,0,0,0,1,1
210065,21,KENTUCKY,KY,1,1,0,3,49,0,COLLINSVILLE,16,2,February,2010,3,Tuesday,15,26,0,3,2,37,38.00928333,-84.21664167,30,1,7,0,0,1,0
210066,21,KENTUCKY,KY,2,2,0,2,13,2220,BOLLING,15,2,February,2010,2,Monday,16,30,0,15,3,14,36.60441667,-83.71706389,12,1,0,0,0,1,0
210067,21,KENTUCKY,KY,1,1,0,2,227,0,JASPER,17,2,February,2010,4,Wednesday,2,26,1,1,1,360,37.03555000,-86.23602500,42,3,0,0,0,1,0
210068,21,KENTUCKY,KY,2,2,0,2,47,2455,BROWNS,16,2,February,2010,3,Tuesday,13,34,0,14,3,2,36.64103056,-87.41430556,12,1,0,0,0,1,1
210069,21,KENTUCKY,KY,3,3,0,4,145,0,BALD KNOB,12,2,February,2010,6,Friday,13,10,0,13,2,179,37.04673333,-88.55761667,12,1,0,0,0,1,0
210070,21,KENTUCKY,KY,2,1,0,3,213,0,CARTERS,12,2,February,2010,6,Friday,5,3,1,1,1,1,36.71680278,-86.52085278,14,3,0,0,0,1,1
210071,21,KENTUCKY,KY,1,1,0,2,145,0,BALD KNOB,19,2,February,2010,6,Friday,10,3,0,6,4,7,37.02740556,-88.63483056,34,1,0,0,0,1,1
210072,21,KENTUCKY,KY,2,2,0,5,107,2450,CARROLLTON,20,2,February,2010,7,Saturday,4,29,0,4,2,153,37.19221944,-87.44173056,12,3,0,0,0,1,1
210073,21,KENTUCKY,KY,1,1,0,1,17,0,CHAMBERS,21,2,February,2010,1,Sunday,21,10,0,5,3,100,38.19650556,-84.31534722,42,2,0,0,0,1,1
210074,21,KENTUCKY,KY,1,1,1,1,59,2490,FRANKLIN,19,2,February,2010,6,Friday,23,50,1,13,2,111,37.77190278,-87.14754444,8,3,0,0,0,1,0
210075,21,KENTUCKY,KY,1,1,0,2,195,0,CARLTON,27,2,February,2010,7,Saturday,0,26,0,5,3,416,37.42961389,-82.23584167,50,2,0,0,0,1,1
210076,21,KENTUCKY,KY,1,1,1,2,111,2090,GRAHAM,28,2,February,2010,1,Sunday,1,50,0,16,5,10,38.17073333,-85.68713611,8,3,0,0,0,1,0
210077,21,KENTUCKY,KY,1,1,0,5,93,0,BEAR CREEK,28,2,February,2010,1,Sunday,4,25,1,13,2,335,37.94937500,-85.99599722,25,2,0,0,0,3,1
210078,21,KENTUCKY,KY,2,2,0,2,111,2090,GRAHAM,23,2,February,2010,3,Tuesday,19,3,0,14,3,58,38.14224444,-85.77949167,12,2,0,0,0,1,0
210079,21,KENTUCKY,KY,2,2,0,4,111,2090,GRAHAM,1,2,February,2010,2,Monday,17,21,0,15,3,17,38.10038889,-85.75009444,12,1,0,0,0,1,0
210080,21,KENTUCKY,KY,1,1,0,1,235,3580,FINLEYSON,18,2,February,2010,5,Thursday,14,17,0,14,2,123,36.73086944,-84.15587500,42,1,0,0,0,1,0
210081,21,KENTUCKY,KY,1,1,0,1,67,1980,ABBEVILLE,19,2,February,2010,6,Friday,8,7,1,12,3,82,38.07444722,-84.50022778,42,4,0,0,0,1,0
210082,21,KENTUCKY,KY,2,2,0,4,13,2650,BOLLING,31,1,January,2010,1,Sunday,14,25,1,2,2,17,36.73021667,-83.66612500,12,1,0,0,0,1,0
210083,21,KENTUCKY,KY,1,1,0,2,29,0,BORDEN SPRINGS,16,1,January,2010,7,Saturday,5,56,1,11,1,1223,38.06671111,-85.69958333,1,2,0,0,0,1,0
210084,21,KENTUCKY,KY,3,3,0,7,9,0,BLOUNT,27,2,February,2010,7,Saturday,13,55,0,3,3,43,37.06860278,-85.96188056,12,1,0,0,0,1,0
210085,21,KENTUCKY,KY,3,3,0,6,211,2980,APALACHEE,26,2,February,2010,6,Friday,7,26,1,1,1,320,38.19316667,-85.27575000,12,1,0,0,0,1,0
210086,21,KENTUCKY,KY,2,2,0,2,43,0,BAILEYTON,15,2,February,2010,2,Monday,12,47,1,1,1,1540,38.31957222,-83.23559722,12,1,0,0,0,1,0
210087,21,KENTUCKY,KY,1,1,0,1,43,0,BAILEYTON,19,1,January,2010,3,Tuesday,14,29,0,6,3,0,38.33100278,-82.99352222,35,1,0,0,0,1,0
210088,21,KENTUCKY,KY,1,1,0,1,195,26,CARLTON,26,1,January,2010,3,Tuesday,10,40,0,5,3,0,37.62368056,-82.20717500,42,1,0,0,0,1,1
210089,21,KENTUCKY,KY,1,1,0,3,27,0,ASHLAND,9,1,January,2010,7,Saturday,3,22,0,16,5,8,37.80001944,-86.62856944,1,2,0,0,0,1,1
210090,21,KENTUCKY,KY,1,1,0,4,199,460,ALVATON,17,2,February,2010,4,Wednesday,23,38,1,13,2,103,36.90344167,-84.50417500,31,3,0,0,0,1,0
210091,21,KENTUCKY,KY,3,3,0,6,81,940,AUBURN,12,2,February,2010,6,Friday,15,46,0,3,2,150,38.68394722,-84.58060833,12,1,0,0,0,1,0
210092,21,KENTUCKY,KY,1,1,0,2,183,0,FORT STEWART,20,2,February,2010,7,Saturday,22,0,1,2,3,680,37.33628333,-86.95009167,1,2,0,0,0,1,1
210093,21,KENTUCKY,KY,2,2,0,2,171,0,ALDORA,1,3,March,2010,2,Monday,16,18,0,5,3,3,36.71838333,-85.97325278,12,1,0,0,0,1,0
210094,21,KENTUCKY,KY,2,2,0,4,63,0,BOLIGEE,2,3,March,2010,3,Tuesday,18,20,0,3,3,121,38.13499444,-83.07509444,12,2,0,0,0,1,0
210095,21,KENTUCKY,KY,1,1,0,4,125,0,BROOKWOOD,4,3,March,2010,5,Thursday,7,31,0,4,3,58,37.25222778,-84.09510556,34,4,0,0,0,1,0
210096,21,KENTUCKY,KY,2,2,0,4,73,0,ARGO,5,3,March,2010,6,Friday,0,24,1,1,1,518,38.15804722,-84.89989722,12,2,0,0,0,1,0
210097,21,KENTUCKY,KY,2,2,0,4,79,1890,COURTLAND,7,3,March,2010,1,Sunday,13,15,1,2,2,21,37.60661667,-84.58022222,12,1,0,0,0,1,0
210098,21,KENTUCKY,KY,2,2,0,2,235,0,FINLEYSON,8,3,March,2010,2,Monday,22,44,1,11,1,262,36.93435278,-84.12561944,12,2,0,0,0,1,0
210099,21,KENTUCKY,KY,2,2,0,3,137,0,ALCO,10,3,March,2010,4,Wednesday,7,59,1,2,2,41,37.46521944,-84.82127778,12,1,0,0,0,1,0
210100,21,KENTUCKY,KY,1,1,0,1,111,2090,GRAHAM,10,3,March,2010,4,Wednesday,8,45,1,13,2,101,38.19040000,-85.64885556,1,1,0,0,0,1,0
210101,21,KENTUCKY,KY,2,2,0,2,93,2724,BEAR CREEK,11,3,March,2010,5,Thursday,6,50,1,13,2,245,37.79610278,-85.91566111,12,4,0,0,0,1,0
210102,21,KENTUCKY,KY,2,2,0,3,51,0,CENTRAL,11,3,March,2010,5,Thursday,19,55,0,4,3,103,37.23388056,-83.74946667,12,2,0,0,0,2,1
210103,21,KENTUCKY,KY,1,1,0,1,173,0,LAKELAND,6,3,March,2010,7,Saturday,17,9,0,16,4,1,37.99359167,-83.80323889,38,1,0,0,0,1,0
210104,21,KENTUCKY,KY,2,2,0,2,15,3400,ANNISTON,12,3,March,2010,6,Friday,0,20,0,14,2,25,38.88545556,-84.60129167,12,2,0,0,0,1,1
210105,21,KENTUCKY,KY,1,1,0,2,67,1980,ABBEVILLE,11,3,March,2010,5,Thursday,15,10,0,2,2,187,38.10008333,-84.51408889,59,1,0,0,0,1,0
210106,21,KENTUCKY,KY,1,1,1,1,59,2621,FRANKLIN,6,3,March,2010,7,Saturday,18,10,0,16,4,49,37.73108056,-86.98425278,8,5,0,0,0,1,0
210107,21,KENTUCKY,KY,1,1,0,3,145,0,BALD KNOB,13,3,March,2010,7,Saturday,12,42,1,2,2,94,37.07219722,-88.70026667,1,1,0,0,0,1,0
210108,21,KENTUCKY,KY,3,3,0,4,169,0,BRADLEY,14,3,March,2010,1,Sunday,16,52,0,4,2,20,36.99874722,-85.69983889,12,1,0,0,0,1,0
210109,21,KENTUCKY,KY,1,1,0,2,145,0,BALD KNOB,17,3,March,2010,4,Wednesday,20,8,0,4,2,41,37.02037222,-88.78408056,11,2,0,0,0,1,0
210110,21,KENTUCKY,KY,1,1,0,1,111,2090,GRAHAM,19,3,March,2010,6,Friday,0,47,0,13,2,10,38.24893333,-85.78203889,31,3,0,0,0,1,0
210111,21,KENTUCKY,KY,1,1,0,1,219,0,BISHOP,19,3,March,2010,6,Friday,12,5,0,6,3,36,37.03335833,-87.16896111,1,1,0,0,0,1,0
210112,21,KENTUCKY,KY,2,2,0,4,9,1310,BLOUNT,17,3,March,2010,4,Wednesday,19,28,0,14,3,8,37.02486111,-85.93424444,12,2,0,0,0,1,1
210113,21,KENTUCKY,KY,2,2,0,3,67,1980,ABBEVILLE,18,3,March,2010,5,Thursday,18,44,0,13,2,2,37.98993889,-84.59084167,12,1,0,0,0,1,0
210114,21,KENTUCKY,KY,1,1,0,1,111,2090,GRAHAM,25,3,March,2010,5,Thursday,5,38,1,11,1,138,38.22439167,-85.58298056,25,3,0,0,0,1,0
210115,21,KENTUCKY,KY,1,1,0,1,117,817,BIRMINGHAM,6,3,March,2010,7,Saturday,21,39,1,11,1,811,39.02578611,-84.54992222,52,3,0,0,0,1,0
210116,21,KENTUCKY,KY,2,2,0,13,99,0,BEATRICE,26,3,March,2010,6,Friday,5,17,1,1,1,614,37.24915278,-85.92540278,57,2,0,0,0,11,0
210117,21,KENTUCKY,KY,2,1,0,1,117,1170,BIRMINGHAM,26,3,March,2010,6,Friday,22,21,1,11,1,1869,39.05111944,-84.56318333,14,3,0,0,0,1,0
210118,21,KENTUCKY,KY,1,1,0,2,121,1328,BON AIR,26,3,March,2010,6,Friday,23,39,0,2,2,221,36.94608611,-84.00086389,35,2,0,0,0,1,1
210119,21,KENTUCKY,KY,1,1,0,1,73,0,ARGO,27,3,March,2010,7,Saturday,7,23,0,16,4,3,38.14096944,-84.89813889,42,2,0,0,0,1,1
210120,21,KENTUCKY,KY,1,1,0,1,111,2090,GRAHAM,27,3,March,2010,7,Saturday,1,30,0,14,3,87,38.19416111,-85.76669167,31,3,0,0,0,1,1
210121,21,KENTUCKY,KY,2,2,0,2,45,0,ARITON,27,3,March,2010,7,Saturday,12,44,0,4,3,56,37.36824722,-84.96302500,12,1,0,0,0,1,0
210122,21,KENTUCKY,KY,2,2,0,2,195,0,CARLTON,27,3,March,2010,7,Saturday,16,25,0,4,3,98,37.38676389,-82.55006667,12,1,0,0,0,2,0
210123,21,KENTUCKY,KY,1,1,0,2,185,0,ANAKTUVUK PASS,27,3,March,2010,7,Saturday,17,3,0,6,3,88,38.50542778,-85.39943333,1,1,0,0,0,1,0
210124,21,KENTUCKY,KY,1,1,0,3,239,0,GEORGETOWN,27,3,March,2010,7,Saturday,23,54,0,16,4,24,38.01083889,-84.68360556,42,2,0,0,0,2,0
210125,21,KENTUCKY,KY,1,1,0,1,113,2410,COTTONTON,28,3,March,2010,1,Sunday,0,19,0,14,2,38,37.90204167,-84.56381944,33,3,0,0,0,1,1
210126,21,KENTUCKY,KY,1,1,1,1,11,2860,BULLOCK,28,3,March,2010,1,Sunday,20,48,0,4,2,181,38.12935833,-83.58497222,8,2,0,0,0,1,0
210127,21,KENTUCKY,KY,1,1,0,2,103,517,DANVILLE,28,3,March,2010,1,Sunday,22,48,1,1,1,333,38.51721389,-85.23592500,21,2,10,0,0,1,1
210128,21,KENTUCKY,KY,1,1,2,1,195,2341,CARLTON,29,3,March,2010,2,Monday,8,33,0,4,3,0,37.38264167,-82.25489722,8,1,0,0,0,2,0
210129,21,KENTUCKY,KY,2,2,0,3,207,0,BOLINGBROKE,30,3,March,2010,3,Tuesday,20,21,0,4,3,139,36.98551667,-85.14061111,12,2,0,0,0,1,1
210130,21,KENTUCKY,KY,1,1,0,2,227,0,JASPER,11,3,March,2010,5,Thursday,9,59,0,16,4,9,36.93637778,-86.48283056,30,1,0,0,0,1,0
210131,21,KENTUCKY,KY,3,3,0,3,151,0,FLIPPEN,31,3,March,2010,4,Wednesday,6,38,0,5,3,30,37.60416944,-84.24346389,12,2,0,0,0,1,0
210132,21,KENTUCKY,KY,1,1,0,3,95,2571,ALBERTVILLE,31,3,March,2010,4,Wednesday,14,20,0,5,3,31,36.73654444,-83.42674167,35,1,0,0,0,1,0
210133,21,KENTUCKY,KY,2,2,0,2,81,3590,AUBURN,19,3,March,2010,6,Friday,16,12,0,4,2,89,38.59996944,-84.57846111,12,1,0,0,0,1,0
210135,21,KENTUCKY,KY,2,2,0,4,81,0,AUBURN,25,3,March,2010,5,Thursday,20,41,0,4,3,211,38.54158611,-84.51576111,12,2,0,0,0,1,0
210136,21,KENTUCKY,KY,1,1,1,2,37,3110,BRADFORD,28,3,March,2010,1,Sunday,22,26,1,5,2,202,39.07397778,-84.47426389,8,3,0,0,0,1,0
210137,21,KENTUCKY,KY,2,2,0,3,157,0,ARCADE,26,3,March,2010,6,Friday,18,53,0,4,2,27,37.00577500,-88.43384722,12,1,0,0,0,1,0
210138,21,KENTUCKY,KY,2,2,0,3,29,0,BORDEN SPRINGS,16,3,March,2010,3,Tuesday,14,36,0,3,3,62,37.86763889,-85.71250000,12,1,0,0,0,1,0
210139,21,KENTUCKY,KY,3,3,0,4,29,1572,BORDEN SPRINGS,27,3,March,2010,7,Saturday,20,20,1,1,1,1223,38.06684444,-85.69958333,12,2,0,0,0,1,1
210140,21,KENTUCKY,KY,2,2,0,3,59,2490,FRANKLIN,10,3,March,2010,4,Wednesday,18,32,1,13,2,161,37.78843333,-87.06377500,12,5,0,0,0,1,0
210141,21,KENTUCKY,KY,1,1,0,1,73,0,ARGO,18,3,March,2010,5,Thursday,2,34,0,5,3,10,38.21721111,-84.79771667,38,2,0,0,0,1,1
210142,21,KENTUCKY,KY,1,1,0,1,25,0,BARLOW BEND,8,2,February,2010,2,Monday,3,40,0,4,3,50,37.35139722,-83.48309167,35,2,0,0,0,1,1
210143,21,KENTUCKY,KY,5,5,0,6,209,1280,AILEY,3,4,April,2010,7,Saturday,16,43,0,14,2,79,38.19636944,-84.58429722,7,1,0,0,0,1,1
210144,21,KENTUCKY,KY,2,2,0,6,47,0,BROWNS,2,4,April,2010,6,Friday,22,12,1,1,1,933,36.68769444,-87.42336389,12,2,0,0,0,1,1
210145,21,KENTUCKY,KY,1,1,1,1,111,2090,GRAHAM,4,4,April,2010,1,Sunday,2,30,0,16,6,2,38.24802222,-85.78047778,8,3,0,0,0,1,0
210146,21,KENTUCKY,KY,1,1,0,2,177,0,LEE,4,4,April,2010,1,Sunday,18,45,0,6,4,1,37.10344444,-86.92101667,1,1,0,0,0,1,1
210147,21,KENTUCKY,KY,2,2,0,2,67,1980,ABBEVILLE,5,4,April,2010,2,Monday,6,32,0,4,3,92,38.07782500,-84.30307500,12,4,0,0,0,1,1
210148,21,KENTUCKY,KY,1,1,0,1,9,1310,BLOUNT,6,4,April,2010,3,Tuesday,23,48,0,16,5,4,37.00848889,-85.88591944,42,2,0,0,0,1,0
210149,21,KENTUCKY,KY,1,1,0,1,77,3420,ANDERSON,7,4,April,2010,4,Wednesday,2,29,0,4,2,125,38.78603611,-84.80522500,35,2,0,0,0,1,1
210150,21,KENTUCKY,KY,2,2,0,5,129,0,BIGBEE,7,4,April,2010,4,Wednesday,10,0,0,3,3,22,37.54661944,-83.72534722,34,1,0,0,0,4,0
210151,21,KENTUCKY,KY,1,1,0,2,127,0,BURNWELL,7,4,April,2010,4,Wednesday,19,14,0,4,3,32,37.98371667,-82.53655000,42,1,0,0,0,1,1
210152,21,KENTUCKY,KY,2,2,0,2,145,2520,BALD KNOB,6,4,April,2010,3,Tuesday,13,10,0,14,3,4,37.05255833,-88.57593889,12,1,0,0,0,1,0
210153,21,KENTUCKY,KY,1,1,0,2,97,0,AXIS,8,4,April,2010,5,Thursday,8,35,0,3,2,32,38.31512778,-84.37500000,1,1,0,0,0,1,0
210154,21,KENTUCKY,KY,1,1,0,1,67,1980,ABBEVILLE,8,4,April,2010,5,Thursday,16,5,0,16,6,0,37.96991389,-84.51104167,30,1,0,0,0,1,0
210155,21,KENTUCKY,KY,2,2,0,3,219,0,BISHOP,8,4,April,2010,5,Thursday,19,23,0,6,4,13,36.66659444,-87.16981944,12,2,0,0,0,1,1
210156,21,KENTUCKY,KY,2,2,0,2,113,2410,COTTONTON,9,4,April,2010,6,Friday,12,55,1,13,2,132,37.93691944,-84.54799167,12,1,0,0,0,1,0
210157,21,KENTUCKY,KY,2,2,0,7,15,0,ANNISTON,9,4,April,2010,6,Friday,19,52,0,4,3,67,38.84435278,-84.63476667,12,1,0,0,0,2,1
210158,21,KENTUCKY,KY,1,1,0,1,195,0,CARLTON,10,4,April,2010,7,Saturday,9,57,0,4,3,10,37.31799167,-82.36433056,35,1,0,0,0,1,0
210159,21,KENTUCKY,KY,1,1,0,1,137,0,ALCO,10,4,April,2010,7,Saturday,12,37,0,5,3,29,37.36742778,-84.48709444,1,1,0,0,0,1,0
210160,21,KENTUCKY,KY,1,1,1,1,95,0,ALBERTVILLE,10,4,April,2010,7,Saturday,20,45,0,5,3,32,36.85002500,-83.34743611,8,2,0,0,0,1,0
210161,21,KENTUCKY,KY,1,1,0,5,73,0,ARGO,11,4,April,2010,1,Sunday,8,53,1,1,1,594,38.16763056,-84.75973611,1,1,0,0,0,1,0
210163,21,KENTUCKY,KY,3,3,0,4,9,0,BLOUNT,10,4,April,2010,7,Saturday,10,20,0,5,3,83,36.86640278,-85.92424444,12,1,0,0,0,1,0
210164,21,KENTUCKY,KY,1,1,1,1,111,2090,GRAHAM,2,4,April,2010,6,Friday,4,47,0,15,3,41,38.20244167,-85.85390556,9,2,0,0,0,1,1
210165,21,KENTUCKY,KY,1,1,0,1,125,0,BROOKWOOD,11,4,April,2010,1,Sunday,16,39,0,5,3,20,37.00193611,-84.16381389,42,1,0,0,0,1,1
210166,21,KENTUCKY,KY,1,1,0,2,9,0,BLOUNT,14,4,April,2010,4,Wednesday,0,37,0,4,3,108,36.93373611,-85.87720833,35,2,0,0,0,1,1
210167,21,KENTUCKY,KY,1,1,1,1,139,1927,CALION,14,4,April,2010,4,Wednesday,20,48,0,2,2,4,37.03976389,-88.52517222,8,2,0,0,0,1,0
210168,21,KENTUCKY,KY,1,1,0,1,25,0,BARLOW BEND,14,4,April,2010,4,Wednesday,17,0,0,6,5,5,37.53532222,-83.23405278,42,1,0,0,0,1,0
210169,21,KENTUCKY,KY,2,2,0,2,233,0,ARAGON,16,4,April,2010,6,Friday,11,16,0,4,3,6,37.39303889,-87.83127222,12,1,0,0,0,1,0
210170,21,KENTUCKY,KY,2,2,0,3,111,1740,GRAHAM,14,4,April,2010,4,Wednesday,21,36,0,13,3,116,38.21663889,-85.59375278,12,2,0,0,0,1,0
210171,21,KENTUCKY,KY,2,2,0,3,175,0,CADWELL,19,4,April,2010,2,Monday,15,10,0,3,3,46,37.98080833,-83.33507500,12,1,0,0,0,1,1
210172,21,KENTUCKY,KY,2,2,0,2,111,1740,GRAHAM,1,4,April,2010,5,Thursday,20,39,1,11,1,264,38.23356111,-85.50448889,12,2,0,0,0,1,0
210173,21,KENTUCKY,KY,3,2,0,3,89,2800,BROWNSBORO,20,4,April,2010,3,Tuesday,14,38,1,13,2,15,38.51677778,-82.68422222,12,1,0,0,0,1,0
210174,21,KENTUCKY,KY,1,1,0,1,179,0,ALLENHURST,10,4,April,2010,7,Saturday,1,30,0,4,2,298,37.89639444,-85.26403333,42,2,0,0,0,1,1
210175,21,KENTUCKY,KY,1,1,1,4,233,0,ARAGON,21,4,April,2010,4,Wednesday,3,55,1,2,8,647,37.63564444,-87.50988056,8,2,0,0,0,1,1
210176,21,KENTUCKY,KY,1,1,0,1,111,2090,GRAHAM,23,4,April,2010,6,Friday,2,40,1,11,1,120,38.19077222,-85.71670556,18,3,0,0,0,1,1
210177,21,KENTUCKY,KY,2,1,0,1,239,0,GEORGETOWN,23,4,April,2010,6,Friday,12,15,0,6,5,5,38.04126389,-84.71345278,31,1,0,0,0,1,1
210178,21,KENTUCKY,KY,1,1,0,1,125,0,BROOKWOOD,24,4,April,2010,7,Saturday,9,50,0,4,3,42,37.00097500,-84.16540278,42,1,0,0,0,1,0
210179,21,KENTUCKY,KY,2,2,0,3,11,0,BULLOCK,24,4,April,2010,7,Saturday,11,2,1,1,1,1189,38.12267500,-83.78517222,12,1,0,0,0,2,0
210180,21,KENTUCKY,KY,1,1,0,1,81,0,AUBURN,13,4,April,2010,3,Tuesday,15,35,0,6,4,10,38.73416667,-84.74621667,42,1,0,0,0,1,0
210181,21,KENTUCKY,KY,3,1,1,2,67,1980,ABBEVILLE,29,4,April,2010,5,Thursday,22,7,0,16,6,8,38.05430833,-84.48546389,8,3,0,0,0,1,1
210182,21,KENTUCKY,KY,1,1,0,4,95,0,ALBERTVILLE,30,4,April,2010,6,Friday,0,5,0,6,3,7,36.88140556,-83.28950000,35,2,0,0,0,1,1
210183,21,KENTUCKY,KY,1,1,0,2,111,2090,GRAHAM,30,4,April,2010,6,Friday,17,37,0,16,6,1,38.12898611,-85.84579444,34,1,0,0,0,1,1
210184,21,KENTUCKY,KY,2,2,0,2,125,0,BROOKWOOD,29,4,April,2010,5,Thursday,15,37,0,6,4,1,37.25185278,-84.05442222,12,1,0,0,0,1,0
210185,21,KENTUCKY,KY,1,1,0,1,125,0,BROOKWOOD,24,4,April,2010,7,Saturday,22,55,0,6,3,84,37.09434722,-83.88713889,1,2,0,0,0,1,1
210186,21,KENTUCKY,KY,1,1,0,3,165,0,HERNDON,30,4,April,2010,6,Friday,11,45,0,5,3,20,37.90035833,-83.49785278,5,1,0,0,0,1,0
210187,21,KENTUCKY,KY,1,1,1,1,145,2520,BALD KNOB,26,3,March,2010,6,Friday,8,43,0,14,2,117,37.05768611,-88.65372500,9,1,0,0,0,1,0
210188,21,KENTUCKY,KY,1,1,0,1,83,0,ARDMORE,23,4,April,2010,6,Friday,18,6,0,5,3,65,36.69846389,-88.73373889,42,5,0,0,0,1,0
210189,21,KENTUCKY,KY,1,1,1,1,125,0,BROOKWOOD,6,3,March,2010,7,Saturday,22,32,1,13,2,6,36.97140833,-84.09208056,8,2,0,0,0,1,0
210190,21,KENTUCKY,KY,2,2,0,4,221,0,ARNOLDSVILLE,4,3,March,2010,5,Thursday,14,20,0,4,3,264,36.75655833,-87.66845278,12,1,0,0,0,1,0
210191,21,KENTUCKY,KY,2,2,0,2,145,0,BALD KNOB,28,4,April,2010,4,Wednesday,12,40,0,13,2,184,37.04593056,-88.55495556,12,1,0,0,0,1,1
210192,21,KENTUCKY,KY,1,1,0,1,25,701,BARLOW BEND,4,4,April,2010,1,Sunday,9,21,0,4,3,64,37.46678611,-83.26718333,32,1,0,0,0,1,0
210193,21,KENTUCKY,KY,1,1,1,2,115,2530,ASHVILLE,3,5,May,2010,2,Monday,20,40,0,4,3,68,37.80076389,-82.80078056,8,2,0,0,0,1,0
210194,21,KENTUCKY,KY,1,1,0,3,35,0,BROOKLYN,2,5,May,2010,1,Sunday,3,14,1,2,2,29,36.53391667,-88.32475556,38,2,0,0,0,1,1
210195,21,KENTUCKY,KY,3,3,0,6,113,0,COTTONTON,5,5,May,2010,4,Wednesday,7,55,0,5,3,78,37.84995000,-84.51876667,12,1,0,0,0,1,1
210196,21,KENTUCKY,KY,1,1,0,1,213,0,CARTERS,5,5,May,2010,4,Wednesday,15,36,0,4,3,3,36.65161944,-86.69517500,35,1,0,0,0,1,1
210197,21,KENTUCKY,KY,2,2,0,2,111,2090,GRAHAM,6,5,May,2010,5,Thursday,12,48,1,13,2,120,38.21104167,-85.67113056,33,1,0,0,0,1,0
210198,21,KENTUCKY,KY,3,3,0,3,177,1360,LEE,5,5,May,2010,4,Wednesday,12,43,0,4,3,110,37.22188889,-87.17645000,12,1,0,0,0,1,0
210199,21,KENTUCKY,KY,1,1,0,1,213,0,CARTERS,7,5,May,2010,6,Friday,18,45,0,6,4,47,36.75477222,-86.64788333,32,1,0,0,0,1,0