ST_CASE,STATE,State Name,State Abbreviation,# of Vehicle involved,VE_FORMS,Pedestrains,Total_Persons_in_accident,COUNTY,CITY,City_County_Name,Calendar_DAY,MONTH,Month_name,YEAR,DAY_WEEK,Day_Week_desc,HOUR,MINUTE,NHS_Desc,trafficway,Route,MILEPT,LATITUDE,LONGITUD,First_Crash_event,Light_cond_desc,Weather_condition,School_bus_involved,Crash_cause,FATALS,DRUNK_DR
210506,21,KENTUCKY,KY,1,1,0,2,81,3590,AUBURN,20,9,September,2010,2,Monday,4,0,1,1,1,1565,38.64958889,-84.58657222,1,3,0,0,0,1,0
210507,21,KENTUCKY,KY,2,2,0,6,19,558,CEDAR BLUFF,28,9,September,2010,3,Tuesday,21,24,0,13,3,15,38.37053056,-82.70048611,12,2,0,0,0,1,1
210508,21,KENTUCKY,KY,2,2,0,7,111,2090,GRAHAM,15,9,September,2010,4,Wednesday,21,30,1,13,2,100,38.12409167,-85.85304722,12,3,0,0,0,1,0
210509,21,KENTUCKY,KY,1,1,1,1,227,350,JASPER,29,9,September,2010,4,Wednesday,17,7,0,16,5,2,36.98308333,-86.41199722,9,1,0,0,0,1,0
210510,21,KENTUCKY,KY,1,1,0,1,73,0,ARGO,23,9,September,2010,5,Thursday,20,42,0,6,3,6,38.23885556,-84.86251944,1,1,0,0,0,1,0
210511,21,KENTUCKY,KY,1,1,0,1,235,0,FINLEYSON,16,9,September,2010,5,Thursday,9,54,1,1,1,189,36.83072222,-84.16402778,1,1,0,0,0,1,0
210512,21,KENTUCKY,KY,3,3,0,4,29,0,BORDEN SPRINGS,30,8,August,2010,2,Monday,11,22,0,13,3,188,38.03348889,-85.68906667,12,1,0,0,0,1,0
210513,21,KENTUCKY,KY,1,1,0,1,197,0,BUENA VISTA,11,9,September,2010,7,Saturday,8,18,0,5,3,18,37.81659722,-83.91945278,42,1,0,0,0,1,0
210514,21,KENTUCKY,KY,1,1,0,1,121,0,BON AIR,2,8,August,2010,2,Monday,16,27,1,2,2,135,36.90011111,-83.88881111,35,1,0,0,0,1,0
210515,21,KENTUCKY,KY,1,1,0,1,209,0,AILEY,25,2,February,2010,5,Thursday,20,30,0,5,3,77,38.26658889,-84.49705000,42,2,0,0,0,1,1
210516,21,KENTUCKY,KY,1,1,0,2,57,0,BANKSTON,23,8,August,2010,2,Monday,13,55,0,5,3,44,36.64597222,-85.39621389,1,1,0,0,0,1,0
210517,21,KENTUCKY,KY,1,1,0,2,155,0,IRWIN,14,8,August,2010,7,Saturday,18,0,0,5,3,86,37.56665833,-85.42955833,1,1,0,0,0,1,1
210518,21,KENTUCKY,KY,2,2,0,3,195,0,CARLTON,2,10,October,2010,7,Saturday,14,4,0,4,3,124,37.38959444,-82.52393333,12,1,0,0,0,2,0
210519,21,KENTUCKY,KY,1,1,0,1,53,0,ATMORE,2,10,October,2010,7,Saturday,19,32,0,5,3,37,36.68666111,-85.05615278,1,2,0,0,0,1,1
210520,21,KENTUCKY,KY,2,2,0,3,35,0,BROOKLYN,2,10,October,2010,7,Saturday,19,21,0,6,4,8,36.58416667,-88.35024722,12,2,0,0,0,1,0
210521,21,KENTUCKY,KY,1,1,0,2,155,0,IRWIN,2,10,October,2010,7,Saturday,1,40,0,4,3,152,37.66666667,-85.44380556,35,2,0,0,0,1,1
210522,21,KENTUCKY,KY,2,2,0,2,111,2090,GRAHAM,3,10,October,2010,1,Sunday,4,22,0,13,3,49,38.16567222,-85.78021944,12,3,0,0,0,1,1
210523,21,KENTUCKY,KY,2,2,0,2,161,0,DENTON,4,10,October,2010,2,Monday,21,0,1,13,2,106,38.58266111,-83.82791389,12,2,0,0,0,1,0
210524,21,KENTUCKY,KY,2,2,0,2,67,1980,ABBEVILLE,1,10,October,2010,6,Friday,12,38,0,5,3,17,38.09059444,-84.60140000,12,1,0,0,0,1,0
210525,21,KENTUCKY,KY,2,2,0,2,59,0,FRANKLIN,6,10,October,2010,4,Wednesday,6,25,0,2,2,57,37.64985833,-87.12241944,12,2,0,0,0,1,0
210526,21,KENTUCKY,KY,1,1,0,1,205,0,BACONTON,3,10,October,2010,1,Sunday,5,45,0,3,3,54,38.09937500,-83.41103611,32,2,0,0,0,1,0
210527,21,KENTUCKY,KY,2,2,0,2,169,0,BRADLEY,8,10,October,2010,6,Friday,15,22,0,3,3,29,36.88363611,-85.69945278,12,1,0,0,0,1,0
210528,21,KENTUCKY,KY,1,1,0,2,45,0,ARITON,8,10,October,2010,6,Friday,17,20,0,4,3,115,37.43602222,-85.01306667,19,1,0,0,0,1,1
210529,21,KENTUCKY,KY,1,1,0,1,181,0,LINCOLN,9,10,October,2010,7,Saturday,11,12,0,5,3,4,38.30340833,-83.88932778,35,1,0,0,0,1,0
210530,21,KENTUCKY,KY,2,2,0,4,239,3360,GEORGETOWN,9,10,October,2010,7,Saturday,16,51,1,13,2,93,38.05093056,-84.71500833,12,1,0,0,0,2,0
210531,21,KENTUCKY,KY,1,1,0,1,163,0,AVERA,10,10,October,2010,1,Sunday,1,34,0,6,4,0,37.89006111,-86.23958611,34,2,0,0,0,1,1
210532,21,KENTUCKY,KY,1,1,1,5,67,1980,ABBEVILLE,10,10,October,2010,1,Sunday,19,32,1,13,2,106,38.01171667,-84.45842778,8,3,0,0,0,1,0
210533,21,KENTUCKY,KY,2,2,0,2,73,1220,ARGO,11,10,October,2010,2,Monday,3,23,1,11,2,121,38.18858056,-84.82183333,12,3,0,0,0,1,1
210534,21,KENTUCKY,KY,2,2,0,7,195,2640,CARLTON,10,10,October,2010,1,Sunday,20,22,1,2,2,301,37.53222500,-82.57757778,12,2,0,0,0,1,0
210535,21,KENTUCKY,KY,3,3,0,5,177,0,LEE,12,10,October,2010,3,Tuesday,15,10,0,5,3,101,37.15846944,-87.19711389,12,1,0,0,0,2,0
210536,21,KENTUCKY,KY,1,1,0,1,29,0,BORDEN SPRINGS,12,10,October,2010,3,Tuesday,16,20,0,6,4,0,38.05079444,-85.54929167,1,1,0,0,0,1,0
210537,21,KENTUCKY,KY,2,2,0,3,39,0,ANDALUSIA,12,10,October,2010,3,Tuesday,18,10,0,6,3,41,36.92924167,-88.84635000,12,5,0,0,0,1,1
210538,21,KENTUCKY,KY,1,1,0,1,71,2670,BRIDGEPORT,12,10,October,2010,3,Tuesday,18,39,0,6,3,29,37.67566944,-82.68361944,1,1,0,0,0,1,0
210539,21,KENTUCKY,KY,2,2,0,2,163,0,AVERA,11,10,October,2010,2,Monday,17,15,1,2,2,79,37.88183056,-86.10002500,12,1,0,0,0,1,0
210540,21,KENTUCKY,KY,1,1,1,1,97,850,AXIS,1,10,October,2010,6,Friday,10,19,0,13,2,99999,38.36766944,-84.31496111,8,1,0,0,0,1,0
210541,21,KENTUCKY,KY,1,1,1,1,121,0,BON AIR,13,10,October,2010,4,Wednesday,6,25,1,2,2,156,36.91140278,-83.91366111,8,2,0,0,0,1,0
210542,21,KENTUCKY,KY,1,1,1,1,47,1620,BROWNS,11,10,October,2010,2,Monday,11,47,0,16,6,7,36.86684167,-87.47259722,9,1,0,0,0,1,0
210543,21,KENTUCKY,KY,2,2,0,9,67,1980,ABBEVILLE,10,10,October,2010,1,Sunday,16,55,0,13,3,1,38.06110833,-84.50061389,12,1,0,0,0,1,0
210544,21,KENTUCKY,KY,2,2,0,4,33,2690,CHEROKEE,3,10,October,2010,1,Sunday,23,12,0,14,2,36,37.10680556,-87.91671667,12,3,0,0,0,1,1
210545,21,KENTUCKY,KY,2,2,0,7,137,0,ALCO,13,10,October,2010,4,Wednesday,21,5,0,3,2,173,37.43467500,-84.46604444,12,2,0,0,0,1,0
210546,21,KENTUCKY,KY,1,1,0,2,103,0,DANVILLE,14,10,October,2010,5,Thursday,10,54,0,5,3,10,38.41096111,-85.30068333,42,1,0,0,0,1,0
210547,21,KENTUCKY,KY,2,2,0,2,227,0,JASPER,12,10,October,2010,3,Tuesday,10,2,0,3,3,121,37.08363333,-86.21641111,12,1,0,0,0,1,0
210548,21,KENTUCKY,KY,1,1,0,3,35,0,BROOKLYN,16,10,October,2010,7,Saturday,17,43,0,5,3,63,36.60395278,-88.15056389,1,1,0,0,0,1,0
210549,21,KENTUCKY,KY,2,2,0,3,111,2090,GRAHAM,18,10,October,2010,2,Monday,18,43,0,13,3,52,38.14819167,-85.76037222,12,1,0,0,0,1,0
210550,21,KENTUCKY,KY,2,2,0,2,93,0,BEAR CREEK,20,10,October,2010,4,Wednesday,9,40,1,1,1,949,37.71906667,-85.82845556,12,1,0,0,0,1,0
210551,21,KENTUCKY,KY,3,3,0,3,125,0,BROOKWOOD,20,10,October,2010,4,Wednesday,13,25,1,2,3,28,37.15812778,-84.24415000,12,1,0,0,0,1,0
210552,21,KENTUCKY,KY,2,2,0,2,179,170,ALLENHURST,14,10,October,2010,5,Thursday,16,23,0,3,3,73,37.85167778,-85.50908056,12,1,0,0,0,1,0
210553,21,KENTUCKY,KY,1,1,0,1,179,0,ALLENHURST,12,10,October,2010,3,Tuesday,22,8,0,5,3,75,37.79944167,-85.37192222,42,2,0,0,0,1,0
210554,21,KENTUCKY,KY,3,3,0,3,211,0,APALACHEE,22,10,October,2010,6,Friday,14,59,0,13,2,122,38.21006389,-85.18472778,12,1,0,0,0,1,0
210555,21,KENTUCKY,KY,2,2,0,2,111,2090,GRAHAM,23,10,October,2010,7,Saturday,16,9,1,12,3,22,38.09153889,-85.83776944,12,1,0,0,0,1,0
210556,21,KENTUCKY,KY,1,1,0,3,137,0,ALCO,23,10,October,2010,7,Saturday,22,43,1,2,2,2,37.58563611,-84.71574722,39,2,0,0,0,1,1
210557,21,KENTUCKY,KY,1,1,0,1,25,1720,BARLOW BEND,22,10,October,2010,6,Friday,19,3,0,6,4,9,37.56679444,-83.36751944,1,2,0,0,0,1,1
210558,21,KENTUCKY,KY,1,1,0,2,1,0,AUTAUGA,22,10,October,2010,6,Friday,23,41,0,5,3,10,37.04829167,-85.24000278,35,2,0,0,0,1,1
210559,21,KENTUCKY,KY,1,1,0,1,131,848,ARLINGTON,24,10,October,2010,1,Sunday,9,0,0,6,5,5,37.09277222,-83.25748333,1,1,0,0,0,1,1
210560,21,KENTUCKY,KY,1,1,0,4,193,1827,IDEAL,23,10,October,2010,7,Saturday,8,51,0,5,3,160,37.30041111,-83.33949444,42,1,0,0,0,1,1
210561,21,KENTUCKY,KY,1,1,0,3,111,2090,GRAHAM,26,10,October,2010,3,Tuesday,2,34,0,15,3,57,38.16105000,-85.89403056,30,2,0,0,0,1,1
210562,21,KENTUCKY,KY,1,1,0,3,151,0,FLIPPEN,26,10,October,2010,3,Tuesday,16,55,0,3,3,44,37.65963333,-84.35774722,42,1,0,0,0,1,0
210563,21,KENTUCKY,KY,1,1,1,1,111,2090,GRAHAM,27,10,October,2010,4,Wednesday,7,44,1,11,1,1,38.18807222,-85.72648889,8,4,0,0,0,1,0
210564,21,KENTUCKY,KY,1,1,1,1,111,2090,GRAHAM,28,10,October,2010,5,Thursday,7,14,1,13,2,84,38.17241944,-85.61083333,8,2,0,0,0,1,0
210565,21,KENTUCKY,KY,1,1,0,2,119,0,BELLAMY,28,10,October,2010,5,Thursday,6,15,0,5,3,114,37.39300556,-82.98213889,42,2,0,0,0,2,1
210566,21,KENTUCKY,KY,1,1,0,1,47,0,BROWNS,29,10,October,2010,6,Friday,13,25,0,5,3,92,36.90879444,-87.31697500,53,1,0,0,0,1,0
210567,21,KENTUCKY,KY,2,2,0,2,227,0,JASPER,29,10,October,2010,6,Friday,14,0,0,3,3,27,37.00018889,-86.48776667,12,1,0,0,0,1,0
210568,21,KENTUCKY,KY,1,1,0,1,149,0,BELLEVILLE,30,10,October,2010,7,Saturday,3,14,1,2,2,37,37.45145556,-87.14115278,42,2,0,0,0,1,1
210569,21,KENTUCKY,KY,1,1,0,2,151,0,FLIPPEN,30,10,October,2010,7,Saturday,4,12,1,1,1,970,37.86679167,-84.33272778,43,3,0,0,0,1,1
210570,21,KENTUCKY,KY,2,2,0,2,125,0,BROOKWOOD,30,10,October,2010,7,Saturday,8,33,1,2,3,53,37.15645278,-84.20213611,12,1,0,0,0,1,0
210571,21,KENTUCKY,KY,4,4,0,6,21,0,CHILTON,30,10,October,2010,7,Saturday,15,55,0,3,2,108,37.63520278,-84.80067778,12,1,0,0,0,1,0
210572,21,KENTUCKY,KY,1,1,0,3,57,0,BANKSTON,30,10,October,2010,7,Saturday,23,33,0,3,3,103,36.75081667,-85.36956389,35,6,0,0,0,1,1
210573,21,KENTUCKY,KY,2,2,0,3,179,0,ALLENHURST,3,10,October,2010,1,Sunday,8,10,0,3,3,98,37.87820833,-85.54023611,12,1,0,0,0,1,0
210574,21,KENTUCKY,KY,1,1,0,1,67,1980,ABBEVILLE,10,10,October,2010,1,Sunday,1,59,0,16,8,0,38.10410278,-84.51735000,10,2,0,0,0,1,1
210575,21,KENTUCKY,KY,1,1,0,3,51,0,CENTRAL,23,10,October,2010,7,Saturday,13,35,0,6,3,22,37.06603333,-83.62835833,42,1,0,0,0,2,0
210576,21,KENTUCKY,KY,2,2,0,6,223,0,BRASWELL,23,10,October,2010,7,Saturday,16,45,0,4,2,133,38.62163056,-85.24086111,12,1,0,0,0,1,0
210578,21,KENTUCKY,KY,2,2,0,3,179,170,ALLENHURST,27,10,October,2010,4,Wednesday,7,22,0,13,2,149,37.82002222,-85.46320556,12,3,0,0,0,1,0
210579,21,KENTUCKY,KY,1,1,0,1,173,0,LAKELAND,16,10,October,2010,7,Saturday,17,15,0,6,4,40,38.07860278,-83.81890278,1,1,0,0,0,1,1
210580,21,KENTUCKY,KY,2,1,0,2,29,0,BORDEN SPRINGS,30,10,October,2010,7,Saturday,4,29,0,3,3,18,37.91887778,-85.59993333,14,2,0,0,0,1,1
210581,21,KENTUCKY,KY,1,1,0,1,55,0,ATTALLA,1,10,October,2010,6,Friday,17,26,1,2,2,216,37.45333056,-87.95808889,53,1,0,0,0,1,0
210582,21,KENTUCKY,KY,1,1,0,2,183,0,FORT STEWART,16,9,September,2010,5,Thursday,15,31,0,6,5,26,37.56540000,-86.66513333,35,1,0,0,0,1,1
210583,21,KENTUCKY,KY,2,2,0,6,115,1374,ASHVILLE,29,9,September,2010,4,Wednesday,15,27,0,3,3,34,37.76688056,-82.78575833,12,1,0,0,0,1,1
210584,21,KENTUCKY,KY,2,2,0,3,1,740,AUTAUGA,27,4,April,2010,3,Tuesday,15,42,1,2,3,96,37.08335833,-85.29982500,12,1,0,0,0,1,0
210585,21,KENTUCKY,KY,1,1,0,5,127,0,BURNWELL,16,10,October,2010,7,Saturday,22,35,0,4,3,125,38.08716389,-82.58266111,35,2,0,0,0,1,0
210586,21,KENTUCKY,KY,2,2,0,2,87,0,ARMSTRONG,7,9,September,2010,3,Tuesday,17,25,0,6,4,9,37.15737500,-85.51766389,12,1,0,0,0,1,0
210587,21,KENTUCKY,KY,1,1,0,1,151,0,FLIPPEN,1,11,November,2010,2,Monday,17,54,0,5,3,53,37.59168889,-84.11810833,38,1,0,0,0,1,1
210588,21,KENTUCKY,KY,2,2,0,2,163,360,AVERA,2,11,November,2010,3,Tuesday,5,46,0,4,3,52,37.99126667,-86.16178056,12,3,0,0,0,1,0
210589,21,KENTUCKY,KY,1,1,0,1,227,2460,JASPER,2,11,November,2010,3,Tuesday,9,59,0,16,4,0,37.04108333,-86.24927500,10,1,0,0,0,1,0
210590,21,KENTUCKY,KY,2,2,0,2,229,0,BLACKSHEAR,3,11,November,2010,4,Wednesday,9,28,0,2,3,12,37.63421667,-85.25596667,12,1,0,0,0,1,0
210591,21,KENTUCKY,KY,1,1,0,1,119,0,BELLAMY,4,11,November,2010,5,Thursday,15,0,1,2,3,71,37.22561389,-83.02398333,1,1,0,0,0,1,0
210592,21,KENTUCKY,KY,1,1,0,2,35,0,BROOKLYN,5,11,November,2010,6,Friday,14,30,0,6,3,47,36.59720000,-88.18850000,35,1,0,0,0,2,1
210593,21,KENTUCKY,KY,2,2,0,3,159,1680,FARRAR,6,11,November,2010,7,Saturday,15,0,0,4,3,28,37.80011944,-82.46848611,12,1,0,0,0,1,0
210594,21,KENTUCKY,KY,1,1,0,1,111,2090,GRAHAM,7,11,November,2010,1,Sunday,23,17,1,11,8,2,38.19026667,-85.75176667,25,3,0,0,0,1,0
210595,21,KENTUCKY,KY,3,3,0,5,57,0,BANKSTON,9,11,November,2010,3,Tuesday,18,35,0,3,3,216,36.76841944,-85.24974444,12,1,0,0,0,1,0
210596,21,KENTUCKY,KY,1,1,0,4,165,0,HERNDON,10,11,November,2010,4,Wednesday,13,50,0,3,2,36,37.95638056,-83.70380278,34,1,0,0,0,1,0
210597,21,KENTUCKY,KY,2,2,0,3,19,558,CEDAR BLUFF,11,11,November,2010,5,Thursday,13,23,0,13,2,59,38.39871944,-82.71113056,12,1,0,0,0,1,0
210598,21,KENTUCKY,KY,2,2,0,4,71,1426,BRIDGEPORT,13,11,November,2010,7,Saturday,9,45,0,4,3,182,37.52487222,-82.64400833,11,1,0,0,0,1,0
210599,21,KENTUCKY,KY,1,1,0,1,37,0,BRADFORD,13,11,November,2010,7,Saturday,13,2,0,4,3,26,38.83589722,-84.33697778,1,1,0,0,0,1,0
210600,21,KENTUCKY,KY,1,1,0,1,111,2090,GRAHAM,14,11,November,2010,1,Sunday,11,15,1,11,1,0,38.23608889,-85.62070278,25,1,0,0,0,1,1
210601,21,KENTUCKY,KY,1,1,0,1,85,680,BENTON,15,11,November,2010,2,Monday,8,10,0,4,2,237,37.48950278,-86.25250278,34,1,0,0,0,1,0
210602,21,KENTUCKY,KY,1,1,0,2,73,0,ARGO,15,11,November,2010,2,Monday,18,4,0,6,4,4,38.11213889,-84.90611944,38,2,0,0,0,1,0
210603,21,KENTUCKY,KY,1,1,0,2,13,514,BOLLING,13,11,November,2010,7,Saturday,7,17,1,2,2,81,36.75133333,-83.60724444,35,1,0,0,0,1,0
210604,21,KENTUCKY,KY,1,1,1,1,101,1510,BOYLSTON,13,11,November,2010,7,Saturday,17,25,1,13,2,151,37.81402222,-87.57107778,8,3,0,0,0,1,0
210605,21,KENTUCKY,KY,1,1,1,1,163,0,AVERA,3,11,November,2010,4,Wednesday,20,49,0,3,3,355,37.81503889,-86.00110556,8,2,0,0,0,1,0
210606,21,KENTUCKY,KY,2,2,0,4,111,2090,GRAHAM,16,11,November,2010,3,Tuesday,8,31,1,11,1,120,38.23535000,-85.61611111,12,1,0,0,0,1,0
210607,21,KENTUCKY,KY,2,2,0,6,63,2885,BOLIGEE,16,11,November,2010,3,Tuesday,14,1,0,3,3,71,38.08768611,-83.12415833,12,1,0,0,0,1,0
210608,21,KENTUCKY,KY,1,1,0,1,103,0,DANVILLE,16,11,November,2010,3,Tuesday,8,50,0,6,3,14,38.35316667,-85.13327222,1,1,0,0,0,1,0
210609,21,KENTUCKY,KY,2,2,0,2,67,1980,ABBEVILLE,16,11,November,2010,3,Tuesday,23,23,0,4,2,223,38.15268056,-84.54455833,12,2,0,0,0,1,1
210610,21,KENTUCKY,KY,2,2,0,7,35,0,BROOKLYN,12,11,November,2010,6,Friday,16,54,1,2,2,17,36.65186111,-88.30694722,12,5,0,0,0,1,0
210611,21,KENTUCKY,KY,1,1,1,1,111,1740,GRAHAM,19,11,November,2010,6,Friday,4,45,0,13,3,128,38.24043889,-85.57701667,9,2,0,0,0,1,0
210612,21,KENTUCKY,KY,2,2,0,3,211,0,APALACHEE,19,11,November,2010,6,Friday,12,48,1,1,1,276,38.20493611,-85.33330000,12,1,0,0,0,1,0
210613,21,KENTUCKY,KY,2,2,0,2,161,0,DENTON,18,11,November,2010,5,Thursday,19,20,1,2,3,149,38.66503889,-83.91091389,12,3,0,0,0,1,1
210614,21,KENTUCKY,KY,2,2,0,2,9,0,BLOUNT,20,11,November,2010,7,Saturday,6,52,0,3,2,63,36.90934167,-86.00097778,12,1,0,0,0,1,0
210615,21,KENTUCKY,KY,1,1,2,1,227,0,JASPER,20,11,November,2010,7,Saturday,17,39,0,13,2,105,36.98376944,-86.48651944,8,2,0,0,0,2,0
210616,21,KENTUCKY,KY,2,2,0,4,111,2090,GRAHAM,13,11,November,2010,7,Saturday,20,48,0,14,3,41,38.11744167,-85.80631389,12,2,0,0,0,1,0
210617,21,KENTUCKY,KY,1,1,0,1,151,0,FLIPPEN,21,11,November,2010,1,Sunday,9,29,0,5,3,28,37.65925278,-84.21770556,53,1,0,0,0,1,1
210618,21,KENTUCKY,KY,2,2,0,3,67,1980,ABBEVILLE,9,11,November,2010,3,Tuesday,18,18,0,13,2,43,38.02635833,-84.53490278,12,2,0,0,0,1,0
210619,21,KENTUCKY,KY,2,2,0,3,67,1980,ABBEVILLE,22,11,November,2010,2,Monday,10,19,0,16,5,15,37.98733611,-84.51546111,12,1,0,0,0,1,0
210620,21,KENTUCKY,KY,3,3,0,3,133,3530,ARLEY,21,11,November,2010,1,Sunday,19,21,1,2,3,17,37.11782778,-82.83416667,12,2,0,0,0,1,1
210621,21,KENTUCKY,KY,1,1,0,1,151,2750,FLIPPEN,23,11,November,2010,3,Tuesday,5,20,0,13,2,146,37.71696111,-84.26972778,42,2,0,0,0,1,0
210622,21,KENTUCKY,KY,1,1,0,1,125,0,BROOKWOOD,23,11,November,2010,3,Tuesday,10,17,0,6,4,8,37.21303611,-84.04811389,42,1,0,0,0,1,0
210623,21,KENTUCKY,KY,1,1,0,1,111,2090,GRAHAM,7,11,November,2010,1,Sunday,3,0,0,16,5,0,38.11683333,-85.83545278,39,2,0,0,0,1,1
210624,21,KENTUCKY,KY,2,2,0,3,179,0,ALLENHURST,21,11,November,2010,1,Sunday,0,54,0,4,3,33,37.86689167,-85.29986944,12,2,0,0,0,1,1
210625,21,KENTUCKY,KY,2,2,0,2,81,0,AUBURN,24,11,November,2010,4,Wednesday,1,11,0,4,2,198,38.73470278,-84.59734444,12,2,0,0,0,1,1
210626,21,KENTUCKY,KY,1,1,0,1,91,0,DAYTON,24,11,November,2010,4,Wednesday,22,25,0,4,3,105,37.84022500,-86.75611389,42,2,0,0,0,1,0
210627,21,KENTUCKY,KY,1,1,0,1,19,610,CEDAR BLUFF,3,11,November,2010,4,Wednesday,8,44,0,14,3,2,38.42027500,-82.60465556,34,1,0,0,0,1,0
210628,21,KENTUCKY,KY,1,1,0,2,157,0,ARCADE,25,11,November,2010,5,Thursday,2,50,1,2,2,275,36.77251111,-88.11794722,42,2,0,0,0,1,1
210629,21,KENTUCKY,KY,1,1,0,4,189,0,BONEVILLE,25,11,November,2010,5,Thursday,20,29,0,4,3,172,37.46014444,-83.58398333,1,2,0,0,0,1,1
210630,21,KENTUCKY,KY,1,1,0,1,211,0,APALACHEE,26,11,November,2010,6,Friday,11,43,0,4,3,108,38.15021667,-85.05375000,42,1,0,0,0,1,0
210631,21,KENTUCKY,KY,2,2,0,4,185,0,ANAKTUVUK PASS,25,11,November,2010,5,Thursday,16,29,1,11,1,152,38.35525278,-85.47431944,12,1,0,0,0,2,1
210632,21,KENTUCKY,KY,1,1,0,2,157,0,ARCADE,27,11,November,2010,7,Saturday,20,21,0,6,3,12,36.93503889,-88.38483889,35,2,0,0,0,1,1
210633,21,KENTUCKY,KY,2,2,0,3,221,0,ARNOLDSVILLE,28,11,November,2010,1,Sunday,16,15,1,2,2,163,36.83892778,-87.86018611,12,1,0,0,0,1,0
210634,21,KENTUCKY,KY,3,3,0,4,205,0,BACONTON,28,11,November,2010,1,Sunday,19,16,0,4,3,30,38.23629167,-83.45000278,12,2,0,0,0,1,0
210635,21,KENTUCKY,KY,2,2,0,2,215,3240,BIBB CITY,29,11,November,2010,2,Monday,10,53,0,3,3,84,38.03033889,-85.35258889,12,1,0,0,0,1,0
210636,21,KENTUCKY,KY,1,1,0,3,73,0,ARGO,29,11,November,2010,2,Monday,13,6,1,1,1,504,38.15468889,-84.93332778,1,1,0,0,0,3,0
210637,21,KENTUCKY,KY,1,1,1,1,93,1000,BEAR CREEK,29,11,November,2010,2,Monday,15,54,0,14,3,5,37.70232222,-85.85716667,8,1,0,0,0,1,0
210638,21,KENTUCKY,KY,1,1,0,1,49,0,COLLINSVILLE,7,11,November,2010,1,Sunday,3,25,1,2,3,24,37.99264444,-84.11141389,52,2,0,0,0,1,1
210639,21,KENTUCKY,KY,2,2,0,4,121,0,BON AIR,9,11,November,2010,3,Tuesday,16,34,0,4,3,37,36.94052778,-84.05420833,12,1,0,0,0,1,0
210640,21,KENTUCKY,KY,1,1,0,5,11,0,BULLOCK,15,11,November,2010,2,Monday,14,45,0,5,3,51,38.24990833,-83.78521389,35,1,0,0,0,1,0
210641,21,KENTUCKY,KY,1,1,0,1,39,0,ANDALUSIA,30,11,November,2010,3,Tuesday,16,58,0,4,3,117,36.79828889,-88.86720556,1,2,0,0,0,1,1
210642,21,KENTUCKY,KY,2,2,0,3,117,1050,BIRMINGHAM,15,11,November,2010,2,Monday,17,58,1,1,1,1,39.03071944,-84.60770556,20,3,0,0,0,1,0
210643,21,KENTUCKY,KY,2,2,0,3,9,1310,BLOUNT,13,11,November,2010,7,Saturday,21,30,0,13,2,142,36.99545833,-85.91205556,12,3,0,0,0,1,0
210644,21,KENTUCKY,KY,2,2,0,2,125,0,BROOKWOOD,1,5,May,2010,7,Saturday,10,30,0,4,3,172,37.08339167,-83.97142500,12,1,0,0,0,1,0
210645,21,KENTUCKY,KY,1,1,1,0,133,0,ARLEY,1,11,November,2010,2,Monday,15,4,0,6,4,1,37.14964444,-82.67117500,8,1,0,0,0,1,0
210646,21,KENTUCKY,KY,1,1,0,1,147,0,AUGUSTA,2,11,November,2010,3,Tuesday,5,12,0,5,3,72,36.63332500,-84.36746944,1,2,0,0,0,1,0
210647,21,KENTUCKY,KY,2,2,0,4,123,0,ALEXANDER CITY,22,11,November,2010,2,Monday,14,21,0,4,3,70,37.53351667,-85.77506944,12,1,0,0,0,1,0
210648,21,KENTUCKY,KY,1,1,0,2,183,0,FORT STEWART,16,9,September,2010,5,Thursday,15,25,0,6,4,13,37.56910556,-86.90928056,35,1,0,0,0,1,1
210649,21,KENTUCKY,KY,2,2,0,2,35,2350,BROOKLYN,1,12,December,2010,4,Wednesday,14,40,0,14,3,102,36.61025833,-88.30540278,12,1,0,0,0,1,0
210650,21,KENTUCKY,KY,1,1,0,1,125,0,BROOKWOOD,3,12,December,2010,6,Friday,1,20,0,6,3,16,36.96580278,-84.08455000,35,2,0,0,0,1,1
210651,21,KENTUCKY,KY,2,2,0,3,75,0,BEAVERTON,2,12,December,2010,5,Thursday,14,18,0,4,3,17,36.52626111,-89.12555833,12,1,0,0,0,1,0
210652,21,KENTUCKY,KY,1,1,0,2,87,0,ARMSTRONG,4,12,December,2010,7,Saturday,13,17,0,4,3,100,37.27015833,-85.53152500,38,1,0,0,0,1,0
210653,21,KENTUCKY,KY,1,1,0,1,207,0,BOLINGBROKE,5,12,December,2010,1,Sunday,1,50,1,2,2,95,36.94035556,-85.09898056,42,2,0,0,0,1,1
210654,21,KENTUCKY,KY,1,1,1,1,111,2090,GRAHAM,8,12,December,2010,4,Wednesday,4,55,1,13,3,58,38.15581944,-85.88501944,8,2,0,0,0,1,0
210655,21,KENTUCKY,KY,2,2,0,3,85,0,BENTON,8,12,December,2010,4,Wednesday,9,3,0,6,4,4,37.54593889,-86.15568611,12,1,0,0,0,1,0
210656,21,KENTUCKY,KY,2,1,0,1,193,0,IDEAL,8,12,December,2010,4,Wednesday,18,8,0,2,3,137,37.34006944,-83.14745000,14,5,0,0,0,1,1