ST_CASE,STATE,State Name,State Abbreviation,# of Vehicle involved,VE_FORMS,Pedestrains,Total_Persons_in_accident,COUNTY,CITY,City_County_Name,Calendar_DAY,MONTH,Month_name,YEAR,DAY_WEEK,Day_Week_desc,HOUR,MINUTE,NHS_Desc,trafficway,Route,MILEPT,LATITUDE,LONGITUD,First_Crash_event,Light_cond_desc,Weather_condition,School_bus_involved,Crash_cause,FATALS,DRUNK_DR
210657,21,KENTUCKY,KY,1,1,0,2,111,2090,GRAHAM,9,12,December,2010,5,Thursday,1,15,0,13,2,15,38.24593333,-85.76442778,30,2,0,0,0,1,1
210658,21,KENTUCKY,KY,2,2,1,2,195,0,CARLTON,9,12,December,2010,5,Thursday,22,27,1,13,2,285,37.51197222,-82.55384444,8,2,0,0,0,1,0
210659,21,KENTUCKY,KY,1,1,1,2,47,2580,BROWNS,10,12,December,2010,6,Friday,17,26,0,3,2,32,36.77467778,-87.34555833,8,2,0,0,0,1,0
210660,21,KENTUCKY,KY,1,1,1,1,111,2090,GRAHAM,11,12,December,2010,7,Saturday,17,43,0,16,6,2,38.30445278,-85.53465833,8,2,0,0,0,1,0
210661,21,KENTUCKY,KY,1,1,0,1,151,0,FLIPPEN,11,12,December,2010,7,Saturday,17,47,0,5,3,14,37.70915278,-84.39971944,42,2,0,0,0,1,0
210662,21,KENTUCKY,KY,2,2,0,2,59,0,FRANKLIN,8,12,December,2010,4,Wednesday,15,59,0,14,3,106,37.74737222,-87.17591389,12,1,0,0,0,1,0
210663,21,KENTUCKY,KY,2,2,0,2,29,0,BORDEN SPRINGS,14,12,December,2010,3,Tuesday,16,50,0,3,3,35,37.92124722,-85.63362222,24,5,0,0,0,1,0
210664,21,KENTUCKY,KY,2,2,0,2,61,0,BELLWOOD,15,12,December,2010,4,Wednesday,15,14,0,5,3,41,37.11840833,-86.15246667,12,1,0,0,0,1,0
210665,21,KENTUCKY,KY,1,1,0,1,207,0,BOLINGBROKE,16,12,December,2010,5,Thursday,12,29,0,4,3,64,37.07606667,-85.02353611,34,1,0,0,0,1,0
210666,21,KENTUCKY,KY,1,1,0,2,31,0,COFFEE,15,12,December,2010,4,Wednesday,14,22,1,2,3,267,37.20015000,-86.69787778,52,1,0,0,0,1,0
210667,21,KENTUCKY,KY,3,3,0,5,195,921,CARLTON,17,12,December,2010,6,Friday,9,35,1,2,2,110,37.35081667,-82.39141111,12,1,0,0,0,1,0
210668,21,KENTUCKY,KY,2,2,0,5,53,0,ATMORE,17,12,December,2010,6,Friday,15,33,0,3,3,20,36.75786667,-85.19588333,12,1,0,0,0,4,1
210669,21,KENTUCKY,KY,1,1,0,1,65,0,CYPRESS,15,12,December,2010,4,Wednesday,17,22,0,5,3,107,37.60076944,-83.88988611,42,1,0,0,0,1,0
210670,21,KENTUCKY,KY,3,3,0,3,133,1822,ARLEY,18,12,December,2010,7,Saturday,12,5,1,2,2,223,37.14985000,-82.73490556,12,1,0,0,0,1,0
210671,21,KENTUCKY,KY,1,1,0,2,189,0,BONEVILLE,19,12,December,2010,1,Sunday,4,0,0,6,3,3,37.48126111,-83.69668056,32,2,0,0,0,1,0
210672,21,KENTUCKY,KY,1,1,0,1,21,0,CHILTON,14,12,December,2010,3,Tuesday,20,10,0,4,3,50,37.59464722,-84.90543333,42,1,0,0,0,1,0
210673,21,KENTUCKY,KY,1,1,1,1,67,1980,ABBEVILLE,15,12,December,2010,4,Wednesday,19,9,0,13,2,52,38.03418333,-84.52207222,8,2,0,0,0,1,0
210674,21,KENTUCKY,KY,1,1,0,4,227,0,JASPER,23,12,December,2010,5,Thursday,18,6,1,1,1,316,37.01160000,-86.30833611,1,2,0,0,0,1,0
210675,21,KENTUCKY,KY,2,2,0,2,195,921,CARLTON,27,12,December,2010,2,Monday,11,8,1,2,2,114,37.34904167,-82.39213889,12,1,0,0,0,1,0
210676,21,KENTUCKY,KY,2,2,0,4,111,2090,GRAHAM,28,12,December,2010,3,Tuesday,10,55,1,13,2,108,38.13577222,-85.84407778,12,1,0,0,0,1,0
210677,21,KENTUCKY,KY,2,2,0,2,121,0,BON AIR,29,12,December,2010,4,Wednesday,8,15,0,4,3,217,37.00008611,-83.82722778,12,1,0,0,0,1,0
210678,21,KENTUCKY,KY,1,1,0,3,67,1980,ABBEVILLE,28,12,December,2010,3,Tuesday,9,8,1,1,1,992,37.89863056,-84.35586111,42,1,0,0,0,1,0
210679,21,KENTUCKY,KY,1,1,1,3,137,0,ALCO,30,12,December,2010,5,Thursday,17,50,1,2,2,91,37.56235278,-84.79808056,8,2,0,0,0,1,0
210680,21,KENTUCKY,KY,1,1,0,1,179,0,ALLENHURST,10,12,December,2010,6,Friday,18,3,0,4,2,248,37.87509167,-85.30909444,59,2,0,0,0,1,1
210681,21,KENTUCKY,KY,1,1,0,1,153,0,BONAIRE,19,12,December,2010,1,Sunday,1,46,1,2,2,146,37.73177778,-83.01462778,35,3,0,0,0,1,0
210682,21,KENTUCKY,KY,1,1,0,2,111,2090,GRAHAM,22,12,December,2010,4,Wednesday,23,29,1,13,2,61,38.06691389,-85.88514722,40,2,0,0,0,2,1
210683,21,KENTUCKY,KY,1,1,0,1,117,800,BIRMINGHAM,25,12,December,2010,7,Saturday,13,28,1,11,1,1904,39.06754722,-84.52043889,24,1,0,0,0,1,1
210684,21,KENTUCKY,KY,2,2,0,2,113,0,COTTONTON,17,12,December,2010,6,Friday,12,28,0,4,3,78,37.89206111,-84.52520278,12,1,0,0,0,1,0
210685,21,KENTUCKY,KY,2,2,0,2,151,0,FLIPPEN,3,12,December,2010,6,Friday,20,45,0,3,3,210,37.71801389,-84.10347500,12,2,0,0,0,1,1
210686,21,KENTUCKY,KY,1,1,0,1,9,0,BLOUNT,25,7,July,2010,1,Sunday,18,10,0,6,4,4,37.07723056,-86.02642500,1,1,0,0,0,1,0
210687,21,KENTUCKY,KY,1,1,0,1,65,0,CYPRESS,23,9,September,2010,5,Thursday,18,30,0,6,4,4,37.75141111,-83.95730556,58,1,0,0,0,1,0
210688,21,KENTUCKY,KY,3,3,0,9,125,2040,BROOKWOOD,5,12,December,2010,1,Sunday,16,30,0,13,3,204,37.11064722,-84.06748889,12,1,0,0,0,1,1
210689,21,KENTUCKY,KY,2,2,0,2,199,0,ALVATON,21,11,November,2010,1,Sunday,17,44,0,2,3,50,37.06788333,-84.56998611,12,2,0,0,0,1,0
210690,21,KENTUCKY,KY,1,1,0,2,235,0,FINLEYSON,15,11,November,2010,2,Monday,19,40,0,6,5,0,36.90278889,-84.08506389,10,2,0,0,0,1,1
210691,21,KENTUCKY,KY,1,1,0,1,21,0,CHILTON,3,11,November,2010,4,Wednesday,10,49,1,2,2,21,37.62091111,-84.74801944,34,1,0,0,0,1,1
210692,21,KENTUCKY,KY,1,1,0,3,29,0,BORDEN SPRINGS,28,12,December,2010,3,Tuesday,15,17,0,6,4,0,37.93279167,-85.75593056,34,1,0,0,0,1,0
210693,21,KENTUCKY,KY,2,2,0,5,141,0,BEE BRANCH,8,10,October,2010,6,Friday,16,35,1,13,2,112,36.86697778,-86.88859444,12,1,0,0,0,1,0
210694,21,KENTUCKY,KY,1,1,0,1,141,0,BEE BRANCH,10,12,December,2010,6,Friday,7,20,0,6,4,9,37.05291667,-86.96785833,5,1,0,0,0,1,0
210695,21,KENTUCKY,KY,2,2,0,3,159,205,FARRAR,16,12,December,2010,5,Thursday,16,20,0,6,3,4,37.84535833,-82.44208333,12,5,0,0,0,1,0
210696,21,KENTUCKY,KY,2,2,0,2,29,0,BORDEN SPRINGS,14,12,December,2010,3,Tuesday,17,21,0,4,3,13,38.01388333,-85.88630556,12,2,0,0,0,1,0
210697,21,KENTUCKY,KY,1,1,0,1,57,0,BANKSTON,11,10,October,2010,2,Monday,6,34,0,3,3,99998,36.70699722,-85.36913333,1,4,0,0,0,1,0
220001,22,LOUISIANA,LA,1,1,1,2,89,0,BROWNSBORO,1,1,January,2010,6,Friday,2,44,1,2,2,2258,29.82198889,-90.47121944,8,2,0,0,0,1,1
220002,22,LOUISIANA,LA,2,2,0,7,19,0,CEDAR BLUFF,1,1,January,2010,6,Friday,12,54,1,11,1,365,30.24580000,-93.12268889,18,1,0,0,0,1,0
220003,22,LOUISIANA,LA,1,1,0,1,31,0,COFFEE,2,1,January,2010,7,Saturday,1,31,0,5,3,85,31.95266944,-93.77760000,38,2,0,0,0,1,0
220004,22,LOUISIANA,LA,1,1,0,1,13,0,BOLLING,2,1,January,2010,7,Saturday,9,0,0,4,3,335,32.25500000,-92.99705000,42,1,0,0,0,1,0
220005,22,LOUISIANA,LA,1,1,1,4,99,250,BEATRICE,1,1,January,2010,6,Friday,0,30,1,13,3,79,30.28396111,-91.90658056,8,3,0,0,0,1,0
220006,22,LOUISIANA,LA,2,2,0,2,75,0,BEAVERTON,2,1,January,2010,7,Saturday,15,20,0,4,3,10,29.54766944,-89.74231111,12,1,0,0,0,1,1
220007,22,LOUISIANA,LA,2,2,0,2,127,0,BURNWELL,4,1,January,2010,2,Monday,17,50,1,2,2,1746,32.12796111,-92.69048889,12,5,0,0,0,1,0
220008,22,LOUISIANA,LA,1,1,0,1,51,1190,CENTRAL,4,1,January,2010,2,Monday,19,47,0,14,3,29,30.02231111,-90.23933056,31,3,0,0,0,1,0
220009,22,LOUISIANA,LA,1,1,0,1,109,0,ANSLEY,5,1,January,2010,3,Tuesday,21,1,0,15,6,0,29.60911944,-90.84720000,34,2,0,0,0,1,1
220010,22,LOUISIANA,LA,1,1,0,1,87,0,ARMSTRONG,6,1,January,2010,4,Wednesday,12,10,0,15,3,137,29.86668889,-89.85171944,30,1,0,0,0,1,0
220011,22,LOUISIANA,LA,1,1,1,2,9,0,BLOUNT,8,1,January,2010,6,Friday,13,10,0,4,3,102,30.86006389,-91.95853889,8,1,0,0,0,1,0
220012,22,LOUISIANA,LA,1,1,0,1,69,0,ASHFORD,9,1,January,2010,7,Saturday,21,16,1,1,1,1435,31.78683889,-93.19705000,21,2,0,0,0,1,0
220013,22,LOUISIANA,LA,1,1,0,4,99,0,BEATRICE,9,1,January,2010,7,Saturday,2,20,0,14,3,1143,30.10696944,-91.92288056,43,2,0,0,0,1,0
220014,22,LOUISIANA,LA,2,2,0,2,105,0,MARION,9,1,January,2010,7,Saturday,23,50,0,4,2,612,30.89236111,-90.51203056,12,2,0,0,0,1,2
220015,22,LOUISIANA,LA,2,2,0,3,71,1690,BRIDGEPORT,9,1,January,2010,7,Saturday,4,30,0,14,6,0,29.94433889,-90.07216111,12,3,0,0,0,1,1
220016,22,LOUISIANA,LA,1,1,0,1,105,0,MARION,12,1,January,2010,3,Tuesday,6,55,1,11,1,367,30.47938889,-90.51505000,1,1,0,0,0,1,0
220017,22,LOUISIANA,LA,2,2,0,2,19,0,CEDAR BLUFF,12,1,January,2010,3,Tuesday,19,26,1,13,2,57,30.31503056,-93.19771944,12,2,0,0,0,1,0
220018,22,LOUISIANA,LA,1,1,0,1,99,0,BEATRICE,13,1,January,2010,4,Wednesday,14,19,0,5,3,166,30.24011111,-91.86741111,35,1,0,0,0,1,1
220019,22,LOUISIANA,LA,2,2,0,2,95,0,ALBERTVILLE,14,1,January,2010,5,Thursday,15,45,0,14,3,10,30.05218056,-90.47316111,12,1,0,0,0,1,0
220020,22,LOUISIANA,LA,1,1,1,1,51,0,CENTRAL,14,1,January,2010,5,Thursday,99,99,1,13,2,2504,29.95473056,-90.17823056,8,3,0,0,0,1,0
220021,22,LOUISIANA,LA,1,1,1,1,99,0,BEATRICE,15,1,January,2010,6,Friday,0,20,1,13,3,196,30.24471944,-91.88531944,8,2,0,0,0,1,0
220022,22,LOUISIANA,LA,1,1,0,1,95,0,ALBERTVILLE,16,1,January,2010,7,Saturday,18,25,0,14,3,14,30.07513889,-90.55238056,38,3,0,0,0,1,0
220023,22,LOUISIANA,LA,1,1,0,1,113,0,COTTONTON,5,1,January,2010,3,Tuesday,12,46,0,6,4,0,30.06006944,-92.62131944,23,1,0,0,0,1,0
220024,22,LOUISIANA,LA,1,1,1,1,45,0,ARITON,16,1,January,2010,7,Saturday,7,54,0,6,4,0,29.96341944,-91.86403056,8,4,0,0,0,1,0
220025,22,LOUISIANA,LA,1,1,1,2,1,520,AUTAUGA,16,1,January,2010,7,Saturday,18,22,0,14,2,857,30.22711944,-92.36253056,8,2,0,0,0,1,0
220026,22,LOUISIANA,LA,1,1,0,1,59,0,FRANKLIN,17,1,January,2010,1,Sunday,14,37,0,4,3,89,31.76643056,-92.02041944,42,1,0,0,0,1,1
220027,22,LOUISIANA,LA,1,1,0,1,75,300,BEAVERTON,17,1,January,2010,1,Sunday,18,0,1,14,3,139,29.34236111,-89.51876944,33,2,0,0,0,1,1
220028,22,LOUISIANA,LA,1,1,0,2,77,0,ANDERSON,18,1,January,2010,2,Monday,6,50,0,3,3,2062,30.92136111,-91.69961111,42,1,0,0,0,1,0
220029,22,LOUISIANA,LA,1,1,0,2,1,0,AUTAUGA,23,1,January,2010,7,Saturday,20,0,0,3,3,404,30.38718889,-92.23776111,53,2,0,0,0,1,1
220030,22,LOUISIANA,LA,2,1,0,9,1,0,AUTAUGA,25,1,January,2010,2,Monday,2,40,1,1,1,708,30.23524722,-92.54996389,14,2,0,0,0,1,0
220031,22,LOUISIANA,LA,2,2,0,5,17,0,CHAMBERS,22,1,January,2010,6,Friday,6,39,1,2,2,2132,32.76870000,-93.84620000,12,1,0,0,0,2,0
220032,22,LOUISIANA,LA,1,1,1,2,87,1951,ARMSTRONG,25,1,January,2010,2,Monday,22,47,1,13,3,414,29.86791944,-89.88881111,8,3,0,0,0,1,0
220033,22,LOUISIANA,LA,1,1,0,1,89,0,BROWNSBORO,26,1,January,2010,3,Tuesday,13,55,0,14,3,585,29.93201944,-90.31848889,34,1,0,0,0,1,1
220034,22,LOUISIANA,LA,2,2,0,3,97,0,AXIS,29,1,January,2010,6,Friday,6,30,1,13,2,1202,30.53146111,-92.06740000,12,4,0,0,0,1,0
220035,22,LOUISIANA,LA,2,2,1,2,33,0,CHEROKEE,31,1,January,2010,1,Sunday,1,55,0,14,3,190,30.70863056,-91.08043056,8,3,0,0,0,1,0
220036,22,LOUISIANA,LA,1,1,1,1,101,0,BOYLSTON,23,1,January,2010,7,Saturday,13,0,0,6,4,0,29.68293889,-91.10343889,8,1,0,0,0,1,0
220037,22,LOUISIANA,LA,1,1,1,1,45,1680,ARITON,19,1,January,2010,3,Tuesday,7,14,0,15,6,0,30.00860000,-91.84088056,8,1,0,0,0,1,1
220038,22,LOUISIANA,LA,1,1,0,2,109,0,ANSLEY,21,1,January,2010,5,Thursday,1,17,0,15,4,0,29.58663889,-90.81536944,53,3,0,0,0,1,0
220039,22,LOUISIANA,LA,1,1,0,2,19,0,CEDAR BLUFF,22,1,January,2010,6,Friday,1,10,0,4,3,704,30.13938056,-93.50176944,34,2,0,0,0,1,1
220040,22,LOUISIANA,LA,1,1,0,1,63,0,BOLIGEE,1,2,February,2010,2,Monday,19,39,0,6,4,0,30.56916944,-90.62006944,35,2,0,0,0,1,0
220041,22,LOUISIANA,LA,1,1,1,1,109,0,ANSLEY,3,2,February,2010,4,Wednesday,5,52,1,13,3,138,29.75760000,-90.81680000,8,3,0,0,0,1,0
220042,22,LOUISIANA,LA,2,2,0,2,69,1650,ASHFORD,3,2,February,2010,4,Wednesday,21,50,1,13,3,3179,31.72420000,-93.08456111,12,2,0,0,0,1,0
220043,22,LOUISIANA,LA,1,1,0,2,63,2350,BOLIGEE,4,2,February,2010,5,Thursday,4,30,0,16,6,0,30.48236111,-90.88261111,18,2,0,0,0,1,0
220044,22,LOUISIANA,LA,1,1,0,2,79,0,COURTLAND,4,2,February,2010,5,Thursday,7,20,0,4,3,335,30.89253889,-92.78961944,42,4,0,0,0,1,0
220045,22,LOUISIANA,LA,1,1,0,1,43,0,BAILEYTON,4,2,February,2010,5,Thursday,14,30,0,4,3,681,31.41996944,-92.67206944,34,1,0,0,0,1,1
220046,22,LOUISIANA,LA,2,2,0,2,39,0,ANDALUSIA,6,2,February,2010,7,Saturday,13,22,0,3,3,419,30.55931111,-92.42931944,12,1,0,0,0,1,0
220047,22,LOUISIANA,LA,1,1,1,1,73,0,ARGO,6,2,February,2010,7,Saturday,20,40,1,13,3,6,32.49586944,-92.15743889,8,3,0,0,0,1,0
220048,22,LOUISIANA,LA,2,2,0,6,89,0,BROWNSBORO,7,2,February,2010,1,Sunday,2,45,1,1,1,2128,30.07273611,-90.39670556,12,2,0,0,0,2,2
220049,22,LOUISIANA,LA,2,2,0,2,109,0,ANSLEY,7,2,February,2010,1,Sunday,7,3,0,14,3,7,29.58738056,-90.73301944,12,1,0,0,0,1,0
220050,22,LOUISIANA,LA,1,1,1,1,113,0,COTTONTON,8,2,February,2010,2,Monday,2,19,0,4,3,117,30.07941944,-92.12873889,8,2,0,0,0,1,1
220051,22,LOUISIANA,LA,1,1,0,1,7,0,BIBB,8,2,February,2010,2,Monday,2,32,0,16,3,27,29.83875000,-90.99185000,34,2,0,0,0,1,1
220052,22,LOUISIANA,LA,4,4,0,7,51,1190,CENTRAL,10,2,February,2010,4,Wednesday,15,34,1,11,1,2228,30.00861944,-90.25530000,12,1,0,0,0,3,0
220053,22,LOUISIANA,LA,1,1,0,1,15,230,ANNISTON,10,2,February,2010,4,Wednesday,20,8,1,11,7,254,32.53560000,-93.64473056,26,2,0,0,0,1,1
220054,22,LOUISIANA,LA,1,1,0,1,69,0,ASHFORD,11,2,February,2010,5,Thursday,18,49,0,3,3,174,31.38893056,-93.16426944,42,2,0,0,0,1,0
220056,22,LOUISIANA,LA,1,1,0,1,109,0,ANSLEY,11,2,February,2010,5,Thursday,13,33,0,4,3,345,29.64461389,-90.96348056,1,1,0,0,0,1,1
220057,22,LOUISIANA,LA,1,1,1,2,17,2130,CHAMBERS,11,2,February,2010,5,Thursday,18,53,0,16,6,0,32.51096111,-93.76321944,8,3,0,0,0,1,0
220058,22,LOUISIANA,LA,1,1,0,5,29,0,BORDEN SPRINGS,12,2,February,2010,6,Friday,3,50,1,2,2,1688,31.60793056,-91.61921944,42,2,0,0,0,2,0
220059,22,LOUISIANA,LA,2,2,0,2,93,0,BEAR CREEK,12,2,February,2010,6,Friday,12,22,0,3,3,463,30.10508056,-90.87751944,12,1,0,0,0,1,0
220060,22,LOUISIANA,LA,1,1,0,5,81,0,AUBURN,12,2,February,2010,6,Friday,18,0,0,4,3,3617,32.18263056,-93.48108056,53,1,0,0,0,2,0
220061,22,LOUISIANA,LA,2,2,0,11,17,0,CHAMBERS,13,2,February,2010,7,Saturday,9,25,1,2,2,2264,32.94870000,-93.89420000,12,1,0,0,0,2,0
220062,22,LOUISIANA,LA,1,1,0,1,81,0,AUBURN,13,2,February,2010,7,Saturday,16,0,0,3,2,1449,31.99281111,-93.27938889,42,1,0,0,0,1,0
220063,22,LOUISIANA,LA,1,1,0,1,51,0,CENTRAL,14,2,February,2010,1,Sunday,23,8,0,4,3,59,29.20811944,-90.03376944,32,3,0,0,0,1,1
220064,22,LOUISIANA,LA,1,1,0,1,89,0,BROWNSBORO,15,2,February,2010,2,Monday,23,11,0,14,3,520,29.96756111,-90.40503056,32,3,0,0,0,1,1
220065,22,LOUISIANA,LA,1,1,0,2,11,0,BULLOCK,16,2,February,2010,3,Tuesday,9,0,0,6,4,0,30.87795000,-93.27651111,42,1,0,0,0,1,1
220066,22,LOUISIANA,LA,1,1,0,4,55,1230,ATTALLA,16,2,February,2010,3,Tuesday,16,37,1,11,1,7,30.26983889,-92.01781944,34,1,0,0,0,1,0
220067,22,LOUISIANA,LA,1,1,1,2,109,0,ANSLEY,16,2,February,2010,3,Tuesday,2,43,0,6,4,0,29.66698056,-90.71968889,8,3,0,0,0,1,0
220068,22,LOUISIANA,LA,1,1,0,1,51,1190,CENTRAL,17,2,February,2010,4,Wednesday,12,15,1,13,2,115,29.97996944,-90.27765000,33,1,0,0,0,1,0
220069,22,LOUISIANA,LA,2,2,0,4,43,0,BAILEYTON,17,2,February,2010,4,Wednesday,10,55,0,5,3,70,31.59386111,-92.51623889,12,1,0,0,0,1,0
220070,22,LOUISIANA,LA,2,2,0,2,7,0,BIBB,18,2,February,2010,5,Thursday,13,17,0,14,3,996,29.92191111,-90.99128056,12,1,0,0,0,1,0
220071,22,LOUISIANA,LA,3,3,0,5,57,0,BANKSTON,18,2,February,2010,5,Thursday,16,0,0,5,3,632,29.59115000,-90.44678889,12,1,0,0,0,1,1
220072,22,LOUISIANA,LA,2,2,0,4,7,0,BIBB,19,2,February,2010,6,Friday,13,55,0,14,3,1098,30.01976111,-91.04798056,12,1,0,0,0,1,0
220073,22,LOUISIANA,LA,1,1,0,2,79,0,COURTLAND,19,2,February,2010,6,Friday,21,50,0,5,3,29,31.17036111,-92.70351944,35,2,0,0,0,1,1
220074,22,LOUISIANA,LA,3,3,0,4,65,0,CYPRESS,20,2,February,2010,7,Saturday,19,20,1,1,1,1557,32.43723056,-91.45635000,12,2,0,0,0,1,1
220075,22,LOUISIANA,LA,1,1,0,1,111,0,GRAHAM,20,2,February,2010,7,Saturday,22,26,0,6,4,0,32.67696389,-92.21638611,35,2,0,0,0,1,1
220076,22,LOUISIANA,LA,4,4,0,5,17,2130,CHAMBERS,22,2,February,2010,2,Monday,6,56,1,11,1,121,32.45770000,-93.84035000,12,1,0,0,0,1,0
220077,22,LOUISIANA,LA,2,2,0,4,1,0,AUTAUGA,23,2,February,2010,3,Tuesday,16,20,1,1,1,852,30.24271944,-92.31198889,12,1,0,0,0,2,0
220078,22,LOUISIANA,LA,2,2,0,2,15,230,ANNISTON,10,1,January,2010,1,Sunday,8,12,1,11,1,156,32.55816944,-93.64873889,12,1,0,0,0,1,0
220079,22,LOUISIANA,LA,1,1,0,1,29,0,BORDEN SPRINGS,26,2,February,2010,6,Friday,99,99,0,4,3,247,31.49328889,-91.70440000,53,2,0,0,0,1,1
220080,22,LOUISIANA,LA,1,1,0,2,33,150,CHEROKEE,27,2,February,2010,7,Saturday,1,29,1,11,1,1641,30.37850278,-91.06051944,42,2,0,0,0,1,1
220081,22,LOUISIANA,LA,2,2,0,2,57,0,BANKSTON,27,2,February,2010,7,Saturday,8,50,0,3,3,291,29.54476111,-90.47331944,12,1,0,0,0,1,0
220082,22,LOUISIANA,LA,2,2,0,2,91,0,DAYTON,27,2,February,2010,7,Saturday,13,30,0,3,3,369,30.65150556,-90.90361111,12,1,0,0,0,1,1
220083,22,LOUISIANA,LA,1,1,0,1,97,0,AXIS,28,2,February,2010,1,Sunday,2,40,0,6,3,1,30.52003056,-92.04426944,38,2,0,0,0,1,1
220084,22,LOUISIANA,LA,1,1,0,1,77,0,ANDERSON,28,2,February,2010,1,Sunday,14,30,0,5,3,17,30.53666111,-91.54001944,1,1,0,0,0,1,1
220085,22,LOUISIANA,LA,3,3,0,7,5,0,BAKER HILL,28,2,February,2010,1,Sunday,17,20,0,3,3,496,30.14991944,-90.87406944,12,1,0,0,0,2,0
220086,22,LOUISIANA,LA,1,1,0,2,109,0,ANSLEY,1,3,March,2010,2,Monday,4,29,0,14,3,27,29.65003889,-90.72683889,30,3,0,0,0,2,1
220087,22,LOUISIANA,LA,1,1,0,1,15,0,ANNISTON,1,3,March,2010,2,Monday,11,5,0,4,3,64,33.00031944,-93.53726944,42,1,0,0,0,1,0
220088,22,LOUISIANA,LA,2,2,0,3,117,0,BIRMINGHAM,1,3,March,2010,2,Monday,17,25,0,3,3,2383,30.85753889,-89.96391111,12,2,0,0,0,2,0
220089,22,LOUISIANA,LA,2,2,0,2,89,0,BROWNSBORO,2,3,March,2010,3,Tuesday,8,33,1,13,2,2406,29.91453889,-90.27715000,12,1,0,0,0,1,0
220090,22,LOUISIANA,LA,1,1,0,2,49,0,COLLINSVILLE,1,1,January,2010,6,Friday,3,5,0,6,4,0,32.48890000,-92.52246111,1,2,0,0,0,1,1
220092,22,LOUISIANA,LA,2,2,0,2,103,2180,DANVILLE,3,3,March,2010,4,Wednesday,13,49,1,11,1,2664,30.28151111,-89.75061944,12,1,0,0,0,1,0
220093,22,LOUISIANA,LA,2,2,0,2,19,1250,CEDAR BLUFF,4,3,March,2010,5,Thursday,5,57,0,16,6,0,30.22385000,-93.20140000,12,1,0,0,0,1,0
220094,22,LOUISIANA,LA,1,1,0,1,99,0,BEATRICE,6,3,March,2010,7,Saturday,0,55,0,5,3,83,30.15388056,-91.80838056,42,2,0,0,0,1,0
220095,22,LOUISIANA,LA,1,1,0,2,19,0,CEDAR BLUFF,6,3,March,2010,7,Saturday,2,25,0,6,4,0,30.18376944,-93.48783056,38,2,0,0,0,2,1
220096,22,LOUISIANA,LA,1,1,0,1,73,2410,ARGO,5,3,March,2010,6,Friday,14,10,1,13,3,851,32.49426111,-92.14373889,10,1,0,0,0,1,0
220097,22,LOUISIANA,LA,2,2,0,2,17,2130,CHAMBERS,22,1,January,2010,6,Friday,17,24,0,14,3,17,32.54350000,-93.80706111,12,1,0,0,0,1,0
220098,22,LOUISIANA,LA,1,1,0,1,25,0,BARLOW BEND,7,3,March,2010,1,Sunday,14,24,0,6,3,51,31.77611111,-91.61588056,32,1,0,0,0,1,0
220099,22,LOUISIANA,LA,1,1,0,1,53,0,ATMORE,10,3,March,2010,4,Wednesday,2,15,0,6,3,218,30.30595556,-92.65266111,43,2,0,0,0,1,0
220100,22,LOUISIANA,LA,2,2,0,3,19,0,CEDAR BLUFF,10,3,March,2010,4,Wednesday,7,23,0,4,2,105,30.20568056,-93.55496111,12,1,0,0,0,2,0
220101,22,LOUISIANA,LA,1,1,0,1,57,0,BANKSTON,5,3,March,2010,6,Friday,99,99,0,15,3,11,29.57196944,-90.38256944,43,9,0,0,0,1,1
220102,22,LOUISIANA,LA,1,1,0,1,105,0,MARION,10,3,March,2010,4,Wednesday,20,30,0,14,3,30,30.54851111,-90.42913889,42,2,0,0,0,1,0
220103,22,LOUISIANA,LA,1,1,0,2,63,0,BOLIGEE,11,3,March,2010,5,Thursday,0,30,0,4,3,262,30.64355000,-90.87601111,34,2,0,0,0,1,1
220104,22,LOUISIANA,LA,1,1,0,1,85,0,BENTON,12,3,March,2010,6,Friday,23,18,0,4,3,9,31.77786111,-93.75686111,35,2,0,0,0,1,0
220105,22,LOUISIANA,LA,2,1,0,1,17,2130,CHAMBERS,12,3,March,2010,6,Friday,22,39,0,14,6,0,32.42490000,-93.78005000,30,3,0,0,0,1,1
220106,22,LOUISIANA,LA,1,1,0,2,101,0,BOYLSTON,15,3,March,2010,2,Monday,13,9,0,4,3,65,29.63871944,-91.51118056,42,1,0,0,0,1,0
220107,22,LOUISIANA,LA,2,2,0,2,65,0,CYPRESS,16,3,March,2010,3,Tuesday,8,58,1,1,1,1797,32.33888056,-91.06790000,12,1,0,0,0,1,0
220108,22,LOUISIANA,LA,2,2,0,2,11,0,BULLOCK,17,3,March,2010,4,Wednesday,13,39,0,3,2,88,30.82153889,-93.51525000,12,1,0,0,0,1,0
220109,22,LOUISIANA,LA,2,2,0,2,81,0,AUBURN,17,3,March,2010,4,Wednesday,20,21,0,4,3,3584,32.13581944,-93.47921111,12,2,0,0,0,1,0
220110,22,LOUISIANA,LA,2,2,0,2,67,0,ABBEVILLE,17,3,March,2010,4,Wednesday,22,40,0,3,3,1611,32.77116111,-91.67930000,12,2,0,0,0,1,0