ST_CASE,STATE,State Name,State Abbreviation,# of Vehicle involved,VE_FORMS,Pedestrains,Total_Persons_in_accident,COUNTY,CITY,City_County_Name,Calendar_DAY,MONTH,Month_name,YEAR,DAY_WEEK,Day_Week_desc,HOUR,MINUTE,NHS_Desc,trafficway,Route,MILEPT,LATITUDE,LONGITUD,First_Crash_event,Light_cond_desc,Weather_condition,School_bus_involved,Crash_cause,FATALS,DRUNK_DR
220111,22,LOUISIANA,LA,2,2,0,5,63,0,BOLIGEE,18,3,March,2010,5,Thursday,20,31,0,15,3,83,30.50846111,-90.93441944,12,2,0,0,0,1,1
220112,22,LOUISIANA,LA,1,1,0,1,123,0,ALEXANDER CITY,19,3,March,2010,6,Friday,4,46,0,6,4,0,32.58225556,-91.58836944,35,2,0,0,0,1,0
220113,22,LOUISIANA,LA,1,1,0,2,113,0,COTTONTON,19,3,March,2010,6,Friday,20,34,0,6,4,0,29.94853889,-92.00588889,32,3,0,0,0,1,1
220114,22,LOUISIANA,LA,2,2,0,3,117,0,BIRMINGHAM,20,3,March,2010,7,Saturday,16,20,1,2,3,303,30.70901111,-89.85446111,12,1,0,0,0,2,1
220115,22,LOUISIANA,LA,1,1,1,3,97,0,AXIS,20,3,March,2010,7,Saturday,16,14,0,3,2,1036,30.50438889,-92.34083889,9,1,0,0,0,1,0
220116,22,LOUISIANA,LA,1,1,0,1,55,1230,ATTALLA,15,3,March,2010,2,Monday,2,34,1,11,1,2,30.26231111,-92.01713889,42,3,0,0,0,1,1
220117,22,LOUISIANA,LA,2,2,0,2,59,0,FRANKLIN,11,3,March,2010,5,Thursday,8,23,1,2,3,744,31.44758889,-92.12486111,12,1,0,0,0,1,0
220118,22,LOUISIANA,LA,2,2,0,3,5,2189,BAKER HILL,12,3,March,2010,6,Friday,16,25,0,14,3,82,30.17671111,-90.87233889,12,1,0,0,0,1,0
220119,22,LOUISIANA,LA,1,1,1,2,33,150,CHEROKEE,17,3,March,2010,4,Wednesday,6,41,1,13,2,1851,30.46181944,-91.04128056,8,3,0,0,0,1,0
220120,22,LOUISIANA,LA,1,1,0,1,97,0,AXIS,16,3,March,2010,3,Tuesday,20,43,0,4,3,1127,30.68916944,-91.73693889,59,2,0,0,0,1,0
220121,22,LOUISIANA,LA,2,2,0,8,105,0,MARION,20,3,March,2010,7,Saturday,19,20,0,4,3,2117,30.81416111,-90.36343889,12,2,0,0,0,1,0
220122,22,LOUISIANA,LA,1,1,1,2,103,0,DANVILLE,21,3,March,2010,1,Sunday,5,15,1,11,1,656,30.41582500,-90.04551944,8,2,0,0,0,1,0
220123,22,LOUISIANA,LA,2,2,0,6,69,0,ASHFORD,22,3,March,2010,2,Monday,23,2,0,4,3,3124,31.66451111,-93.04366111,12,2,0,0,0,1,1
220124,22,LOUISIANA,LA,3,3,0,4,15,0,ANNISTON,23,3,March,2010,3,Tuesday,7,41,0,15,3,117,32.48293889,-93.50970000,12,1,0,1,0,1,1
220125,22,LOUISIANA,LA,1,1,0,2,39,0,ANDALUSIA,24,3,March,2010,4,Wednesday,17,35,0,3,2,586,30.67106944,-92.21460000,34,1,0,0,0,1,0
220126,22,LOUISIANA,LA,1,1,0,3,29,0,BORDEN SPRINGS,29,3,March,2010,2,Monday,0,20,0,6,4,0,31.58055833,-91.49645000,34,2,0,0,0,1,1
220127,22,LOUISIANA,LA,2,2,0,6,99,0,BEATRICE,29,3,March,2010,2,Monday,7,53,0,4,3,1119,30.07974722,-91.89821111,12,1,0,0,0,2,0
220128,22,LOUISIANA,LA,1,1,0,1,5,0,BAKER HILL,25,3,March,2010,5,Thursday,2,56,1,1,1,1835,30.16836944,-90.86626111,42,7,0,0,0,1,1
220129,22,LOUISIANA,LA,2,2,0,2,55,0,ATTALLA,26,3,March,2010,6,Friday,10,40,0,14,3,83,30.26340000,-92.11011944,12,1,0,0,0,1,1
220130,22,LOUISIANA,LA,1,1,0,1,47,0,BROWNS,27,3,March,2010,7,Saturday,2,19,0,4,3,67,30.13235000,-91.28731111,35,2,0,0,0,1,1
220131,22,LOUISIANA,LA,1,1,1,1,17,2130,CHAMBERS,27,3,March,2010,7,Saturday,23,25,1,13,3,84,32.40208056,-93.79783889,8,3,0,0,0,1,0
220132,22,LOUISIANA,LA,1,1,0,1,55,0,ATTALLA,25,3,March,2010,5,Thursday,10,50,0,6,4,0,30.19746944,-92.22150000,30,1,0,0,0,1,0
220133,22,LOUISIANA,LA,1,1,1,1,33,0,CHEROKEE,24,2,February,2010,4,Wednesday,19,50,0,14,6,0,30.49761111,-91.04288889,8,7,0,0,0,1,0
220134,22,LOUISIANA,LA,4,3,0,3,31,0,COFFEE,10,3,March,2010,4,Wednesday,16,15,0,3,2,24,31.97338056,-93.96886944,12,1,0,0,0,1,0
220135,22,LOUISIANA,LA,2,2,0,2,15,230,ANNISTON,24,3,March,2010,4,Wednesday,10,35,1,13,3,172,32.45887778,-93.66971111,12,1,0,0,0,1,1
220136,22,LOUISIANA,LA,1,1,1,1,97,1800,AXIS,30,3,March,2010,3,Tuesday,22,17,0,15,3,92,30.53098056,-92.09921111,9,3,0,0,0,1,0
220137,22,LOUISIANA,LA,1,1,0,1,37,0,BRADFORD,13,1,January,2010,4,Wednesday,14,56,0,6,4,0,30.92670000,-91.08973889,35,1,0,0,0,1,0
220138,22,LOUISIANA,LA,2,2,0,4,47,2082,BROWNS,13,3,March,2010,7,Saturday,15,9,0,5,3,347,30.21898889,-91.07648889,12,1,0,0,0,1,0
220139,22,LOUISIANA,LA,1,1,0,1,105,0,MARION,5,4,April,2010,2,Monday,3,54,1,1,1,522,30.48018056,-90.25503056,42,2,0,0,0,1,1
220140,22,LOUISIANA,LA,1,1,0,2,19,0,CEDAR BLUFF,1,4,April,2010,5,Thursday,20,20,1,1,1,91,30.18638056,-93.56358056,24,2,0,0,0,1,0
220141,22,LOUISIANA,LA,3,3,0,5,119,0,BELLAMY,7,4,April,2010,4,Wednesday,5,35,0,3,2,555,32.64121944,-93.36593889,12,2,0,0,0,1,0
220142,22,LOUISIANA,LA,2,2,0,2,33,150,CHEROKEE,1,4,April,2010,5,Thursday,18,35,0,14,3,83,30.54778889,-91.05271944,12,1,0,0,0,1,0
220143,22,LOUISIANA,LA,2,2,0,2,1,0,AUTAUGA,5,4,April,2010,2,Monday,18,40,0,3,3,331,30.43745000,-92.40943889,12,1,0,0,0,1,0
220144,22,LOUISIANA,LA,1,1,0,1,47,960,BROWNS,6,4,April,2010,3,Tuesday,7,34,0,6,6,0,30.40971111,-91.43468889,10,1,0,0,0,1,0
220145,22,LOUISIANA,LA,2,2,0,2,1,0,AUTAUGA,6,4,April,2010,3,Tuesday,13,30,0,4,3,433,30.43681944,-92.47425000,12,1,0,0,0,1,0
220146,22,LOUISIANA,LA,2,2,0,2,99,0,BEATRICE,3,4,April,2010,7,Saturday,16,51,0,6,4,0,30.09978889,-91.92528056,12,1,0,0,0,1,0
220147,22,LOUISIANA,LA,1,1,0,5,17,2130,CHAMBERS,2,4,April,2010,6,Friday,21,15,0,14,6,0,32.47966111,-93.87361944,42,6,0,0,0,1,0
220148,22,LOUISIANA,LA,2,2,0,2,63,570,BOLIGEE,7,4,April,2010,4,Wednesday,20,20,1,13,2,1901,30.47233889,-90.96386111,12,3,0,0,0,1,1
220149,22,LOUISIANA,LA,1,1,0,2,29,0,BORDEN SPRINGS,9,4,April,2010,6,Friday,2,5,0,4,3,18,31.64751944,-91.53763889,1,2,0,0,0,1,1
220150,22,LOUISIANA,LA,4,3,0,6,47,0,BROWNS,9,4,April,2010,6,Friday,4,55,1,1,1,1402,30.42032222,-91.42711111,14,2,0,0,0,4,0
220151,22,LOUISIANA,LA,2,2,0,4,95,0,ALBERTVILLE,9,4,April,2010,6,Friday,22,0,1,11,1,2112,30.08298056,-90.42141111,12,2,0,0,0,1,0
220152,22,LOUISIANA,LA,1,1,0,4,5,0,BAKER HILL,9,4,April,2010,6,Friday,22,18,1,1,1,1894,30.14670000,-90.77006111,42,2,0,0,0,1,0
220153,22,LOUISIANA,LA,1,1,0,1,23,0,BLADON SPRINGS,9,4,April,2010,6,Friday,19,0,0,4,3,198,30.02578889,-93.26553889,34,1,0,0,0,1,1
220154,22,LOUISIANA,LA,1,1,0,1,1,0,AUTAUGA,10,4,April,2010,7,Saturday,99,99,1,1,1,759,30.23308056,-92.46526111,59,2,0,0,0,1,0
220155,22,LOUISIANA,LA,3,2,0,3,105,0,MARION,10,4,April,2010,7,Saturday,18,44,1,11,1,268,30.45055833,-90.46863889,12,1,0,0,0,2,1
220156,22,LOUISIANA,LA,1,1,1,1,101,0,BOYLSTON,10,4,April,2010,7,Saturday,20,30,1,2,2,1478,29.84081111,-91.57631944,8,2,0,0,0,1,0
220157,22,LOUISIANA,LA,1,1,0,2,105,0,MARION,10,4,April,2010,7,Saturday,21,15,1,1,1,532,30.82146944,-90.53323889,1,2,0,0,0,2,0
220158,22,LOUISIANA,LA,1,1,1,1,19,0,CEDAR BLUFF,10,4,April,2010,7,Saturday,1,25,0,15,4,0,30.21323056,-93.37531111,8,3,0,0,0,1,1
220159,22,LOUISIANA,LA,2,2,0,2,55,1230,ATTALLA,11,4,April,2010,1,Sunday,13,27,0,14,6,0,30.19280000,-92.01051111,12,1,0,0,0,1,0
220160,22,LOUISIANA,LA,1,1,0,1,105,980,MARION,11,4,April,2010,1,Sunday,9,20,1,11,1,310,30.50268056,-90.50343889,35,1,0,0,0,1,0
220161,22,LOUISIANA,LA,1,1,0,1,87,0,ARMSTRONG,11,4,April,2010,1,Sunday,22,34,1,13,3,57,29.94133889,-89.97621944,33,3,0,0,0,1,0
220162,22,LOUISIANA,LA,2,2,0,4,117,0,BIRMINGHAM,12,4,April,2010,2,Monday,21,35,0,3,3,2418,30.82636944,-89.91983889,12,2,0,0,0,3,0
220163,22,LOUISIANA,LA,2,2,0,3,9,0,BLOUNT,13,4,April,2010,3,Tuesday,16,15,0,3,3,2185,30.99513056,-91.87463056,12,1,0,0,0,1,1
220164,22,LOUISIANA,LA,1,1,0,2,79,0,COURTLAND,14,4,April,2010,4,Wednesday,19,17,1,1,1,688,31.08923889,-92.44286944,35,1,0,0,0,1,1
220165,22,LOUISIANA,LA,1,1,0,2,69,0,ASHFORD,15,4,April,2010,5,Thursday,2,2,0,5,3,95,31.71238889,-93.01817222,24,2,0,0,0,1,1
220166,22,LOUISIANA,LA,2,2,0,2,45,0,ARITON,14,4,April,2010,4,Wednesday,13,30,1,13,2,1217,30.05073889,-91.92943889,12,1,0,0,0,1,0
220167,22,LOUISIANA,LA,1,1,0,1,69,0,ASHFORD,15,4,April,2010,5,Thursday,14,10,0,5,3,105,31.72128889,-93.03078056,1,1,0,0,0,1,0
220168,22,LOUISIANA,LA,2,2,0,2,13,0,BOLLING,16,4,April,2010,6,Friday,6,40,0,4,3,254,32.19733056,-93.01655000,12,1,0,0,0,1,1
220169,22,LOUISIANA,LA,2,2,0,4,117,0,BIRMINGHAM,16,4,April,2010,6,Friday,22,0,0,3,3,2392,30.85133056,-89.95128056,12,2,0,0,0,3,1
220170,22,LOUISIANA,LA,1,1,0,1,67,0,ABBEVILLE,17,4,April,2010,7,Saturday,99,99,0,6,3,38,32.80115000,-91.95191111,34,9,0,0,0,1,1
220171,22,LOUISIANA,LA,1,1,0,2,57,0,BANKSTON,9,4,April,2010,6,Friday,1,22,0,15,3,291,29.81777222,-90.88418611,32,2,0,0,0,2,1
220172,22,LOUISIANA,LA,2,2,0,4,5,0,BAKER HILL,8,4,April,2010,5,Thursday,5,21,0,14,3,22,30.23901944,-90.86990000,12,2,0,0,0,1,0
220173,22,LOUISIANA,LA,3,3,0,5,71,1690,BRIDGEPORT,27,3,March,2010,7,Saturday,13,30,1,11,1,12,29.99486944,-90.10413889,12,1,0,0,0,2,0
220174,22,LOUISIANA,LA,2,2,0,3,119,2200,BELLAMY,8,4,April,2010,5,Thursday,10,28,0,14,3,682,33.00938056,-93.47638056,12,1,0,0,0,1,0
220175,22,LOUISIANA,LA,2,2,1,8,71,1690,BRIDGEPORT,14,2,February,2010,1,Sunday,3,41,1,11,1,2343,29.95788056,-90.09398889,8,3,0,0,0,1,0
220176,22,LOUISIANA,LA,2,2,0,2,71,1690,BRIDGEPORT,16,2,February,2010,3,Tuesday,8,55,1,13,3,524,29.97078056,-90.03926111,12,1,0,0,0,1,0
220177,22,LOUISIANA,LA,1,1,0,1,45,0,ARITON,17,4,April,2010,7,Saturday,17,17,0,5,3,26,30.04669722,-91.76871389,35,1,0,0,0,1,1
220178,22,LOUISIANA,LA,2,2,0,2,79,40,COURTLAND,17,4,April,2010,7,Saturday,5,47,1,13,3,452,31.29588056,-92.53308056,12,3,0,0,0,1,0
220179,22,LOUISIANA,LA,1,1,1,1,117,0,BIRMINGHAM,17,4,April,2010,7,Saturday,20,20,1,13,3,340,30.75948056,-89.84703056,9,2,0,0,0,1,0
220180,22,LOUISIANA,LA,1,1,0,2,7,0,BIBB,18,4,April,2010,1,Sunday,19,48,0,6,3,73,29.71678889,-91.04948056,42,2,0,0,0,1,0
220181,22,LOUISIANA,LA,2,2,0,4,101,110,BOYLSTON,18,4,April,2010,1,Sunday,12,40,0,16,6,0,29.85733889,-91.55103889,12,1,0,0,0,1,0
220182,22,LOUISIANA,LA,2,2,0,4,99,250,BEATRICE,18,4,April,2010,1,Sunday,1,10,0,4,3,211,30.28715000,-91.87395000,12,3,0,0,0,1,1
220183,22,LOUISIANA,LA,1,1,1,2,73,2410,ARGO,14,4,April,2010,4,Wednesday,1,50,1,13,3,851,32.49481111,-92.14360000,8,2,0,0,0,1,1
220184,22,LOUISIANA,LA,1,1,0,3,105,0,MARION,3,4,April,2010,7,Saturday,20,20,0,5,3,265,30.94613056,-90.44855000,42,2,0,0,0,1,1
220185,22,LOUISIANA,LA,1,1,0,1,95,0,ALBERTVILLE,17,4,April,2010,7,Saturday,2,10,1,1,1,2008,30.11515000,-90.58878889,42,2,0,0,0,1,1
220186,22,LOUISIANA,LA,2,2,0,2,55,1230,ATTALLA,20,4,April,2010,3,Tuesday,23,30,0,14,3,1351,30.35471944,-92.05180000,12,2,0,0,0,1,0
220187,22,LOUISIANA,LA,2,2,0,5,63,570,BOLIGEE,21,4,April,2010,4,Wednesday,11,0,0,14,3,91,30.44880000,-90.96953889,12,1,0,0,0,1,0
220188,22,LOUISIANA,LA,1,1,0,1,67,0,ABBEVILLE,22,4,April,2010,5,Thursday,22,5,0,6,4,0,32.79363889,-91.87081944,42,2,0,0,0,1,1
220189,22,LOUISIANA,LA,1,1,0,1,63,0,BOLIGEE,24,4,April,2010,7,Saturday,2,35,0,4,3,171,30.41268056,-90.91548056,52,2,0,0,0,1,1
220190,22,LOUISIANA,LA,1,1,0,1,109,0,ANSLEY,24,4,April,2010,7,Saturday,13,0,0,4,3,300,29.61651111,-90.89777500,34,1,0,0,0,1,1
220191,22,LOUISIANA,LA,2,2,0,2,19,0,CEDAR BLUFF,24,4,April,2010,7,Saturday,13,15,0,6,3,79,30.12570000,-93.14575000,12,1,0,0,0,1,0
220192,22,LOUISIANA,LA,2,2,0,3,53,2390,ATMORE,25,4,April,2010,1,Sunday,21,9,0,4,2,565,30.23215000,-92.79626944,12,3,0,0,0,1,1
220193,22,LOUISIANA,LA,4,4,0,5,103,0,DANVILLE,25,4,April,2010,1,Sunday,14,40,0,4,2,2379,30.49493056,-90.18223056,12,1,0,0,0,1,0
220194,22,LOUISIANA,LA,2,2,0,4,55,1230,ATTALLA,25,4,April,2010,1,Sunday,23,45,1,11,1,19,30.28733056,-92.02223889,12,3,0,0,0,1,1
220195,22,LOUISIANA,LA,1,1,0,4,99,0,BEATRICE,30,4,April,2010,6,Friday,0,26,1,13,3,43,30.25112222,-91.95064444,35,2,0,0,0,1,1
220196,22,LOUISIANA,LA,1,1,0,1,47,0,BROWNS,21,4,April,2010,4,Wednesday,4,30,0,4,3,78,30.12245000,-91.15781111,34,2,0,0,0,1,0
220197,22,LOUISIANA,LA,1,1,0,1,65,0,CYPRESS,30,4,April,2010,6,Friday,2,10,0,4,2,1927,32.33651111,-91.01193056,34,2,0,0,0,1,1
220198,22,LOUISIANA,LA,1,1,0,1,55,330,ATTALLA,20,4,April,2010,3,Tuesday,0,45,1,11,1,30,30.30198056,-92.02773889,34,2,0,0,0,1,1
220199,22,LOUISIANA,LA,1,1,0,2,85,0,BENTON,23,4,April,2010,6,Friday,99,99,0,4,3,470,31.67823889,-93.71593056,11,9,0,0,0,2,1
220200,22,LOUISIANA,LA,4,4,0,7,77,1700,ANDERSON,27,4,April,2010,3,Tuesday,13,58,0,14,3,1828,30.68670000,-91.46571944,12,1,0,0,0,1,0
220201,22,LOUISIANA,LA,1,1,0,4,51,1545,CENTRAL,1,5,May,2010,7,Saturday,23,8,0,14,6,0,29.98438056,-90.20908056,33,3,0,0,0,1,0
220202,22,LOUISIANA,LA,2,2,0,2,5,0,BAKER HILL,7,5,May,2010,6,Friday,7,13,0,6,4,0,30.29553056,-90.95546944,12,1,0,0,0,1,0
220203,22,LOUISIANA,LA,1,1,0,2,17,2130,CHAMBERS,8,5,May,2010,7,Saturday,16,38,0,14,3,41,32.41875000,-93.73633889,10,1,0,0,0,1,0
220204,22,LOUISIANA,LA,2,2,0,3,55,0,ATTALLA,1,5,May,2010,7,Saturday,21,28,0,15,6,0,30.12380000,-92.01571111,12,3,0,0,0,1,0
220205,22,LOUISIANA,LA,1,1,0,1,45,1120,ARITON,1,5,May,2010,7,Saturday,2,14,0,14,6,0,29.91703056,-91.68043056,32,3,0,0,0,1,0
220206,22,LOUISIANA,LA,1,1,0,1,113,0,COTTONTON,8,5,May,2010,7,Saturday,3,45,0,6,4,0,29.97118889,-92.04840000,43,2,0,0,0,1,1
220207,22,LOUISIANA,LA,1,1,0,1,45,0,ARITON,2,5,May,2010,1,Sunday,22,21,0,15,4,0,30.04918056,-91.74308056,32,2,0,0,0,1,0
220208,22,LOUISIANA,LA,1,1,0,1,33,0,CHEROKEE,3,5,May,2010,2,Monday,2,24,0,14,3,23,30.61291111,-91.20211111,34,2,0,0,0,1,0
220209,22,LOUISIANA,LA,1,1,0,2,33,150,CHEROKEE,4,5,May,2010,3,Tuesday,8,9,1,11,1,1550,30.43900000,-91.18908889,1,1,0,0,0,1,0
220210,22,LOUISIANA,LA,1,1,0,1,105,0,MARION,22,5,May,2010,7,Saturday,16,36,0,6,4,0,30.94163056,-90.46486944,42,1,0,0,0,1,0
220211,22,LOUISIANA,LA,2,2,0,2,17,0,CHAMBERS,20,5,May,2010,5,Thursday,14,21,0,3,3,4121,32.74108889,-93.97650000,12,1,0,1,0,1,0
220212,22,LOUISIANA,LA,4,1,2,4,51,1005,CENTRAL,23,5,May,2010,1,Sunday,22,10,1,13,6,0,29.87341944,-90.05255000,33,3,0,0,0,1,1
220213,22,LOUISIANA,LA,1,1,1,2,73,1560,ARGO,29,3,March,2010,2,Monday,20,2,1,13,7,1763,32.48846944,-92.08278056,8,2,0,0,0,1,0
220214,22,LOUISIANA,LA,2,2,0,3,87,1518,ARMSTRONG,10,5,May,2010,2,Monday,10,43,0,14,3,99,29.91821111,-89.91433056,12,1,0,0,0,1,0
220215,22,LOUISIANA,LA,1,1,0,2,1,0,AUTAUGA,14,5,May,2010,6,Friday,0,40,0,6,4,0,30.23036944,-92.53161111,42,2,0,0,0,1,1
220216,22,LOUISIANA,LA,3,2,0,4,15,230,ANNISTON,14,5,May,2010,6,Friday,17,59,1,11,1,240,32.53031111,-93.66731944,14,1,0,0,0,1,0
220217,22,LOUISIANA,LA,1,1,0,1,17,0,CHAMBERS,21,5,May,2010,6,Friday,20,48,0,6,6,0,32.35490000,-93.87530000,1,3,0,0,0,1,1
220218,22,LOUISIANA,LA,1,1,0,4,61,2070,BELLWOOD,22,5,May,2010,7,Saturday,12,59,1,11,1,861,32.54036111,-92.63028889,1,1,0,0,0,1,0
220219,22,LOUISIANA,LA,1,1,0,1,55,330,ATTALLA,25,5,May,2010,3,Tuesday,20,40,1,11,1,35,30.30991944,-92.02980000,34,2,0,0,0,1,1
220220,22,LOUISIANA,LA,1,1,1,1,39,2320,ANDALUSIA,26,5,May,2010,4,Wednesday,17,9,0,16,6,0,30.69143889,-92.27415000,9,1,0,0,0,1,1
220221,22,LOUISIANA,LA,2,2,0,5,79,0,COURTLAND,1,5,May,2010,7,Saturday,16,0,0,4,3,30,31.17776944,-92.36770000,12,1,0,0,0,3,0
220222,22,LOUISIANA,LA,1,1,0,1,31,0,COFFEE,3,5,May,2010,2,Monday,1,30,0,4,3,408,32.06251111,-93.69396111,42,2,0,0,0,1,1
220223,22,LOUISIANA,LA,2,2,0,7,5,0,BAKER HILL,2,5,May,2010,1,Sunday,20,10,0,14,3,220,30.34210000,-90.88405000,12,2,0,0,0,2,1
220224,22,LOUISIANA,LA,1,1,0,1,105,0,MARION,5,5,May,2010,4,Wednesday,6,32,1,13,3,4,30.51898056,-90.49646111,42,1,0,0,0,1,1
220225,22,LOUISIANA,LA,1,1,0,1,103,0,DANVILLE,5,5,May,2010,4,Wednesday,14,24,1,11,1,2680,30.30410000,-89.74081111,42,1,0,0,0,1,0
220226,22,LOUISIANA,LA,5,5,0,11,53,0,ATMORE,5,5,May,2010,4,Wednesday,15,35,1,2,2,60,30.30686111,-92.95016944,34,1,0,0,0,2,0
220227,22,LOUISIANA,LA,1,1,0,1,113,0,COTTONTON,5,5,May,2010,4,Wednesday,19,0,0,4,3,36,29.80057778,-92.13928889,42,1,0,0,0,1,1
220228,22,LOUISIANA,LA,2,2,0,2,89,0,BROWNSBORO,6,5,May,2010,5,Thursday,4,15,1,11,1,72,29.94081111,-90.37500000,12,2,0,0,0,1,1
220229,22,LOUISIANA,LA,2,2,0,3,117,0,BIRMINGHAM,6,5,May,2010,5,Thursday,0,40,0,3,3,474,30.94401111,-89.81763056,12,2,0,0,0,1,0
220230,22,LOUISIANA,LA,1,1,0,1,73,0,ARGO,7,5,May,2010,6,Friday,9,5,0,14,3,28,32.53733056,-92.20108889,59,1,0,0,0,1,0
220231,22,LOUISIANA,LA,3,3,0,3,5,0,BAKER HILL,7,5,May,2010,6,Friday,14,30,0,3,3,402,30.06708889,-90.97021111,12,1,0,0,0,1,0
220232,22,LOUISIANA,LA,1,1,0,1,123,0,ALEXANDER CITY,7,5,May,2010,6,Friday,18,30,0,6,3,113,32.84026944,-91.35021111,30,1,0,0,0,1,1
220233,22,LOUISIANA,LA,4,4,0,4,33,150,CHEROKEE,30,3,March,2010,3,Tuesday,19,38,1,13,3,20,30.47358889,-91.16228056,12,3,0,0,0,1,1
220234,22,LOUISIANA,LA,1,1,0,2,105,0,MARION,9,5,May,2010,1,Sunday,18,20,0,4,3,162,30.65628889,-90.31128056,1,1,0,0,0,1,1
220235,22,LOUISIANA,LA,1,1,0,3,81,0,AUBURN,10,5,May,2010,2,Monday,3,30,0,3,2,102,32.05328889,-93.33526111,34,2,0,0,0,1,1
220236,22,LOUISIANA,LA,2,2,0,2,7,0,BIBB,12,5,May,2010,4,Wednesday,6,2,0,3,3,243,30.00821944,-91.19308056,12,4,0,0,0,1,0
220237,22,LOUISIANA,LA,2,2,0,2,27,0,ASHLAND,13,5,May,2010,5,Thursday,17,22,0,3,2,599,32.69788889,-93.17905000,12,1,0,0,0,1,0
220238,22,LOUISIANA,LA,2,2,0,4,39,0,ANDALUSIA,14,5,May,2010,6,Friday,14,22,0,5,3,296,30.60551111,-92.25798889,12,1,0,0,0,2,1
220239,22,LOUISIANA,LA,1,1,0,1,13,0,BOLLING,14,5,May,2010,6,Friday,16,57,0,6,4,0,32.57665000,-92.93563889,53,1,0,0,0,1,1
220240,22,LOUISIANA,LA,1,1,0,3,45,0,ARITON,14,5,May,2010,6,Friday,18,10,0,5,3,39,30.00528056,-91.98101111,31,1,0,0,0,1,1
220241,22,LOUISIANA,LA,3,3,0,7,33,150,CHEROKEE,14,5,May,2010,6,Friday,20,1,1,11,1,78,30.44584444,-90.99429722,12,2,0,0,0,1,0
220242,22,LOUISIANA,LA,1,1,2,1,39,0,ANDALUSIA,14,5,May,2010,6,Friday,22,50,0,6,3,2,30.51014444,-92.53077222,8,2,0,0,0,1,0
220243,22,LOUISIANA,LA,2,2,0,5,47,0,BROWNS,15,5,May,2010,7,Saturday,14,55,1,1,1,1383,30.41273056,-91.45863889,12,1,0,0,0,1,0
220244,22,LOUISIANA,LA,2,2,0,2,89,0,BROWNSBORO,17,5,May,2010,2,Monday,8,55,1,13,2,2316,29.88681111,-90.41998056,12,1,0,0,0,1,1
220245,22,LOUISIANA,LA,1,1,0,1,115,0,ASHVILLE,17,5,May,2010,2,Monday,16,10,0,4,3,105,31.07196944,-92.86253889,1,1,0,0,0,1,0
220246,22,LOUISIANA,LA,1,1,0,2,105,0,MARION,22,5,May,2010,7,Saturday,2,20,1,1,1,331,30.53388056,-90.50406944,35,2,0,0,0,1,0
220247,22,LOUISIANA,LA,1,1,0,5,35,0,BROOKLYN,22,5,May,2010,7,Saturday,22,0,0,16,3,23,32.78573889,-91.18726944,34,2,0,0,0,1,0
220248,22,LOUISIANA,LA,1,1,0,2,13,70,BOLLING,23,5,May,2010,1,Sunday,5,0,1,1,1,681,32.56701944,-92.93483056,18,2,0,0,0,1,0
220249,22,LOUISIANA,LA,1,1,0,2,9,0,BLOUNT,23,5,May,2010,1,Sunday,13,21,0,6,4,0,31.09466111,-91.95846944,34,1,0,0,0,1,1
220250,22,LOUISIANA,LA,1,1,0,3,53,0,ATMORE,23,5,May,2010,1,Sunday,16,5,1,11,7,644,30.24718889,-92.65565000,35,1,0,0,0,2,0
220251,22,LOUISIANA,LA,1,1,0,1,113,0,COTTONTON,24,5,May,2010,2,Monday,17,20,0,4,3,48,29.81851944,-92.14071111,34,1,0,0,0,1,1
220252,22,LOUISIANA,LA,2,2,0,3,33,150,CHEROKEE,24,5,May,2010,2,Monday,21,55,1,13,3,53,30.35646944,-91.11586111,12,3,0,0,0,1,0
220253,22,LOUISIANA,LA,2,2,0,3,43,0,BAILEYTON,28,5,May,2010,6,Friday,9,52,1,2,2,1014,31.55543889,-92.41138889,12,1,0,0,0,1,0
220254,22,LOUISIANA,LA,1,1,0,1,101,0,BOYLSTON,27,5,May,2010,5,Thursday,23,15,0,15,3,24,29.85541111,-91.53321944,53,2,0,0,0,1,1
220255,22,LOUISIANA,LA,1,1,0,1,91,0,DAYTON,29,5,May,2010,7,Saturday,18,0,0,4,3,379,30.92076111,-90.68158056,42,1,0,0,0,1,0
220256,22,LOUISIANA,LA,1,1,0,2,95,1270,ALBERTVILLE,31,5,May,2010,2,Monday,9,32,1,11,1,3,30.08953056,-90.43723056,23,1,0,0,0,2,0
220257,22,LOUISIANA,LA,1,1,0,1,105,0,MARION,27,5,May,2010,5,Thursday,23,0,0,4,3,534,30.44041944,-90.38201944,24,2,0,0,0,1,0
220258,22,LOUISIANA,LA,1,1,0,2,93,0,BEAR CREEK,8,5,May,2010,7,Saturday,3,32,0,4,3,219,30.05206944,-90.83776111,35,2,0,0,0,1,1
220259,22,LOUISIANA,LA,1,1,1,1,57,0,BANKSTON,13,5,May,2010,5,Thursday,5,39,1,2,2,2252,29.82170000,-90.48083056,8,4,0,0,0,1,0
220260,22,LOUISIANA,LA,2,2,0,3,29,0,BORDEN SPRINGS,16,5,May,2010,1,Sunday,19,23,0,4,3,34,31.66285000,-91.51760000,12,5,0,0,0,1,1
220261,22,LOUISIANA,LA,1,1,0,1,105,980,MARION,23,5,May,2010,1,Sunday,4,0,0,6,4,0,30.51915000,-90.50498056,31,3,0,0,0,1,1
220262,22,LOUISIANA,LA,2,2,0,2,97,0,AXIS,22,5,May,2010,7,Saturday,12,10,0,14,3,394,30.52158056,-92.42331944,12,1,0,0,0,1,0
220263,22,LOUISIANA,LA,3,3,0,5,119,0,BELLAMY,25,5,May,2010,3,Tuesday,17,50,1,1,1,395,32.58025000,-93.41996111,12,1,0,0,0,2,0
220264,22,LOUISIANA,LA,1,1,0,1,61,0,BELLWOOD,27,5,May,2010,5,Thursday,19,15,0,6,4,0,32.49723889,-92.78356111,34,1,0,0,0,1,0