ST_CASE,STATE,State Name,State Abbreviation,# of Vehicle involved,VE_FORMS,Pedestrains,Total_Persons_in_accident,COUNTY,CITY,City_County_Name,Calendar_DAY,MONTH,Month_name,YEAR,DAY_WEEK,Day_Week_desc,HOUR,MINUTE,NHS_Desc,trafficway,Route,MILEPT,LATITUDE,LONGITUD,First_Crash_event,Light_cond_desc,Weather_condition,School_bus_involved,Crash_cause,FATALS,DRUNK_DR
220418,22,LOUISIANA,LA,1,1,0,2,97,0,AXIS,16,10,October,2010,7,Saturday,2,55,0,5,3,90,30.62686944,-92.17053611,35,2,0,0,0,1,1
220419,22,LOUISIANA,LA,1,1,0,1,39,0,ANDALUSIA,17,10,October,2010,1,Sunday,3,99,0,6,4,0,30.58616111,-92.30406944,34,2,0,0,0,1,1
220420,22,LOUISIANA,LA,1,1,0,1,41,2450,BRANTLEY,24,5,May,2010,2,Monday,19,12,0,15,3,9,32.17696944,-91.74141111,18,1,0,0,0,1,0
220421,22,LOUISIANA,LA,1,1,1,1,101,0,BOYLSTON,18,10,October,2010,2,Monday,4,9,0,14,2,44,29.67516944,-91.13698889,8,2,0,0,0,1,0
220422,22,LOUISIANA,LA,1,1,0,1,53,0,ATMORE,19,10,October,2010,3,Tuesday,10,44,1,1,1,516,30.24673889,-92.87013889,35,1,0,0,0,1,1
220423,22,LOUISIANA,LA,1,1,0,3,103,0,DANVILLE,19,10,October,2010,3,Tuesday,13,20,0,14,3,19,30.32556111,-89.73348056,42,1,0,0,0,1,0
220424,22,LOUISIANA,LA,2,2,0,2,9,2160,BLOUNT,22,5,May,2010,7,Saturday,12,0,0,3,3,2145,30.98148056,-91.81091111,12,1,0,0,0,1,1
220425,22,LOUISIANA,LA,1,1,0,1,47,1870,BROWNS,15,8,August,2010,1,Sunday,20,11,0,6,3,4,30.06468056,-91.28028889,35,5,0,0,0,1,1
220426,22,LOUISIANA,LA,1,1,0,3,57,0,BANKSTON,15,10,October,2010,6,Friday,3,50,1,3,3,172,29.17073056,-90.19248889,30,2,0,0,0,1,1
220427,22,LOUISIANA,LA,1,1,0,1,115,0,ASHVILLE,12,10,October,2010,3,Tuesday,17,22,0,4,3,202,31.11258056,-93.50286111,34,1,0,0,0,1,0
220428,22,LOUISIANA,LA,1,1,0,1,39,0,ANDALUSIA,12,10,October,2010,3,Tuesday,99,99,0,3,2,893,30.48058889,-92.57123056,35,1,0,0,0,1,0
220429,22,LOUISIANA,LA,2,2,0,2,81,0,AUBURN,16,10,October,2010,7,Saturday,4,20,0,3,2,384,32.06311944,-93.42408889,12,2,0,0,0,1,0
220430,22,LOUISIANA,LA,2,2,0,2,51,0,CENTRAL,18,10,October,2010,2,Monday,5,6,1,13,2,2461,29.90943889,-90.18523056,12,2,0,0,0,1,0
220431,22,LOUISIANA,LA,2,2,0,2,49,0,COLLINSVILLE,20,10,October,2010,4,Wednesday,14,28,0,4,3,394,32.48742222,-92.57941389,12,1,0,0,0,1,0
220432,22,LOUISIANA,LA,1,1,0,1,27,0,ASHLAND,20,10,October,2010,4,Wednesday,7,22,0,4,3,699,32.81038056,-93.06591944,32,1,0,0,0,1,0
220433,22,LOUISIANA,LA,2,2,0,2,121,0,BON AIR,21,10,October,2010,5,Thursday,11,49,0,5,3,21,30.50580000,-91.39720000,12,1,0,0,0,1,0
220434,22,LOUISIANA,LA,2,2,0,4,19,0,CEDAR BLUFF,20,10,October,2010,4,Wednesday,20,1,0,4,3,917,30.32425556,-93.36832500,12,2,0,0,0,1,1
220435,22,LOUISIANA,LA,2,1,0,1,103,0,DANVILLE,22,10,October,2010,6,Friday,6,10,0,3,3,147,30.52601944,-89.85648889,14,2,0,0,0,1,0
220436,22,LOUISIANA,LA,1,1,0,2,57,0,BANKSTON,22,10,October,2010,6,Friday,19,13,0,15,3,565,29.64396944,-90.52218056,30,3,0,0,0,1,0
220437,22,LOUISIANA,LA,1,1,1,1,95,0,ALBERTVILLE,23,10,October,2010,7,Saturday,21,30,0,14,2,271,30.07361111,-90.50156944,8,3,0,0,0,1,0
220438,22,LOUISIANA,LA,1,1,0,1,55,1230,ATTALLA,27,10,October,2010,4,Wednesday,21,4,1,13,4,0,30.22048889,-92.07538056,33,2,0,0,0,1,0
220439,22,LOUISIANA,LA,1,1,1,2,13,0,BOLLING,29,10,October,2010,6,Friday,12,11,0,4,3,239,32.35106944,-92.80898056,8,1,0,0,0,1,0
220440,22,LOUISIANA,LA,2,2,0,3,99,0,BEATRICE,31,10,October,2010,1,Sunday,15,99,0,6,3,101,29.93903889,-91.25550000,1,1,0,0,0,1,0
220441,22,LOUISIANA,LA,1,1,0,1,17,2130,CHAMBERS,7,10,October,2010,5,Thursday,23,23,1,11,1,193,32.51113056,-93.74086111,23,3,0,0,0,1,0
220442,22,LOUISIANA,LA,2,2,0,3,55,1230,ATTALLA,9,10,October,2010,7,Saturday,2,16,1,11,1,99999,30.25068056,-92.03598889,12,3,0,0,0,1,1
220443,22,LOUISIANA,LA,1,1,0,1,17,0,CHAMBERS,16,10,October,2010,7,Saturday,4,43,0,5,3,58,32.85213056,-93.96858889,42,2,0,0,0,1,0
220444,22,LOUISIANA,LA,2,1,1,1,15,230,ANNISTON,25,10,October,2010,2,Monday,20,23,1,11,1,203,32.51396111,-93.72441944,8,2,0,0,0,1,1
220445,22,LOUISIANA,LA,1,1,0,2,123,0,ALEXANDER CITY,23,11,November,2010,3,Tuesday,6,37,0,6,4,0,32.89126944,-91.39663889,42,1,0,0,0,1,0
220446,22,LOUISIANA,LA,1,1,0,1,103,0,DANVILLE,25,11,November,2010,5,Thursday,2,30,0,5,3,34,30.50315000,-89.99095000,53,2,0,0,0,1,1
220447,22,LOUISIANA,LA,2,2,0,2,105,0,MARION,25,11,November,2010,5,Thursday,18,27,0,15,3,28,30.48622778,-90.53327778,12,2,0,0,0,1,0
220448,22,LOUISIANA,LA,1,1,0,1,69,0,ASHFORD,26,11,November,2010,6,Friday,4,10,1,2,3,379,31.71571111,-93.21081944,53,2,0,0,0,1,0
220449,22,LOUISIANA,LA,1,1,0,5,57,0,BANKSTON,26,11,November,2010,6,Friday,18,14,0,14,3,356,29.56481944,-90.38505000,34,3,0,0,0,1,1
220450,22,LOUISIANA,LA,1,1,1,2,109,0,ANSLEY,27,11,November,2010,7,Saturday,5,39,0,14,3,181,29.55213889,-90.71888056,8,2,0,0,0,1,0
220451,22,LOUISIANA,LA,1,1,0,1,57,0,BANKSTON,27,11,November,2010,7,Saturday,20,7,1,2,2,2246,29.81571111,-90.48808056,59,2,0,0,0,1,0
220452,22,LOUISIANA,LA,2,2,0,3,55,0,ATTALLA,28,11,November,2010,1,Sunday,18,19,0,4,3,98,30.09446389,-92.03205278,12,2,0,0,0,1,0
220453,22,LOUISIANA,LA,1,1,0,1,89,0,BROWNSBORO,29,11,November,2010,2,Monday,12,40,1,11,1,88,29.92386111,-90.39376944,31,1,0,0,0,1,0
220454,22,LOUISIANA,LA,1,1,0,1,57,0,BANKSTON,16,9,September,2010,5,Thursday,17,20,1,3,3,553,29.59495000,-90.47960000,42,1,0,0,0,1,0
220455,22,LOUISIANA,LA,1,1,1,1,55,1230,ATTALLA,31,10,October,2010,1,Sunday,20,52,1,13,2,216,30.23671111,-92.01280000,9,3,0,0,0,1,0
220456,22,LOUISIANA,LA,2,2,0,2,57,0,BANKSTON,3,11,November,2010,4,Wednesday,4,10,0,3,3,319,29.53916111,-90.43140000,12,2,0,0,0,1,0
220457,22,LOUISIANA,LA,2,2,0,2,109,0,ANSLEY,3,11,November,2010,4,Wednesday,23,28,0,14,4,0,29.60166111,-90.75626944,12,3,0,0,0,1,1
220458,22,LOUISIANA,LA,3,2,1,2,33,0,CHEROKEE,7,11,November,2010,1,Sunday,7,7,1,13,3,119,30.35441944,-91.01768889,12,4,0,0,0,1,0
220459,22,LOUISIANA,LA,1,1,0,1,97,0,AXIS,9,11,November,2010,3,Tuesday,4,12,0,4,3,80,30.84041389,-91.97426389,42,2,0,0,0,1,0
220460,22,LOUISIANA,LA,2,2,0,4,97,0,AXIS,10,11,November,2010,4,Wednesday,22,15,0,3,2,1010,30.49518889,-92.37885833,12,2,0,0,0,1,1
220461,22,LOUISIANA,LA,2,2,0,2,39,0,ANDALUSIA,13,11,November,2010,7,Saturday,16,30,0,4,2,677,30.73890000,-92.30948889,12,1,0,0,0,1,1
220462,22,LOUISIANA,LA,1,1,0,2,33,9997,CHEROKEE,12,11,November,2010,6,Friday,19,50,0,15,3,6,30.54276111,-91.08663056,35,2,0,0,0,1,1
220463,22,LOUISIANA,LA,3,3,0,3,121,0,BON AIR,15,11,November,2010,2,Monday,9,0,1,1,1,1493,30.45335000,-91.28076111,12,1,0,0,0,1,0
220464,22,LOUISIANA,LA,1,1,0,2,31,0,COFFEE,20,11,November,2010,7,Saturday,2,15,0,4,3,117,32.13661944,-93.93506111,41,2,0,0,0,1,1
220465,22,LOUISIANA,LA,1,1,0,1,81,0,AUBURN,21,11,November,2010,1,Sunday,18,30,0,5,3,50,31.96143889,-93.29549722,42,2,0,0,0,1,1
220467,22,LOUISIANA,LA,1,1,0,5,71,1690,BRIDGEPORT,17,10,October,2010,1,Sunday,2,30,0,14,5,0,30.05850000,-89.95460000,33,2,0,0,0,2,1
220468,22,LOUISIANA,LA,2,2,0,3,17,2130,CHAMBERS,20,11,November,2010,7,Saturday,18,0,0,15,3,4,32.55955000,-93.77583889,12,3,0,0,0,1,0
220469,22,LOUISIANA,LA,1,1,0,1,15,230,ANNISTON,8,10,October,2010,6,Friday,19,42,1,11,1,86,32.55595000,-93.65921944,33,5,0,0,0,1,0
220470,22,LOUISIANA,LA,2,2,0,3,111,0,GRAHAM,8,12,December,2010,4,Wednesday,8,30,0,4,3,1846,32.90505000,-92.51946944,12,1,0,0,0,1,0
220471,22,LOUISIANA,LA,1,1,1,2,87,350,ARMSTRONG,9,12,December,2010,5,Thursday,17,40,0,14,3,76,29.93040000,-89.94801111,8,3,0,0,0,1,0
220472,22,LOUISIANA,LA,2,2,0,5,19,0,CEDAR BLUFF,9,12,December,2010,5,Thursday,6,0,0,4,3,978,30.39836111,-93.41508056,12,2,0,0,0,2,0
220473,22,LOUISIANA,LA,2,2,0,4,109,1070,ANSLEY,9,12,December,2010,5,Thursday,11,7,1,13,3,32,29.70058056,-90.78871944,12,1,0,0,0,1,0
220474,22,LOUISIANA,LA,1,1,0,1,63,0,BOLIGEE,8,12,December,2010,4,Wednesday,22,21,0,4,3,141,30.38523056,-90.88043056,53,2,0,0,0,1,1
220475,22,LOUISIANA,LA,1,1,1,2,103,0,DANVILLE,10,12,December,2010,6,Friday,22,27,1,11,1,846,30.30988889,-89.75883056,8,2,0,0,0,1,0
220476,22,LOUISIANA,LA,2,1,0,2,83,0,ARDMORE,16,12,December,2010,5,Thursday,4,15,1,1,1,1295,32.48045000,-91.89890000,14,2,6,0,0,1,0
220477,22,LOUISIANA,LA,1,1,0,1,77,0,ANDERSON,16,12,December,2010,5,Thursday,3,50,0,6,3,53,30.88968056,-91.66931111,1,2,0,0,0,1,1
220478,22,LOUISIANA,LA,2,2,0,2,3,0,BALDWIN,16,12,December,2010,5,Thursday,16,13,1,2,2,226,30.52353056,-92.82586111,12,1,0,0,0,1,0
220479,22,LOUISIANA,LA,1,1,0,1,13,0,BOLLING,16,12,December,2010,5,Thursday,10,40,1,1,1,626,32.56098889,-93.02893056,42,1,0,0,0,1,1
220480,22,LOUISIANA,LA,1,1,0,3,53,0,ATMORE,17,12,December,2010,6,Friday,15,18,1,11,1,644,30.24668056,-92.65535000,24,1,0,0,0,1,0
220481,22,LOUISIANA,LA,1,1,0,2,99,0,BEATRICE,17,12,December,2010,6,Friday,2,40,0,4,3,1,30.33589722,-91.85556111,3,2,0,0,0,1,0
220482,22,LOUISIANA,LA,2,2,0,2,19,9898,CEDAR BLUFF,18,12,December,2010,7,Saturday,13,32,0,14,3,26,30.27476944,-93.25813056,12,1,0,0,0,1,0
220483,22,LOUISIANA,LA,1,1,0,2,65,0,CYPRESS,19,12,December,2010,1,Sunday,99,99,1,1,1,1743,32.37323889,-91.14941111,35,9,0,0,0,2,0
220484,22,LOUISIANA,LA,2,2,0,3,59,0,FRANKLIN,1,12,December,2010,4,Wednesday,13,35,0,4,3,207,31.73091111,-92.15443889,12,1,0,0,0,1,0
220485,22,LOUISIANA,LA,1,1,1,1,105,0,MARION,1,12,December,2010,4,Wednesday,23,40,1,11,1,495,30.76536944,-90.53278056,8,2,0,0,0,1,0
220486,22,LOUISIANA,LA,2,2,0,23,97,0,AXIS,1,12,December,2010,4,Wednesday,7,15,1,2,2,1245,30.54778889,-92.00026111,12,1,0,1,0,1,0
220487,22,LOUISIANA,LA,3,3,0,3,57,0,BANKSTON,3,12,December,2010,6,Friday,8,37,0,15,3,434,29.73770000,-90.67698056,12,1,0,0,0,1,0
220488,22,LOUISIANA,LA,1,1,0,1,113,0,COTTONTON,4,12,December,2010,7,Saturday,15,20,0,4,3,1082,29.77686111,-92.33641111,1,1,0,0,0,1,1
220489,22,LOUISIANA,LA,1,1,0,1,99,0,BEATRICE,4,12,December,2010,7,Saturday,17,5,0,6,3,7,30.32663889,-91.90981944,34,5,0,0,0,1,1
220490,22,LOUISIANA,LA,2,2,0,2,101,0,BOYLSTON,4,12,December,2010,7,Saturday,3,15,1,2,2,1636,29.70198056,-91.38228889,12,2,0,0,0,1,0
220491,22,LOUISIANA,LA,2,2,0,5,85,0,BENTON,4,12,December,2010,7,Saturday,4,10,1,2,3,29,31.48896111,-93.70593056,33,2,0,0,0,1,0
220492,22,LOUISIANA,LA,2,1,1,4,103,0,DANVILLE,4,12,December,2010,7,Saturday,19,40,1,11,1,2679,30.30226389,-89.74324444,14,2,0,0,0,1,0
220493,22,LOUISIANA,LA,1,1,2,1,97,0,AXIS,4,12,December,2010,7,Saturday,23,40,0,3,2,1008,30.49508056,-92.38163056,8,2,0,0,0,1,0
220494,22,LOUISIANA,LA,2,2,0,2,97,0,AXIS,5,12,December,2010,1,Sunday,17,56,1,1,1,214,30.55112500,-92.05267222,12,2,0,0,0,1,0
220495,22,LOUISIANA,LA,1,1,0,2,31,0,COFFEE,5,12,December,2010,1,Sunday,2,18,0,4,3,693,31.92691111,-93.89293889,42,2,0,0,0,2,1
220496,22,LOUISIANA,LA,2,2,0,5,59,0,FRANKLIN,5,12,December,2010,1,Sunday,14,10,0,5,3,98,31.58591111,-92.14209167,12,1,0,0,0,1,0
220497,22,LOUISIANA,LA,2,2,0,3,73,0,ARGO,7,12,December,2010,3,Tuesday,23,45,0,14,3,51,32.58808056,-91.98578056,12,2,0,0,0,1,1
220498,22,LOUISIANA,LA,2,2,0,2,71,1690,BRIDGEPORT,19,2,February,2010,6,Friday,16,10,1,13,5,0,29.97933889,-90.10788889,12,1,0,0,0,1,0
220500,22,LOUISIANA,LA,1,1,0,4,97,0,AXIS,9,5,May,2010,1,Sunday,22,0,0,3,3,493,30.48051111,-92.18241111,53,3,0,0,0,1,1
220501,22,LOUISIANA,LA,3,3,0,8,1,520,AUTAUGA,15,5,May,2010,7,Saturday,6,43,1,11,1,820,30.23543056,-92.36493056,12,4,0,0,0,2,0
220502,22,LOUISIANA,LA,2,2,0,2,101,1830,BOYLSTON,19,6,June,2010,7,Saturday,18,40,1,2,2,1675,29.69120000,-91.31905000,12,1,0,0,0,1,0
220503,22,LOUISIANA,LA,1,1,0,1,45,0,ARITON,21,6,June,2010,2,Monday,21,53,0,15,4,0,29.91958056,-91.78458889,43,2,0,0,0,1,1
220504,22,LOUISIANA,LA,1,1,1,2,101,1600,BOYLSTON,5,7,July,2010,2,Monday,5,0,0,16,5,0,29.70466111,-91.20711111,8,3,0,0,0,1,0
220505,22,LOUISIANA,LA,1,1,0,1,73,1560,ARGO,7,7,July,2010,4,Wednesday,99,99,1,13,2,1262,32.52151944,-92.08276944,33,3,0,0,0,1,1
220506,22,LOUISIANA,LA,2,1,1,1,15,230,ANNISTON,7,7,July,2010,4,Wednesday,23,2,0,16,5,0,32.52056944,-93.71256111,8,3,0,0,0,1,0
220507,22,LOUISIANA,LA,1,1,0,3,19,1250,CEDAR BLUFF,8,7,July,2010,5,Thursday,3,50,1,1,1,53,30.19683889,-93.23505000,59,2,0,0,0,1,1
220508,22,LOUISIANA,LA,1,1,0,1,17,2130,CHAMBERS,8,7,July,2010,5,Thursday,8,25,1,11,1,156,32.47626944,-93.78413056,38,1,0,0,0,1,0
220509,22,LOUISIANA,LA,2,2,0,2,115,1300,ASHVILLE,10,7,July,2010,7,Saturday,9,49,1,13,2,650,31.11990000,-93.26923056,12,1,0,0,0,1,0
220510,22,LOUISIANA,LA,1,1,0,1,17,2130,CHAMBERS,11,7,July,2010,1,Sunday,4,23,1,13,5,0,32.51498056,-93.74286111,38,3,0,0,0,1,0
220511,22,LOUISIANA,LA,2,2,0,2,15,230,ANNISTON,14,7,July,2010,4,Wednesday,8,36,1,11,1,202,32.51395000,-93.72545000,12,1,0,0,0,1,0
220512,22,LOUISIANA,LA,1,1,0,2,55,0,ATTALLA,16,7,July,2010,6,Friday,21,15,0,14,4,0,30.28260000,-92.09130000,32,2,0,0,0,1,0
220513,22,LOUISIANA,LA,1,1,1,2,79,40,COURTLAND,20,7,July,2010,3,Tuesday,0,29,1,13,2,24,31.27420000,-92.44563056,8,2,0,0,0,1,0
220514,22,LOUISIANA,LA,2,2,0,3,79,40,COURTLAND,23,7,July,2010,6,Friday,19,56,0,15,5,0,31.26638056,-92.45233056,12,5,0,0,0,1,0
220515,22,LOUISIANA,LA,2,2,0,4,11,0,BULLOCK,23,7,July,2010,6,Friday,22,53,0,6,4,0,30.85020000,-93.45295000,12,2,0,0,0,1,0
220516,22,LOUISIANA,LA,2,2,0,4,55,1230,ATTALLA,29,7,July,2010,5,Thursday,0,37,1,13,2,227,30.25206944,-92.01376111,12,3,0,0,0,1,0
220517,22,LOUISIANA,LA,1,1,0,1,71,1690,BRIDGEPORT,31,7,July,2010,7,Saturday,2,20,0,16,5,0,29.92818889,-90.06800278,30,3,0,0,0,1,1
220518,22,LOUISIANA,LA,2,2,0,3,101,190,BOYLSTON,2,8,August,2010,2,Monday,14,45,1,13,2,1731,29.69016944,-91.23106111,12,1,0,0,0,2,0
220519,22,LOUISIANA,LA,2,2,0,6,115,2060,ASHVILLE,3,8,August,2010,3,Tuesday,21,3,1,13,2,511,30.92538056,-93.28241944,12,1,0,0,0,1,1
220520,22,LOUISIANA,LA,2,2,0,2,55,2120,ATTALLA,9,8,August,2010,2,Monday,7,42,0,14,3,79,30.25735000,-92.10811111,12,1,0,0,0,1,0
220521,22,LOUISIANA,LA,2,2,0,3,5,870,BAKER HILL,13,8,August,2010,6,Friday,9,52,1,13,3,257,30.21088889,-90.92053056,12,1,0,0,0,1,0
220522,22,LOUISIANA,LA,1,1,0,4,79,40,COURTLAND,15,8,August,2010,1,Sunday,3,0,1,13,2,689,31.30511111,-92.47966111,1,3,0,0,0,1,1
220523,22,LOUISIANA,LA,2,2,0,2,45,1680,ARITON,3,9,September,2010,6,Friday,12,0,0,6,3,22,29.98435000,-91.95695000,12,1,0,0,0,1,0
220524,22,LOUISIANA,LA,1,1,0,1,17,2130,CHAMBERS,11,9,September,2010,7,Saturday,19,25,1,11,1,3,32.46103056,-93.84616111,24,1,0,0,0,1,0
220526,22,LOUISIANA,LA,1,1,1,1,101,0,BOYLSTON,21,8,August,2010,7,Saturday,18,48,0,6,5,0,29.81120000,-91.47643056,9,1,0,0,0,1,0
220527,22,LOUISIANA,LA,1,1,0,2,105,1910,MARION,23,9,September,2010,5,Thursday,17,10,0,14,2,22,30.43771111,-90.44606111,40,1,0,0,0,1,0
220528,22,LOUISIANA,LA,2,2,0,3,17,0,CHAMBERS,30,9,September,2010,5,Thursday,7,28,0,6,4,0,32.50210000,-93.87930000,11,1,0,0,0,1,0
220529,22,LOUISIANA,LA,1,1,0,1,71,1690,BRIDGEPORT,19,5,May,2010,4,Wednesday,22,51,1,11,1,5,30.02280000,-89.93933889,31,2,0,0,0,1,1
220530,22,LOUISIANA,LA,1,1,1,1,71,1690,BRIDGEPORT,16,8,August,2010,2,Monday,22,35,1,13,2,2603,29.97993889,-90.07466944,9,3,0,0,0,1,0
220531,22,LOUISIANA,LA,1,1,0,1,115,0,ASHVILLE,8,9,September,2010,4,Wednesday,23,0,1,2,2,596,31.04248611,-93.27523889,23,2,0,0,0,1,1
220532,22,LOUISIANA,LA,1,1,0,1,47,2082,BROWNS,1,10,October,2010,6,Friday,23,28,0,5,3,272,30.28626111,-91.15338889,35,7,0,0,0,1,1
220533,22,LOUISIANA,LA,1,1,1,1,19,1250,CEDAR BLUFF,4,10,October,2010,2,Monday,7,28,1,13,3,0,30.17618056,-93.21306111,8,1,0,0,0,1,0
220534,22,LOUISIANA,LA,2,2,1,3,19,1250,CEDAR BLUFF,1,10,October,2010,6,Friday,22,41,1,13,3,18,30.20796944,-93.18011944,8,3,0,0,0,1,0
220535,22,LOUISIANA,LA,1,1,0,1,17,0,CHAMBERS,6,10,October,2010,4,Wednesday,12,54,1,1,1,19,32.45191944,-94.01153889,24,1,0,0,0,1,0
220536,22,LOUISIANA,LA,1,1,0,1,33,0,CHEROKEE,8,10,October,2010,6,Friday,5,4,0,14,3,23,30.61290000,-91.20210000,35,2,0,0,0,1,0
220537,22,LOUISIANA,LA,2,2,0,2,51,0,CENTRAL,9,10,October,2010,7,Saturday,20,43,0,14,4,0,30.00471944,-90.21160000,12,3,0,0,0,1,0
220538,22,LOUISIANA,LA,1,1,1,1,55,1230,ATTALLA,11,10,October,2010,2,Monday,19,4,1,13,2,200,30.22113889,-92.01648056,8,3,0,0,0,1,0
220539,22,LOUISIANA,LA,1,1,0,1,19,1250,CEDAR BLUFF,11,10,October,2010,2,Monday,23,99,1,13,3,2,30.17301944,-93.24925000,42,3,0,0,0,1,0
220540,22,LOUISIANA,LA,2,2,0,4,19,1250,CEDAR BLUFF,20,10,October,2010,4,Wednesday,7,41,1,11,1,106,30.21943889,-93.16850000,12,1,0,0,0,2,0
220541,22,LOUISIANA,LA,1,1,1,1,79,1850,COURTLAND,25,10,October,2010,2,Monday,5,59,1,12,2,1120,31.31563056,-92.43308056,8,1,0,0,0,1,0
220542,22,LOUISIANA,LA,1,1,0,1,51,1190,CENTRAL,31,10,October,2010,1,Sunday,10,7,0,16,5,0,30.03166111,-90.23730000,38,1,0,0,0,1,0
220543,22,LOUISIANA,LA,2,2,0,3,55,1230,ATTALLA,6,11,November,2010,7,Saturday,20,49,0,14,5,0,30.18973056,-92.00221944,12,3,0,0,0,1,1
220544,22,LOUISIANA,LA,1,1,0,1,51,1190,CENTRAL,7,11,November,2010,1,Sunday,23,34,0,16,5,0,30.03886944,-90.25268889,33,3,0,0,0,1,1
220545,22,LOUISIANA,LA,2,2,0,4,17,0,CHAMBERS,9,11,November,2010,3,Tuesday,7,28,0,14,3,29,32.33378889,-93.90365000,12,1,0,0,0,1,0
220547,22,LOUISIANA,LA,1,1,1,1,55,1230,ATTALLA,12,11,November,2010,6,Friday,22,12,0,16,5,0,30.22868889,-92.00176944,8,2,0,0,0,1,0
220548,22,LOUISIANA,LA,1,1,0,1,71,1690,BRIDGEPORT,14,11,November,2010,1,Sunday,21,55,1,11,1,2384,29.99245000,-90.04885000,99,3,0,0,0,1,0
220549,22,LOUISIANA,LA,1,1,0,2,17,2130,CHAMBERS,15,11,November,2010,2,Monday,15,40,1,11,1,152,32.47380000,-93.79158056,1,1,0,0,0,1,0
220550,22,LOUISIANA,LA,1,1,0,1,19,2210,CEDAR BLUFF,19,11,November,2010,6,Friday,4,0,1,11,1,205,30.21588889,-93.37748056,33,3,0,0,0,1,1
220551,22,LOUISIANA,LA,1,1,0,1,71,1690,BRIDGEPORT,24,11,November,2010,4,Wednesday,2,38,1,11,1,2338,29.96256111,-90.10073056,24,3,0,0,0,1,1
220552,22,LOUISIANA,LA,1,1,0,1,15,1010,ANNISTON,26,11,November,2010,6,Friday,13,10,0,15,3,10,32.54566944,-93.49761944,42,1,0,0,0,1,0
220553,22,LOUISIANA,LA,2,2,0,2,17,2130,CHAMBERS,27,11,November,2010,7,Saturday,2,28,1,11,1,0,32.55675000,-93.77691111,12,3,0,0,0,1,0
220554,22,LOUISIANA,LA,1,1,0,2,57,0,BANKSTON,25,9,September,2010,7,Saturday,14,18,0,15,4,0,29.78428889,-90.80181944,5,1,0,0,0,1,0
220555,22,LOUISIANA,LA,2,2,0,3,47,2430,BROWNS,6,9,September,2010,2,Monday,18,24,1,2,3,1290,30.17576944,-91.16231944,12,1,0,0,0,1,0
220556,22,LOUISIANA,LA,2,2,0,2,33,150,CHEROKEE,29,6,June,2010,3,Tuesday,21,55,1,11,1,66,30.44016944,-91.01600000,12,3,0,0,0,1,1
220557,22,LOUISIANA,LA,2,2,0,2,33,150,CHEROKEE,21,7,July,2010,4,Wednesday,3,20,1,11,1,67,30.44061944,-91.01421944,12,3,0,0,0,1,0
220558,22,LOUISIANA,LA,1,1,1,1,33,150,CHEROKEE,13,10,October,2010,4,Wednesday,6,32,1,13,2,24,30.45098889,-91.13733889,8,2,0,0,0,1,0
220559,22,LOUISIANA,LA,1,1,0,1,33,150,CHEROKEE,20,10,October,2010,4,Wednesday,22,20,1,11,1,2,30.44023056,-91.17911944,23,2,0,0,0,1,0
220560,22,LOUISIANA,LA,1,1,1,1,33,150,CHEROKEE,4,11,November,2010,5,Thursday,12,10,0,15,5,0,30.46023889,-91.10958056,15,1,0,0,0,1,0
220561,22,LOUISIANA,LA,1,1,1,1,17,2130,CHAMBERS,27,12,December,2010,2,Monday,5,53,1,11,1,84,32.55690000,-93.77280000,8,2,0,0,0,1,0
220562,22,LOUISIANA,LA,1,1,0,1,9,0,BLOUNT,2,12,December,2010,5,Thursday,18,21,0,5,3,9,31.16703056,-92.13596111,32,2,0,0,0,1,0
220563,22,LOUISIANA,LA,1,1,1,1,17,2130,CHAMBERS,9,12,December,2010,5,Thursday,17,44,0,14,5,0,32.45895000,-93.76305000,8,3,0,0,0,1,0
220564,22,LOUISIANA,LA,2,2,0,2,67,140,ABBEVILLE,9,12,December,2010,5,Thursday,18,40,1,13,2,1060,32.79846944,-91.90643889,12,2,0,0,0,1,1
220565,22,LOUISIANA,LA,1,1,0,2,73,1560,ARGO,14,12,December,2010,3,Tuesday,23,44,1,13,2,1813,32.55980000,-92.07536111,46,2,0,0,0,1,0
220566,22,LOUISIANA,LA,1,1,0,2,73,1560,ARGO,25,12,December,2010,7,Saturday,3,8,1,13,2,1233,32.50603889,-92.12465000,33,2,0,0,0,1,1
220567,22,LOUISIANA,LA,1,1,1,1,5,0,BAKER HILL,20,12,December,2010,2,Monday,22,48,0,14,3,224,30.33912778,-90.87970556,8,2,0,0,0,1,0
220568,22,LOUISIANA,LA,1,1,1,2,11,0,BULLOCK,21,12,December,2010,3,Tuesday,19,10,0,4,3,25,30.86078889,-93.21821944,8,2,0,0,0,1,0
220569,22,LOUISIANA,LA,1,1,0,2,19,0,CEDAR BLUFF,21,12,December,2010,3,Tuesday,19,17,0,14,3,96,30.15193056,-93.21371944,33,2,0,0,0,1,1