ST_CASE,STATE,State Name,State Abbreviation,# of Vehicle involved,VE_FORMS,Pedestrains,Total_Persons_in_accident,COUNTY,CITY,City_County_Name,Calendar_DAY,MONTH,Month_name,YEAR,DAY_WEEK,Day_Week_desc,HOUR,MINUTE,NHS_Desc,trafficway,Route,MILEPT,LATITUDE,LONGITUD,First_Crash_event,Light_cond_desc,Weather_condition,School_bus_involved,Crash_cause,FATALS,DRUNK_DR
240239,24,MARYLAND,MD,2,2,0,2,15,0,ANNISTON,23,8,August,2010,2,Monday,5,3,0,4,3,37,39.66451667,-76.01483333,12,2,0,0,0,1,0
240241,24,MARYLAND,MD,1,1,1,1,31,0,COFFEE,13,6,June,2010,1,Sunday,21,58,0,13,3,33,39.05636667,-77.08267500,8,3,0,0,0,1,0
240242,24,MARYLAND,MD,1,1,0,1,15,0,ANNISTON,22,6,June,2010,3,Tuesday,13,42,0,4,3,52,39.60156667,-75.93672500,30,1,0,0,0,1,0
240243,24,MARYLAND,MD,2,2,0,3,27,0,ASHLAND,10,7,July,2010,7,Saturday,20,9,0,13,2,74,39.29569167,-76.90190556,12,5,0,0,0,1,1
240244,24,MARYLAND,MD,1,1,0,1,33,240,CHEROKEE,8,7,July,2010,5,Thursday,1,6,0,13,3,3,38.88871944,-76.90774167,31,2,0,0,0,1,1
240245,24,MARYLAND,MD,2,2,0,2,33,100,CHEROKEE,7,7,July,2010,4,Wednesday,11,50,0,14,4,24,39.04477778,-76.95157778,12,1,0,0,0,1,1
240246,24,MARYLAND,MD,2,2,0,2,33,175,CHEROKEE,12,7,July,2010,2,Monday,17,34,0,4,3,119,38.69040000,-76.82052500,12,1,0,0,0,1,1
240247,24,MARYLAND,MD,2,2,0,4,33,370,CHEROKEE,1,7,July,2010,5,Thursday,1,36,0,14,4,8,39.01971667,-76.93905833,12,3,0,0,0,1,1
240248,24,MARYLAND,MD,2,2,0,2,25,0,BARLOW BEND,11,7,July,2010,1,Sunday,13,9,0,3,3,80,39.62246667,-76.47628056,12,1,0,0,0,1,0
240249,24,MARYLAND,MD,3,1,0,1,33,1175,CHEROKEE,15,7,July,2010,5,Thursday,17,5,0,16,4,4,38.80838056,-76.97932500,14,1,0,0,0,1,0
240250,24,MARYLAND,MD,1,1,0,1,33,1520,CHEROKEE,19,7,July,2010,2,Monday,1,5,0,16,3,8,38.85270833,-76.93412222,42,3,0,0,0,1,1
240251,24,MARYLAND,MD,2,2,0,9,47,0,BROWNS,24,7,July,2010,7,Saturday,11,32,1,2,2,64,38.11571944,-75.46227778,12,1,0,0,0,1,0
240252,24,MARYLAND,MD,1,1,0,4,33,1620,CHEROKEE,22,7,July,2010,5,Thursday,23,33,0,16,4,3,38.81133889,-76.80961389,30,2,0,0,0,1,0
240253,24,MARYLAND,MD,1,1,1,1,33,830,CHEROKEE,17,7,July,2010,7,Saturday,0,49,0,13,3,9,38.98388056,-76.97896944,8,3,0,0,0,1,0
240254,24,MARYLAND,MD,2,2,0,4,1,0,AUTAUGA,28,7,July,2010,4,Wednesday,15,10,0,13,3,9,39.70631111,-78.78203611,12,1,0,0,0,1,1
240255,24,MARYLAND,MD,2,2,0,8,510,50,BALTIMORE,14,7,July,2010,4,Wednesday,2,41,1,11,1,12,39.27143333,-76.65294167,12,3,0,0,0,1,1
240256,24,MARYLAND,MD,2,2,0,2,5,0,BAKER HILL,25,7,July,2010,1,Sunday,2,58,1,11,1,211,39.41394167,-76.60215278,12,2,0,0,0,1,0
240257,24,MARYLAND,MD,2,2,0,2,21,0,CHILTON,28,8,August,2010,7,Saturday,6,45,1,2,2,21,39.34398889,-77.63445833,12,1,0,0,0,1,1
240258,24,MARYLAND,MD,2,2,0,2,41,0,BRANTLEY,9,9,September,2010,5,Thursday,9,58,1,13,2,46,38.81554444,-76.06000278,12,1,0,0,0,1,0
240259,24,MARYLAND,MD,2,2,0,2,5,0,BAKER HILL,10,9,September,2010,6,Friday,2,55,1,11,1,39,39.41796111,-76.79735278,12,3,0,0,0,1,2
240260,24,MARYLAND,MD,2,2,0,2,25,0,BARLOW BEND,13,9,September,2010,2,Monday,8,23,0,2,3,55,39.55918333,-76.25257500,1,3,0,0,0,1,0
240261,24,MARYLAND,MD,2,2,0,2,21,0,CHILTON,24,7,July,2010,7,Saturday,12,2,0,16,4,15,39.35201944,-77.22736389,12,1,0,0,0,1,0
240262,24,MARYLAND,MD,1,1,1,1,35,0,BROOKLYN,22,8,August,2010,1,Sunday,20,50,0,9,3,7,38.97712500,-76.31525278,9,2,0,0,0,1,0
240263,24,MARYLAND,MD,2,2,0,4,21,0,CHILTON,22,8,August,2010,1,Sunday,2,2,1,11,1,218,39.38566111,-77.29637222,12,2,0,0,0,1,1
240264,24,MARYLAND,MD,1,1,0,4,21,0,CHILTON,22,8,August,2010,1,Sunday,2,17,1,11,1,17,39.50768333,-77.59025556,1,2,0,0,0,1,1
240265,24,MARYLAND,MD,1,1,0,1,3,0,BALDWIN,27,8,August,2010,6,Friday,20,6,0,14,3,56,39.11471111,-76.50179444,30,3,0,0,0,1,1
240266,24,MARYLAND,MD,1,1,0,8,510,50,BALTIMORE,30,5,May,2010,1,Sunday,18,20,0,13,3,0,39.36915833,-76.57283889,43,1,0,0,0,1,1
240267,24,MARYLAND,MD,2,2,0,6,31,0,COFFEE,27,6,June,2010,1,Sunday,17,49,0,6,4,59,39.07820833,-77.33860000,12,1,0,0,0,1,0
240268,24,MARYLAND,MD,2,2,0,4,29,0,BORDEN SPRINGS,19,7,July,2010,2,Monday,20,32,0,4,3,108,39.35513889,-75.83544722,12,5,0,0,0,1,0
240269,24,MARYLAND,MD,1,1,0,2,33,175,CHEROKEE,7,8,August,2010,7,Saturday,3,17,0,6,4,18,38.71853333,-76.77040000,42,2,0,0,0,2,1
240270,24,MARYLAND,MD,2,2,1,2,33,830,CHEROKEE,22,8,August,2010,1,Sunday,20,49,0,13,3,13,38.98410000,-76.97268333,8,3,0,0,0,1,0
240271,24,MARYLAND,MD,1,1,0,1,15,0,ANNISTON,28,8,August,2010,7,Saturday,2,14,0,6,4,19,39.69939444,-76.14362222,53,2,0,0,0,1,1
240272,24,MARYLAND,MD,1,1,0,1,21,1080,CHILTON,29,8,August,2010,1,Sunday,1,45,0,5,4,19,39.55755556,-77.58042222,31,2,0,0,0,1,1
240273,24,MARYLAND,MD,1,1,0,2,47,0,BROWNS,28,8,August,2010,7,Saturday,17,10,0,4,4,23,38.15116111,-75.46174167,42,1,0,0,0,1,1
240274,24,MARYLAND,MD,1,1,0,1,33,885,CHEROKEE,26,8,August,2010,5,Thursday,8,2,0,14,3,51,38.94716111,-76.84370000,33,1,0,0,0,1,0
240275,24,MARYLAND,MD,2,2,0,3,33,240,CHEROKEE,6,8,August,2010,6,Friday,8,6,0,16,4,19,38.87416111,-76.88090833,12,3,0,0,0,1,0
240276,24,MARYLAND,MD,2,2,0,4,9,0,BLOUNT,22,7,July,2010,5,Thursday,16,35,0,5,4,19,38.70085000,-76.61800833,12,1,0,0,0,1,1
240277,24,MARYLAND,MD,1,1,3,1,3,0,BALDWIN,8,8,August,2010,1,Sunday,10,16,0,16,4,4,39.10348056,-76.80677222,30,1,0,0,0,1,0
240278,24,MARYLAND,MD,2,2,0,3,1,0,AUTAUGA,12,8,August,2010,5,Thursday,18,39,1,11,1,221,39.71408611,-78.60900278,24,1,0,0,0,1,0
240279,24,MARYLAND,MD,3,1,3,1,21,540,CHILTON,8,8,August,2010,1,Sunday,11,20,0,4,2,10,39.70577500,-77.32625000,14,1,0,0,0,3,0
240280,24,MARYLAND,MD,2,2,0,3,33,1400,CHEROKEE,26,1,January,2010,3,Tuesday,16,46,0,13,3,8,38.88688333,-76.90168889,12,5,0,0,0,1,0
240281,24,MARYLAND,MD,2,2,0,2,33,565,CHEROKEE,10,4,April,2010,7,Saturday,2,58,1,12,3,68,38.71398611,-76.99013889,12,2,0,0,0,1,1
240282,24,MARYLAND,MD,2,2,0,3,5,0,BAKER HILL,8,9,September,2010,4,Wednesday,18,12,0,3,3,87,39.51039722,-76.56221944,12,1,0,0,0,1,1
240283,24,MARYLAND,MD,2,2,0,5,39,0,ANDALUSIA,30,9,September,2010,5,Thursday,19,19,1,2,2,88,38.13254722,-75.69873056,12,3,0,0,0,1,1
240284,24,MARYLAND,MD,2,2,0,2,33,0,CHEROKEE,30,9,September,2010,5,Thursday,14,49,1,13,2,96,38.77617778,-76.80004444,12,1,0,0,0,1,0
240285,24,MARYLAND,MD,2,2,0,2,31,0,COFFEE,18,10,October,2010,2,Monday,4,37,1,11,1,56,39.01358056,-77.13144722,12,2,0,0,0,1,2
240286,24,MARYLAND,MD,3,1,0,1,13,0,BOLLING,6,10,October,2010,4,Wednesday,20,36,1,13,3,75,39.56024444,-76.96669444,33,3,0,0,0,1,1
240287,24,MARYLAND,MD,3,3,0,3,21,0,CHILTON,11,10,October,2010,2,Monday,16,6,0,4,2,26,39.51672222,-77.56970000,12,1,0,0,0,1,1
240288,24,MARYLAND,MD,4,4,0,4,39,0,ANDALUSIA,27,4,April,2010,3,Tuesday,11,39,1,2,2,134,38.20373889,-75.69853611,12,1,0,0,0,1,0
240289,24,MARYLAND,MD,1,1,1,1,33,1022,CHEROKEE,4,5,May,2010,3,Tuesday,20,33,0,14,3,175,38.89758056,-76.79031389,8,3,0,0,0,1,0
240290,24,MARYLAND,MD,2,2,0,4,33,882,CHEROKEE,9,5,May,2010,1,Sunday,3,30,0,13,3,27,39.00117778,-76.98210278,12,3,0,0,0,3,1
240291,24,MARYLAND,MD,1,1,1,1,33,0,CHEROKEE,5,6,June,2010,7,Saturday,15,53,0,15,4,52,38.79552778,-76.91547500,8,1,0,0,0,1,0
240292,24,MARYLAND,MD,1,1,0,2,33,0,CHEROKEE,6,6,June,2010,1,Sunday,0,31,0,14,4,9,38.99417222,-76.95980278,1,3,0,0,0,1,1
240293,24,MARYLAND,MD,1,1,0,2,21,580,CHILTON,5,9,September,2010,1,Sunday,2,21,0,15,4,12,39.43824722,-77.43799167,30,2,0,0,0,1,1
240294,24,MARYLAND,MD,4,4,0,7,33,0,CHEROKEE,2,11,November,2010,3,Tuesday,20,10,1,12,3,31,38.70225833,-76.87640278,12,3,0,0,0,1,0
240295,24,MARYLAND,MD,1,1,0,1,33,0,CHEROKEE,3,11,November,2010,4,Wednesday,4,37,0,13,3,94,38.90071944,-76.73400833,42,2,0,0,0,1,0
240296,24,MARYLAND,MD,1,1,1,1,33,983,CHEROKEE,4,11,November,2010,5,Thursday,1,56,1,12,3,127,38.82937778,-76.93107500,8,2,0,0,0,1,0
240297,24,MARYLAND,MD,1,1,0,2,5,0,BAKER HILL,5,12,December,2010,1,Sunday,18,37,0,5,4,14,39.47155000,-76.77920000,42,2,0,0,0,1,0
240298,24,MARYLAND,MD,3,3,0,3,5,0,BAKER HILL,7,12,December,2010,3,Tuesday,14,36,0,13,3,46,39.31998889,-76.45514444,12,1,0,0,0,1,0
240299,24,MARYLAND,MD,4,4,0,4,33,0,CHEROKEE,2,11,November,2010,3,Tuesday,15,31,1,2,2,29,38.69917500,-76.86901944,12,1,0,0,0,1,0
240300,24,MARYLAND,MD,1,1,1,3,37,0,BRADFORD,22,10,October,2010,6,Friday,22,28,0,3,3,8,38.39939167,-76.83108333,8,2,0,0,0,1,0
240301,24,MARYLAND,MD,2,2,0,5,510,50,BALTIMORE,20,10,October,2010,4,Wednesday,9,56,1,13,2,0,39.29368889,-76.64149444,12,1,0,0,0,1,1
240302,24,MARYLAND,MD,1,1,1,1,510,50,BALTIMORE,19,8,August,2010,5,Thursday,16,20,0,14,6,0,39.31326667,-76.68343333,9,1,0,0,0,1,0
240303,24,MARYLAND,MD,2,2,0,4,33,0,CHEROKEE,20,7,July,2010,3,Tuesday,10,3,0,14,4,32,38.89637778,-76.85159722,12,1,0,0,0,1,0
240304,24,MARYLAND,MD,1,1,1,1,33,450,CHEROKEE,11,8,August,2010,4,Wednesday,21,44,0,14,4,14,38.86236667,-76.91268611,8,1,0,0,0,1,0
240305,24,MARYLAND,MD,4,4,0,10,47,0,BROWNS,1,11,November,2010,2,Monday,16,50,1,2,2,209,38.24566389,-75.29565833,12,1,0,0,0,4,0
240306,24,MARYLAND,MD,1,1,0,3,21,0,CHILTON,18,7,July,2010,1,Sunday,2,3,0,16,6,2,39.41081667,-77.41338056,19,3,0,0,0,1,1
240307,24,MARYLAND,MD,1,1,0,1,510,50,BALTIMORE,6,8,August,2010,6,Friday,20,30,0,13,6,0,39.36210833,-76.63412222,1,5,0,0,0,1,0
240308,24,MARYLAND,MD,2,2,0,2,1,0,AUTAUGA,9,8,August,2010,2,Monday,15,28,1,2,2,128,39.58047222,-78.84724722,12,1,0,0,0,1,0
240309,24,MARYLAND,MD,1,1,0,1,33,570,CHEROKEE,17,8,August,2010,3,Tuesday,23,35,0,14,3,139,38.81249167,-76.99845278,41,2,0,0,0,1,0
240310,24,MARYLAND,MD,1,1,0,2,5,0,BAKER HILL,3,9,September,2010,6,Friday,16,28,0,13,8,0,39.27152500,-76.50265278,33,1,0,0,0,1,0
240311,24,MARYLAND,MD,1,1,0,2,33,370,CHEROKEE,8,8,August,2010,1,Sunday,3,53,0,13,3,41,39.00160556,-76.93075556,25,2,0,0,0,1,1
240312,24,MARYLAND,MD,1,1,0,1,1,0,AUTAUGA,17,9,September,2010,6,Friday,20,54,0,3,3,84,39.56818333,-78.70700000,32,2,0,0,0,1,0
240313,24,MARYLAND,MD,2,2,0,5,33,450,CHEROKEE,16,9,September,2010,5,Thursday,0,4,0,14,4,16,38.86006111,-76.90944722,12,3,0,0,0,3,0
240314,24,MARYLAND,MD,1,1,1,1,33,0,CHEROKEE,19,9,September,2010,1,Sunday,5,30,0,13,3,70,38.89049722,-76.82421667,9,2,0,0,0,1,0
240315,24,MARYLAND,MD,1,1,0,1,19,0,CEDAR BLUFF,21,9,September,2010,3,Tuesday,13,52,0,4,3,84,38.57575000,-75.82901111,31,1,0,0,0,1,0
240316,24,MARYLAND,MD,2,2,0,4,25,0,BARLOW BEND,18,9,September,2010,7,Saturday,18,7,1,11,1,165,39.56341944,-76.12203611,12,1,0,0,0,1,1
240317,24,MARYLAND,MD,2,2,0,2,17,0,CHAMBERS,25,9,September,2010,7,Saturday,20,57,1,2,3,132,38.65097222,-76.87304444,12,3,0,0,0,1,1
240318,24,MARYLAND,MD,1,1,0,1,5,0,BAKER HILL,24,9,September,2010,6,Friday,21,19,0,16,8,0,39.35959444,-76.77568056,30,1,0,0,0,1,1
240319,24,MARYLAND,MD,2,2,1,2,9,0,BLOUNT,27,9,September,2010,2,Monday,19,44,1,2,3,197,38.55299722,-76.59444722,8,3,0,0,0,1,0
240320,24,MARYLAND,MD,2,2,1,2,13,0,BOLLING,30,9,September,2010,5,Thursday,21,28,1,13,3,82,39.56791111,-76.97923889,8,2,0,0,0,1,0
240321,24,MARYLAND,MD,1,1,0,1,9,0,BLOUNT,1,10,October,2010,6,Friday,15,16,0,15,3,26,38.37831944,-76.39215556,42,1,0,0,0,1,0
240322,24,MARYLAND,MD,1,1,0,1,37,0,BRADFORD,3,10,October,2010,1,Sunday,0,31,0,5,3,33,38.46732500,-76.73593056,42,2,0,0,0,1,1
240323,24,MARYLAND,MD,1,1,0,3,1,0,AUTAUGA,12,9,September,2010,1,Sunday,17,54,1,11,1,221,39.71002500,-78.60357222,24,1,0,0,0,1,0
240324,24,MARYLAND,MD,1,1,0,1,35,0,BROOKLYN,13,9,September,2010,2,Monday,0,25,0,6,4,22,38.93173889,-76.13113333,42,2,0,0,0,1,1
240325,24,MARYLAND,MD,1,1,0,1,11,0,BULLOCK,5,9,September,2010,1,Sunday,8,25,0,6,4,22,38.71759444,-75.83295833,1,2,0,0,0,1,0
240326,24,MARYLAND,MD,2,2,0,2,15,0,ANNISTON,4,9,September,2010,7,Saturday,7,2,0,4,2,91,39.61230000,-75.93226389,12,1,0,0,0,1,0
240327,24,MARYLAND,MD,2,2,0,2,5,0,BAKER HILL,27,9,September,2010,2,Monday,11,45,0,4,4,55,39.44010278,-76.71298056,53,1,0,0,0,1,0
240328,24,MARYLAND,MD,1,1,1,2,510,50,BALTIMORE,25,7,July,2010,1,Sunday,22,47,0,13,6,0,39.29893889,-76.60380278,8,3,0,0,0,1,0
240329,24,MARYLAND,MD,1,1,1,1,33,240,CHEROKEE,14,9,September,2010,3,Tuesday,6,21,0,16,4,0,38.89008889,-76.86285000,8,3,0,0,0,1,0
240330,24,MARYLAND,MD,1,1,1,3,3,0,BALDWIN,1,10,October,2010,6,Friday,22,53,0,13,3,59,39.16859167,-76.53157778,8,2,0,0,0,1,1
240331,24,MARYLAND,MD,2,2,0,2,31,0,COFFEE,6,9,September,2010,2,Monday,13,25,0,13,3,40,39.10912500,-76.92309444,12,1,0,0,0,1,0
240332,24,MARYLAND,MD,1,1,1,1,31,0,COFFEE,25,9,September,2010,7,Saturday,20,12,0,14,4,4,38.99871667,-76.99122222,8,3,0,0,0,1,0
240333,24,MARYLAND,MD,1,1,1,2,31,0,COFFEE,7,10,October,2010,5,Thursday,19,43,0,13,3,84,39.07309444,-77.13405556,8,2,0,0,0,1,0
240334,24,MARYLAND,MD,1,1,1,1,11,0,BULLOCK,8,10,October,2010,6,Friday,5,53,0,3,3,47,38.71498333,-75.78819722,8,2,0,0,0,1,0
240335,24,MARYLAND,MD,2,2,0,2,27,0,ASHLAND,8,10,October,2010,6,Friday,23,14,1,11,1,38,39.34510833,-77.07865000,12,2,0,0,0,1,1
240336,24,MARYLAND,MD,1,1,0,1,33,900,CHEROKEE,9,10,October,2010,7,Saturday,3,22,0,15,4,8,39.10658611,-76.89388889,40,3,0,0,0,1,1
240337,24,MARYLAND,MD,2,2,0,2,5,0,BAKER HILL,11,10,October,2010,2,Monday,21,5,0,14,3,7,39.34099444,-76.50521667,12,3,0,0,0,1,0
240338,24,MARYLAND,MD,1,1,1,1,5,0,BAKER HILL,27,9,September,2010,2,Monday,20,20,0,13,4,37,39.32045556,-76.75821389,8,3,0,0,0,1,0
240339,24,MARYLAND,MD,1,1,2,2,31,0,COFFEE,10,10,October,2010,1,Sunday,3,0,0,13,3,61,39.04711944,-77.11276944,8,3,0,0,0,2,1
240340,24,MARYLAND,MD,1,1,1,1,3,0,BALDWIN,13,10,October,2010,4,Wednesday,6,26,0,14,3,0,39.19098889,-76.55419444,8,3,0,0,0,1,0
240341,24,MARYLAND,MD,1,1,0,1,33,370,CHEROKEE,10,10,October,2010,1,Sunday,10,49,0,13,2,57,39.00719722,-76.92966111,33,1,0,0,0,1,0
240342,24,MARYLAND,MD,1,1,1,1,23,0,BLADON SPRINGS,7,9,September,2010,3,Tuesday,5,55,0,5,4,2,39.67185000,-79.11211944,8,2,0,0,0,1,0
240343,24,MARYLAND,MD,1,1,0,1,23,0,BLADON SPRINGS,5,9,September,2010,1,Sunday,1,5,0,4,3,1,39.38622500,-79.34313333,35,2,0,0,0,1,1
240344,24,MARYLAND,MD,2,2,0,5,3,0,BALDWIN,15,9,September,2010,4,Wednesday,20,33,1,12,3,103,39.18403611,-76.71847222,12,2,0,0,0,1,0
240345,24,MARYLAND,MD,2,2,0,2,33,900,CHEROKEE,17,9,September,2010,6,Friday,13,59,0,13,3,41,39.09569722,-76.83840000,12,1,0,0,0,1,0
240346,24,MARYLAND,MD,1,1,0,1,33,1520,CHEROKEE,9,9,September,2010,5,Thursday,6,40,0,16,4,2,38.85528333,-76.93970278,33,4,0,0,0,1,1
240347,24,MARYLAND,MD,1,1,0,2,11,0,BULLOCK,2,10,October,2010,7,Saturday,2,21,0,6,4,51,39.06935556,-75.75719167,35,2,0,0,0,1,1
240348,24,MARYLAND,MD,1,1,1,1,510,50,BALTIMORE,12,10,October,2010,3,Tuesday,11,39,0,15,6,0,39.31753333,-76.55571667,8,1,0,0,0,1,0
240349,24,MARYLAND,MD,1,1,0,2,5,0,BAKER HILL,17,10,October,2010,1,Sunday,2,18,0,14,3,12,39.31192222,-76.72259444,33,2,0,0,0,1,1
240350,24,MARYLAND,MD,2,2,1,3,31,0,COFFEE,11,10,October,2010,2,Monday,23,52,1,11,1,114,39.14636944,-77.21483333,8,2,0,0,0,1,0
240351,24,MARYLAND,MD,1,1,2,1,17,0,CHAMBERS,21,10,October,2010,5,Thursday,13,30,0,13,3,1,38.65253889,-76.99255278,8,1,0,0,0,2,0
240352,24,MARYLAND,MD,2,2,0,2,35,0,BROOKLYN,24,10,October,2010,1,Sunday,2,44,0,3,3,5,39.17891389,-76.00092778,12,2,0,0,0,1,2
240353,24,MARYLAND,MD,1,1,0,1,5,0,BAKER HILL,15,10,October,2010,6,Friday,22,4,0,13,3,11,39.41457778,-76.62999167,24,2,0,0,0,1,0
240354,24,MARYLAND,MD,1,1,1,1,33,240,CHEROKEE,10,10,October,2010,1,Sunday,21,35,0,13,3,24,38.88929722,-76.86891389,8,3,0,0,0,1,0
240355,24,MARYLAND,MD,1,1,0,1,11,0,BULLOCK,15,10,October,2010,6,Friday,18,1,0,5,3,49,38.95920833,-75.75313611,42,1,0,0,0,1,1
240356,24,MARYLAND,MD,1,1,0,5,510,50,BALTIMORE,24,10,October,2010,1,Sunday,0,54,0,14,6,0,39.31545278,-76.65906389,33,2,0,0,0,1,0
240357,24,MARYLAND,MD,2,2,0,3,510,50,BALTIMORE,17,10,October,2010,1,Sunday,2,2,0,13,3,0,39.36651944,-76.54930000,12,3,0,0,0,1,0
240358,24,MARYLAND,MD,2,1,3,1,3,0,BALDWIN,27,9,September,2010,2,Monday,13,0,1,12,2,147,39.02663889,-76.44330556,14,1,0,0,0,1,0
240359,24,MARYLAND,MD,1,1,1,0,5,0,BAKER HILL,1,9,September,2010,4,Wednesday,16,53,0,14,4,4,39.39997222,-76.57899722,8,1,0,0,0,1,0
240360,24,MARYLAND,MD,2,2,0,3,3,0,BALDWIN,11,9,September,2010,7,Saturday,23,40,0,14,4,28,39.16547222,-76.56131667,12,2,0,0,0,1,1
240361,24,MARYLAND,MD,1,1,0,4,3,0,BALDWIN,18,10,October,2010,2,Monday,17,41,0,5,4,0,38.95253333,-76.67650278,30,1,0,0,0,1,0
240362,24,MARYLAND,MD,1,1,0,1,510,50,BALTIMORE,25,7,July,2010,1,Sunday,22,0,0,14,6,0,39.27724722,-76.64476667,33,3,0,0,0,1,0
240363,24,MARYLAND,MD,1,1,0,2,510,50,BALTIMORE,4,8,August,2010,4,Wednesday,9,1,1,11,1,64,39.26442500,-76.59002778,20,1,0,0,0,1,0
240364,24,MARYLAND,MD,1,1,1,0,43,0,BAILEYTON,21,9,September,2010,3,Tuesday,21,45,0,6,4,2,39.71643056,-77.89911667,8,2,0,0,0,1,0
240365,24,MARYLAND,MD,2,2,0,4,25,0,BARLOW BEND,2,9,September,2010,5,Thursday,17,1,0,3,3,103,39.61878056,-76.25747778,1,1,0,0,0,1,0
240366,24,MARYLAND,MD,1,1,1,1,25,0,BARLOW BEND,17,9,September,2010,6,Friday,21,44,0,13,3,118,39.55805833,-76.37047222,8,3,0,0,0,1,0
240367,24,MARYLAND,MD,1,1,0,1,47,0,BROWNS,10,11,November,2010,4,Wednesday,1,36,0,15,4,0,38.37868056,-75.13271944,53,2,0,0,0,1,1
240368,24,MARYLAND,MD,2,2,0,2,31,0,COFFEE,14,11,November,2010,1,Sunday,1,45,0,14,4,2,38.99716667,-77.09122500,12,3,0,0,0,1,1
240369,24,MARYLAND,MD,1,1,0,1,5,0,BAKER HILL,14,11,November,2010,1,Sunday,20,26,0,4,4,42,39.64194722,-76.77963333,43,2,0,0,0,1,0
240370,24,MARYLAND,MD,1,1,0,3,47,0,BROWNS,26,11,November,2010,6,Friday,14,16,1,2,2,2120,38.02923056,-75.54207778,32,1,0,0,0,1,0
240371,24,MARYLAND,MD,3,3,0,3,33,0,CHEROKEE,6,11,November,2010,7,Saturday,5,54,1,11,1,17,38.98830278,-76.88318333,12,3,0,0,0,1,0
240372,24,MARYLAND,MD,1,1,1,2,3,0,BALDWIN,2,11,November,2010,3,Tuesday,22,2,1,11,1,20,39.21928889,-76.65899167,8,1,0,0,0,1,0
240373,24,MARYLAND,MD,1,1,0,1,21,0,CHILTON,7,11,November,2010,1,Sunday,14,19,0,3,2,42,39.44892778,-77.56010833,33,1,0,0,0,1,1
240374,24,MARYLAND,MD,1,1,0,1,41,0,BRANTLEY,6,11,November,2010,7,Saturday,4,4,0,3,3,216,38.78212222,-76.10495556,30,3,0,0,0,1,1
240375,24,MARYLAND,MD,1,1,0,1,13,0,BOLLING,14,11,November,2010,1,Sunday,6,36,0,5,4,24,39.64548611,-77.05638889,42,2,0,0,0,1,1
240376,24,MARYLAND,MD,2,2,0,2,5,0,BAKER HILL,16,11,November,2010,3,Tuesday,6,54,0,13,3,105,39.50649167,-76.64577500,12,1,0,0,0,1,0
240377,24,MARYLAND,MD,2,2,0,2,25,0,BARLOW BEND,24,11,November,2010,4,Wednesday,14,8,0,4,3,220,39.69708333,-76.45136944,12,1,0,0,0,1,1
240378,24,MARYLAND,MD,1,1,1,2,33,1175,CHEROKEE,27,5,May,2010,5,Thursday,21,40,0,13,3,9,38.80502778,-76.97650278,8,2,0,0,0,1,0
240379,24,MARYLAND,MD,4,4,0,4,37,0,BRADFORD,12,7,July,2010,2,Monday,15,56,0,3,3,255,38.28320000,-76.61599167,12,1,0,0,0,1,0
240380,24,MARYLAND,MD,2,2,0,4,3,0,BALDWIN,23,8,August,2010,2,Monday,15,15,0,3,3,72,39.01044722,-76.68135278,12,1,0,0,0,1,0
240381,24,MARYLAND,MD,2,1,0,1,17,0,CHAMBERS,29,8,August,2010,1,Sunday,15,28,0,6,4,0,38.54088056,-77.08273889,14,1,0,0,0,1,0
240382,24,MARYLAND,MD,2,2,0,4,1,0,AUTAUGA,3,10,October,2010,1,Sunday,15,54,1,2,2,127,39.57898333,-78.84739722,12,1,0,0,0,1,0
240383,24,MARYLAND,MD,3,3,0,7,9,0,BLOUNT,8,10,October,2010,6,Friday,11,30,1,2,3,275,38.66071667,-76.60698056,12,1,0,0,0,1,0
240384,24,MARYLAND,MD,3,3,0,6,5,0,BAKER HILL,28,10,October,2010,5,Thursday,15,17,0,14,3,14,39.41809444,-76.78013333,12,1,0,0,0,1,0
240385,24,MARYLAND,MD,1,1,0,3,31,0,COFFEE,29,10,October,2010,6,Friday,22,4,0,6,4,0,39.16537222,-77.02973889,42,2,0,0,0,1,1
240386,24,MARYLAND,MD,2,2,0,2,17,0,CHAMBERS,26,11,November,2010,6,Friday,20,2,1,2,2,238,38.63267778,-76.90407222,12,3,0,0,0,1,0
240387,24,MARYLAND,MD,2,1,0,1,33,1022,CHEROKEE,30,11,November,2010,3,Tuesday,6,19,0,16,4,8,38.91230833,-76.82344444,53,3,0,0,0,1,0
240389,24,MARYLAND,MD,1,1,0,3,33,569,CHEROKEE,29,11,November,2010,2,Monday,2,3,1,12,3,116,38.84973611,-76.90326667,35,2,0,0,0,1,1
240390,24,MARYLAND,MD,1,1,1,1,5,0,BAKER HILL,1,11,November,2010,2,Monday,20,38,0,13,3,49,39.43785833,-76.62504722,8,3,0,0,0,1,0
240391,24,MARYLAND,MD,1,1,0,1,5,0,BAKER HILL,21,11,November,2010,1,Sunday,16,26,0,15,4,12,39.26115833,-76.51275833,33,5,0,0,0,1,1
240392,24,MARYLAND,MD,1,1,1,1,13,0,BOLLING,23,11,November,2010,3,Tuesday,1,53,1,2,3,20,39.49794722,-76.89347222,8,2,0,0,0,1,0