ST_CASE,STATE,State Name,State Abbreviation,# of Vehicle involved,VE_FORMS,Pedestrains,Total_Persons_in_accident,COUNTY,CITY,City_County_Name,Calendar_DAY,MONTH,Month_name,YEAR,DAY_WEEK,Day_Week_desc,HOUR,MINUTE,NHS_Desc,trafficway,Route,MILEPT,LATITUDE,LONGITUD,First_Crash_event,Light_cond_desc,Weather_condition,School_bus_involved,Crash_cause,FATALS,DRUNK_DR
240393,24,MARYLAND,MD,2,1,0,2,43,0,BAILEYTON,27,11,November,2010,7,Saturday,23,31,1,11,1,277,39.60645000,-77.77333333,14,2,0,0,0,1,0
240394,24,MARYLAND,MD,1,1,0,2,31,0,COFFEE,27,11,November,2010,7,Saturday,2,11,0,16,4,7,39.12376944,-76.92871667,42,2,0,0,0,1,1
240395,24,MARYLAND,MD,2,2,0,3,15,0,ANNISTON,29,11,November,2010,2,Monday,17,52,0,3,3,123,39.70359722,-75.87296667,12,2,0,0,0,1,1
240396,24,MARYLAND,MD,2,2,0,3,33,710,CHEROKEE,23,10,October,2010,7,Saturday,4,39,0,13,3,75,38.99300556,-76.86876389,12,3,0,0,0,1,1
240397,24,MARYLAND,MD,2,2,0,6,3,1018,BALDWIN,22,10,October,2010,6,Friday,12,42,0,14,4,0,39.09689444,-76.62440278,12,1,0,0,0,1,0
240398,24,MARYLAND,MD,1,1,0,1,1,0,AUTAUGA,16,12,December,2010,5,Thursday,6,15,1,13,3,29,39.59788333,-78.83523056,42,2,0,0,0,1,0
240399,24,MARYLAND,MD,1,1,0,1,45,980,ARITON,4,10,October,2010,2,Monday,19,20,0,6,4,0,38.45850000,-75.73856111,42,2,0,0,0,1,0
240400,24,MARYLAND,MD,1,1,0,2,23,0,BLADON SPRINGS,6,10,October,2010,4,Wednesday,22,58,0,5,4,11,39.43088889,-79.33347778,42,2,0,0,0,1,1
240401,24,MARYLAND,MD,1,1,0,3,23,0,BLADON SPRINGS,10,10,October,2010,1,Sunday,4,55,0,4,4,11,39.47122222,-79.33986667,42,2,0,0,0,1,1
240402,24,MARYLAND,MD,1,1,0,4,39,0,ANDALUSIA,6,11,November,2010,7,Saturday,1,59,1,2,2,169,38.23777500,-75.68318333,42,2,0,0,0,1,1
240403,24,MARYLAND,MD,1,1,1,1,31,0,COFFEE,7,11,November,2010,1,Sunday,8,32,0,14,4,14,39.09191667,-77.07041111,8,1,0,0,0,1,0
240404,24,MARYLAND,MD,2,2,0,3,31,0,COFFEE,20,11,November,2010,7,Saturday,15,29,0,14,4,11,39.04838611,-76.95223333,12,1,0,0,0,1,0
240405,24,MARYLAND,MD,2,2,0,3,43,0,BAILEYTON,24,11,November,2010,4,Wednesday,7,21,1,11,1,266,39.60651389,-77.77221667,12,1,0,0,0,1,0
240406,24,MARYLAND,MD,1,1,1,1,33,830,CHEROKEE,18,12,December,2010,7,Saturday,2,21,0,16,6,0,38.95266667,-76.95500000,8,2,0,0,0,1,0
240407,24,MARYLAND,MD,2,2,0,2,11,0,BULLOCK,19,12,December,2010,1,Sunday,13,51,0,3,3,33,38.69608611,-75.78925833,12,1,0,0,0,1,0
240408,24,MARYLAND,MD,1,1,2,1,33,240,CHEROKEE,8,12,December,2010,4,Wednesday,17,39,0,15,4,29,38.86296944,-76.90159444,8,2,0,0,0,1,0
240409,24,MARYLAND,MD,1,1,0,3,33,900,CHEROKEE,16,12,December,2010,5,Thursday,1,47,0,13,3,122,39.06488889,-76.83941944,24,3,0,0,0,1,1
240410,24,MARYLAND,MD,1,1,0,2,33,170,CHEROKEE,18,12,December,2010,7,Saturday,2,10,0,14,4,32,38.98660000,-76.73139167,33,3,0,0,0,1,0
240411,24,MARYLAND,MD,4,4,0,5,27,0,ASHLAND,10,11,November,2010,4,Wednesday,7,58,0,14,3,51,39.21065833,-76.82913056,12,1,0,0,0,2,0
240412,24,MARYLAND,MD,4,3,0,3,31,0,COFFEE,21,11,November,2010,1,Sunday,15,31,0,15,4,16,39.16441667,-77.27314444,1,1,0,0,0,1,0
240413,24,MARYLAND,MD,1,1,1,2,35,0,BROOKLYN,21,12,December,2010,3,Tuesday,18,16,1,2,2,47,38.97590000,-76.28983611,8,3,0,0,0,1,0
240414,24,MARYLAND,MD,1,1,1,1,5,0,BAKER HILL,31,12,December,2010,6,Friday,5,58,0,12,3,6,39.38113333,-76.51222222,8,3,0,0,0,1,0
240415,24,MARYLAND,MD,1,1,0,1,27,0,ASHLAND,22,12,December,2010,4,Wednesday,20,1,1,11,1,55,39.16577222,-76.81112778,42,1,0,0,0,1,0
240416,24,MARYLAND,MD,3,3,1,4,35,0,BROOKLYN,2,12,December,2010,5,Thursday,15,10,0,4,3,219,39.20080000,-76.04410278,9,1,0,0,0,1,0
240417,24,MARYLAND,MD,1,1,0,1,5,0,BAKER HILL,24,12,December,2010,6,Friday,0,7,1,11,1,289,39.35029444,-76.49441111,25,3,0,0,0,1,1
240418,24,MARYLAND,MD,1,1,0,2,15,0,ANNISTON,12,8,August,2010,5,Thursday,3,29,0,4,4,49,39.63442222,-76.05560278,30,2,0,0,0,1,0
240419,24,MARYLAND,MD,2,2,0,2,510,50,BALTIMORE,25,7,July,2010,1,Sunday,15,19,0,14,6,0,39.28424167,-76.64669722,12,1,0,0,0,1,0
240420,24,MARYLAND,MD,1,1,0,2,25,0,BARLOW BEND,26,9,September,2010,1,Sunday,2,4,0,15,4,16,39.58240833,-76.37832778,33,3,0,0,0,1,1
240421,24,MARYLAND,MD,1,1,2,2,47,110,BROWNS,20,10,October,2010,4,Wednesday,8,51,0,4,3,0,38.32465556,-75.21857222,19,1,0,0,0,1,0
240422,24,MARYLAND,MD,2,2,0,2,27,0,ASHLAND,9,10,October,2010,7,Saturday,2,52,1,12,2,22,39.16296111,-76.88655000,12,3,0,0,0,1,1
240423,24,MARYLAND,MD,1,1,0,1,27,0,ASHLAND,19,10,October,2010,3,Tuesday,21,49,0,6,4,5,39.28885833,-77.01428889,42,2,0,0,0,1,1
240424,24,MARYLAND,MD,2,2,0,3,31,0,COFFEE,18,10,October,2010,2,Monday,0,13,0,13,3,24,39.06514722,-77.09814444,12,3,0,0,0,1,0
240425,24,MARYLAND,MD,1,1,1,1,510,50,BALTIMORE,12,11,November,2010,6,Friday,16,0,0,13,2,0,39.32043056,-76.57505000,8,1,0,0,0,1,0
240426,24,MARYLAND,MD,1,1,0,1,27,0,ASHLAND,15,10,October,2010,6,Friday,16,28,0,6,4,0,39.35027778,-76.98332500,42,1,0,0,0,1,1
240427,24,MARYLAND,MD,2,2,0,4,37,0,BRADFORD,3,12,December,2010,6,Friday,12,24,0,4,3,400,38.44632778,-76.74211944,12,1,0,0,0,1,0
240428,24,MARYLAND,MD,1,1,1,1,43,0,BAILEYTON,2,12,December,2010,5,Thursday,18,39,0,5,3,23,39.69833611,-78.20933611,8,2,0,0,0,1,0
240429,24,MARYLAND,MD,3,3,0,4,5,0,BAKER HILL,22,11,November,2010,2,Monday,17,19,0,15,4,10,39.26046944,-76.49110833,12,3,0,0,0,1,0
240430,24,MARYLAND,MD,2,2,0,2,21,0,CHILTON,6,12,December,2010,2,Monday,21,34,0,5,3,123,39.33851389,-77.23019722,12,2,0,0,0,1,1
240431,24,MARYLAND,MD,2,2,0,4,37,0,BRADFORD,4,12,December,2010,7,Saturday,15,40,1,2,3,224,38.36639167,-76.59062778,12,1,0,0,0,1,0
240432,24,MARYLAND,MD,2,2,0,2,21,0,CHILTON,8,12,December,2010,4,Wednesday,2,41,1,11,1,154,39.40071944,-77.40606389,12,3,0,0,0,1,1
240433,24,MARYLAND,MD,1,1,0,1,45,0,ARITON,9,12,December,2010,5,Thursday,18,52,0,6,4,8,38.37170833,-75.67580278,42,2,0,0,0,1,1
240434,24,MARYLAND,MD,1,1,0,1,3,0,BALDWIN,12,12,December,2010,1,Sunday,21,20,0,3,3,0,38.90604444,-76.53096667,43,3,0,0,0,1,1
240435,24,MARYLAND,MD,1,1,0,2,21,0,CHILTON,14,12,December,2010,3,Tuesday,19,21,0,16,4,5,39.32912778,-77.23287778,42,2,0,0,0,1,1
240436,24,MARYLAND,MD,1,1,1,2,5,0,BAKER HILL,11,12,December,2010,7,Saturday,18,24,0,14,4,1,39.37521389,-76.70339444,8,3,0,0,0,1,0
240437,24,MARYLAND,MD,1,1,0,1,17,0,CHAMBERS,14,12,December,2010,3,Tuesday,7,48,1,2,3,87,38.59220278,-76.86853889,42,1,0,0,0,1,0
240438,24,MARYLAND,MD,4,4,0,5,3,0,BALDWIN,9,12,December,2010,5,Thursday,7,47,0,14,3,12,39.19971944,-76.59556389,12,4,0,0,0,1,0
240439,24,MARYLAND,MD,2,2,0,2,11,0,BULLOCK,18,12,December,2010,7,Saturday,22,6,1,2,3,30,38.91524444,-75.89441389,12,2,0,0,0,1,1
240440,24,MARYLAND,MD,2,1,0,1,27,0,ASHLAND,10,12,December,2010,6,Friday,22,41,0,14,3,48,39.23005833,-76.79149444,30,3,0,0,0,1,1
240441,24,MARYLAND,MD,1,1,0,4,43,0,BAILEYTON,22,12,December,2010,4,Wednesday,15,53,0,6,4,0,39.47029167,-77.70604167,42,1,0,0,0,1,0
240442,24,MARYLAND,MD,1,1,0,1,3,0,BALDWIN,24,12,December,2010,6,Friday,2,5,0,16,4,0,39.13621944,-76.53318611,42,3,0,0,0,1,1
240443,24,MARYLAND,MD,1,1,0,1,35,0,BROOKLYN,3,12,December,2010,6,Friday,8,5,0,6,3,38,38.99480556,-76.07504444,24,1,0,0,0,1,1
240444,24,MARYLAND,MD,1,1,0,2,27,0,ASHLAND,31,12,December,2010,6,Friday,15,31,1,11,1,160,39.29611389,-76.85597500,1,1,0,0,0,1,1
240445,24,MARYLAND,MD,2,2,0,5,17,0,CHAMBERS,29,12,December,2010,4,Wednesday,16,21,1,2,3,29,38.54625278,-76.79713611,12,1,0,0,0,1,0
240446,24,MARYLAND,MD,1,1,0,1,41,0,BRANTLEY,31,12,December,2010,6,Friday,22,6,0,6,3,26,38.69204167,-76.06259722,42,2,0,0,0,1,1
240447,24,MARYLAND,MD,2,1,3,1,31,1360,COFFEE,29,12,December,2010,4,Wednesday,17,40,0,16,6,4,39.09424722,-77.15275556,14,1,0,0,0,1,0
240448,24,MARYLAND,MD,1,1,0,1,27,0,ASHLAND,23,12,December,2010,5,Thursday,19,50,0,4,3,104,39.30408611,-76.95804722,34,2,0,0,0,1,1
240449,24,MARYLAND,MD,1,1,0,2,5,0,BAKER HILL,8,12,December,2010,4,Wednesday,15,7,0,15,4,21,39.45236667,-76.60613056,5,1,0,1,0,1,0
240450,24,MARYLAND,MD,1,1,0,3,31,0,COFFEE,12,12,December,2010,1,Sunday,10,1,0,13,3,147,39.16626944,-77.01541667,42,1,0,0,0,1,0
240451,24,MARYLAND,MD,1,1,0,1,3,0,BALDWIN,14,12,December,2010,3,Tuesday,15,46,1,13,3,0,39.14796667,-76.60959722,33,1,0,0,0,1,0
240452,24,MARYLAND,MD,2,2,1,5,33,240,CHEROKEE,21,12,December,2010,3,Tuesday,18,37,0,14,4,0,38.86631944,-76.91674167,8,3,0,0,0,1,0
240453,24,MARYLAND,MD,1,1,0,1,33,0,CHEROKEE,28,9,September,2010,3,Tuesday,17,49,0,16,4,8,38.76941667,-76.93696667,42,1,0,0,0,1,0
240454,24,MARYLAND,MD,1,1,0,1,33,0,CHEROKEE,17,3,March,2010,4,Wednesday,3,45,1,12,3,69,99.99990000,999.99990000,99,2,0,0,0,1,1
240455,24,MARYLAND,MD,1,1,0,3,33,0,CHEROKEE,4,4,April,2010,1,Sunday,2,54,1,12,3,69,39.00437778,-76.86352778,99,2,0,0,0,2,1
240456,24,MARYLAND,MD,1,1,0,2,33,0,CHEROKEE,27,9,September,2010,2,Monday,4,2,1,12,3,65,38.99457222,-76.88185278,99,2,0,0,0,1,1
240457,24,MARYLAND,MD,1,1,0,1,43,0,BAILEYTON,2,10,October,2010,7,Saturday,2,35,0,4,2,95,39.51541389,-77.65736389,42,3,0,0,0,1,0
240458,24,MARYLAND,MD,1,1,0,1,5,0,BAKER HILL,28,10,October,2010,5,Thursday,10,13,0,4,3,90,39.49033056,-76.70868889,31,1,0,0,0,1,1
240459,24,MARYLAND,MD,2,2,1,2,33,0,CHEROKEE,19,11,November,2010,6,Friday,0,55,1,12,3,115,39.05481667,-76.84018056,12,2,0,0,0,1,0
240460,24,MARYLAND,MD,2,2,0,2,25,0,BARLOW BEND,11,9,September,2010,7,Saturday,1,29,0,15,4,20,39.42417778,-76.31620556,12,3,0,0,0,1,1
240461,24,MARYLAND,MD,1,1,0,1,15,1200,ANNISTON,20,11,November,2010,7,Saturday,5,42,0,13,2,9,39.57274722,-76.06487222,24,3,0,0,0,1,0
240462,24,MARYLAND,MD,1,1,0,1,41,0,BRANTLEY,5,12,December,2010,1,Sunday,5,21,0,5,4,14,38.84198056,-76.12946111,32,2,0,0,0,1,0
240463,24,MARYLAND,MD,2,2,0,3,510,50,BALTIMORE,3,10,October,2010,1,Sunday,22,25,0,13,6,0,39.23906667,-76.61105556,12,3,0,0,0,1,1
240464,24,MARYLAND,MD,1,1,0,2,33,0,CHEROKEE,4,12,December,2010,7,Saturday,23,44,0,14,3,16,38.85088889,-76.92913333,1,2,0,0,0,1,1
240465,24,MARYLAND,MD,3,3,0,4,510,50,BALTIMORE,11,9,September,2010,7,Saturday,19,0,0,13,3,0,39.30346944,-76.55429444,12,1,0,0,0,1,1
240466,24,MARYLAND,MD,1,1,1,1,33,0,CHEROKEE,24,12,December,2010,6,Friday,22,46,1,12,8,5,38.85233889,-76.95175000,8,2,0,0,0,1,0
240467,24,MARYLAND,MD,3,3,0,4,33,9898,CHEROKEE,26,12,December,2010,1,Sunday,1,5,1,12,3,115,39.05271944,-76.84189722,12,2,0,0,0,2,0
250001,25,MASSACHUSETTS,MA,1,1,0,1,13,1477,BOLLING,2,1,January,2010,7,Saturday,15,15,0,4,8,99998,42.11318611,-72.40041667,17,1,0,0,0,1,0
250002,25,MASSACHUSETTS,MA,1,1,1,1,1,121,AUTAUGA,1,1,January,2010,6,Friday,3,0,0,16,8,99998,41.76558889,-70.62227222,8,2,0,0,0,1,0
250003,25,MASSACHUSETTS,MA,4,4,0,4,9,35,BLOUNT,4,1,January,2010,2,Monday,6,43,1,11,1,99998,42.66186389,-71.19295000,12,1,0,0,0,1,0
250004,25,MASSACHUSETTS,MA,2,2,0,3,11,1150,BULLOCK,10,1,January,2010,1,Sunday,13,26,1,2,3,99998,42.60736944,-72.64228889,12,1,0,0,0,1,1
250005,25,MASSACHUSETTS,MA,1,1,1,1,25,120,BARLOW BEND,14,1,January,2010,5,Thursday,20,4,1,11,1,99998,42.29686667,-71.04686667,8,3,0,0,0,1,0
250006,25,MASSACHUSETTS,MA,2,1,0,1,23,685,BLADON SPRINGS,14,1,January,2010,5,Thursday,14,31,0,16,8,99998,42.14972222,-70.75470000,14,1,0,0,0,1,0
250007,25,MASSACHUSETTS,MA,1,1,0,1,27,610,ASHLAND,18,1,January,2010,2,Monday,10,35,1,12,3,99998,42.55029722,-71.76887500,48,1,0,0,0,1,0
250008,25,MASSACHUSETTS,MA,1,1,0,1,13,500,BOLLING,19,1,January,2010,3,Tuesday,12,37,0,14,2,99998,42.26181111,-72.60924444,30,1,8,0,0,1,1
250009,25,MASSACHUSETTS,MA,1,1,0,2,5,1441,BAKER HILL,23,1,January,2010,7,Saturday,0,57,1,11,1,165,41.67271944,-71.08806667,26,2,0,0,0,1,1
250010,25,MASSACHUSETTS,MA,4,1,0,3,13,1270,BOLLING,19,1,January,2010,3,Tuesday,1,10,0,16,8,99998,42.12854444,-72.49587500,33,3,0,0,0,1,1
250011,25,MASSACHUSETTS,MA,1,1,0,1,5,320,BAKER HILL,24,1,January,2010,1,Sunday,20,28,1,11,1,99998,41.68544444,-71.13690278,24,3,0,0,0,1,1
250012,25,MASSACHUSETTS,MA,1,1,1,1,21,1276,CHILTON,25,1,January,2010,2,Monday,17,15,1,13,3,99998,42.12630278,-71.10729167,8,3,0,0,0,1,0
250013,25,MASSACHUSETTS,MA,1,1,1,1,21,1276,CHILTON,25,1,January,2010,2,Monday,16,41,1,12,3,99998,42.12168889,-71.09666389,8,3,0,0,0,1,0
250014,25,MASSACHUSETTS,MA,1,1,1,3,17,170,CHAMBERS,26,1,January,2010,3,Tuesday,11,40,0,14,3,99998,42.36539444,-71.10454444,8,1,0,0,0,1,0
250015,25,MASSACHUSETTS,MA,1,1,0,1,7,940,BIBB,1,2,February,2010,2,Monday,17,42,0,16,8,99998,41.45951667,-70.57196667,42,5,0,0,0,1,0
250016,25,MASSACHUSETTS,MA,1,1,0,1,17,124,CHAMBERS,1,2,February,2010,2,Monday,9,10,1,11,1,99998,42.48823889,-71.54382778,42,1,0,0,0,1,0
250017,25,MASSACHUSETTS,MA,1,1,1,1,5,850,BAKER HILL,4,2,February,2010,5,Thursday,7,35,0,16,8,99998,41.61422222,-70.91803611,8,1,0,0,0,1,0
250018,25,MASSACHUSETTS,MA,1,1,1,1,9,765,BLOUNT,5,2,February,2010,6,Friday,8,22,0,14,3,99998,42.69846111,-71.22505278,8,1,0,0,0,1,1
250019,25,MASSACHUSETTS,MA,1,1,0,1,27,1278,ASHLAND,6,2,February,2010,7,Saturday,1,16,0,16,8,99998,42.09115278,-72.05958333,39,3,0,0,0,1,1
250020,25,MASSACHUSETTS,MA,1,1,0,1,27,1283,ASHLAND,7,2,February,2010,1,Sunday,0,41,0,14,3,99998,42.59795556,-72.04996944,30,3,0,0,0,1,1
250021,25,MASSACHUSETTS,MA,1,1,0,1,21,1276,CHILTON,8,2,February,2010,2,Monday,0,57,0,16,8,99998,42.15016944,-71.07313056,42,3,0,0,0,1,1
250022,25,MASSACHUSETTS,MA,1,1,0,1,27,123,ASHLAND,20,2,February,2010,7,Saturday,2,21,0,14,3,99998,42.33183611,-71.74698889,30,3,0,0,0,1,1
250023,25,MASSACHUSETTS,MA,1,1,0,2,27,745,ASHLAND,28,2,February,2010,1,Sunday,1,16,0,16,8,99998,42.08083333,-71.50099722,42,2,0,0,0,1,1
250024,25,MASSACHUSETTS,MA,1,1,0,1,27,1520,ASHLAND,1,3,March,2010,2,Monday,0,35,1,11,1,99998,42.29086667,-71.79883056,24,3,0,0,0,1,1
250025,25,MASSACHUSETTS,MA,1,1,0,1,27,902,ASHLAND,4,3,March,2010,5,Thursday,23,31,0,16,8,99998,42.15513333,-71.68046944,42,3,0,0,0,1,1
250026,25,MASSACHUSETTS,MA,1,1,0,1,1,260,AUTAUGA,6,3,March,2010,7,Saturday,23,30,0,16,8,99998,41.68368056,-70.12710556,53,3,0,0,0,1,1
250027,25,MASSACHUSETTS,MA,1,1,0,1,23,1360,BLADON SPRINGS,8,3,March,2010,2,Monday,20,10,1,11,1,10,41.78526389,-70.73581667,35,2,0,0,0,1,0
250028,25,MASSACHUSETTS,MA,1,1,0,1,13,500,BOLLING,12,3,March,2010,6,Friday,4,2,0,16,8,99998,42.20525278,-72.62563611,24,3,0,0,0,1,1
250029,25,MASSACHUSETTS,MA,1,1,0,1,27,745,ASHLAND,16,3,March,2010,3,Tuesday,15,43,0,16,8,99998,42.08300000,-71.50108333,42,1,0,0,0,1,0
250030,25,MASSACHUSETTS,MA,1,1,0,1,1,121,AUTAUGA,9,4,April,2010,6,Friday,0,44,0,16,8,99998,41.67182222,-70.60913056,1,2,0,0,0,1,0
250031,25,MASSACHUSETTS,MA,1,1,0,1,23,1130,BLADON SPRINGS,31,3,March,2010,4,Wednesday,20,7,0,16,8,99998,42.19889444,-70.81770000,42,3,0,0,0,1,1
250032,25,MASSACHUSETTS,MA,1,1,0,1,17,1377,CHAMBERS,17,3,March,2010,4,Wednesday,2,4,0,12,3,99998,42.33894167,-71.36066389,42,3,0,0,0,1,1
250033,25,MASSACHUSETTS,MA,1,1,0,1,9,1386,BLOUNT,18,3,March,2010,5,Thursday,2,47,1,12,3,99998,42.58661389,-70.81894444,24,3,0,0,0,1,1
250034,25,MASSACHUSETTS,MA,1,1,0,1,23,130,BLADON SPRINGS,21,3,March,2010,1,Sunday,17,23,0,16,8,99998,41.99279722,-70.98764444,38,1,0,0,0,1,0
250035,25,MASSACHUSETTS,MA,1,1,0,1,23,1360,BLADON SPRINGS,24,4,April,2010,7,Saturday,15,37,1,11,1,99998,41.77291111,-70.74388611,24,1,0,0,0,1,0
250036,25,MASSACHUSETTS,MA,1,1,0,1,17,375,CHAMBERS,18,4,April,2010,1,Sunday,23,32,0,16,8,99998,42.32930000,-71.45996944,53,3,0,0,0,1,0
250038,25,MASSACHUSETTS,MA,1,1,0,1,9,35,BLOUNT,14,4,April,2010,4,Wednesday,22,30,1,11,1,99998,42.66258889,-71.19325278,1,3,0,0,0,1,0
250039,25,MASSACHUSETTS,MA,1,1,0,1,1,1120,AUTAUGA,24,3,March,2010,4,Wednesday,21,0,0,12,3,99998,41.72885556,-70.49034167,43,2,0,0,0,1,0
250040,25,MASSACHUSETTS,MA,1,1,0,1,5,1441,BAKER HILL,25,3,March,2010,5,Thursday,22,26,0,16,8,99998,41.56081111,-71.02978611,42,2,0,0,0,1,1
250041,25,MASSACHUSETTS,MA,1,1,0,2,9,650,BLOUNT,14,3,March,2010,1,Sunday,21,44,1,12,3,99998,42.45411389,-70.97854722,99,3,0,0,0,1,0
250042,25,MASSACHUSETTS,MA,1,1,1,1,9,859,BLOUNT,16,3,March,2010,3,Tuesday,19,30,1,1,1,99998,42.78343333,-70.92477222,8,2,0,0,0,1,0
250043,25,MASSACHUSETTS,MA,1,1,1,1,27,785,ASHLAND,31,3,March,2010,4,Wednesday,4,41,0,12,3,99998,42.23163056,-71.74329722,8,3,0,0,0,1,0
250044,25,MASSACHUSETTS,MA,1,1,0,1,13,990,BOLLING,3,4,April,2010,7,Saturday,1,43,0,16,8,99998,42.18643056,-72.34866111,30,3,0,0,0,1,0
250045,25,MASSACHUSETTS,MA,2,2,0,4,27,263,ASHLAND,24,1,January,2010,1,Sunday,11,30,0,14,3,99998,42.05623889,-71.95152222,12,1,0,0,0,1,0
250046,25,MASSACHUSETTS,MA,3,3,0,3,9,470,BLOUNT,29,1,January,2010,6,Friday,18,7,0,14,3,99998,42.76289444,-71.13201111,12,3,0,0,0,1,0
250047,25,MASSACHUSETTS,MA,2,2,0,2,17,535,CHAMBERS,29,1,January,2010,6,Friday,5,58,0,12,3,99998,42.39481111,-71.57987500,12,6,0,0,0,1,0
250048,25,MASSACHUSETTS,MA,2,2,0,10,27,1278,ASHLAND,19,2,February,2010,6,Friday,21,0,1,11,1,99998,42.07119722,-72.10020278,12,2,0,0,0,1,0
250049,25,MASSACHUSETTS,MA,2,2,0,2,17,1490,CHAMBERS,23,2,February,2010,3,Tuesday,1,17,1,11,1,99998,42.53809444,-71.13518611,24,2,0,0,0,1,0
250050,25,MASSACHUSETTS,MA,1,1,0,3,21,925,CHILTON,28,2,February,2010,1,Sunday,0,17,0,16,8,99998,42.19876667,-71.21715556,30,3,0,0,0,1,1
250051,25,MASSACHUSETTS,MA,2,2,0,2,13,1446,BOLLING,12,3,March,2010,6,Friday,11,14,1,12,2,99998,42.13183889,-72.62606667,24,1,0,0,0,1,0
250052,25,MASSACHUSETTS,MA,1,1,0,3,5,50,BAKER HILL,13,3,March,2010,7,Saturday,22,1,1,11,1,99998,41.90007222,-71.36633056,24,2,6,0,0,1,0
250053,25,MASSACHUSETTS,MA,2,2,0,2,15,437,ANNISTON,17,3,March,2010,4,Wednesday,20,20,0,16,8,99998,42.22737222,-72.48925278,54,2,0,0,0,1,1
250054,25,MASSACHUSETTS,MA,1,1,1,1,25,1070,BARLOW BEND,1,4,April,2010,5,Thursday,6,15,0,12,3,99998,42.43891389,-70.97133611,8,4,0,0,0,1,0
250055,25,MASSACHUSETTS,MA,1,1,0,1,5,1064,BAKER HILL,1,5,May,2010,7,Saturday,16,39,1,12,3,99998,41.90566389,-71.04300556,33,1,0,0,0,1,0
250056,25,MASSACHUSETTS,MA,1,1,0,6,21,1276,CHILTON,2,5,May,2010,1,Sunday,1,30,1,12,3,99998,42.15872778,-71.06922500,1,3,0,0,0,1,1
250057,25,MASSACHUSETTS,MA,2,2,0,4,13,624,BOLLING,26,3,March,2010,6,Friday,9,56,1,11,1,8,42.02557778,-72.59036111,12,1,0,0,0,2,0
250058,25,MASSACHUSETTS,MA,1,1,0,1,27,1100,ASHLAND,23,5,May,2010,1,Sunday,17,19,0,3,3,99998,42.37110000,-71.97049167,42,1,0,0,0,1,0
250059,25,MASSACHUSETTS,MA,1,1,1,2,23,1130,BLADON SPRINGS,24,5,May,2010,2,Monday,8,20,0,16,8,99998,42.19229722,-70.72620278,8,1,0,0,0,1,0
250060,25,MASSACHUSETTS,MA,1,1,1,1,13,292,BOLLING,8,5,May,2010,7,Saturday,11,0,0,12,3,99998,42.08121667,-72.53851944,8,1,10,0,0,1,0
250061,25,MASSACHUSETTS,MA,1,1,0,1,21,1060,CHILTON,29,5,May,2010,7,Saturday,22,31,0,16,8,99998,42.20006944,-71.00004722,17,2,0,0,0,1,1
250062,25,MASSACHUSETTS,MA,1,1,0,2,23,1005,BLADON SPRINGS,22,4,April,2010,5,Thursday,13,40,1,12,3,256,42.09663056,-70.75075278,1,1,0,0,0,1,0
250063,25,MASSACHUSETTS,MA,1,1,0,1,13,1247,BOLLING,13,5,May,2010,5,Thursday,21,2,0,16,8,0,42.04770000,-72.74897500,42,2,0,0,0,1,1
250064,25,MASSACHUSETTS,MA,1,1,0,3,11,1381,BULLOCK,11,5,May,2010,3,Tuesday,0,29,0,6,8,0,42.59751389,-72.35441111,24,2,0,0,0,1,1
250065,25,MASSACHUSETTS,MA,1,1,0,2,3,9997,BALDWIN,29,5,May,2010,7,Saturday,18,14,1,2,3,0,42.68943889,-73.02346111,30,1,0,0,0,2,0
250066,25,MASSACHUSETTS,MA,2,2,0,2,27,1520,ASHLAND,7,3,March,2010,1,Sunday,14,54,0,12,3,0,42.23430000,-71.74655833,12,1,0,0,0,1,0
250067,25,MASSACHUSETTS,MA,1,1,1,1,5,1280,BAKER HILL,26,4,April,2010,2,Monday,16,10,0,14,3,0,41.90451389,-71.10325833,8,1,0,0,0,1,0
250068,25,MASSACHUSETTS,MA,1,1,0,8,21,925,CHILTON,30,4,April,2010,6,Friday,2,0,1,11,1,0,42.17600000,-71.16737500,24,2,0,0,0,1,1
250069,25,MASSACHUSETTS,MA,2,2,1,2,23,270,BLADON SPRINGS,27,3,March,2010,7,Saturday,19,50,0,12,3,0,42.02844722,-70.95871944,8,3,0,0,0,1,0
250070,25,MASSACHUSETTS,MA,1,1,1,1,5,1067,BAKER HILL,3,4,April,2010,7,Saturday,2,40,1,11,1,0,41.78219167,-71.28891944,8,2,0,0,0,1,0
250071,25,MASSACHUSETTS,MA,1,1,1,3,21,1140,CHILTON,9,5,May,2010,1,Sunday,20,47,1,12,2,0,42.12235556,-71.23178889,8,2,0,0,0,1,0
250072,25,MASSACHUSETTS,MA,1,1,1,1,1,1120,AUTAUGA,14,5,May,2010,6,Friday,5,17,0,16,8,0,41.66621111,-70.46377778,8,4,10,0,0,1,0
250073,25,MASSACHUSETTS,MA,1,1,1,1,17,870,CHAMBERS,17,5,May,2010,2,Monday,17,15,0,14,3,0,42.33824444,-71.21157778,9,1,0,0,0,1,0