ST_CASE,STATE,State Name,State Abbreviation,# of Vehicle involved,VE_FORMS,Pedestrains,Total_Persons_in_accident,COUNTY,CITY,City_County_Name,Calendar_DAY,MONTH,Month_name,YEAR,DAY_WEEK,Day_Week_desc,HOUR,MINUTE,NHS_Desc,trafficway,Route,MILEPT,LATITUDE,LONGITUD,First_Crash_event,Light_cond_desc,Weather_condition,School_bus_involved,Crash_cause,FATALS,DRUNK_DR
250219,25,MASSACHUSETTS,MA,1,1,0,2,23,1475,BLADON SPRINGS,15,10,October,2010,6,Friday,6,20,1,12,3,99998,42.08102500,-70.94078056,19,3,0,0,0,1,0
250220,25,MASSACHUSETTS,MA,1,1,0,1,17,1340,CHAMBERS,25,11,November,2010,5,Thursday,0,37,0,16,8,99998,42.40970556,-71.23449444,24,3,0,0,0,1,1
250221,25,MASSACHUSETTS,MA,2,2,0,4,27,1172,ASHLAND,8,6,June,2010,3,Tuesday,11,26,0,14,3,99998,42.26803611,-71.71068056,12,1,0,0,0,1,0
250222,25,MASSACHUSETTS,MA,1,1,1,2,17,615,CHAMBERS,21,11,November,2010,1,Sunday,19,31,0,16,8,99998,42.45253056,-71.23432222,8,3,0,0,0,1,0
250223,25,MASSACHUSETTS,MA,1,1,0,1,17,615,CHAMBERS,18,11,November,2010,5,Thursday,23,0,1,11,1,99998,42.43644444,-71.25951389,24,2,0,0,0,1,1
250224,25,MASSACHUSETTS,MA,1,1,1,1,27,1520,ASHLAND,13,11,November,2010,7,Saturday,12,30,0,16,8,99998,42.26428889,-71.81265000,8,1,0,0,0,1,0
250225,25,MASSACHUSETTS,MA,1,1,0,2,23,140,BLADON SPRINGS,11,12,December,2010,7,Saturday,0,41,0,16,8,99998,42.09239444,-70.99661389,30,3,0,0,0,1,1
250226,25,MASSACHUSETTS,MA,1,1,0,1,5,320,BAKER HILL,11,12,December,2010,7,Saturday,8,15,1,12,3,99998,41.68172778,-71.12630278,59,1,0,0,0,1,0
250227,25,MASSACHUSETTS,MA,1,1,1,1,13,1270,BOLLING,12,12,December,2010,1,Sunday,18,28,0,16,8,99998,42.12967500,-72.60057500,8,5,2,0,0,1,0
250228,25,MASSACHUSETTS,MA,1,1,0,1,17,261,CHAMBERS,30,12,December,2010,5,Thursday,99,99,0,16,8,99998,42.68451667,-71.30573333,42,2,0,0,0,1,1
250229,25,MASSACHUSETTS,MA,1,1,0,3,23,140,BLADON SPRINGS,11,12,December,2010,7,Saturday,11,13,1,12,3,99998,42.09013333,-71.06021389,26,1,0,0,0,1,0
250230,25,MASSACHUSETTS,MA,1,1,0,3,5,7,BAKER HILL,4,12,December,2010,7,Saturday,1,14,0,16,8,99998,41.70444722,-70.88301667,42,3,0,0,0,1,1
250231,25,MASSACHUSETTS,MA,1,1,0,1,27,350,ASHLAND,9,1,January,2010,7,Saturday,12,37,0,16,8,99998,42.59782778,-71.82415000,42,1,0,0,0,1,0
250232,25,MASSACHUSETTS,MA,2,2,0,3,21,1336,CHILTON,11,1,January,2010,2,Monday,15,19,0,14,3,99998,42.15004167,-71.25011389,12,1,0,0,0,1,0
250233,25,MASSACHUSETTS,MA,1,1,0,1,13,210,BOLLING,18,1,January,2010,2,Monday,18,47,1,11,1,99998,42.15675556,-72.61023056,34,3,0,0,0,1,0
250234,25,MASSACHUSETTS,MA,1,1,0,1,17,1340,CHAMBERS,27,1,January,2010,4,Wednesday,3,8,1,12,2,99998,42.37763056,-71.22960000,33,3,0,0,0,1,0
250235,25,MASSACHUSETTS,MA,2,2,0,2,5,850,BAKER HILL,8,3,March,2010,2,Monday,16,29,0,16,8,99998,41.65970278,-70.94790556,12,1,0,0,0,1,0
250236,25,MASSACHUSETTS,MA,1,1,0,2,17,1282,CHAMBERS,3,4,April,2010,7,Saturday,11,25,0,12,3,99998,42.59397500,-71.21063333,33,1,0,0,0,1,0
250237,25,MASSACHUSETTS,MA,1,1,0,1,27,610,ASHLAND,14,4,April,2010,4,Wednesday,14,52,0,12,3,99998,42.56844167,-71.74621667,33,1,0,0,0,1,0
250238,25,MASSACHUSETTS,MA,1,1,0,1,5,315,BAKER HILL,19,5,May,2010,4,Wednesday,23,1,0,16,8,99998,41.63077778,-70.87194444,33,3,5,0,0,1,0
250239,25,MASSACHUSETTS,MA,1,1,1,1,1,330,AUTAUGA,28,10,October,2010,5,Thursday,21,0,1,12,3,99998,41.57891944,-70.55926389,8,2,0,0,0,1,0
250240,25,MASSACHUSETTS,MA,1,1,1,1,25,200,BARLOW BEND,30,10,October,2010,7,Saturday,6,32,1,12,3,99998,42.40400278,-71.03708333,8,1,0,0,0,1,0
250241,25,MASSACHUSETTS,MA,2,2,0,5,27,1210,ASHLAND,7,12,December,2010,3,Tuesday,7,25,0,6,8,99998,42.07675556,-72.04413333,12,1,0,0,0,1,0
250242,25,MASSACHUSETTS,MA,1,1,0,1,17,630,CHAMBERS,7,11,November,2010,1,Sunday,7,18,0,16,8,99998,42.64463056,-71.31723333,24,3,0,0,0,1,1
250243,25,MASSACHUSETTS,MA,1,1,1,1,17,630,CHAMBERS,26,11,November,2010,6,Friday,16,0,0,16,8,99998,42.64923889,-71.32907778,8,5,0,0,0,1,0
250244,25,MASSACHUSETTS,MA,2,2,0,2,5,1280,BAKER HILL,7,12,December,2010,3,Tuesday,13,55,1,12,3,99998,41.87313889,-71.05497778,12,1,0,0,0,2,0
250245,25,MASSACHUSETTS,MA,2,2,0,4,21,1336,CHILTON,11,12,December,2010,7,Saturday,3,18,1,11,1,99998,42.15147222,-71.19578333,12,2,0,0,0,1,0
250246,25,MASSACHUSETTS,MA,3,2,0,2,5,1280,BAKER HILL,2,10,October,2010,7,Saturday,12,9,0,16,8,99998,41.88585833,-71.09055556,14,1,0,0,0,1,0
250247,25,MASSACHUSETTS,MA,2,2,0,2,13,624,BOLLING,11,12,December,2010,7,Saturday,5,13,1,11,1,8,42.02551389,-72.59044722,12,3,0,0,0,2,1
250248,25,MASSACHUSETTS,MA,2,2,0,4,23,270,BLADON SPRINGS,30,12,December,2010,5,Thursday,20,6,1,13,3,99998,42.02124167,-70.95949167,12,3,0,0,0,1,0
250249,25,MASSACHUSETTS,MA,2,2,1,2,5,850,BAKER HILL,30,12,December,2010,5,Thursday,6,43,1,14,3,99998,41.69906389,-70.93563056,8,1,0,0,0,1,0
250250,25,MASSACHUSETTS,MA,3,3,0,3,23,1085,BLADON SPRINGS,2,6,June,2010,4,Wednesday,13,21,0,12,3,99998,42.11891667,-70.91743333,12,1,0,0,0,1,0
250251,25,MASSACHUSETTS,MA,1,1,0,1,27,510,ASHLAND,16,1,January,2010,7,Saturday,16,5,0,12,3,99998,42.12178056,-71.54305556,1,5,0,0,0,1,0
250252,25,MASSACHUSETTS,MA,1,1,1,0,9,460,BLOUNT,31,7,July,2010,7,Saturday,10,35,0,16,8,99998,42.74430278,-71.02051667,8,1,0,0,0,1,0
250253,25,MASSACHUSETTS,MA,1,1,0,2,21,1336,CHILTON,13,10,October,2010,4,Wednesday,1,45,1,11,1,99998,42.15176111,-71.19578333,1,2,0,0,0,1,0
250254,25,MASSACHUSETTS,MA,2,2,0,3,21,1336,CHILTON,13,9,September,2010,2,Monday,17,18,0,16,8,99998,42.15462222,-71.25234722,12,1,0,0,0,1,1
250255,25,MASSACHUSETTS,MA,1,1,0,1,27,123,ASHLAND,7,12,December,2010,3,Tuesday,5,50,0,16,8,99998,42.34331944,-71.69815000,42,2,0,0,0,1,0
250256,25,MASSACHUSETTS,MA,2,1,0,2,23,926,BLADON SPRINGS,13,9,September,2010,2,Monday,15,44,0,13,3,286,42.11694444,-70.77838889,14,1,0,0,0,1,1
250257,25,MASSACHUSETTS,MA,2,1,0,2,17,720,CHAMBERS,7,12,December,2010,3,Tuesday,22,43,1,11,1,99998,42.41141667,-71.10394444,14,3,0,0,0,1,0
250258,25,MASSACHUSETTS,MA,1,1,1,1,9,460,BLOUNT,1,11,November,2010,2,Monday,14,8,0,13,3,99998,42.74115000,-71.02154722,8,1,0,0,0,1,0
250260,25,MASSACHUSETTS,MA,2,2,0,3,25,120,BARLOW BEND,1,12,December,2010,4,Wednesday,17,50,0,14,3,99998,42.35232778,-71.09055556,12,3,0,0,0,1,0
250261,25,MASSACHUSETTS,MA,2,2,0,2,27,1172,ASHLAND,21,11,November,2010,1,Sunday,14,34,0,14,3,99998,42.24785556,-71.71085000,12,1,0,0,0,1,0
250262,25,MASSACHUSETTS,MA,1,1,1,2,13,1270,BOLLING,20,11,November,2010,7,Saturday,3,32,0,16,8,99998,42.11185000,-72.58443889,8,3,0,0,0,1,1
250263,25,MASSACHUSETTS,MA,2,2,0,2,1,694,AUTAUGA,17,11,November,2010,4,Wednesday,12,22,1,12,3,99998,41.61833056,-70.48776667,12,1,0,0,0,1,0
250264,25,MASSACHUSETTS,MA,2,2,0,4,23,2,BLADON SPRINGS,18,11,November,2010,5,Thursday,18,49,0,16,8,99998,42.11032222,-70.96292500,12,3,0,0,0,1,0
250265,25,MASSACHUSETTS,MA,1,1,0,1,3,10,BALDWIN,19,9,September,2010,1,Sunday,12,35,0,16,8,99998,42.62720278,-73.12740278,24,1,0,0,0,1,0
250266,25,MASSACHUSETTS,MA,1,1,0,1,27,785,ASHLAND,18,9,September,2010,7,Saturday,1,9,0,16,8,99998,42.20003889,-71.78483889,30,3,0,0,0,1,1
250267,25,MASSACHUSETTS,MA,2,2,0,3,5,1441,BAKER HILL,30,12,December,2010,5,Thursday,19,39,0,14,3,99998,41.63353611,-71.07862500,12,2,0,0,0,2,2
250268,25,MASSACHUSETTS,MA,1,1,0,1,1,121,AUTAUGA,10,8,August,2010,3,Tuesday,13,50,0,16,8,99998,41.74153889,-70.59900278,42,1,0,0,0,1,0
250269,25,MASSACHUSETTS,MA,1,1,0,1,23,1400,BLADON SPRINGS,28,11,November,2010,1,Sunday,5,52,0,16,8,99998,42.03495000,-71.01133333,43,6,0,0,0,1,0
250270,25,MASSACHUSETTS,MA,2,2,0,2,3,1030,BALDWIN,14,11,November,2010,1,Sunday,22,38,0,16,8,99998,42.45576111,-73.26421667,12,3,0,0,0,1,0
250271,25,MASSACHUSETTS,MA,2,2,0,2,5,1064,BAKER HILL,8,11,November,2010,2,Monday,4,32,1,11,1,178,41.92405833,-70.99656944,24,2,0,0,0,1,0
250272,25,MASSACHUSETTS,MA,2,2,0,4,23,1400,BLADON SPRINGS,19,10,October,2010,3,Tuesday,23,4,1,12,3,99998,42.02086111,-71.00309444,12,3,0,0,0,1,0
250273,25,MASSACHUSETTS,MA,2,2,0,3,3,1030,BALDWIN,23,10,October,2010,7,Saturday,16,57,1,13,2,99998,42.42541944,-73.26035556,12,1,0,0,0,1,0
250274,25,MASSACHUSETTS,MA,2,2,0,6,25,120,BARLOW BEND,16,10,October,2010,7,Saturday,19,30,0,16,8,99998,42.36742222,-71.05896944,12,5,0,0,0,1,0
250275,25,MASSACHUSETTS,MA,1,1,1,1,17,375,CHAMBERS,11,10,October,2010,2,Monday,17,2,1,13,3,99998,42.29737222,-71.45190278,8,1,0,0,0,1,0
250276,25,MASSACHUSETTS,MA,2,2,0,3,27,1172,ASHLAND,9,10,October,2010,7,Saturday,13,25,1,11,1,99998,42.29572222,-71.75145278,1,1,0,0,0,1,1
250277,25,MASSACHUSETTS,MA,1,1,1,1,1,540,AUTAUGA,19,11,November,2010,6,Friday,17,54,1,12,3,99998,41.65822778,-70.27104444,8,3,0,0,0,1,0
250278,25,MASSACHUSETTS,MA,2,2,0,2,21,180,CHILTON,8,10,October,2010,6,Friday,4,30,1,11,1,99998,42.18795556,-71.15638611,12,2,0,0,0,1,0
250279,25,MASSACHUSETTS,MA,1,1,0,1,27,1269,ASHLAND,11,9,September,2010,7,Saturday,1,45,0,6,8,99998,42.09535556,-71.73497222,18,3,0,0,0,1,1
250280,25,MASSACHUSETTS,MA,1,1,0,1,5,924,BAKER HILL,11,2,February,2010,5,Thursday,23,37,0,16,8,99998,41.97155278,-71.22702500,42,2,0,0,0,1,1
250281,25,MASSACHUSETTS,MA,1,1,0,2,13,15,BOLLING,20,11,November,2010,7,Saturday,5,3,0,14,3,99998,42.03877500,-72.68571944,42,3,0,0,0,2,1
250282,25,MASSACHUSETTS,MA,2,2,0,2,5,50,BAKER HILL,5,10,October,2010,3,Tuesday,5,18,1,11,1,99998,41.92450556,-71.32890833,24,2,0,0,0,1,0
250283,25,MASSACHUSETTS,MA,1,1,0,1,1,1535,AUTAUGA,1,9,September,2010,4,Wednesday,0,18,1,12,3,99998,41.65296944,-70.21465278,42,3,0,0,0,1,1
250284,25,MASSACHUSETTS,MA,2,2,0,2,5,50,BAKER HILL,24,9,September,2010,6,Friday,6,56,0,16,8,99998,41.91061389,-71.30006389,1,1,0,0,0,1,0
250285,25,MASSACHUSETTS,MA,2,1,0,1,5,320,BAKER HILL,25,9,September,2010,7,Saturday,1,47,0,16,8,99998,41.73513333,-71.13415833,30,3,0,0,0,1,1
250286,25,MASSACHUSETTS,MA,2,1,1,2,17,375,CHAMBERS,14,9,September,2010,3,Tuesday,22,43,1,13,3,99998,42.29737222,-71.48348889,8,3,0,0,0,1,1
250287,25,MASSACHUSETTS,MA,2,2,0,2,11,1150,BULLOCK,24,9,September,2010,6,Friday,16,47,1,2,3,99998,42.59138333,-72.68614722,12,1,0,0,0,1,1
250288,25,MASSACHUSETTS,MA,2,2,0,2,17,90,CHAMBERS,15,11,November,2010,2,Monday,8,6,1,12,2,99998,42.49728889,-71.23758333,12,1,0,0,0,1,0
250289,25,MASSACHUSETTS,MA,1,1,0,1,5,251,BAKER HILL,28,12,December,2010,3,Tuesday,17,46,0,16,8,99998,41.70989444,-70.99141944,42,3,0,0,0,1,1
250290,25,MASSACHUSETTS,MA,1,1,0,1,17,617,CHAMBERS,9,11,November,2010,3,Tuesday,10,57,0,14,3,99998,42.45012500,-71.28959722,42,1,0,0,0,1,0
250291,25,MASSACHUSETTS,MA,1,1,3,1,13,210,BOLLING,28,11,November,2010,1,Sunday,11,38,0,16,8,99998,42.15385833,-72.58443889,43,1,0,0,0,1,0
250292,25,MASSACHUSETTS,MA,2,2,0,3,27,1310,ASHLAND,22,10,October,2010,6,Friday,15,19,0,12,3,99998,42.16342778,-71.58593056,12,1,0,0,0,1,0
250293,25,MASSACHUSETTS,MA,2,2,0,3,13,210,BOLLING,17,5,May,2010,2,Monday,11,45,0,12,3,99998,42.16906667,-72.61447778,12,1,0,0,0,1,0
250294,25,MASSACHUSETTS,MA,2,1,0,1,13,210,BOLLING,2,4,April,2010,6,Friday,15,32,0,12,3,99998,42.16893889,-72.59344444,14,1,0,0,0,1,0
250295,25,MASSACHUSETTS,MA,1,1,1,1,9,35,BLOUNT,12,12,December,2010,1,Sunday,15,5,1,12,3,99998,42.60035556,-71.13338333,8,1,0,0,0,1,1
250296,25,MASSACHUSETTS,MA,2,2,0,2,3,1030,BALDWIN,7,12,December,2010,3,Tuesday,18,20,0,16,8,99998,42.45145556,-73.26945278,12,3,0,0,0,1,1
250297,25,MASSACHUSETTS,MA,1,1,1,1,21,58,CHILTON,15,10,October,2010,6,Friday,18,47,0,12,3,99998,42.12935833,-71.03845556,8,6,0,0,0,1,0
250298,25,MASSACHUSETTS,MA,1,1,0,2,23,926,BLADON SPRINGS,18,7,July,2010,1,Sunday,3,43,0,16,8,99998,42.16800000,-70.71197222,33,8,0,0,0,1,1
250299,25,MASSACHUSETTS,MA,2,2,0,3,5,251,BAKER HILL,21,10,October,2010,5,Thursday,18,2,0,16,8,99998,41.70188333,-70.98841667,12,5,0,0,0,1,1
250300,25,MASSACHUSETTS,MA,2,2,0,4,27,1520,ASHLAND,15,6,June,2010,3,Tuesday,13,40,1,2,3,99998,42.21138889,-72.08500000,12,1,0,0,0,1,0
250301,25,MASSACHUSETTS,MA,1,1,0,2,27,117,ASHLAND,2,3,March,2010,3,Tuesday,9,16,1,1,1,682,42.45183333,-71.58107778,1,1,0,0,0,1,0
250302,25,MASSACHUSETTS,MA,2,2,0,4,13,990,BOLLING,23,9,September,2010,5,Thursday,20,24,0,2,2,99998,42.15385833,-72.37681389,12,6,0,0,0,2,0
250303,25,MASSACHUSETTS,MA,2,2,0,3,13,210,BOLLING,20,2,February,2010,7,Saturday,14,45,0,16,8,99998,42.16849167,-72.61447778,12,1,0,0,0,1,0
250304,25,MASSACHUSETTS,MA,1,1,0,2,9,1000,BLOUNT,18,4,April,2010,1,Sunday,1,32,1,11,1,99998,42.52177500,-70.99519722,35,3,0,0,0,1,0
250305,25,MASSACHUSETTS,MA,2,2,0,3,1,1388,AUTAUGA,4,8,August,2010,4,Wednesday,19,56,1,12,2,99998,41.69701389,-70.38528333,12,5,0,0,0,1,0
250306,25,MASSACHUSETTS,MA,2,2,0,2,5,1441,BAKER HILL,14,9,September,2010,3,Tuesday,14,51,0,6,8,99998,41.61948611,-71.04669444,12,1,0,0,0,1,0
250307,25,MASSACHUSETTS,MA,1,1,0,2,21,58,CHILTON,17,10,October,2010,1,Sunday,14,40,0,16,8,99998,42.11713333,-71.03090278,31,1,0,0,0,1,0
250308,25,MASSACHUSETTS,MA,2,1,0,1,5,1441,BAKER HILL,4,9,September,2010,7,Saturday,14,6,0,6,8,99998,41.62551667,-71.12797778,38,1,0,0,0,1,1
250309,25,MASSACHUSETTS,MA,3,3,0,9,27,1273,ASHLAND,17,10,October,2010,1,Sunday,17,47,1,11,1,99998,42.45854722,-71.74707500,12,1,0,0,0,1,0
250310,25,MASSACHUSETTS,MA,1,1,0,1,15,93,ANNISTON,2,8,August,2010,2,Monday,9,38,0,16,8,99998,42.21790278,-72.37518333,35,1,0,0,0,1,0
250311,25,MASSACHUSETTS,MA,2,2,0,2,9,470,BLOUNT,17,7,July,2010,7,Saturday,4,17,1,11,1,99998,42.80046944,-71.09411667,24,1,0,0,0,1,1
250312,25,MASSACHUSETTS,MA,4,4,0,6,17,615,CHAMBERS,19,8,August,2010,5,Thursday,14,15,1,12,3,1290,42.50551389,-71.48666389,12,1,0,0,0,1,1
250313,25,MASSACHUSETTS,MA,1,1,1,1,25,120,BARLOW BEND,20,9,September,2010,2,Monday,16,30,0,16,8,99998,42.33310556,-71.07253056,9,1,0,0,0,1,0
250314,25,MASSACHUSETTS,MA,1,1,1,2,25,120,BARLOW BEND,27,8,August,2010,6,Friday,10,0,0,16,8,99998,42.33650278,-71.14858333,15,1,0,0,0,1,0
250315,25,MASSACHUSETTS,MA,1,1,1,11,25,120,BARLOW BEND,21,12,December,2010,3,Tuesday,8,49,0,16,8,99998,42.33913333,-71.09681944,8,1,0,0,0,1,0
250316,25,MASSACHUSETTS,MA,1,1,1,1,25,120,BARLOW BEND,28,12,December,2010,3,Tuesday,12,45,0,14,3,99998,42.37876111,-71.02853056,8,1,0,0,0,1,0
250317,25,MASSACHUSETTS,MA,2,2,0,4,13,15,BOLLING,22,8,August,2010,1,Sunday,15,53,0,14,3,99998,42.08446944,-72.62888611,12,1,10,0,0,1,0
250318,25,MASSACHUSETTS,MA,1,1,1,2,17,660,CHAMBERS,12,11,November,2010,6,Friday,17,57,0,16,8,99998,42.43000278,-71.02929167,8,8,0,0,0,1,1
250319,25,MASSACHUSETTS,MA,2,2,0,3,17,660,CHAMBERS,1,8,August,2010,1,Sunday,0,42,0,16,8,99998,42.43534444,-71.04538889,12,2,0,0,0,1,1
250320,25,MASSACHUSETTS,MA,2,2,0,6,13,1477,BOLLING,25,11,November,2010,5,Thursday,1,46,0,12,3,99998,42.15239167,-72.39558889,12,2,0,0,0,1,1
250321,25,MASSACHUSETTS,MA,1,1,1,1,3,10,BALDWIN,24,12,December,2010,6,Friday,10,32,0,6,8,99998,42.62315278,-73.12000556,8,1,0,0,0,1,0
250322,25,MASSACHUSETTS,MA,1,1,0,1,21,710,CHILTON,12,12,December,2010,1,Sunday,12,1,0,16,8,99998,42.18864167,-71.33331667,35,1,0,0,0,1,0
250323,25,MASSACHUSETTS,MA,2,2,0,2,13,1247,BOLLING,24,11,November,2010,4,Wednesday,9,18,0,15,3,0,42.01265556,-72.79493056,12,1,0,0,0,1,0
250324,25,MASSACHUSETTS,MA,2,2,0,2,17,1340,CHAMBERS,6,10,October,2010,4,Wednesday,12,38,0,16,8,0,42.41290278,-71.24429167,12,1,0,0,0,1,0
250325,25,MASSACHUSETTS,MA,2,2,0,2,25,120,BARLOW BEND,14,11,November,2010,1,Sunday,23,43,0,16,8,0,42.33192778,-71.09379167,12,3,0,0,0,1,1
250326,25,MASSACHUSETTS,MA,1,1,0,1,13,1446,BOLLING,22,9,September,2010,4,Wednesday,22,9,0,12,2,99998,42.13394167,-72.62619444,24,2,0,0,0,1,0
250327,25,MASSACHUSETTS,MA,1,1,0,3,11,1150,BULLOCK,9,7,July,2010,6,Friday,16,44,1,2,3,99998,42.58647778,-72.71462500,24,1,0,0,0,1,0
250328,25,MASSACHUSETTS,MA,2,2,2,3,17,240,CHAMBERS,16,12,December,2010,5,Thursday,12,1,0,16,8,99998,42.45975833,-71.34942778,12,1,0,0,0,1,0
250329,25,MASSACHUSETTS,MA,1,1,1,1,25,120,BARLOW BEND,1,2,February,2010,2,Monday,6,30,0,16,8,0,42.34232222,-71.06009444,8,4,0,0,0,1,0
250330,25,MASSACHUSETTS,MA,1,1,1,2,25,120,BARLOW BEND,18,3,March,2010,5,Thursday,22,20,0,16,8,99998,42.34395278,-71.06206944,8,3,0,0,0,1,0
250331,25,MASSACHUSETTS,MA,1,1,1,1,25,120,BARLOW BEND,24,3,March,2010,4,Wednesday,16,18,0,16,8,99998,42.33781111,-71.04926667,8,1,0,0,0,1,0
250332,25,MASSACHUSETTS,MA,1,1,1,1,21,1063,CHILTON,16,12,December,2010,5,Thursday,6,23,0,12,3,99998,42.19472500,-71.06053056,8,3,0,0,0,1,0
250333,25,MASSACHUSETTS,MA,3,1,0,3,25,120,BARLOW BEND,8,1,January,2010,6,Friday,0,20,0,16,8,99998,42.34492778,-71.06333056,14,8,0,0,0,1,0
250334,25,MASSACHUSETTS,MA,1,1,1,1,25,120,BARLOW BEND,1,3,March,2010,2,Monday,18,56,0,16,8,99998,42.34862222,-71.13756944,8,3,0,0,0,1,0
260001,26,MICHIGAN,MI,2,2,0,8,165,0,HERNDON,3,1,January,2010,1,Sunday,15,25,1,12,2,45,44.27994444,-85.38870278,12,1,0,0,0,1,0
260002,26,MICHIGAN,MI,1,1,0,1,31,0,COFFEE,10,1,January,2010,1,Sunday,1,0,0,6,4,24,45.62739444,-84.37156667,35,2,0,0,0,1,1
260003,26,MICHIGAN,MI,2,2,0,4,103,4447,DANVILLE,2,1,January,2010,7,Saturday,12,20,0,3,3,80,46.39060278,-87.40717500,12,1,0,0,0,1,0
260004,26,MICHIGAN,MI,1,1,0,1,57,0,BANKSTON,12,1,January,2010,3,Tuesday,8,45,1,2,2,237,43.42333056,-84.67710278,1,1,0,0,0,1,0
260005,26,MICHIGAN,MI,1,1,0,1,145,565,BALD KNOB,14,1,January,2010,5,Thursday,12,0,1,11,1,127,43.38059722,-83.87761111,25,1,0,0,0,1,0
260006,26,MICHIGAN,MI,1,1,0,1,105,0,MARION,21,1,January,2010,5,Thursday,20,14,0,4,4,47,43.99480556,-86.34011389,42,2,0,0,0,1,1
260007,26,MICHIGAN,MI,2,2,0,3,123,3490,ALEXANDER CITY,1,1,January,2010,6,Friday,23,0,0,3,3,3,43.40461111,-85.80001389,12,3,0,0,0,2,1
260008,26,MICHIGAN,MI,1,1,0,1,163,1260,AVERA,2,1,January,2010,7,Saturday,2,10,0,14,6,104,42.35856111,-83.17015556,33,3,0,0,0,1,1
260009,26,MICHIGAN,MI,2,2,0,3,21,0,CHILTON,5,1,January,2010,3,Tuesday,17,53,0,3,4,154,41.90821667,-86.58790833,12,2,0,0,0,2,0
260010,26,MICHIGAN,MI,2,2,0,2,91,4516,DAYTON,6,1,January,2010,4,Wednesday,7,40,0,4,4,16,41.73481389,-84.18316944,12,4,0,1,0,1,0
260011,26,MICHIGAN,MI,3,3,0,4,163,2850,AVERA,6,1,January,2010,4,Wednesday,11,34,0,14,6,66,42.37465833,-83.41164722,12,1,0,0,0,1,0
260012,26,MICHIGAN,MI,2,2,0,5,125,3712,BROOKWOOD,11,1,January,2010,2,Monday,6,59,0,14,4,78,42.76068889,-83.28319167,12,2,0,0,0,3,0
260013,26,MICHIGAN,MI,2,2,0,2,139,0,CALION,12,1,January,2010,3,Tuesday,7,21,0,14,4,74,42.88542222,-85.87652222,12,4,0,0,0,1,0
260014,26,MICHIGAN,MI,1,1,1,1,63,0,BOLIGEE,12,1,January,2010,3,Tuesday,6,26,0,3,3,67,43.79491944,-83.37760556,8,2,0,0,0,1,0
260015,26,MICHIGAN,MI,2,2,0,2,25,0,BARLOW BEND,14,1,January,2010,5,Thursday,15,50,0,6,4,28,42.20337500,-85.17839722,12,1,0,0,0,1,0
260016,26,MICHIGAN,MI,1,1,1,2,163,4166,AVERA,11,1,January,2010,2,Monday,18,45,0,14,4,4,42.35934444,-83.30597778,8,3,0,0,0,1,0
260017,26,MICHIGAN,MI,1,1,0,2,1,0,AUTAUGA,23,1,January,2010,7,Saturday,99,99,0,4,4,121,44.75651667,-83.52617778,48,2,0,0,0,2,0
260018,26,MICHIGAN,MI,2,2,0,2,123,0,ALEXANDER CITY,28,1,January,2010,5,Thursday,7,54,0,3,3,9,43.43628056,-85.79107778,12,2,0,0,0,1,0
260019,26,MICHIGAN,MI,2,2,0,3,61,0,BELLWOOD,28,1,January,2010,5,Thursday,10,39,0,3,2,61,47.16711944,-88.52163056,12,1,0,0,0,1,0
260020,26,MICHIGAN,MI,4,3,0,6,99,4330,BEATRICE,13,1,January,2010,4,Wednesday,16,30,1,13,3,41,42.50393333,-82.93227222,12,1,0,0,0,2,0
260021,26,MICHIGAN,MI,2,2,0,2,77,4030,ANDERSON,7,1,January,2010,5,Thursday,5,50,0,13,6,42,42.23647778,-85.54051667,12,3,0,0,0,1,0
260022,26,MICHIGAN,MI,3,3,0,7,99,4330,BEATRICE,14,1,January,2010,5,Thursday,23,19,1,11,1,43,42.51045833,-82.91846389,12,3,0,0,0,3,0
260023,26,MICHIGAN,MI,2,2,0,2,125,1081,BROOKWOOD,5,1,January,2010,3,Tuesday,10,6,1,13,3,10,42.54122500,-83.45152500,12,1,11,0,0,1,0
260024,26,MICHIGAN,MI,1,1,0,2,81,0,AUBURN,10,1,January,2010,1,Sunday,2,30,0,6,4,41,42.86954444,-85.39061944,42,2,0,0,0,2,1
260025,26,MICHIGAN,MI,2,2,0,2,93,0,BEAR CREEK,20,1,January,2010,4,Wednesday,7,45,0,13,3,143,42.59565833,-83.89841389,12,4,0,0,0,1,0
260026,26,MICHIGAN,MI,2,2,0,6,79,0,COURTLAND,24,1,January,2010,1,Sunday,14,53,0,4,4,10,44.56974167,-85.31295833,12,1,0,0,0,1,0