ST_CASE,STATE,State Name,State Abbreviation,# of Vehicle involved,VE_FORMS,Pedestrains,Total_Persons_in_accident,COUNTY,CITY,City_County_Name,Calendar_DAY,MONTH,Month_name,YEAR,DAY_WEEK,Day_Week_desc,HOUR,MINUTE,NHS_Desc,trafficway,Route,MILEPT,LATITUDE,LONGITUD,First_Crash_event,Light_cond_desc,Weather_condition,School_bus_involved,Crash_cause,FATALS,DRUNK_DR
260027,26,MICHIGAN,MI,1,1,1,1,99,4330,BEATRICE,25,1,January,2010,2,Monday,17,12,0,13,3,42,42.50608611,-82.96033889,8,1,0,0,0,1,0
260028,26,MICHIGAN,MI,1,1,1,1,49,1730,COLLINSVILLE,18,1,January,2010,2,Monday,3,20,0,15,6,23,43.03555556,-83.71597778,8,2,0,0,0,1,0
260029,26,MICHIGAN,MI,1,1,0,1,99,850,BEATRICE,29,1,January,2010,6,Friday,9,48,0,15,6,27,42.49412500,-82.97196944,10,1,0,0,0,1,0
260030,26,MICHIGAN,MI,3,3,0,4,33,4480,CHEROKEE,10,1,January,2010,1,Sunday,9,23,0,14,6,12,46.49951111,-84.34361944,12,1,0,0,0,1,0
260031,26,MICHIGAN,MI,1,1,0,1,71,0,BRIDGEPORT,2,1,January,2010,7,Saturday,21,10,1,2,2,172,46.09933333,-88.67902222,48,3,0,0,0,1,0
260032,26,MICHIGAN,MI,2,2,0,2,81,5319,AUBURN,13,1,January,2010,4,Wednesday,12,58,1,12,2,94,42.90309444,-85.67730833,35,1,0,0,0,1,0
260033,26,MICHIGAN,MI,4,4,0,4,77,3727,ANDERSON,28,1,January,2010,5,Thursday,16,57,0,13,4,10,42.24532500,-85.67765278,12,1,0,0,0,1,0
260034,26,MICHIGAN,MI,2,2,0,2,27,0,ASHLAND,2,2,February,2010,3,Tuesday,8,5,0,4,4,111,41.95534167,-86.08781667,12,1,0,0,0,1,0
260035,26,MICHIGAN,MI,2,2,0,3,77,47,ANDERSON,2,2,February,2010,3,Tuesday,7,10,0,4,4,26,42.36853333,-85.67813611,12,4,0,0,0,1,0
260036,26,MICHIGAN,MI,1,1,1,1,99,4330,BEATRICE,19,1,January,2010,3,Tuesday,18,49,1,13,3,48,42.51175833,-82.92693889,9,3,0,0,0,1,0
260037,26,MICHIGAN,MI,1,1,0,1,25,2310,BARLOW BEND,6,2,February,2010,7,Saturday,2,2,0,3,3,185,42.14735278,-84.81422778,59,3,0,0,0,1,1
260038,26,MICHIGAN,MI,2,2,0,5,55,0,ATTALLA,5,1,January,2010,3,Tuesday,18,56,1,13,2,103,44.72030000,-85.64597500,12,2,11,0,0,1,0
260039,26,MICHIGAN,MI,2,2,0,7,81,0,AUBURN,6,2,February,2010,7,Saturday,9,0,1,1,1,249,42.87833889,-85.42020278,12,1,0,0,0,1,0
260040,26,MICHIGAN,MI,2,2,0,2,17,0,CHAMBERS,21,1,January,2010,5,Thursday,7,3,0,3,3,218,43.84067222,-83.96644722,12,2,0,0,0,1,1
260041,26,MICHIGAN,MI,2,2,0,3,33,4480,CHEROKEE,24,1,January,2010,1,Sunday,15,38,0,15,6,28,46.47455278,-84.33813611,18,1,0,0,0,1,0
260042,26,MICHIGAN,MI,1,1,0,1,165,0,HERNDON,31,1,January,2010,1,Sunday,16,22,0,3,3,13,44.18338611,-85.80025000,42,1,0,0,0,1,1
260043,26,MICHIGAN,MI,1,1,1,1,125,1690,BROOKWOOD,12,1,January,2010,3,Tuesday,9,58,1,13,3,118,42.46161944,-83.13503889,8,1,0,0,0,1,0
260044,26,MICHIGAN,MI,1,1,1,1,99,2934,BEATRICE,26,1,January,2010,3,Tuesday,21,33,1,13,4,65,42.62764167,-82.95343056,8,2,0,0,0,1,0
260045,26,MICHIGAN,MI,2,2,0,2,147,2558,AUGUSTA,8,2,February,2010,2,Monday,7,2,0,14,4,91,42.96531111,-82.50241111,12,3,0,0,0,1,0
260046,26,MICHIGAN,MI,2,2,0,5,149,1100,BELLEVILLE,10,2,February,2010,4,Wednesday,9,42,1,2,2,50,41.82828889,-85.66280278,12,1,0,0,0,1,0
260047,26,MICHIGAN,MI,2,2,0,2,139,2400,CALION,21,1,January,2010,5,Thursday,17,57,0,15,6,2,42.85534722,-85.87821389,12,3,0,0,0,1,0
260048,26,MICHIGAN,MI,1,1,0,2,81,0,AUBURN,11,2,February,2010,5,Thursday,23,30,0,4,4,11,43.26445556,-85.37020556,42,2,0,0,0,1,1
260049,26,MICHIGAN,MI,1,1,1,1,163,1260,AVERA,28,1,January,2010,5,Thursday,0,35,1,11,1,24,42.35916111,-83.05310278,8,3,0,0,0,1,0
260050,26,MICHIGAN,MI,1,1,1,1,69,0,ASHFORD,10,2,February,2010,4,Wednesday,22,25,0,4,4,59,44.25060833,-83.56432778,8,2,0,0,0,1,1
260051,26,MICHIGAN,MI,1,1,0,1,103,3050,DANVILLE,13,2,February,2010,7,Saturday,0,2,1,13,2,212,46.51910556,-87.38582222,24,2,0,0,0,1,0
260052,26,MICHIGAN,MI,1,1,0,1,21,0,CHILTON,16,2,February,2010,3,Tuesday,12,59,0,4,4,90,41.88806111,-86.49424444,42,1,0,0,0,1,0
260053,26,MICHIGAN,MI,2,2,0,3,125,208,BROOKWOOD,1,2,February,2010,2,Monday,9,33,1,13,3,15,42.70058333,-83.24249444,12,1,0,0,0,1,0
260054,26,MICHIGAN,MI,2,2,0,4,117,0,BIRMINGHAM,24,2,February,2010,4,Wednesday,7,40,0,4,4,55,43.19904444,-84.91599167,12,1,0,0,0,1,0
260055,26,MICHIGAN,MI,2,2,0,2,147,0,AUGUSTA,27,2,February,2010,7,Saturday,20,35,0,6,4,10,42.69636111,-82.56873611,12,2,0,0,0,1,2
260056,26,MICHIGAN,MI,1,1,0,1,59,0,FRANKLIN,5,2,February,2010,6,Friday,21,20,0,4,4,84,41.70881111,-84.64398333,30,2,0,0,0,1,0
260057,26,MICHIGAN,MI,2,2,0,2,41,0,BRANTLEY,5,2,February,2010,6,Friday,6,45,0,3,3,239,46.13399167,-87.21176944,11,2,0,0,0,1,0
260058,26,MICHIGAN,MI,3,3,0,3,125,4567,BROOKWOOD,21,2,February,2010,1,Sunday,16,37,0,14,6,30,42.48698889,-83.26142222,12,1,0,0,0,2,0
260059,26,MICHIGAN,MI,1,1,0,1,149,4760,BELLEVILLE,23,2,February,2010,3,Tuesday,19,25,0,15,6,27,41.81053889,-85.40350833,11,2,0,0,0,1,0
260060,26,MICHIGAN,MI,1,1,0,1,81,0,AUBURN,1,3,March,2010,2,Monday,18,28,0,3,4,145,43.07518889,-85.35239722,34,5,0,0,0,1,1
260061,26,MICHIGAN,MI,1,1,0,1,143,0,CANEHILL,5,2,February,2010,6,Friday,22,30,0,4,4,45,44.45751944,-84.74468611,42,2,0,0,0,1,1
260062,26,MICHIGAN,MI,1,1,1,1,99,2181,BEATRICE,7,3,March,2010,1,Sunday,23,14,0,13,4,78,42.55202778,-82.85308333,8,3,0,0,0,1,0
260063,26,MICHIGAN,MI,3,3,0,3,161,0,DENTON,9,2,February,2010,3,Tuesday,9,3,1,11,1,261,42.22458611,-83.67125833,12,1,0,0,0,1,0
260064,26,MICHIGAN,MI,2,2,0,2,49,0,COLLINSVILLE,9,2,February,2010,3,Tuesday,14,3,0,4,4,93,43.15176944,-83.51019722,12,1,0,0,0,1,0
260065,26,MICHIGAN,MI,2,2,0,2,17,0,CHAMBERS,9,2,February,2010,3,Tuesday,9,56,1,11,1,22,43.55441389,-83.94491389,12,1,0,0,0,1,0
260066,26,MICHIGAN,MI,2,2,0,3,73,0,ARGO,9,2,February,2010,3,Tuesday,15,51,1,2,3,199,43.61190833,-84.65009722,12,1,0,0,0,1,0
260067,26,MICHIGAN,MI,2,2,0,3,33,325,CHEROKEE,13,2,February,2010,7,Saturday,15,32,0,4,4,186,46.43821111,-84.60844444,12,1,0,0,0,1,0
260068,26,MICHIGAN,MI,3,3,0,3,99,1440,BEATRICE,8,2,February,2010,2,Monday,14,17,1,13,3,22,42.47830000,-82.94935278,12,1,0,0,0,1,0
260069,26,MICHIGAN,MI,1,1,1,1,147,4060,AUGUSTA,8,2,February,2010,2,Monday,8,10,0,14,6,11,42.97579444,-82.42761389,9,1,0,0,0,1,0
260070,26,MICHIGAN,MI,2,2,0,5,145,0,BALD KNOB,22,2,February,2010,2,Monday,15,50,1,2,3,113,43.40722222,-83.74784722,12,1,0,0,0,1,0
260071,26,MICHIGAN,MI,2,2,0,2,157,0,ARCADE,27,2,February,2010,7,Saturday,6,30,0,14,3,188,43.51650278,-83.36013056,12,2,0,0,0,1,0
260072,26,MICHIGAN,MI,2,2,0,3,99,3390,BEATRICE,27,1,January,2010,4,Wednesday,15,1,1,13,3,6,42.61020000,-82.87107500,12,1,0,0,0,1,0
260073,26,MICHIGAN,MI,1,1,0,1,49,0,COLLINSVILLE,2,2,February,2010,3,Tuesday,9,26,0,14,4,83,42.97590833,-83.56927500,34,1,0,0,0,1,0
260074,26,MICHIGAN,MI,2,2,0,3,49,0,COLLINSVILLE,28,2,February,2010,1,Sunday,23,57,0,14,3,136,43.06368889,-83.51808611,12,3,0,0,0,1,1
260075,26,MICHIGAN,MI,2,2,0,3,101,0,BOYLSTON,10,2,February,2010,4,Wednesday,15,39,0,4,4,12,44.43045000,-86.10615278,12,1,0,0,0,2,0
260076,26,MICHIGAN,MI,2,2,0,2,99,4380,BEATRICE,22,2,February,2010,2,Monday,16,25,1,11,1,67,42.53727500,-82.90196111,12,1,0,0,0,1,0
260077,26,MICHIGAN,MI,2,2,0,2,81,0,AUBURN,6,1,January,2010,4,Wednesday,7,50,0,3,4,141,43.06948333,-85.35252500,12,4,0,0,0,1,0
260078,26,MICHIGAN,MI,1,1,0,1,65,0,CYPRESS,18,1,January,2010,2,Monday,14,0,1,11,1,163,42.66539722,-84.29202222,24,1,0,0,0,1,0
260079,26,MICHIGAN,MI,2,2,0,2,163,2430,AVERA,22,2,February,2010,2,Monday,5,30,0,13,6,1,42.31100556,-83.33974167,12,2,0,0,0,1,0
260081,26,MICHIGAN,MI,2,2,0,3,163,0,AVERA,2,2,February,2010,3,Tuesday,14,50,1,12,3,41,42.38479167,-83.47664167,24,1,0,0,0,1,0
260082,26,MICHIGAN,MI,2,2,0,2,159,0,FARRAR,8,3,March,2010,2,Monday,20,40,0,3,3,241,42.30285000,-85.84858333,12,2,0,0,0,1,1
260083,26,MICHIGAN,MI,3,3,0,3,161,0,DENTON,12,3,March,2010,6,Friday,16,3,1,12,2,83,42.20223056,-83.68508056,12,1,0,0,0,1,0
260084,26,MICHIGAN,MI,2,2,0,3,163,1260,AVERA,31,1,January,2010,1,Sunday,1,45,1,11,1,62,42.40844167,-83.07934444,12,3,0,0,0,1,1
260085,26,MICHIGAN,MI,1,1,1,1,49,1730,COLLINSVILLE,13,3,March,2010,7,Saturday,2,5,0,13,6,15,43.03304722,-83.64573333,8,3,0,0,0,1,0
260086,26,MICHIGAN,MI,1,1,0,1,145,0,BALD KNOB,13,3,March,2010,7,Saturday,23,50,0,4,4,7,43.14314444,-84.23372222,1,2,0,0,0,1,1
260087,26,MICHIGAN,MI,1,1,0,2,67,0,ABBEVILLE,16,3,March,2010,3,Tuesday,8,20,0,3,3,1,43.00166667,-84.87331111,59,1,0,0,0,1,1
260088,26,MICHIGAN,MI,1,1,0,1,125,5166,BROOKWOOD,17,3,March,2010,4,Wednesday,13,34,0,13,4,134,42.59166944,-83.43721389,42,1,0,0,0,1,1
260089,26,MICHIGAN,MI,2,2,0,2,25,0,BARLOW BEND,18,3,March,2010,5,Thursday,18,7,1,1,1,148,42.27861111,-84.99407500,31,1,0,0,0,1,0
260090,26,MICHIGAN,MI,2,2,0,2,115,0,ASHVILLE,19,2,February,2010,6,Friday,15,55,0,14,3,130,41.89475833,-83.41611667,12,1,0,0,0,1,0
260091,26,MICHIGAN,MI,1,1,1,2,49,686,COLLINSVILLE,11,3,March,2010,5,Thursday,23,40,0,15,6,33,42.98203889,-83.64751111,8,3,0,0,0,1,1
260092,26,MICHIGAN,MI,2,2,0,2,137,1542,ALCO,18,3,March,2010,5,Thursday,11,50,1,2,3,40,45.06129167,-84.78140833,12,1,0,0,0,1,0
260093,26,MICHIGAN,MI,3,3,0,7,99,1810,BEATRICE,14,3,March,2010,1,Sunday,15,31,0,13,3,76,42.54436944,-82.93120000,12,1,0,0,0,1,0
260094,26,MICHIGAN,MI,1,1,1,2,91,20,DAYTON,19,3,March,2010,6,Friday,20,2,0,15,6,4,41.89611111,-84.02269167,8,2,0,0,0,1,0
260095,26,MICHIGAN,MI,2,2,0,3,111,0,GRAHAM,26,2,February,2010,6,Friday,19,10,1,2,3,16,43.61040000,-84.57640278,12,2,0,0,0,1,0
260096,26,MICHIGAN,MI,1,1,0,1,77,0,ANDERSON,19,3,March,2010,6,Friday,9,0,1,13,3,26,42.31802778,-85.53331667,33,1,0,0,0,1,0
260097,26,MICHIGAN,MI,2,1,0,1,69,3725,ASHFORD,20,3,March,2010,7,Saturday,23,19,1,13,2,261,44.44802778,-83.33013889,34,3,0,0,0,1,0
260098,26,MICHIGAN,MI,1,1,0,1,39,0,ANDALUSIA,1,3,March,2010,2,Monday,17,30,0,6,4,30,44.76518611,-84.63594722,58,1,0,0,0,1,1
260099,26,MICHIGAN,MI,3,3,0,3,99,0,BEATRICE,18,3,March,2010,5,Thursday,21,39,0,4,4,4,42.80714444,-83.07468611,12,2,0,0,0,2,0
260100,26,MICHIGAN,MI,5,5,0,5,81,5089,AUBURN,24,3,March,2010,4,Wednesday,12,42,1,13,3,48,42.93922500,-85.77485556,12,1,0,0,0,1,0
260101,26,MICHIGAN,MI,2,2,1,2,91,0,DAYTON,17,3,March,2010,4,Wednesday,5,32,1,13,2,209,41.87493056,-84.04146111,8,2,0,0,0,1,0
260102,26,MICHIGAN,MI,1,1,0,2,23,305,BLADON SPRINGS,1,3,March,2010,2,Monday,10,33,0,13,2,141,41.93069444,-85.06753611,42,1,0,0,0,2,0
260103,26,MICHIGAN,MI,2,2,0,5,21,420,CHILTON,2,4,April,2010,6,Friday,11,50,1,13,3,38,42.09755833,-86.43465278,12,1,0,0,0,1,0
260104,26,MICHIGAN,MI,1,1,0,1,161,4430,DENTON,23,3,March,2010,3,Tuesday,2,56,0,14,6,11,42.18528611,-83.77355000,42,2,0,0,0,1,1
260105,26,MICHIGAN,MI,2,2,0,2,145,0,BALD KNOB,24,3,March,2010,4,Wednesday,15,20,1,13,3,136,43.41601667,-84.09977500,12,1,0,0,0,1,0
260106,26,MICHIGAN,MI,1,1,1,1,81,0,AUBURN,3,4,April,2010,7,Saturday,23,55,0,6,4,8,43.17529444,-85.63632500,8,2,0,0,0,1,0
260107,26,MICHIGAN,MI,1,1,2,2,77,2520,ANDERSON,6,4,April,2010,3,Tuesday,1,5,1,13,3,1,42.29826944,-85.56876944,9,3,0,0,0,1,0
260108,26,MICHIGAN,MI,1,1,1,1,81,0,AUBURN,18,3,March,2010,5,Thursday,23,1,1,11,1,14,42.95943056,-85.57399167,8,2,0,0,0,1,0
260109,26,MICHIGAN,MI,1,1,0,1,75,0,BEAVERTON,26,3,March,2010,6,Friday,0,59,0,6,4,20,42.27838611,-84.16517222,42,2,0,0,0,1,1
260110,26,MICHIGAN,MI,1,1,0,1,25,310,BARLOW BEND,2,4,April,2010,6,Friday,11,23,0,14,6,70,42.30508611,-85.16972222,33,1,0,0,0,1,1
260111,26,MICHIGAN,MI,1,1,1,1,49,1731,COLLINSVILLE,15,1,January,2010,6,Friday,23,11,1,13,3,92,43.00223056,-83.74695556,8,2,0,0,0,1,0
260112,26,MICHIGAN,MI,1,1,0,1,109,1180,ANSLEY,17,3,March,2010,4,Wednesday,9,7,0,4,4,50,45.46350556,-87.60532778,10,1,0,0,0,1,0
260113,26,MICHIGAN,MI,1,1,0,1,121,0,BON AIR,27,3,March,2010,7,Saturday,2,44,1,12,2,218,43.40433056,-86.30756389,35,2,0,0,0,1,1
260114,26,MICHIGAN,MI,2,2,0,2,87,0,ARMSTRONG,31,3,March,2010,4,Wednesday,18,19,0,3,3,240,43.22675556,-83.31387500,12,1,0,0,0,1,0
260115,26,MICHIGAN,MI,1,1,1,1,113,0,COTTONTON,1,4,April,2010,5,Thursday,5,50,0,3,3,31,44.20925000,-85.21436111,9,2,0,0,0,1,0
260116,26,MICHIGAN,MI,2,2,0,3,77,3727,ANDERSON,22,2,February,2010,2,Monday,13,37,0,14,4,34,42.25436389,-85.70178056,12,1,0,0,0,1,0
260117,26,MICHIGAN,MI,2,2,0,2,123,0,ALEXANDER CITY,17,3,March,2010,4,Wednesday,17,15,0,6,4,17,43.49765833,-85.93536667,12,1,0,0,0,1,1
260118,26,MICHIGAN,MI,1,1,0,1,127,0,BURNWELL,30,3,March,2010,3,Tuesday,21,10,0,4,4,71,43.80348333,-86.25838333,1,2,0,0,0,1,1
260119,26,MICHIGAN,MI,2,2,0,4,163,1210,AVERA,28,3,March,2010,1,Sunday,9,14,1,13,3,185,42.32927500,-83.18593333,12,1,0,0,0,1,0
260120,26,MICHIGAN,MI,1,1,0,6,121,1850,BON AIR,2,4,April,2010,6,Friday,14,30,1,12,2,53,43.19397500,-86.26003056,1,1,0,0,0,1,0
260122,26,MICHIGAN,MI,1,1,1,1,21,0,CHILTON,20,3,March,2010,7,Saturday,0,32,0,14,4,6,42.05901944,-86.49480278,8,3,0,0,0,1,0
260123,26,MICHIGAN,MI,2,2,0,2,49,1731,COLLINSVILLE,9,3,March,2010,3,Tuesday,13,39,0,14,4,26,43.00627778,-83.78276944,12,1,0,0,0,1,0
260124,26,MICHIGAN,MI,2,2,0,2,117,4566,BIRMINGHAM,31,3,March,2010,4,Wednesday,16,8,0,3,3,89,43.24904722,-85.07358056,12,1,0,0,0,1,0
260125,26,MICHIGAN,MI,2,2,0,3,139,0,CALION,7,4,April,2010,4,Wednesday,17,39,1,2,2,85,42.88523333,-86.12351111,12,1,0,0,0,1,0
260126,26,MICHIGAN,MI,1,1,1,1,145,0,BALD KNOB,29,3,March,2010,2,Monday,19,23,0,6,4,20,43.23588889,-83.82461667,9,1,0,0,0,1,1
260127,26,MICHIGAN,MI,2,2,0,2,137,0,ALCO,3,4,April,2010,7,Saturday,23,9,0,14,4,52,44.93130833,-84.68732778,12,2,0,0,0,1,1
260128,26,MICHIGAN,MI,1,1,0,1,65,1430,CYPRESS,16,4,April,2010,6,Friday,10,55,1,13,2,53,42.72395278,-84.51177778,18,1,0,0,0,1,0
260129,26,MICHIGAN,MI,1,1,1,4,81,5319,AUBURN,18,4,April,2010,1,Sunday,18,22,0,13,6,99,42.90376667,-85.66557778,8,1,0,0,0,1,0
260130,26,MICHIGAN,MI,1,1,0,1,77,4200,ANDERSON,31,3,March,2010,4,Wednesday,21,13,0,16,4,1,42.39438333,-85.42343333,34,2,0,0,0,1,1
260131,26,MICHIGAN,MI,1,1,0,1,51,0,CENTRAL,2,1,January,2010,7,Saturday,0,40,0,6,4,6,43.86304722,-84.31468333,1,2,0,0,0,1,1
260132,26,MICHIGAN,MI,1,1,1,1,161,0,DENTON,22,3,March,2010,2,Monday,22,14,0,13,4,26,42.23053611,-83.64863611,8,3,0,0,0,1,0
260133,26,MICHIGAN,MI,1,1,0,1,69,0,ASHFORD,1,4,April,2010,5,Thursday,99,99,0,6,4,17,44.38489722,-83.84913611,42,2,0,0,0,1,1
260134,26,MICHIGAN,MI,2,2,0,4,99,2934,BEATRICE,13,4,April,2010,3,Tuesday,17,38,0,14,4,62,42.65691667,-82.95404167,12,1,0,0,0,1,0
260135,26,MICHIGAN,MI,2,2,0,5,163,5140,AVERA,3,4,April,2010,7,Saturday,19,50,1,13,2,99,42.28338056,-83.36332500,12,1,0,0,0,1,1
260136,26,MICHIGAN,MI,2,2,0,2,155,0,IRWIN,2,4,April,2010,6,Friday,12,46,0,14,3,145,42.97336389,-84.18664167,12,1,0,0,0,1,0
260137,26,MICHIGAN,MI,3,3,0,5,77,2520,ANDERSON,26,4,April,2010,2,Monday,15,19,1,13,3,109,42.29474722,-85.57254167,12,1,0,0,0,1,0
260138,26,MICHIGAN,MI,1,1,0,2,25,310,BARLOW BEND,12,4,April,2010,2,Monday,13,8,0,14,3,7,42.35502222,-85.23066389,1,1,0,0,0,1,0
260139,26,MICHIGAN,MI,1,1,0,1,47,0,BROWNS,17,4,April,2010,7,Saturday,11,5,0,16,4,35,45.34141111,-84.95570556,1,1,0,0,0,1,0
260140,26,MICHIGAN,MI,4,4,0,4,125,4905,BROOKWOOD,12,3,March,2010,6,Friday,13,30,0,13,6,202,42.54939722,-83.08816667,12,1,0,0,0,1,0
260141,26,MICHIGAN,MI,2,2,0,2,125,5255,BROOKWOOD,13,4,April,2010,3,Tuesday,9,38,0,13,6,35,42.51181111,-83.53695556,12,1,0,0,0,1,0
260142,26,MICHIGAN,MI,1,1,0,1,145,0,BALD KNOB,6,2,February,2010,7,Saturday,5,22,0,3,3,15,43.28907778,-83.95295000,32,2,0,0,0,1,1
260143,26,MICHIGAN,MI,1,1,0,2,63,0,BOLIGEE,21,2,February,2010,1,Sunday,1,41,0,4,4,63,43.93536111,-83.12275278,5,2,0,0,0,1,1
260144,26,MICHIGAN,MI,2,2,0,3,125,0,BROOKWOOD,1,4,April,2010,5,Thursday,2,13,0,14,4,68,42.49974167,-83.56081111,12,2,0,0,0,1,1
260146,26,MICHIGAN,MI,1,1,1,1,65,0,CYPRESS,11,3,March,2010,5,Thursday,6,21,0,3,3,110,42.70659722,-84.35480833,9,2,0,0,0,1,0
260147,26,MICHIGAN,MI,1,1,0,1,5,0,BAKER HILL,10,2,February,2010,4,Wednesday,17,4,0,2,3,83,42.46241389,-85.73650000,52,5,0,0,0,1,0
260148,26,MICHIGAN,MI,2,2,1,5,145,0,BALD KNOB,15,4,April,2010,5,Thursday,17,12,0,4,4,151,43.37943889,-84.07192778,12,1,0,0,0,1,0
260149,26,MICHIGAN,MI,1,1,0,1,97,0,AXIS,26,2,February,2010,6,Friday,19,45,0,6,4,7,46.21807500,-85.82174167,42,3,0,0,0,1,1
260150,26,MICHIGAN,MI,2,2,0,2,53,0,ATMORE,2,2,February,2010,3,Tuesday,3,41,1,2,2,46,46.47757500,-90.10468056,12,3,0,0,0,1,1
260151,26,MICHIGAN,MI,1,1,1,1,49,686,COLLINSVILLE,26,3,March,2010,6,Friday,19,43,0,16,6,1,43.01916667,-83.58966111,9,5,0,0,0,1,0
260152,26,MICHIGAN,MI,1,1,1,1,163,4166,AVERA,31,3,March,2010,4,Wednesday,15,59,0,16,4,3,42.42305000,-83.29555000,15,1,0,0,0,1,0
260153,26,MICHIGAN,MI,1,1,2,1,145,0,BALD KNOB,2,4,April,2010,6,Friday,0,20,0,6,4,19,43.24262500,-83.87428611,8,2,0,0,0,2,0
260154,26,MICHIGAN,MI,3,3,0,6,103,3050,DANVILLE,24,4,April,2010,7,Saturday,10,7,1,13,2,223,46.52235833,-87.39009167,12,1,0,0,0,1,0
260155,26,MICHIGAN,MI,1,1,0,1,5,0,BAKER HILL,16,4,April,2010,6,Friday,15,10,0,4,4,55,42.49843611,-86.14880833,1,1,0,0,0,1,0
260156,26,MICHIGAN,MI,1,1,0,1,91,0,DAYTON,23,4,April,2010,6,Friday,11,30,0,6,4,9,41.88585833,-83.79375556,34,1,0,0,0,1,0
260157,26,MICHIGAN,MI,1,1,0,1,163,0,AVERA,2,2,February,2010,3,Tuesday,12,14,0,14,4,47,42.16674444,-83.31052778,30,1,0,0,0,1,1
260158,26,MICHIGAN,MI,4,4,0,4,67,0,ABBEVILLE,21,4,April,2010,4,Wednesday,8,19,0,4,4,66,42.87162500,-85.13419444,12,1,0,0,0,1,0
260159,26,MICHIGAN,MI,1,1,0,4,55,0,ATTALLA,24,4,April,2010,7,Saturday,2,45,0,4,4,34,44.69388889,-85.73841944,59,2,0,0,0,1,1
260160,26,MICHIGAN,MI,1,1,0,2,49,0,COLLINSVILLE,25,1,January,2010,2,Monday,19,42,0,15,4,16,42.81035556,-83.72735278,42,2,0,0,0,1,1
260161,26,MICHIGAN,MI,2,2,2,5,163,738,AVERA,21,4,April,2010,4,Wednesday,21,41,1,13,2,62,42.27968333,-83.43226667,8,2,0,0,0,1,1
260162,26,MICHIGAN,MI,2,2,0,3,163,738,AVERA,25,4,April,2010,1,Sunday,16,35,1,13,2,56,42.28030833,-83.43860833,12,1,0,0,0,1,0
260163,26,MICHIGAN,MI,1,1,0,2,81,0,AUBURN,18,4,April,2010,1,Sunday,15,4,0,4,3,147,42.92913056,-85.43095278,1,1,0,0,0,1,0
260164,26,MICHIGAN,MI,1,1,0,1,163,1260,AVERA,11,4,April,2010,1,Sunday,5,48,0,13,6,45,42.39500278,-83.15940278,30,4,0,0,0,1,1
260165,26,MICHIGAN,MI,1,1,1,2,75,2500,BEAVERTON,23,4,April,2010,6,Friday,21,3,0,14,6,15,42.24956944,-84.43320833,8,3,0,0,0,1,0
260166,26,MICHIGAN,MI,1,1,0,1,117,0,BIRMINGHAM,8,5,May,2010,7,Saturday,16,28,0,6,4,43,43.44185833,-84.86573611,1,1,0,0,0,1,1
260167,26,MICHIGAN,MI,1,1,1,3,55,0,ATTALLA,21,4,April,2010,4,Wednesday,21,36,1,13,2,62,44.66495000,-85.69376389,8,2,0,0,0,1,0
260168,26,MICHIGAN,MI,2,2,0,6,55,0,ATTALLA,25,4,April,2010,1,Sunday,15,4,0,4,4,40,44.57015556,-85.51614444,12,1,0,0,0,1,0
260169,26,MICHIGAN,MI,2,2,0,4,15,0,ANNISTON,26,2,February,2010,6,Friday,12,49,0,14,3,21,42.64648333,-85.31977500,12,1,0,0,0,1,0
260170,26,MICHIGAN,MI,2,2,0,2,125,4905,BROOKWOOD,26,4,April,2010,2,Monday,12,20,0,14,6,11,42.56432222,-83.14779167,12,1,0,0,0,1,0
260171,26,MICHIGAN,MI,1,1,0,1,109,0,ANSLEY,27,3,March,2010,7,Saturday,16,43,0,6,4,44,45.57232500,-87.78185556,35,1,0,0,0,1,1
260172,26,MICHIGAN,MI,1,1,0,1,21,0,CHILTON,29,4,April,2010,5,Thursday,1,37,0,14,4,26,41.82801111,-86.33824167,42,3,0,0,0,1,0
260173,26,MICHIGAN,MI,1,1,0,2,111,0,GRAHAM,4,5,May,2010,3,Tuesday,6,30,0,6,4,65,43.72051944,-84.22699444,53,4,0,0,0,1,1
260174,26,MICHIGAN,MI,1,1,0,1,141,0,BEE BRANCH,30,3,March,2010,3,Tuesday,21,57,0,4,4,42,45.28788611,-83.85615278,34,2,0,0,0,1,1
260176,26,MICHIGAN,MI,1,1,0,1,5,0,BAKER HILL,31,3,March,2010,4,Wednesday,18,49,0,6,4,74,42.47967778,-85.84796111,18,1,0,0,0,1,1
260177,26,MICHIGAN,MI,2,2,0,3,121,0,BON AIR,9,3,March,2010,3,Tuesday,11,19,1,13,2,24,43.25443889,-86.22364167,12,1,0,0,0,1,0
260178,26,MICHIGAN,MI,1,1,1,1,145,0,BALD KNOB,3,5,May,2010,2,Monday,22,27,0,4,4,16,43.15573056,-83.98866667,8,2,0,0,0,1,0
260179,26,MICHIGAN,MI,2,2,0,4,125,5255,BROOKWOOD,21,4,April,2010,4,Wednesday,16,25,0,14,6,5,42.53156389,-83.53643333,12,1,0,0,0,1,0
260180,26,MICHIGAN,MI,2,2,0,2,147,0,AUGUSTA,3,5,May,2010,2,Monday,11,5,0,14,4,86,42.95723056,-82.50213056,12,1,0,0,0,1,0
260181,26,MICHIGAN,MI,1,1,2,1,21,0,CHILTON,9,5,May,2010,1,Sunday,2,8,0,14,4,18,42.10156667,-86.43135278,8,2,0,0,0,1,1
260182,26,MICHIGAN,MI,1,1,0,1,125,0,BROOKWOOD,20,2,February,2010,7,Saturday,19,0,1,11,1,295,42.73608889,-83.37960278,21,2,0,0,0,1,0