ST_CASE,STATE,State Name,State Abbreviation,# of Vehicle involved,VE_FORMS,Pedestrains,Total_Persons_in_accident,COUNTY,CITY,City_County_Name,Calendar_DAY,MONTH,Month_name,YEAR,DAY_WEEK,Day_Week_desc,HOUR,MINUTE,NHS_Desc,trafficway,Route,MILEPT,LATITUDE,LONGITUD,First_Crash_event,Light_cond_desc,Weather_condition,School_bus_involved,Crash_cause,FATALS,DRUNK_DR
260183,26,MICHIGAN,MI,3,3,0,4,21,0,CHILTON,15,4,April,2010,5,Thursday,16,10,0,4,4,85,41.94320000,-86.39813056,12,1,0,0,0,1,0
260184,26,MICHIGAN,MI,1,1,1,2,81,2010,AUBURN,10,5,May,2010,2,Monday,20,30,0,13,6,63,42.96217778,-85.67415556,8,1,0,0,0,1,0
260185,26,MICHIGAN,MI,1,1,1,1,99,2181,BEATRICE,9,5,May,2010,1,Sunday,9,9,0,14,4,97,42.57048056,-82.83351389,8,9,0,0,0,1,1
260186,26,MICHIGAN,MI,1,1,0,4,21,0,CHILTON,16,5,May,2010,1,Sunday,5,38,1,13,3,41,42.10167778,-86.43443333,30,3,0,0,0,1,0
260187,26,MICHIGAN,MI,1,1,1,1,127,2250,BURNWELL,25,4,April,2010,1,Sunday,13,18,0,3,3,233,43.56859167,-86.04375833,9,1,0,0,0,1,0
260188,26,MICHIGAN,MI,2,2,0,2,49,0,COLLINSVILLE,30,4,April,2010,6,Friday,17,41,0,16,4,2,43.09266667,-83.70326944,12,1,0,0,0,1,1
260189,26,MICHIGAN,MI,1,1,0,2,163,4975,AVERA,3,4,April,2010,7,Saturday,23,2,1,11,1,10,42.21898333,-83.53140278,34,2,0,0,0,1,1
260191,26,MICHIGAN,MI,2,2,0,2,21,0,CHILTON,15,5,May,2010,7,Saturday,2,21,1,11,1,28,42.06616111,-86.44053889,12,2,0,0,0,1,2
260194,26,MICHIGAN,MI,1,1,0,1,163,1260,AVERA,13,5,May,2010,5,Thursday,10,21,1,13,3,67,42.44499444,-83.19112778,30,1,0,0,0,1,0
260195,26,MICHIGAN,MI,2,2,0,4,57,550,BANKSTON,3,3,March,2010,4,Wednesday,11,5,1,2,3,204,43.40800833,-84.43915833,12,1,0,0,0,1,0
260196,26,MICHIGAN,MI,2,2,0,2,125,4020,BROOKWOOD,25,3,March,2010,5,Thursday,6,54,0,13,6,23,42.67787222,-83.30068333,12,3,0,0,0,1,0
260197,26,MICHIGAN,MI,1,1,0,1,67,0,ABBEVILLE,19,5,May,2010,4,Wednesday,23,55,0,4,4,19,42.94013611,-85.18026389,42,2,0,0,0,1,0
260198,26,MICHIGAN,MI,2,1,0,1,121,3450,BON AIR,23,5,May,2010,1,Sunday,12,51,1,13,6,23,43.21968056,-86.23588333,14,1,0,0,0,1,1
260199,26,MICHIGAN,MI,2,2,0,4,147,926,AUGUSTA,22,5,May,2010,7,Saturday,13,23,0,4,4,36,42.75675833,-82.55158056,12,1,0,0,0,1,0
260200,26,MICHIGAN,MI,1,1,1,1,145,4350,BALD KNOB,12,5,May,2010,4,Wednesday,21,44,0,14,6,21,43.38667222,-83.92856111,9,2,0,0,0,1,0
260201,26,MICHIGAN,MI,1,1,1,3,163,0,AVERA,17,4,April,2010,7,Saturday,6,11,1,11,1,2,42.09698056,-83.37721944,8,4,0,0,0,1,0
260202,26,MICHIGAN,MI,2,2,0,5,35,0,BROOKLYN,19,5,May,2010,4,Wednesday,15,20,0,3,3,14,43.83491389,-84.76834167,12,1,0,0,0,1,1
260203,26,MICHIGAN,MI,1,1,0,1,161,0,DENTON,24,5,May,2010,2,Monday,6,0,0,4,4,1,42.08201111,-83.82278611,43,4,0,0,0,1,0
260204,26,MICHIGAN,MI,2,2,0,2,163,2850,AVERA,22,2,February,2010,2,Monday,10,4,0,14,6,26,42.35500000,-83.32153056,12,1,0,0,0,1,0
260205,26,MICHIGAN,MI,2,2,0,2,91,0,DAYTON,2,5,May,2010,1,Sunday,0,18,0,15,4,9,41.92468056,-84.09435556,12,2,0,0,0,2,2
260206,26,MICHIGAN,MI,2,2,0,2,81,2010,AUBURN,15,5,May,2010,7,Saturday,11,20,1,12,2,153,42.98321667,-85.67699722,12,1,0,0,0,1,0
260207,26,MICHIGAN,MI,2,2,0,3,47,0,BROWNS,20,5,May,2010,5,Thursday,13,24,0,4,4,75,45.67228889,-84.87640278,12,1,0,0,0,1,0
260208,26,MICHIGAN,MI,1,1,0,2,73,0,ARGO,16,5,May,2010,1,Sunday,19,20,0,4,4,26,43.50406667,-84.68744444,5,1,0,0,0,1,1
260209,26,MICHIGAN,MI,2,2,0,2,75,0,BEAVERTON,19,5,May,2010,4,Wednesday,12,14,0,6,4,87,42.40675833,-84.62534722,12,1,0,0,0,1,0
260210,26,MICHIGAN,MI,1,1,0,1,151,0,FLIPPEN,19,3,March,2010,6,Friday,12,33,0,3,3,166,43.40147778,-82.54114167,32,1,0,0,0,1,0
260211,26,MICHIGAN,MI,1,1,1,2,45,890,ARITON,16,4,April,2010,6,Friday,22,5,0,14,3,188,42.57038611,-84.83597500,8,2,0,0,0,1,0
260212,26,MICHIGAN,MI,2,2,0,2,15,0,ANNISTON,23,4,April,2010,6,Friday,8,32,0,4,4,42,42.66022222,-85.54466944,12,1,0,0,0,1,0
260213,26,MICHIGAN,MI,1,1,0,2,21,0,CHILTON,27,5,May,2010,5,Thursday,16,38,1,1,1,132,41.89969722,-86.58981667,1,1,0,0,0,1,0
260214,26,MICHIGAN,MI,2,2,0,3,81,0,AUBURN,30,5,May,2010,1,Sunday,12,20,0,4,4,53,43.00155556,-85.41091111,12,1,0,0,0,1,0
260215,26,MICHIGAN,MI,1,1,0,1,47,0,BROWNS,28,4,April,2010,4,Wednesday,21,35,0,6,4,20,45.46070278,-84.99568333,42,5,0,0,0,1,0
260216,26,MICHIGAN,MI,1,1,0,3,99,4521,BEATRICE,22,5,May,2010,7,Saturday,20,36,0,14,4,60,42.65649722,-82.97458611,31,1,0,0,0,1,0
260217,26,MICHIGAN,MI,1,1,0,2,49,0,COLLINSVILLE,30,5,May,2010,1,Sunday,2,59,0,6,4,128,43.16523333,-83.61011944,1,2,0,0,0,1,1
260218,26,MICHIGAN,MI,2,2,0,2,93,0,BEAR CREEK,2,6,June,2010,4,Wednesday,10,6,1,3,3,78,42.63034444,-83.84675556,12,1,0,0,0,1,0
260219,26,MICHIGAN,MI,1,1,0,2,59,0,FRANKLIN,9,5,May,2010,1,Sunday,1,37,0,4,4,107,41.85568889,-84.63163333,42,2,0,0,0,2,1
260220,26,MICHIGAN,MI,2,2,0,3,99,0,BEATRICE,28,5,May,2010,6,Friday,19,15,0,3,4,18,42.80163611,-83.06335556,12,1,0,0,0,1,0
260221,26,MICHIGAN,MI,3,3,0,7,19,0,CEDAR BLUFF,13,5,May,2010,5,Thursday,14,31,1,2,2,235,44.65883889,-85.81976667,12,1,0,0,0,1,0
260222,26,MICHIGAN,MI,1,1,1,4,49,1730,COLLINSVILLE,15,5,May,2010,7,Saturday,0,15,0,16,6,3,43.07307222,-83.70792500,8,3,0,0,0,1,0
260223,26,MICHIGAN,MI,1,1,0,2,81,0,AUBURN,23,5,May,2010,1,Sunday,7,40,0,14,3,158,42.92531111,-85.41011944,35,1,0,0,0,2,0
260224,26,MICHIGAN,MI,3,3,0,3,99,2181,BEATRICE,21,5,May,2010,6,Friday,10,22,0,16,4,4,42.59686667,-82.82146389,12,1,0,0,0,1,0
260225,26,MICHIGAN,MI,2,2,0,4,75,0,BEAVERTON,30,5,May,2010,1,Sunday,21,26,0,13,4,138,42.22553056,-84.46241944,12,2,0,0,0,1,0
260226,26,MICHIGAN,MI,1,1,1,2,21,0,CHILTON,3,6,June,2010,5,Thursday,22,24,1,11,1,260,42.05448611,-86.47708056,8,2,0,0,0,1,0
260227,26,MICHIGAN,MI,2,2,1,2,75,4648,BEAVERTON,18,2,February,2010,5,Thursday,19,50,0,4,4,61,42.16748333,-84.52968889,8,2,0,0,0,1,0
260228,26,MICHIGAN,MI,2,2,0,2,165,0,HERNDON,5,5,May,2010,4,Wednesday,0,10,1,13,3,230,44.25246389,-85.46148333,12,3,0,0,0,1,0
260229,26,MICHIGAN,MI,1,1,0,3,19,0,CEDAR BLUFF,11,5,May,2010,3,Tuesday,16,54,0,4,4,3,44.54657222,-85.99857222,1,1,0,0,0,1,0
260230,26,MICHIGAN,MI,2,2,0,3,163,1210,AVERA,17,5,May,2010,2,Monday,8,51,0,13,6,17,42.29694167,-83.26039167,12,1,0,0,0,1,0
260231,26,MICHIGAN,MI,1,1,0,2,73,0,ARGO,14,5,May,2010,6,Friday,15,30,0,6,4,77,43.57568333,-84.88758333,34,1,0,0,0,1,0
260232,26,MICHIGAN,MI,2,2,0,2,163,2850,AVERA,21,5,May,2010,6,Friday,15,56,0,13,6,7,42.42517778,-83.41989167,12,1,0,0,0,1,0
260233,26,MICHIGAN,MI,1,1,0,1,115,0,ASHVILLE,20,5,May,2010,5,Thursday,2,48,0,13,3,132,41.89694167,-83.43189167,42,2,0,0,0,1,1
260234,26,MICHIGAN,MI,2,2,0,2,125,1650,BROOKWOOD,1,6,June,2010,3,Tuesday,12,13,0,14,6,3,42.44463056,-83.37547500,12,1,0,0,0,1,0
260235,26,MICHIGAN,MI,2,2,0,2,125,4905,BROOKWOOD,4,6,June,2010,6,Friday,0,8,1,11,1,144,42.60493611,-83.19008611,12,2,0,0,0,1,1
260236,26,MICHIGAN,MI,1,1,0,1,145,0,BALD KNOB,13,6,June,2010,1,Sunday,1,29,0,15,4,110,43.49923889,-84.11624722,53,2,0,0,0,1,1
260237,26,MICHIGAN,MI,1,1,0,1,105,0,MARION,13,6,June,2010,1,Sunday,6,40,0,4,4,39,43.87282778,-86.05893889,53,2,0,0,0,1,1
260238,26,MICHIGAN,MI,1,1,1,1,163,1260,AVERA,27,1,January,2010,4,Wednesday,19,54,0,13,6,19,42.34383056,-83.06601944,15,2,0,0,0,1,0
260239,26,MICHIGAN,MI,2,2,0,4,163,1260,AVERA,29,1,January,2010,6,Friday,20,8,0,14,6,30,42.42377222,-83.06715556,12,3,0,0,0,1,0
260240,26,MICHIGAN,MI,1,1,0,1,49,0,COLLINSVILLE,8,2,February,2010,2,Monday,13,20,0,6,4,4,43.19195833,-83.69523056,21,1,0,0,0,1,0
260241,26,MICHIGAN,MI,1,1,1,1,163,1260,AVERA,7,2,February,2010,1,Sunday,2,30,1,13,3,145,42.27095833,-83.15999167,8,3,0,0,0,1,0
260242,26,MICHIGAN,MI,1,1,0,1,163,1260,AVERA,20,2,February,2010,7,Saturday,4,48,0,16,6,6,42.36444722,-82.99379722,42,3,0,0,0,1,1
260243,26,MICHIGAN,MI,3,3,0,7,163,1260,AVERA,20,2,February,2010,7,Saturday,10,30,1,13,6,29,42.37958889,-83.03429167,12,1,0,0,0,2,0
260244,26,MICHIGAN,MI,1,1,1,1,163,1260,AVERA,2,3,March,2010,3,Tuesday,5,30,1,13,6,60,42.37955278,-83.13924444,8,2,0,0,0,1,0
260245,26,MICHIGAN,MI,1,1,0,2,163,1260,AVERA,18,3,March,2010,5,Thursday,2,5,0,13,6,37,42.32850833,-83.07898333,30,3,0,0,0,1,0
260246,26,MICHIGAN,MI,2,2,0,2,125,4020,BROOKWOOD,8,4,April,2010,5,Thursday,23,39,0,14,6,11,42.63473611,-83.26989444,12,2,0,0,0,1,1
260247,26,MICHIGAN,MI,2,2,0,3,149,0,BELLEVILLE,13,1,January,2010,4,Wednesday,17,25,0,3,3,112,41.91901667,-85.40976667,12,1,0,0,0,1,0
260248,26,MICHIGAN,MI,2,2,0,3,99,5110,BEATRICE,3,4,April,2010,7,Saturday,14,40,1,13,6,71,42.53138056,-83.04799722,12,1,0,0,0,1,0
260249,26,MICHIGAN,MI,1,1,1,2,49,0,COLLINSVILLE,8,5,May,2010,7,Saturday,0,44,0,14,4,71,43.10476667,-83.71203333,8,3,0,0,0,1,0
260250,26,MICHIGAN,MI,1,1,1,1,163,633,AVERA,13,5,May,2010,5,Thursday,10,30,1,11,1,18,42.09169444,-83.24191111,8,1,0,0,0,1,0
260251,26,MICHIGAN,MI,2,2,0,3,81,2010,AUBURN,20,5,May,2010,5,Thursday,9,10,1,11,2,146,42.97277778,-85.67723333,33,1,0,0,0,1,0
260252,26,MICHIGAN,MI,1,1,1,1,49,0,COLLINSVILLE,21,5,May,2010,6,Friday,2,23,0,14,4,121,42.94519167,-83.62012500,8,3,0,0,0,1,0
260253,26,MICHIGAN,MI,1,1,0,2,93,0,BEAR CREEK,23,5,May,2010,1,Sunday,15,21,1,2,2,1,42.52333333,-83.75567778,52,1,0,0,0,1,0
260254,26,MICHIGAN,MI,1,1,1,1,67,2440,ABBEVILLE,25,5,May,2010,3,Tuesday,18,58,0,15,6,7,42.98345833,-85.06498333,9,1,0,0,0,1,0
260255,26,MICHIGAN,MI,1,1,0,1,101,0,BOYLSTON,28,5,May,2010,6,Friday,18,3,0,6,4,5,44.37741111,-85.86016944,42,1,0,0,0,1,0
260256,26,MICHIGAN,MI,1,1,0,1,9,0,BLOUNT,29,5,May,2010,7,Saturday,3,0,0,6,4,3,45.10014167,-85.24703611,34,3,0,0,0,1,1
260257,26,MICHIGAN,MI,1,1,1,1,121,3450,BON AIR,29,5,May,2010,7,Saturday,1,3,1,13,3,22,43.23420833,-86.20588333,8,3,0,0,0,1,1
260258,26,MICHIGAN,MI,2,2,0,2,159,0,FARRAR,14,1,January,2010,5,Thursday,18,15,0,3,3,24,42.30286389,-85.84289722,53,2,0,0,0,1,1
260259,26,MICHIGAN,MI,1,1,0,2,163,1260,AVERA,14,1,January,2010,5,Thursday,0,8,1,11,1,153,42.38515556,-83.15506944,39,3,0,0,0,1,1
260260,26,MICHIGAN,MI,1,1,1,1,163,5140,AVERA,15,3,March,2010,2,Monday,12,40,0,13,6,32,42.34364444,-83.19900556,8,1,0,0,0,1,0
260261,26,MICHIGAN,MI,1,1,1,1,163,1260,AVERA,6,3,March,2010,7,Saturday,18,58,0,14,6,15,42.37506667,-83.12096667,8,3,0,0,0,1,0
260263,26,MICHIGAN,MI,5,5,0,8,163,1260,AVERA,30,3,March,2010,3,Tuesday,18,10,0,16,6,5,42.40850000,-83.21065000,12,1,0,0,0,1,0
260264,26,MICHIGAN,MI,2,2,0,4,115,0,ASHVILLE,4,4,April,2010,1,Sunday,7,38,0,4,4,35,41.85923889,-83.68231389,12,4,0,0,0,2,0
260265,26,MICHIGAN,MI,2,2,0,4,163,1260,AVERA,29,4,April,2010,5,Thursday,15,15,0,14,6,14,42.37600000,-83.10345278,12,1,0,0,0,1,1
260266,26,MICHIGAN,MI,2,2,0,2,163,1260,AVERA,2,4,April,2010,6,Friday,1,15,0,13,6,154,42.37173056,-83.25365000,12,3,0,0,0,1,0
260267,26,MICHIGAN,MI,1,1,1,1,163,1260,AVERA,4,4,April,2010,1,Sunday,22,40,1,13,3,79,42.43489167,-82.97781944,8,2,0,0,0,1,0
260268,26,MICHIGAN,MI,2,2,0,3,163,1260,AVERA,4,4,April,2010,1,Sunday,2,19,1,13,6,52,42.34658889,-83.09618056,12,3,0,0,0,2,2
260269,26,MICHIGAN,MI,2,2,0,2,163,4766,AVERA,2,4,April,2010,6,Friday,21,35,0,14,4,17,42.17305278,-83.43210278,12,2,0,0,0,1,1
260270,26,MICHIGAN,MI,1,1,0,2,163,1260,AVERA,20,5,May,2010,5,Thursday,15,0,0,16,6,1,42.30707778,-83.12108333,33,1,0,1,0,1,0
260271,26,MICHIGAN,MI,1,1,0,1,81,0,AUBURN,30,5,May,2010,1,Sunday,21,55,1,2,2,380,43.28110556,-85.54126667,1,6,0,0,0,1,1
260272,26,MICHIGAN,MI,3,3,0,3,75,0,BEAVERTON,18,5,May,2010,3,Tuesday,9,42,1,11,1,289,42.29268889,-84.16047222,12,1,0,0,0,1,0
260273,26,MICHIGAN,MI,1,1,1,1,99,4330,BEATRICE,29,5,May,2010,7,Saturday,23,8,1,1,1,5,42.52714722,-82.91711111,9,3,0,0,0,1,1
260274,26,MICHIGAN,MI,1,1,0,1,65,0,CYPRESS,2,6,June,2010,4,Wednesday,18,6,0,4,4,90,42.74223611,-84.31758056,34,1,0,0,0,1,1
260275,26,MICHIGAN,MI,2,2,0,2,163,1260,AVERA,6,6,June,2010,1,Sunday,3,10,1,11,1,192,42.30371389,-83.11389444,12,3,0,0,0,1,1
260276,26,MICHIGAN,MI,1,1,0,4,93,0,BEAR CREEK,3,6,June,2010,5,Thursday,7,16,1,11,1,1,42.53321389,-83.76636667,1,1,0,0,0,1,0
260277,26,MICHIGAN,MI,3,3,0,6,163,5176,AVERA,9,6,June,2010,4,Wednesday,13,5,0,14,6,84,42.31004167,-83.38113889,12,1,0,0,0,1,0
260278,26,MICHIGAN,MI,3,3,0,3,25,310,BARLOW BEND,8,6,June,2010,3,Tuesday,17,38,0,14,3,17,42.35752778,-85.26860278,12,1,0,0,0,1,0
260279,26,MICHIGAN,MI,2,2,0,3,139,0,CALION,9,6,June,2010,4,Wednesday,17,30,0,14,4,12,42.82619444,-86.11757778,12,1,0,0,0,1,0
260280,26,MICHIGAN,MI,2,2,0,2,49,686,COLLINSVILLE,10,6,June,2010,5,Thursday,13,55,0,13,6,32,42.97646944,-83.63332778,12,1,0,0,0,1,0
260281,26,MICHIGAN,MI,2,2,0,2,77,1084,ANDERSON,11,6,June,2010,6,Friday,6,21,0,3,4,10,42.25256389,-85.41374444,12,4,0,0,0,1,1
260282,26,MICHIGAN,MI,1,1,0,1,159,0,FARRAR,13,6,June,2010,1,Sunday,19,48,0,5,4,51,42.14388611,-85.86736389,42,1,0,0,0,1,0
260283,26,MICHIGAN,MI,1,1,1,1,125,4020,BROOKWOOD,13,6,June,2010,1,Sunday,2,9,1,13,3,202,42.63617778,-83.30662222,8,2,0,0,0,1,0
260284,26,MICHIGAN,MI,1,1,0,1,81,6,AUBURN,16,6,June,2010,4,Wednesday,5,40,0,15,4,64,43.02680278,-85.53031389,18,2,0,0,0,1,0
260285,26,MICHIGAN,MI,2,2,0,4,121,1850,BON AIR,16,6,June,2010,4,Wednesday,19,3,0,15,4,21,43.17575000,-86.16552500,12,1,0,0,0,1,1
260286,26,MICHIGAN,MI,1,1,0,1,121,0,BON AIR,18,6,June,2010,6,Friday,17,35,1,12,2,5,43.25759722,-86.21100556,24,1,0,0,0,1,0
260287,26,MICHIGAN,MI,1,1,0,1,17,0,CHAMBERS,20,6,June,2010,1,Sunday,99,99,0,6,4,10,43.66651111,-83.96974167,1,2,0,0,0,1,1
260288,26,MICHIGAN,MI,2,2,0,2,93,0,BEAR CREEK,18,6,June,2010,6,Friday,10,23,1,1,1,9,42.65065000,-84.13160278,12,1,0,0,0,1,1
260289,26,MICHIGAN,MI,1,1,0,1,139,0,CALION,19,6,June,2010,7,Saturday,16,22,1,1,1,46,43.07231389,-86.06767778,1,1,0,0,0,1,0
260290,26,MICHIGAN,MI,1,1,0,1,65,2700,CYPRESS,8,6,June,2010,3,Tuesday,10,57,0,13,6,76,42.75434167,-84.56788333,33,1,0,0,0,1,0
260291,26,MICHIGAN,MI,2,2,0,3,163,1260,AVERA,30,6,June,2010,4,Wednesday,1,35,0,13,6,158,42.37184444,-83.24620833,12,3,0,0,0,2,1
260292,26,MICHIGAN,MI,2,2,0,2,163,1260,AVERA,12,7,July,2010,2,Monday,0,15,0,13,6,106,42.41948333,-83.19943611,12,3,0,0,0,1,1
260293,26,MICHIGAN,MI,1,1,1,1,163,1260,AVERA,25,4,April,2010,1,Sunday,20,44,1,11,1,238,42.33234167,-83.13833611,8,3,0,0,0,1,0
260294,26,MICHIGAN,MI,2,2,0,2,33,3945,CHEROKEE,22,6,June,2010,3,Tuesday,8,45,0,3,3,136,46.26885833,-84.36351944,12,1,0,0,0,1,1
260295,26,MICHIGAN,MI,1,1,1,1,163,4220,AVERA,13,5,May,2010,5,Thursday,11,34,0,16,6,1,42.26261111,-83.14912500,8,1,0,0,0,1,0
260296,26,MICHIGAN,MI,2,2,0,2,99,5110,BEATRICE,19,5,May,2010,4,Wednesday,6,42,1,13,6,56,42.52869722,-83.04747778,12,1,0,0,0,1,0
260297,26,MICHIGAN,MI,2,2,0,2,115,0,ASHVILLE,25,5,May,2010,3,Tuesday,13,48,0,3,3,124,41.94306111,-83.53492222,12,1,0,0,0,1,0
260298,26,MICHIGAN,MI,1,1,0,1,11,0,BULLOCK,28,5,May,2010,6,Friday,2,29,0,4,4,116,44.07550000,-84.01590556,1,2,0,0,0,1,1
260299,26,MICHIGAN,MI,1,1,0,4,119,0,BELLAMY,2,5,May,2010,1,Sunday,1,53,0,4,4,52,45.10791667,-83.94171111,30,2,0,0,0,1,1
260300,26,MICHIGAN,MI,2,2,0,1,21,0,CHILTON,14,5,May,2010,6,Friday,1,58,0,13,3,23,41.79443333,-86.24921667,12,3,0,0,0,1,0
260301,26,MICHIGAN,MI,1,1,0,1,49,1730,COLLINSVILLE,4,5,May,2010,3,Tuesday,15,15,0,16,6,3,43.03661389,-83.67075833,1,1,0,0,0,1,0
260302,26,MICHIGAN,MI,1,1,0,1,39,0,ANDALUSIA,31,5,May,2010,2,Monday,22,26,0,3,3,138,44.61455556,-84.44733333,11,2,0,0,0,1,0
260303,26,MICHIGAN,MI,1,1,1,1,81,2010,AUBURN,3,6,June,2010,5,Thursday,16,7,0,13,6,24,42.98439444,-85.61913056,8,1,0,0,0,1,0
260304,26,MICHIGAN,MI,1,1,0,2,39,0,ANDALUSIA,11,6,June,2010,6,Friday,23,54,1,1,1,180,44.75834444,-84.70807778,42,2,0,0,0,1,0
260305,26,MICHIGAN,MI,1,1,0,5,129,0,BIGBEE,12,6,June,2010,7,Saturday,0,21,0,6,4,1,44.17758056,-84.04532500,42,2,0,0,0,1,1
260306,26,MICHIGAN,MI,1,1,0,1,97,0,AXIS,18,6,June,2010,6,Friday,2,20,0,4,4,73,46.19131389,-85.73958056,35,2,0,0,0,1,1
260307,26,MICHIGAN,MI,3,3,0,10,79,0,COURTLAND,17,6,June,2010,5,Thursday,16,34,1,2,2,176,44.80428056,-85.14527222,12,1,0,0,0,1,0
260309,26,MICHIGAN,MI,2,2,0,2,147,4060,AUGUSTA,22,6,June,2010,3,Tuesday,22,35,1,12,1,1,42.99507222,-82.44416111,12,1,0,0,0,1,0
260310,26,MICHIGAN,MI,2,2,0,2,161,0,DENTON,24,6,June,2010,5,Thursday,20,13,0,13,2,4,42.25611389,-83.54408889,12,1,0,0,0,1,0
260311,26,MICHIGAN,MI,3,3,0,3,75,0,BEAVERTON,25,6,June,2010,6,Friday,17,39,0,4,4,50,42.26549444,-84.20412222,12,1,0,0,0,1,0
260312,26,MICHIGAN,MI,1,1,1,1,147,0,AUGUSTA,24,6,June,2010,5,Thursday,20,19,0,6,4,100,43.01500278,-82.77171389,9,1,0,0,0,1,0
260313,26,MICHIGAN,MI,1,1,0,2,161,0,DENTON,18,6,June,2010,6,Friday,21,20,0,4,4,61,42.39118333,-83.96863333,18,2,0,0,0,1,0
260314,26,MICHIGAN,MI,2,2,0,2,163,2850,AVERA,25,6,June,2010,6,Friday,14,2,1,13,6,146,42.42657500,-83.35535556,12,1,0,0,0,1,0
260315,26,MICHIGAN,MI,2,2,0,3,47,0,BROWNS,25,6,June,2010,6,Friday,13,49,1,1,1,1,45.76364722,-84.73339167,24,1,0,0,0,1,0
260316,26,MICHIGAN,MI,1,1,1,1,115,1340,ASHVILLE,18,3,March,2010,5,Thursday,22,49,1,2,2,165,41.95635278,-83.67203056,9,2,0,0,0,1,1
260317,26,MICHIGAN,MI,1,1,0,1,153,0,BONAIRE,17,4,April,2010,7,Saturday,16,20,0,4,4,81,46.15369167,-85.99941111,42,1,0,0,0,1,1
260318,26,MICHIGAN,MI,1,1,0,1,163,1212,AVERA,26,6,June,2010,7,Saturday,15,24,0,14,6,95,42.33917778,-83.26027778,33,1,0,0,0,1,0
260319,26,MICHIGAN,MI,2,2,0,6,81,0,AUBURN,25,6,June,2010,6,Friday,14,45,0,14,4,171,42.81240000,-85.44661944,12,1,0,0,0,4,0
260320,26,MICHIGAN,MI,2,2,0,2,47,0,BROWNS,16,7,July,2010,6,Friday,17,19,1,2,2,81,45.42186667,-84.82470000,12,1,0,0,0,1,0
260321,26,MICHIGAN,MI,1,1,0,3,145,0,BALD KNOB,16,7,July,2010,6,Friday,18,37,0,6,4,134,43.32159444,-84.34998611,42,1,0,0,0,2,1
260322,26,MICHIGAN,MI,1,1,0,3,21,0,CHILTON,17,7,July,2010,7,Saturday,2,22,0,4,4,71,42.09107778,-86.34927778,1,2,0,0,0,1,1
260323,26,MICHIGAN,MI,2,1,1,1,123,0,ALEXANDER CITY,24,5,May,2010,2,Monday,14,20,0,6,5,99999,99.99990000,999.99990000,14,1,0,0,0,1,0
260324,26,MICHIGAN,MI,1,1,0,1,129,0,BIGBEE,16,6,June,2010,4,Wednesday,16,14,0,4,4,101,44.30722778,-83.92286389,42,1,0,0,0,1,1
260325,26,MICHIGAN,MI,3,3,0,3,55,0,ATTALLA,16,6,June,2010,4,Wednesday,15,8,0,2,3,36,44.60669444,-85.65585556,12,1,0,0,0,1,0
260326,26,MICHIGAN,MI,2,2,0,2,81,5319,AUBURN,17,6,June,2010,5,Thursday,9,5,1,11,1,63,42.94510556,-85.71120000,24,1,0,0,0,1,0
260327,26,MICHIGAN,MI,1,1,0,1,99,5110,BEATRICE,18,6,June,2010,6,Friday,7,16,1,11,1,6,42.49395833,-83.04550278,1,1,0,0,0,1,0
260328,26,MICHIGAN,MI,2,2,0,2,163,1212,AVERA,27,6,June,2010,1,Sunday,1,40,0,13,6,168,42.35105278,-83.31261944,12,3,0,0,0,1,1
260329,26,MICHIGAN,MI,3,3,0,3,129,0,BIGBEE,27,6,June,2010,1,Sunday,7,0,0,4,4,75,44.23328611,-84.24145278,12,1,0,0,0,1,1
260330,26,MICHIGAN,MI,2,2,0,3,139,0,CALION,27,6,June,2010,1,Sunday,13,43,0,14,4,57,42.82648889,-86.09811944,12,1,0,0,0,1,0
260331,26,MICHIGAN,MI,1,1,1,1,81,2010,AUBURN,26,6,June,2010,7,Saturday,22,15,0,13,6,3,42.92710278,-85.60320556,8,2,0,0,0,1,0
260332,26,MICHIGAN,MI,2,2,0,2,127,0,BURNWELL,28,6,June,2010,2,Monday,14,41,0,4,4,10,43.50868889,-86.39773889,12,1,0,0,0,1,0
260333,26,MICHIGAN,MI,1,1,0,2,49,0,COLLINSVILLE,18,4,April,2010,1,Sunday,17,19,0,16,4,20,43.13419722,-83.72428611,34,1,0,0,0,1,0
260334,26,MICHIGAN,MI,2,2,0,3,39,0,ANDALUSIA,23,5,May,2010,1,Sunday,19,4,0,4,4,119,44.67100278,-84.57760278,12,1,0,0,0,1,0
260335,26,MICHIGAN,MI,1,1,0,1,163,1260,AVERA,15,5,May,2010,7,Saturday,6,15,1,12,3,51,42.41336111,-83.06818056,18,4,0,0,0,1,1
260336,26,MICHIGAN,MI,2,2,0,2,111,0,GRAHAM,4,5,May,2010,3,Tuesday,11,33,0,4,4,60,43.75586111,-84.24693611,12,1,0,0,0,1,0
260337,26,MICHIGAN,MI,1,1,0,3,163,2850,AVERA,29,6,June,2010,3,Tuesday,3,20,0,16,6,5,42.39455278,-83.43106111,42,2,0,0,0,1,0
260338,26,MICHIGAN,MI,1,1,0,1,163,1260,AVERA,28,5,May,2010,6,Friday,20,45,1,11,1,104,42.38447500,-83.24156944,39,5,0,0,0,1,0
260339,26,MICHIGAN,MI,1,1,1,1,91,0,DAYTON,10,6,June,2010,5,Thursday,10,28,0,4,4,36,41.94923056,-83.93561111,8,1,0,0,0,1,0
260340,26,MICHIGAN,MI,4,4,0,9,51,0,CENTRAL,25,6,June,2010,6,Friday,11,20,0,3,3,85,43.98079167,-84.43815000,12,1,0,0,0,2,0
260341,26,MICHIGAN,MI,1,1,0,1,81,2010,AUBURN,28,6,June,2010,2,Monday,21,3,1,12,2,2,42.97340278,-85.67929444,26,5,0,0,0,1,0
260342,26,MICHIGAN,MI,1,1,0,1,31,0,COFFEE,29,6,June,2010,3,Tuesday,18,41,1,1,1,360,45.68019444,-84.68381389,42,1,0,0,0,1,0