ST_CASE,STATE,State Name,State Abbreviation,# of Vehicle involved,VE_FORMS,Pedestrains,Total_Persons_in_accident,COUNTY,CITY,City_County_Name,Calendar_DAY,MONTH,Month_name,YEAR,DAY_WEEK,Day_Week_desc,HOUR,MINUTE,NHS_Desc,trafficway,Route,MILEPT,LATITUDE,LONGITUD,First_Crash_event,Light_cond_desc,Weather_condition,School_bus_involved,Crash_cause,FATALS,DRUNK_DR
260343,26,MICHIGAN,MI,1,1,0,1,125,510,BROOKWOOD,30,6,June,2010,4,Wednesday,2,37,0,13,6,67,42.58861111,-83.23457778,42,2,0,0,0,1,1
260344,26,MICHIGAN,MI,2,2,0,2,81,0,AUBURN,30,6,June,2010,4,Wednesday,15,20,0,14,3,148,42.92873056,-85.42995833,12,1,0,0,0,1,0
260345,26,MICHIGAN,MI,2,2,0,3,125,3632,BROOKWOOD,30,6,June,2010,4,Wednesday,22,34,0,16,4,15,42.73345278,-83.12598611,12,2,0,0,0,1,0
260346,26,MICHIGAN,MI,1,1,0,3,159,0,FARRAR,5,6,June,2010,7,Saturday,2,16,0,6,4,1,42.39015278,-85.84774722,1,2,0,0,0,1,1
260347,26,MICHIGAN,MI,2,2,0,3,1,3247,AUTAUGA,15,6,June,2010,3,Tuesday,22,12,0,3,4,21,44.54204167,-83.42194722,12,2,0,0,0,1,0
260348,26,MICHIGAN,MI,1,1,0,1,163,1260,AVERA,19,6,June,2010,7,Saturday,23,15,1,11,1,263,42.35133611,-83.09578611,1,3,0,0,0,1,0
260349,26,MICHIGAN,MI,1,1,1,1,107,480,CARROLLTON,29,6,June,2010,3,Tuesday,21,19,0,16,6,2,43.70204722,-85.47595278,8,1,0,0,0,1,0
260350,26,MICHIGAN,MI,1,1,0,2,125,1650,BROOKWOOD,2,7,July,2010,6,Friday,20,4,0,16,6,3,42.46416111,-83.40859722,53,5,0,0,0,1,0
260351,26,MICHIGAN,MI,1,1,0,1,67,0,ABBEVILLE,2,7,July,2010,6,Friday,16,15,0,6,4,13,42.81847778,-84.84189722,42,1,0,0,0,1,0
260352,26,MICHIGAN,MI,2,2,0,2,49,1730,COLLINSVILLE,3,7,July,2010,7,Saturday,1,30,0,14,6,10,43.05409444,-83.67391389,12,3,0,0,0,1,0
260353,26,MICHIGAN,MI,1,1,0,1,147,2558,AUGUSTA,4,7,July,2010,1,Sunday,15,40,1,1,1,215,42.98858333,-82.57953889,1,1,0,0,0,1,0
260354,26,MICHIGAN,MI,1,1,0,1,147,0,AUGUSTA,6,7,July,2010,3,Tuesday,10,45,0,3,3,33,42.95925000,-82.76337778,24,1,0,0,0,1,0
260355,26,MICHIGAN,MI,2,2,0,4,27,0,ASHLAND,7,7,July,2010,4,Wednesday,17,13,0,3,3,68,41.90425278,-85.79575000,12,1,0,0,0,2,0
260356,26,MICHIGAN,MI,3,3,0,3,27,0,ASHLAND,7,7,July,2010,4,Wednesday,12,48,0,3,4,20,41.86820556,-86.17550278,12,1,0,0,0,2,0
260357,26,MICHIGAN,MI,3,3,0,6,1,3247,AUTAUGA,7,7,July,2010,4,Wednesday,15,30,0,4,4,4,44.57481667,-83.62441111,12,1,0,0,0,1,1
260358,26,MICHIGAN,MI,2,2,0,2,157,0,ARCADE,7,7,July,2010,4,Wednesday,21,35,0,4,4,121,43.58665000,-83.17411667,11,2,0,0,0,1,0
260359,26,MICHIGAN,MI,1,1,1,1,163,1212,AVERA,8,7,July,2010,5,Thursday,0,3,0,16,6,8,42.28176111,-83.24993333,8,2,0,0,0,1,0
260360,26,MICHIGAN,MI,3,3,0,6,17,0,CHAMBERS,9,7,July,2010,6,Friday,9,16,1,11,1,3,43.52693333,-83.94190833,12,1,0,0,0,1,0
260361,26,MICHIGAN,MI,2,2,0,3,11,0,BULLOCK,9,7,July,2010,6,Friday,15,43,1,1,1,149,44.10532222,-84.11540556,12,1,0,0,0,2,0
260362,26,MICHIGAN,MI,1,1,1,1,73,0,ARGO,9,7,July,2010,6,Friday,21,57,1,2,3,200,43.61192222,-84.64803889,8,3,0,0,0,1,0
260363,26,MICHIGAN,MI,2,2,0,2,87,0,ARMSTRONG,10,7,July,2010,7,Saturday,18,22,0,3,3,224,43.20320556,-83.31293611,12,1,0,0,0,1,0
260364,26,MICHIGAN,MI,2,2,0,3,67,0,ABBEVILLE,10,7,July,2010,7,Saturday,20,37,0,3,3,93,42.97295000,-85.12920556,12,2,0,0,0,3,0
260365,26,MICHIGAN,MI,1,1,1,3,117,1158,BIRMINGHAM,10,7,July,2010,7,Saturday,23,45,0,5,4,15,43.25680278,-84.90702778,8,2,0,0,0,1,0
260366,26,MICHIGAN,MI,1,1,0,1,47,0,BROWNS,13,7,July,2010,3,Tuesday,5,0,0,5,4,40,45.50774444,-85.01820556,11,4,0,0,0,1,0
260367,26,MICHIGAN,MI,1,1,0,1,21,570,CHILTON,13,7,July,2010,3,Tuesday,10,20,1,11,1,1,41.93271667,-86.57252500,1,1,0,0,0,1,0
260368,26,MICHIGAN,MI,1,1,0,1,157,0,ARCADE,14,7,July,2010,4,Wednesday,14,55,0,6,4,49,43.30472778,-83.39353889,42,1,0,0,0,1,0
260369,26,MICHIGAN,MI,2,2,0,3,125,0,BROOKWOOD,13,7,July,2010,3,Tuesday,10,43,0,14,6,11,42.82565556,-83.23525556,12,1,0,0,0,1,0
260370,26,MICHIGAN,MI,1,1,0,1,49,0,COLLINSVILLE,15,7,July,2010,5,Thursday,17,34,0,5,4,57,43.14195556,-83.85977778,1,1,0,0,0,1,0
260371,26,MICHIGAN,MI,1,1,0,1,159,0,FARRAR,19,7,July,2010,2,Monday,12,45,0,5,4,37,42.35394444,-85.92276389,11,1,0,0,0,1,0
260372,26,MICHIGAN,MI,2,2,0,3,49,686,COLLINSVILLE,20,7,July,2010,3,Tuesday,21,36,1,13,3,56,42.98484167,-83.65331389,12,5,0,0,0,1,1
260373,26,MICHIGAN,MI,2,2,0,6,95,0,ALBERTVILLE,16,7,July,2010,6,Friday,23,23,1,2,3,155,46.30369722,-85.43131944,12,2,0,0,0,1,1
260374,26,MICHIGAN,MI,1,1,0,1,81,0,AUBURN,6,7,July,2010,3,Tuesday,5,33,0,6,4,16,43.23486111,-85.52302778,11,2,0,0,0,1,0
260375,26,MICHIGAN,MI,2,2,0,3,125,4020,BROOKWOOD,21,7,July,2010,4,Wednesday,14,36,1,13,3,6,42.62715278,-83.28621389,12,1,0,0,0,1,0
260376,26,MICHIGAN,MI,2,2,0,6,5,0,BAKER HILL,22,7,July,2010,5,Thursday,16,42,0,4,4,103,42.56632500,-85.64157222,12,1,0,0,0,1,0
260377,26,MICHIGAN,MI,1,1,0,1,81,0,AUBURN,22,7,July,2010,5,Thursday,4,24,0,4,4,85,43.23986667,-85.61109722,42,2,0,0,0,1,1
260378,26,MICHIGAN,MI,1,1,1,5,55,0,ATTALLA,24,7,July,2010,7,Saturday,0,14,1,2,3,59,44.77037222,-85.38003333,8,2,0,0,0,1,0
260379,26,MICHIGAN,MI,3,3,0,5,159,0,FARRAR,24,7,July,2010,7,Saturday,10,45,0,3,3,50,42.13458056,-85.85158056,12,1,0,0,0,1,0
260380,26,MICHIGAN,MI,1,1,0,1,55,0,ATTALLA,24,7,July,2010,7,Saturday,16,15,0,6,4,24,44.62903056,-85.58468333,1,1,0,0,0,1,1
260381,26,MICHIGAN,MI,2,2,0,2,15,0,ANNISTON,25,7,July,2010,1,Sunday,14,0,0,5,4,107,42.75601389,-85.13495000,12,1,0,0,0,1,0
260382,26,MICHIGAN,MI,1,1,0,3,67,0,ABBEVILLE,23,7,July,2010,6,Friday,23,37,0,5,4,25,43.07623889,-85.26291389,42,2,0,0,0,2,1
260383,26,MICHIGAN,MI,3,3,0,4,17,2543,CHAMBERS,22,7,July,2010,5,Thursday,13,53,0,14,3,96,43.66767778,-83.95164444,12,1,0,0,0,1,0
260384,26,MICHIGAN,MI,1,1,0,1,3,0,BALDWIN,22,7,July,2010,5,Thursday,16,30,0,4,4,244,46.52572222,-86.23183333,42,1,0,0,0,1,0
260385,26,MICHIGAN,MI,1,1,0,4,149,0,BELLEVILLE,25,7,July,2010,1,Sunday,13,46,0,4,4,69,41.89945000,-85.62443611,42,1,0,0,0,1,1
260386,26,MICHIGAN,MI,1,1,1,1,81,691,AUBURN,26,7,July,2010,2,Monday,20,47,1,12,2,13,42.78632500,-85.66816944,8,5,0,0,0,1,0
260387,26,MICHIGAN,MI,3,3,0,4,1,0,AUTAUGA,23,7,July,2010,6,Friday,12,23,0,3,3,31,44.54655278,-83.72012500,12,1,0,0,0,1,0
260388,26,MICHIGAN,MI,2,2,0,3,139,0,CALION,28,7,July,2010,4,Wednesday,16,50,0,16,4,41,42.84080000,-86.19837778,12,1,0,0,0,2,0
260389,26,MICHIGAN,MI,1,1,0,4,51,0,CENTRAL,27,7,July,2010,3,Tuesday,20,5,0,6,4,74,43.82893611,-84.47822500,42,1,0,0,0,3,1
260390,26,MICHIGAN,MI,1,1,0,1,163,1920,AVERA,31,7,July,2010,7,Saturday,21,5,0,13,6,137,42.31582222,-83.33065278,31,1,0,0,0,1,0
260391,26,MICHIGAN,MI,1,1,0,1,125,512,BROOKWOOD,15,7,July,2010,5,Thursday,13,26,1,13,3,78,42.55511667,-83.28512222,34,1,0,0,0,1,0
260392,26,MICHIGAN,MI,1,1,0,2,23,305,BLADON SPRINGS,31,7,July,2010,7,Saturday,19,28,0,6,4,15,41.91270833,-85.06875278,11,1,0,0,0,1,0
260393,26,MICHIGAN,MI,2,2,0,3,111,3240,GRAHAM,2,7,July,2010,6,Friday,14,58,0,14,6,5,43.64103333,-84.23325278,12,1,0,0,0,1,0
260394,26,MICHIGAN,MI,1,1,0,1,75,0,BEAVERTON,4,7,July,2010,1,Sunday,3,24,0,4,4,115,42.10036667,-84.48838889,24,2,0,0,0,1,1
260395,26,MICHIGAN,MI,1,1,0,1,21,0,CHILTON,23,7,July,2010,6,Friday,12,19,0,6,4,8,41.78008889,-86.53301667,33,1,0,0,0,1,0
260396,26,MICHIGAN,MI,1,1,1,1,147,0,AUGUSTA,28,7,July,2010,4,Wednesday,0,17,0,14,6,16,42.96393333,-82.45219167,8,2,0,0,0,1,0
260397,26,MICHIGAN,MI,2,2,0,3,23,1935,BLADON SPRINGS,1,8,August,2010,1,Sunday,17,4,0,3,4,51,42.01465556,-85.00088889,12,1,0,0,0,2,0
260398,26,MICHIGAN,MI,3,3,0,8,87,0,ARMSTRONG,23,7,July,2010,6,Friday,17,52,0,3,3,219,43.19649722,-83.31279722,12,1,0,0,0,1,0
260400,26,MICHIGAN,MI,1,1,1,1,163,1260,AVERA,22,4,April,2010,5,Thursday,0,10,0,14,6,25,42.40554722,-82.96504167,8,3,0,0,0,1,0
260401,26,MICHIGAN,MI,1,1,0,6,163,1260,AVERA,5,5,May,2010,4,Wednesday,14,20,0,14,6,13,42.32334167,-83.12227500,30,1,0,0,0,2,0
260402,26,MICHIGAN,MI,1,1,1,1,163,1260,AVERA,10,5,May,2010,2,Monday,20,0,0,14,6,29,42.34971667,-83.10750000,9,1,0,0,0,1,0
260403,26,MICHIGAN,MI,1,1,0,2,163,1260,AVERA,16,5,May,2010,1,Sunday,4,5,1,11,1,88,42.38564167,-83.27109444,33,3,0,0,0,1,1
260404,26,MICHIGAN,MI,2,2,0,3,163,1260,AVERA,23,5,May,2010,1,Sunday,22,10,0,14,6,18,42.43951667,-83.10261667,12,3,0,0,0,1,1
260406,26,MICHIGAN,MI,2,2,0,4,5,0,BAKER HILL,30,5,May,2010,1,Sunday,16,58,0,6,4,50,42.52088333,-85.87729444,12,1,0,0,0,1,1
260407,26,MICHIGAN,MI,1,1,0,4,163,1260,AVERA,9,6,June,2010,4,Wednesday,0,30,1,13,3,8,42.38838611,-83.02166111,33,3,0,0,0,2,1
260409,26,MICHIGAN,MI,1,1,1,2,163,1260,AVERA,13,6,June,2010,1,Sunday,1,21,0,14,6,21,42.38261667,-83.12606944,8,3,0,0,0,1,0
260410,26,MICHIGAN,MI,1,1,1,2,163,1260,AVERA,25,6,June,2010,6,Friday,17,0,0,16,6,13,42.43669722,-83.16697500,9,1,0,0,0,1,0
260411,26,MICHIGAN,MI,1,1,0,2,163,1260,AVERA,26,1,January,2010,3,Tuesday,11,43,1,11,1,361,42.42013889,-82.93261111,35,1,0,0,0,1,0
260412,26,MICHIGAN,MI,3,3,0,4,65,2700,CYPRESS,24,2,February,2010,4,Wednesday,13,30,1,11,1,68,42.69803333,-84.50389444,12,1,0,0,0,1,0
260413,26,MICHIGAN,MI,1,1,0,2,145,0,BALD KNOB,1,5,May,2010,7,Saturday,21,54,0,6,4,31,43.46225000,-84.30750000,34,2,0,0,0,1,1
260414,26,MICHIGAN,MI,1,1,0,3,5,0,BAKER HILL,8,5,May,2010,7,Saturday,17,58,0,6,4,15,42.44074444,-85.97346667,42,1,0,0,0,1,0
260415,26,MICHIGAN,MI,2,2,0,2,5,0,BAKER HILL,9,6,June,2010,4,Wednesday,15,24,0,6,4,15,42.66312500,-86.02484167,12,1,0,0,0,1,0
260416,26,MICHIGAN,MI,1,1,1,1,99,4731,BEATRICE,23,6,June,2010,4,Wednesday,18,30,0,13,6,61,42.53484444,-83.08688611,9,1,0,0,0,1,0
260417,26,MICHIGAN,MI,3,3,0,4,41,1748,BRANTLEY,24,6,June,2010,5,Thursday,14,15,0,2,3,108,45.67939167,-87.13967778,12,1,0,0,0,2,0
260419,26,MICHIGAN,MI,2,2,0,4,133,0,ARLEY,11,8,August,2010,4,Wednesday,11,42,0,6,4,30,43.85891944,-85.52335000,12,1,0,0,0,1,0
260420,26,MICHIGAN,MI,2,2,0,7,113,0,COTTONTON,1,7,July,2010,5,Thursday,17,54,0,4,4,10,44.24346111,-85.07352500,12,1,0,0,0,1,0
260421,26,MICHIGAN,MI,2,2,0,3,81,785,AUBURN,1,7,July,2010,5,Thursday,7,50,1,13,3,181,42.91273889,-85.54141667,12,1,0,0,0,1,0
260422,26,MICHIGAN,MI,2,2,0,2,65,2700,CYPRESS,2,7,July,2010,6,Friday,20,6,1,13,3,12,42.76358056,-84.57950556,12,1,0,0,0,1,0
260423,26,MICHIGAN,MI,1,1,1,1,115,0,ASHVILLE,10,7,July,2010,7,Saturday,22,20,1,2,2,264,42.06587222,-83.31404167,8,2,0,0,0,1,0
260424,26,MICHIGAN,MI,1,1,0,2,125,512,BROOKWOOD,16,7,July,2010,6,Friday,18,14,1,11,1,120,42.60984722,-83.22026667,59,1,0,0,0,1,1
260425,26,MICHIGAN,MI,2,2,0,2,57,5185,BANKSTON,19,7,July,2010,2,Monday,9,50,1,2,3,197,43.40796944,-84.44426667,12,1,0,0,0,1,0
260426,26,MICHIGAN,MI,2,2,0,2,49,1731,COLLINSVILLE,16,7,July,2010,6,Friday,7,10,0,14,4,83,42.98736667,-83.76433056,12,1,0,0,0,1,0
260427,26,MICHIGAN,MI,1,1,2,2,165,0,HERNDON,20,7,July,2010,3,Tuesday,19,15,0,4,4,172,44.41107500,-85.51148889,15,1,0,0,0,1,0
260428,26,MICHIGAN,MI,2,2,0,2,77,47,ANDERSON,23,7,July,2010,6,Friday,5,50,1,2,4,14,42.37505556,-85.74665000,12,2,0,0,0,1,0
260429,26,MICHIGAN,MI,2,2,0,2,49,0,COLLINSVILLE,27,7,July,2010,3,Tuesday,21,30,0,5,4,52,42.88388889,-83.82456944,12,2,0,0,0,1,1
260430,26,MICHIGAN,MI,1,1,0,3,137,0,ALCO,30,7,July,2010,6,Friday,13,10,1,11,1,76,44.95841944,-84.67354444,24,1,0,0,0,1,0
260431,26,MICHIGAN,MI,2,2,0,5,91,4282,DAYTON,29,7,July,2010,5,Thursday,10,50,0,4,4,22,41.94278889,-84.32389722,12,1,0,0,0,1,0
260432,26,MICHIGAN,MI,2,2,0,3,161,0,DENTON,28,7,July,2010,4,Wednesday,9,10,1,11,1,129,42.29823333,-83.88195556,12,1,0,0,0,1,0
260433,26,MICHIGAN,MI,3,3,0,4,125,2935,BROOKWOOD,29,7,July,2010,5,Thursday,11,29,0,14,6,90,42.49060556,-83.11578889,12,1,0,0,0,1,0
260434,26,MICHIGAN,MI,2,2,0,6,163,1260,AVERA,9,7,July,2010,6,Friday,22,42,0,14,6,72,42.40215556,-83.17420833,12,3,0,0,0,1,1
260435,26,MICHIGAN,MI,1,1,1,1,163,1260,AVERA,31,7,July,2010,7,Saturday,2,0,9,13,6,17,42.31558056,-83.11293333,8,2,0,0,0,1,0
260436,26,MICHIGAN,MI,1,1,0,1,1,0,AUTAUGA,3,7,July,2010,7,Saturday,15,0,0,3,3,3,44.72303056,-83.80742222,34,1,0,0,0,1,0
260437,26,MICHIGAN,MI,1,1,1,1,145,0,BALD KNOB,24,7,July,2010,7,Saturday,0,35,0,4,4,71,43.25590833,-84.02884444,8,2,0,0,0,1,0
260438,26,MICHIGAN,MI,1,1,1,1,77,2520,ANDERSON,26,7,July,2010,2,Monday,22,5,1,13,3,7,42.30340000,-85.56440556,8,3,0,0,0,1,1
260439,26,MICHIGAN,MI,1,1,0,1,65,0,CYPRESS,31,7,July,2010,7,Saturday,3,28,0,16,4,13,42.71330556,-84.29528889,42,2,0,0,0,1,1
260440,26,MICHIGAN,MI,1,1,0,3,163,1260,AVERA,5,4,April,2010,2,Monday,4,8,1,12,3,16,42.40697222,-83.08628889,1,3,0,0,0,1,1
260441,26,MICHIGAN,MI,2,2,0,4,33,325,CHEROKEE,30,5,May,2010,1,Sunday,20,20,0,4,4,209,46.41281667,-84.58868056,12,1,0,0,0,2,1
260442,26,MICHIGAN,MI,3,3,0,8,21,0,CHILTON,3,7,July,2010,7,Saturday,19,36,0,3,2,45,41.79888889,-86.63362500,12,1,0,0,0,1,1
260443,26,MICHIGAN,MI,1,1,0,2,15,0,ANNISTON,15,7,July,2010,5,Thursday,14,40,0,5,4,21,42.42856944,-85.50191944,42,1,0,0,0,2,0
260444,26,MICHIGAN,MI,2,2,0,5,65,0,CYPRESS,16,7,July,2010,6,Friday,19,4,0,4,4,52,42.52408333,-84.50259722,12,1,0,0,0,1,0
260445,26,MICHIGAN,MI,2,2,0,3,129,0,BIGBEE,10,4,April,2010,7,Saturday,21,10,0,4,4,7,44.37385833,-83.98408889,12,2,0,0,0,1,0
260446,26,MICHIGAN,MI,1,1,0,1,163,1260,AVERA,21,4,April,2010,4,Wednesday,5,37,0,13,7,1,42.30461111,-83.11157222,33,3,0,0,0,1,0
260447,26,MICHIGAN,MI,2,2,0,3,147,0,AUGUSTA,3,5,May,2010,2,Monday,19,1,0,6,3,105,42.99732778,-82.76328333,12,5,0,0,0,1,1
260448,26,MICHIGAN,MI,2,2,0,2,155,0,IRWIN,20,7,July,2010,3,Tuesday,16,3,0,3,3,75,43.07048611,-83.92876667,12,1,0,0,0,1,0
260449,26,MICHIGAN,MI,2,2,0,4,163,1260,AVERA,19,7,July,2010,2,Monday,17,40,1,11,1,130,42.37907778,-83.19810000,12,1,0,0,0,1,0
260450,26,MICHIGAN,MI,1,1,1,1,163,1260,AVERA,28,7,July,2010,4,Wednesday,10,14,1,12,3,149,42.43634167,-83.21966667,8,1,0,0,0,1,0
260451,26,MICHIGAN,MI,1,1,0,2,3,0,BALDWIN,1,8,August,2010,1,Sunday,17,30,0,4,4,242,46.52141944,-86.26146111,42,1,0,0,0,1,0
260452,26,MICHIGAN,MI,1,1,0,1,85,0,BENTON,3,8,August,2010,3,Tuesday,10,40,1,2,2,231,43.88801944,-85.64020278,42,1,0,0,0,1,0
260453,26,MICHIGAN,MI,1,1,2,1,67,4070,ABBEVILLE,4,8,August,2010,4,Wednesday,10,12,0,4,6,30,42.87051111,-84.90248333,8,1,0,0,0,1,1
260454,26,MICHIGAN,MI,2,2,0,4,145,4350,BALD KNOB,30,3,March,2010,3,Tuesday,17,12,1,13,3,4,43.43645278,-83.95143611,12,1,0,0,0,1,1
260455,26,MICHIGAN,MI,2,2,0,2,47,0,BROWNS,28,5,May,2010,6,Friday,21,4,0,4,4,42,45.56836111,-85.02782222,12,5,0,0,0,1,0
260456,26,MICHIGAN,MI,2,2,0,3,93,0,BEAR CREEK,21,6,June,2010,2,Monday,15,3,0,14,3,1,42.45186111,-83.78537500,12,1,0,0,0,1,0
260457,26,MICHIGAN,MI,1,1,0,2,161,4799,DENTON,20,6,June,2010,1,Sunday,2,48,1,2,3,72,42.33691111,-83.60918333,1,2,0,0,0,1,1
260458,26,MICHIGAN,MI,2,2,0,3,163,3140,AVERA,24,6,June,2010,5,Thursday,13,35,0,16,6,7,42.28262222,-83.19076667,12,1,0,0,0,1,0
260459,26,MICHIGAN,MI,2,2,0,4,163,4815,AVERA,7,7,July,2010,4,Wednesday,15,51,0,13,6,157,42.25621667,-83.24166944,12,1,0,0,0,1,1
260460,26,MICHIGAN,MI,1,1,1,1,163,5176,AVERA,4,8,August,2010,4,Wednesday,22,3,0,14,6,85,42.31006667,-83.37890000,8,3,0,0,0,1,1
260461,26,MICHIGAN,MI,1,1,1,1,125,4567,BROOKWOOD,4,8,August,2010,4,Wednesday,23,14,1,12,3,86,42.46085556,-83.22427778,8,3,0,0,0,1,0
260462,26,MICHIGAN,MI,1,1,1,2,125,2230,BROOKWOOD,6,8,August,2010,6,Friday,23,0,1,11,1,6,42.45556389,-83.09583889,8,2,0,0,0,1,0
260463,26,MICHIGAN,MI,1,1,0,2,113,0,COTTONTON,7,8,August,2010,7,Saturday,1,16,0,5,4,43,44.40941389,-85.08048611,42,2,0,0,0,1,1
260464,26,MICHIGAN,MI,1,1,0,1,29,0,BORDEN SPRINGS,7,8,August,2010,7,Saturday,4,45,0,4,4,34,45.17568889,-85.08033611,42,2,0,0,0,1,1
260465,26,MICHIGAN,MI,2,2,0,5,125,0,BROOKWOOD,6,8,August,2010,6,Friday,17,50,0,14,4,61,42.50473889,-83.63220000,12,1,0,0,0,2,1
260466,26,MICHIGAN,MI,1,1,1,1,73,0,ARGO,7,8,August,2010,7,Saturday,23,5,0,4,4,80,43.58327500,-84.90742500,9,2,0,0,0,1,0
260467,26,MICHIGAN,MI,1,1,0,1,75,0,BEAVERTON,9,8,August,2010,2,Monday,17,6,0,15,4,30,42.29261111,-84.48037778,42,1,0,0,0,1,1
260468,26,MICHIGAN,MI,2,2,0,2,47,0,BROWNS,10,8,August,2010,3,Tuesday,10,39,0,5,4,10,45.43527500,-84.86328611,12,1,0,0,0,1,0
260469,26,MICHIGAN,MI,2,2,0,2,163,5279,AVERA,9,8,August,2010,2,Monday,23,50,0,14,6,68,42.12635278,-83.21844167,12,2,0,0,0,1,1
260470,26,MICHIGAN,MI,1,1,0,1,77,4030,ANDERSON,10,8,August,2010,3,Tuesday,1,17,1,11,1,86,42.23788333,-85.60234722,59,2,0,0,0,1,0
260471,26,MICHIGAN,MI,2,2,0,2,67,0,ABBEVILLE,11,8,August,2010,4,Wednesday,12,16,0,4,4,2,42.87142222,-84.95600833,12,1,0,0,0,1,0
260472,26,MICHIGAN,MI,2,2,0,3,91,0,DAYTON,11,8,August,2010,4,Wednesday,9,50,0,5,4,1,41.70990278,-84.32855556,12,1,0,0,0,1,0
260473,26,MICHIGAN,MI,1,1,0,1,163,90,AVERA,12,8,August,2010,5,Thursday,20,32,1,12,3,28,42.26741389,-83.22417222,18,3,0,0,0,1,1
260474,26,MICHIGAN,MI,2,2,0,3,17,0,CHAMBERS,13,8,August,2010,6,Friday,22,27,0,3,3,169,43.77117778,-83.97542500,12,2,0,0,0,1,1
260476,26,MICHIGAN,MI,1,1,0,2,91,0,DAYTON,13,8,August,2010,6,Friday,20,8,0,5,4,3,41.97180000,-84.22713333,38,1,0,0,0,1,0
260477,26,MICHIGAN,MI,1,1,0,1,1,2058,AUTAUGA,13,8,August,2010,6,Friday,23,22,0,14,4,1,44.51319167,-83.34076111,1,2,0,0,0,1,1
260478,26,MICHIGAN,MI,2,2,0,2,25,355,BARLOW BEND,15,8,August,2010,1,Sunday,8,47,0,5,4,33,42.40585556,-85.28009722,12,1,0,0,0,1,1
260479,26,MICHIGAN,MI,1,1,0,2,33,325,CHEROKEE,14,8,August,2010,7,Saturday,12,6,0,4,4,128,46.42324444,-84.90922222,1,1,0,0,0,1,0
260480,26,MICHIGAN,MI,2,2,0,2,163,738,AVERA,15,8,August,2010,1,Sunday,1,35,1,11,1,188,42.34478056,-83.44029444,12,2,0,0,0,1,1
260481,26,MICHIGAN,MI,1,1,1,1,163,2850,AVERA,9,8,August,2010,2,Monday,9,7,0,15,6,2,42.38989167,-83.37327500,9,1,0,0,0,1,0
260482,26,MICHIGAN,MI,1,1,0,1,125,3632,BROOKWOOD,13,8,August,2010,6,Friday,2,15,0,4,4,5,42.77618056,-83.18833611,42,2,0,0,0,1,1
260483,26,MICHIGAN,MI,1,1,0,2,81,2010,AUBURN,14,8,August,2010,7,Saturday,23,41,0,16,6,4,42.94644722,-85.67863611,59,3,0,0,0,2,0
260484,26,MICHIGAN,MI,1,1,1,3,139,0,CALION,13,8,August,2010,6,Friday,21,25,0,14,4,22,42.91395833,-85.80102500,8,2,0,0,0,1,0
260485,26,MICHIGAN,MI,1,1,0,2,163,1260,AVERA,8,8,August,2010,1,Sunday,3,30,0,14,6,1,42.38616667,-83.03934444,30,3,0,0,0,1,0
260486,26,MICHIGAN,MI,1,1,0,3,25,931,BARLOW BEND,1,8,August,2010,1,Sunday,16,26,0,4,4,5,42.07964722,-84.85561944,42,1,0,0,0,1,0
260487,26,MICHIGAN,MI,2,2,0,6,163,1260,AVERA,20,8,August,2010,6,Friday,16,34,0,16,6,8,42.41292778,-82.98641111,12,1,0,0,0,1,1
260488,26,MICHIGAN,MI,1,1,1,2,147,926,AUGUSTA,1,8,August,2010,1,Sunday,21,30,0,6,4,72,42.79986111,-82.59230833,9,2,0,0,0,1,0
260489,26,MICHIGAN,MI,2,2,1,3,163,1933,AVERA,6,8,August,2010,6,Friday,0,6,1,11,1,22,42.09689167,-83.24153333,8,2,0,0,0,1,0
260490,26,MICHIGAN,MI,1,1,0,1,163,1210,AVERA,7,8,August,2010,7,Saturday,21,30,0,13,6,14,42.27854167,-83.21878889,42,3,0,0,0,1,0
260491,26,MICHIGAN,MI,1,1,0,1,81,0,AUBURN,10,8,August,2010,3,Tuesday,5,48,0,4,4,57,42.79734444,-85.36910278,11,2,0,0,0,1,0
260493,26,MICHIGAN,MI,1,1,0,1,163,1260,AVERA,7,7,July,2010,4,Wednesday,2,42,1,11,1,162,42.27555556,-83.16009444,59,3,0,0,0,1,1
260494,26,MICHIGAN,MI,1,1,1,1,125,1652,BROOKWOOD,25,7,July,2010,1,Sunday,22,46,0,14,6,16,42.46425833,-83.33741944,9,2,0,0,0,1,1
260495,26,MICHIGAN,MI,2,2,0,2,121,0,BON AIR,11,8,August,2010,4,Wednesday,2,3,1,12,2,222,43.40881111,-86.31383611,12,2,0,0,0,2,2
260496,26,MICHIGAN,MI,2,2,0,2,21,0,CHILTON,13,8,August,2010,6,Friday,16,35,0,5,4,10,41.97187222,-86.51406667,12,1,0,0,0,1,1
260497,26,MICHIGAN,MI,2,2,0,2,103,0,DANVILLE,14,8,August,2010,7,Saturday,0,2,1,13,2,192,46.48789167,-87.35131389,12,3,0,0,0,1,0
260498,26,MICHIGAN,MI,1,1,0,3,51,0,CENTRAL,14,8,August,2010,7,Saturday,0,10,0,6,4,5,44.04510556,-84.43720000,34,2,0,0,0,1,1
260499,26,MICHIGAN,MI,3,3,0,12,31,0,COFFEE,13,8,August,2010,6,Friday,10,20,0,3,3,68,45.37422222,-84.50678889,12,1,0,0,0,1,0
260500,26,MICHIGAN,MI,2,2,0,5,73,0,ARGO,15,8,August,2010,1,Sunday,22,49,0,14,4,23,43.59726944,-84.74768056,12,2,0,0,0,1,0
260501,26,MICHIGAN,MI,2,2,0,4,21,0,CHILTON,16,8,August,2010,2,Monday,16,30,1,11,1,374,42.16744444,-86.32337778,12,1,0,0,0,1,0
260502,26,MICHIGAN,MI,3,3,0,6,93,2211,BEAR CREEK,16,8,August,2010,2,Monday,9,9,0,4,4,176,42.67273611,-83.75984722,12,1,0,0,0,1,0