ST_CASE,STATE,State Name,State Abbreviation,# of Vehicle involved,VE_FORMS,Pedestrains,Total_Persons_in_accident,COUNTY,CITY,City_County_Name,Calendar_DAY,MONTH,Month_name,YEAR,DAY_WEEK,Day_Week_desc,HOUR,MINUTE,NHS_Desc,trafficway,Route,MILEPT,LATITUDE,LONGITUD,First_Crash_event,Light_cond_desc,Weather_condition,School_bus_involved,Crash_cause,FATALS,DRUNK_DR
260503,26,MICHIGAN,MI,1,1,0,1,115,0,ASHVILLE,16,8,August,2010,2,Monday,10,59,0,6,4,10,41.96269722,-83.53658889,34,1,0,0,0,1,0
260504,26,MICHIGAN,MI,1,1,1,2,163,2430,AVERA,16,8,August,2010,2,Monday,16,15,0,13,6,113,42.27999444,-83.32920833,8,1,0,0,0,1,0
260505,26,MICHIGAN,MI,1,1,2,1,59,0,FRANKLIN,18,8,August,2010,4,Wednesday,20,23,0,4,4,94,41.83687500,-84.63137500,9,1,0,0,0,1,1
260506,26,MICHIGAN,MI,3,3,0,3,163,2850,AVERA,20,8,August,2010,6,Friday,2,13,1,11,1,46,42.38270833,-83.35940000,12,3,0,0,0,1,0
260507,26,MICHIGAN,MI,1,1,1,1,163,1260,AVERA,20,8,August,2010,6,Friday,23,16,1,12,3,112,42.33665833,-83.06490556,8,3,0,0,0,1,1
260508,26,MICHIGAN,MI,1,1,0,2,163,5279,AVERA,22,8,August,2010,1,Sunday,2,25,0,14,6,59,42.12471111,-83.23716389,10,3,0,0,0,1,1
260509,26,MICHIGAN,MI,1,1,1,1,81,5319,AUBURN,21,8,August,2010,7,Saturday,5,37,0,13,6,45,42.93549167,-85.70518333,8,3,0,0,0,1,0
260510,26,MICHIGAN,MI,1,1,0,1,121,3450,BON AIR,20,8,August,2010,6,Friday,0,54,0,16,6,1,43.23998611,-86.24390556,24,3,0,0,0,1,1
260511,26,MICHIGAN,MI,1,1,0,1,145,0,BALD KNOB,23,8,August,2010,2,Monday,9,10,0,4,4,59,43.21470000,-84.22825000,1,7,0,0,0,1,1
260512,26,MICHIGAN,MI,2,2,0,3,145,0,BALD KNOB,20,8,August,2010,6,Friday,12,22,0,4,4,54,43.41434444,-83.83718611,12,1,0,0,0,1,0
260513,26,MICHIGAN,MI,2,2,0,2,45,0,ARITON,23,8,August,2010,2,Monday,22,15,0,14,3,170,42.65038889,-84.60288056,12,2,0,0,0,1,0
260514,26,MICHIGAN,MI,1,1,0,1,149,0,BELLEVILLE,24,8,August,2010,3,Tuesday,19,57,0,6,4,56,41.95080000,-85.76072500,59,1,0,0,0,1,1
260515,26,MICHIGAN,MI,1,1,0,1,81,4260,AUBURN,25,8,August,2010,4,Wednesday,13,33,0,16,6,2,43.12447500,-85.56581667,42,1,0,0,0,1,1
260516,26,MICHIGAN,MI,2,2,0,3,63,0,BOLIGEE,24,8,August,2010,3,Tuesday,14,54,0,6,4,118,43.83383889,-83.14139722,12,1,0,0,0,1,0
260517,26,MICHIGAN,MI,1,1,0,4,163,1260,AVERA,26,8,August,2010,5,Thursday,22,30,1,12,3,1,42.39867222,-83.11021944,24,3,0,0,0,1,0
260518,26,MICHIGAN,MI,2,2,0,5,81,2010,AUBURN,21,2,February,2010,1,Sunday,1,5,0,14,6,2,42.95970556,-85.67132778,12,3,0,0,0,1,1
260519,26,MICHIGAN,MI,1,1,0,1,69,0,ASHFORD,28,3,March,2010,1,Sunday,10,20,0,4,4,21,44.51141111,-83.41575556,42,1,0,0,0,1,0
260520,26,MICHIGAN,MI,1,1,0,2,157,0,ARCADE,29,3,March,2010,2,Monday,15,0,1,2,3,55,43.60979444,-83.59930556,42,1,0,0,0,1,0
260521,26,MICHIGAN,MI,1,1,0,1,109,3170,ANSLEY,9,5,May,2010,1,Sunday,22,43,0,13,3,17,45.15376111,-87.59633333,42,2,0,0,0,1,0
260522,26,MICHIGAN,MI,2,2,0,3,99,4731,BEATRICE,9,6,June,2010,4,Wednesday,21,28,0,14,6,20,42.57976111,-83.05022778,12,3,0,0,0,1,0
260523,26,MICHIGAN,MI,2,2,0,3,163,1260,AVERA,11,6,June,2010,6,Friday,19,30,0,13,6,227,42.43477222,-82.99025000,12,1,0,0,0,1,0
260524,26,MICHIGAN,MI,1,1,0,1,99,919,BEATRICE,18,6,June,2010,6,Friday,19,29,0,14,4,21,42.65457500,-82.80150000,53,1,0,0,0,1,1
260525,26,MICHIGAN,MI,2,2,0,2,59,0,FRANKLIN,16,3,March,2010,3,Tuesday,11,20,0,3,3,126,41.87593333,-84.74808056,12,1,0,0,0,1,0
260526,26,MICHIGAN,MI,2,2,0,3,147,4060,AUGUSTA,21,6,June,2010,2,Monday,15,40,0,14,6,21,43.02820833,-82.43739444,12,1,0,0,0,1,0
260527,26,MICHIGAN,MI,1,1,1,1,81,2010,AUBURN,1,7,July,2010,5,Thursday,22,25,0,13,6,1,42.98460833,-85.66606111,8,3,0,0,0,1,0
260528,26,MICHIGAN,MI,1,1,0,1,63,0,BOLIGEE,26,7,July,2010,2,Monday,14,57,0,3,3,290,44.03518889,-82.86347778,11,1,0,0,0,1,0
260529,26,MICHIGAN,MI,1,1,0,1,163,1260,AVERA,1,7,July,2010,5,Thursday,22,4,1,11,1,265,42.35186111,-83.09338611,1,3,0,0,0,1,1
260530,26,MICHIGAN,MI,1,1,0,1,125,0,BROOKWOOD,6,7,July,2010,3,Tuesday,13,0,0,6,4,2,42.72808333,-83.62803611,1,1,0,0,0,1,0
260531,26,MICHIGAN,MI,2,2,0,3,49,1731,COLLINSVILLE,4,8,August,2010,4,Wednesday,12,34,0,14,4,18,42.96965278,-83.71271944,12,1,0,0,0,1,0
260532,26,MICHIGAN,MI,2,1,0,1,147,787,AUGUSTA,27,8,August,2010,6,Friday,0,26,1,1,1,69,42.80711389,-82.63774444,14,2,0,0,0,1,1
260534,26,MICHIGAN,MI,2,2,0,3,99,919,BEATRICE,6,8,August,2010,6,Friday,14,20,0,14,4,21,42.65479722,-82.80119444,12,1,0,0,0,2,1
260535,26,MICHIGAN,MI,1,1,1,1,125,490,BROOKWOOD,19,8,August,2010,5,Thursday,20,31,0,16,6,1,42.54273611,-83.21031667,8,5,0,0,0,1,0
260537,26,MICHIGAN,MI,2,1,0,1,49,1730,COLLINSVILLE,29,8,August,2010,1,Sunday,1,58,0,16,6,2,43.04889722,-83.72438056,14,3,0,0,0,1,1
260538,26,MICHIGAN,MI,2,2,0,2,151,0,FLIPPEN,30,8,August,2010,2,Monday,10,20,0,4,3,149,43.33379444,-82.82519722,12,1,0,0,0,1,0
260539,26,MICHIGAN,MI,1,1,0,1,7,0,BIBB,31,8,August,2010,3,Tuesday,2,59,0,4,4,60,44.94612778,-83.50624722,59,2,0,0,0,1,1
260540,26,MICHIGAN,MI,1,1,0,1,57,0,BANKSTON,30,8,August,2010,2,Monday,13,20,1,12,2,188,43.37996944,-84.60430278,24,1,0,0,0,1,0
260541,26,MICHIGAN,MI,1,1,1,1,149,0,BELLEVILLE,31,8,August,2010,3,Tuesday,12,40,0,13,2,158,41.79557500,-85.45734167,9,1,0,0,0,1,0
260542,26,MICHIGAN,MI,1,1,0,1,163,2850,AVERA,29,8,August,2010,1,Sunday,20,28,0,16,6,3,42.38839167,-83.42662500,42,2,0,0,0,1,0
260543,26,MICHIGAN,MI,2,2,0,3,139,0,CALION,29,8,August,2010,1,Sunday,22,20,0,6,4,21,42.84130556,-86.03940833,12,2,0,0,0,1,0
260544,26,MICHIGAN,MI,2,2,0,3,125,1652,BROOKWOOD,27,8,August,2010,6,Friday,12,55,0,13,6,84,42.49936389,-83.35422778,12,1,0,0,0,1,0
260545,26,MICHIGAN,MI,2,2,0,3,49,0,COLLINSVILLE,7,8,August,2010,7,Saturday,14,14,0,14,3,127,43.17858889,-83.68014167,12,1,0,0,0,1,0
260546,26,MICHIGAN,MI,1,1,0,1,93,0,BEAR CREEK,9,8,August,2010,2,Monday,19,38,0,6,3,9,42.45799722,-84.04518889,42,1,0,0,0,1,1
260547,26,MICHIGAN,MI,2,2,0,2,99,0,BEATRICE,16,8,August,2010,2,Monday,0,11,1,2,3,209,42.83405833,-83.02041944,12,2,0,0,0,1,1
260548,26,MICHIGAN,MI,2,2,0,2,101,2960,BOYLSTON,30,8,August,2010,2,Monday,11,15,0,14,6,46,44.24317778,-86.32397500,1,1,0,0,0,1,0
260549,26,MICHIGAN,MI,1,1,0,1,55,4880,ATTALLA,21,8,August,2010,7,Saturday,13,25,0,4,3,58,44.84271111,-85.53169722,32,1,0,0,0,1,0
260550,26,MICHIGAN,MI,1,1,0,1,81,0,AUBURN,30,8,August,2010,2,Monday,13,20,0,4,4,18,43.25477222,-85.55137500,53,1,0,0,0,1,0
260551,26,MICHIGAN,MI,2,2,0,3,99,5110,BEATRICE,26,8,August,2010,5,Thursday,19,38,0,14,6,16,42.47138333,-82.98647500,12,1,0,0,0,1,1
260552,26,MICHIGAN,MI,2,2,0,2,149,0,BELLEVILLE,14,8,August,2010,7,Saturday,0,43,0,4,4,20,41.86347778,-85.62383056,12,2,0,0,0,1,1
260553,26,MICHIGAN,MI,2,2,0,2,31,0,COFFEE,24,8,August,2010,3,Tuesday,11,33,0,3,3,133,45.60009167,-84.47504167,12,1,0,0,0,1,0
260554,26,MICHIGAN,MI,1,1,1,1,163,1260,AVERA,27,5,May,2010,5,Thursday,20,25,0,13,6,112,42.43016389,-83.21399444,8,3,0,0,0,1,0
260555,26,MICHIGAN,MI,2,2,0,2,125,3628,BROOKWOOD,30,8,August,2010,2,Monday,14,12,1,12,3,42,42.49502778,-83.44676667,12,1,0,0,0,1,0
260556,26,MICHIGAN,MI,2,2,0,2,5,0,BAKER HILL,1,8,August,2010,1,Sunday,2,48,0,4,4,55,42.51364722,-86.09157222,12,2,0,0,0,1,1
260557,26,MICHIGAN,MI,2,2,0,3,163,1260,AVERA,15,8,August,2010,1,Sunday,1,30,1,13,6,243,42.41862222,-83.07514167,12,3,0,0,0,1,1
260558,26,MICHIGAN,MI,1,1,1,1,163,4240,AVERA,16,8,August,2010,2,Monday,10,7,0,14,6,59,42.15577778,-83.19138333,15,1,0,0,0,1,0
260559,26,MICHIGAN,MI,1,1,0,5,163,4815,AVERA,20,8,August,2010,6,Friday,19,12,1,12,1,1,42.18609167,-83.24331111,1,1,0,0,0,1,1
260560,26,MICHIGAN,MI,2,2,0,2,49,1731,COLLINSVILLE,31,8,August,2010,3,Tuesday,21,55,0,16,4,7,43.04593333,-83.77279444,12,3,0,0,0,1,0
260561,26,MICHIGAN,MI,2,2,0,2,75,0,BEAVERTON,1,9,September,2010,4,Wednesday,14,30,0,3,3,44,42.18591389,-84.63555000,12,1,0,0,0,1,0
260563,26,MICHIGAN,MI,1,1,0,5,157,0,ARCADE,4,9,September,2010,7,Saturday,1,30,0,4,4,27,43.36226667,-83.18933611,42,2,0,0,0,5,1
260564,26,MICHIGAN,MI,1,1,0,2,147,0,AUGUSTA,4,9,September,2010,7,Saturday,2,16,1,11,1,238,42.99039167,-82.46115833,1,2,0,0,0,1,1
260565,26,MICHIGAN,MI,1,1,0,2,47,0,BROWNS,4,9,September,2010,7,Saturday,12,42,0,4,4,1,45.44902500,-85.04621944,43,1,0,0,0,1,0
260567,26,MICHIGAN,MI,1,1,0,1,107,0,CARROLLTON,5,9,September,2010,1,Sunday,9,10,0,3,3,9,43.69170556,-85.24591667,38,1,0,0,0,1,0
260568,26,MICHIGAN,MI,1,1,0,1,143,0,CANEHILL,5,9,September,2010,1,Sunday,3,19,0,14,3,37,44.33003056,-84.78390556,33,2,0,0,0,1,1
260569,26,MICHIGAN,MI,2,2,0,2,21,0,CHILTON,3,9,September,2010,6,Friday,21,30,0,4,3,7,41.86502500,-86.26789722,12,2,0,0,0,1,0
260570,26,MICHIGAN,MI,2,2,0,5,17,0,CHAMBERS,6,9,September,2010,2,Monday,17,8,0,6,4,79,43.78216111,-84.00726944,12,1,0,0,0,1,0
260571,26,MICHIGAN,MI,1,1,1,1,163,4815,AVERA,7,9,September,2010,3,Tuesday,20,47,1,11,1,162,42.26568889,-83.24149444,8,3,0,0,0,1,0
260572,26,MICHIGAN,MI,2,2,0,2,17,0,CHAMBERS,1,9,September,2010,4,Wednesday,13,33,0,4,4,53,43.79680278,-84.06713333,12,1,0,0,0,1,0
260573,26,MICHIGAN,MI,1,1,0,1,157,0,ARCADE,7,9,September,2010,3,Tuesday,9,56,0,5,4,46,43.62870556,-83.25202778,59,1,0,0,0,1,0
260574,26,MICHIGAN,MI,1,1,0,4,99,2181,BEATRICE,5,9,September,2010,1,Sunday,1,52,1,11,1,123,42.60166389,-82.85636111,34,2,0,0,0,1,0
260575,26,MICHIGAN,MI,1,1,0,1,149,0,BELLEVILLE,6,9,September,2010,2,Monday,23,5,0,4,4,24,41.81024167,-85.71562500,42,2,0,0,0,1,1
260576,26,MICHIGAN,MI,2,2,0,3,139,1110,CALION,8,9,September,2010,4,Wednesday,16,30,0,4,6,56,43.07462222,-85.95690000,12,1,0,0,0,1,0
260577,26,MICHIGAN,MI,1,1,0,1,25,310,BARLOW BEND,10,9,September,2010,6,Friday,3,31,0,15,6,8,42.31790833,-85.19975556,42,3,0,0,0,1,1
260578,26,MICHIGAN,MI,1,1,0,2,125,2230,BROOKWOOD,12,9,September,2010,1,Sunday,2,8,1,11,1,15,42.46102222,-83.10585000,5,3,0,0,0,1,0
260579,26,MICHIGAN,MI,1,1,0,3,161,4426,DENTON,12,9,September,2010,1,Sunday,16,59,0,4,4,61,42.40388333,-83.60420833,42,1,0,0,0,1,0
260580,26,MICHIGAN,MI,2,2,0,6,93,0,BEAR CREEK,11,9,September,2010,7,Saturday,17,28,1,11,1,22,42.64767500,-84.10501944,12,1,0,0,0,1,0
260581,26,MICHIGAN,MI,1,1,1,1,81,5319,AUBURN,13,9,September,2010,2,Monday,8,35,1,13,3,103,42.91359722,-85.69545278,15,1,0,0,0,1,0
260582,26,MICHIGAN,MI,2,2,0,3,75,4648,BEAVERTON,13,9,September,2010,2,Monday,11,45,0,14,3,79,42.20114167,-84.56986111,12,1,0,0,0,1,1
260583,26,MICHIGAN,MI,2,2,0,3,145,0,BALD KNOB,5,9,September,2010,1,Sunday,8,48,0,14,4,169,43.48085000,-84.03347222,12,1,0,0,0,1,1
260584,26,MICHIGAN,MI,1,1,0,1,155,0,IRWIN,15,9,September,2010,4,Wednesday,0,33,0,3,3,75,42.88305556,-84.22176389,34,2,0,0,0,1,0
260585,26,MICHIGAN,MI,1,1,0,1,163,90,AVERA,13,9,September,2010,2,Monday,7,10,1,11,1,185,42.40545278,-82.95858056,1,4,0,0,0,1,0
260586,26,MICHIGAN,MI,1,1,0,1,107,0,CARROLLTON,16,9,September,2010,5,Thursday,3,5,0,4,3,113,43.61802778,-85.48397500,42,2,0,0,0,1,1
260587,26,MICHIGAN,MI,1,1,0,1,49,1730,COLLINSVILLE,15,9,September,2010,4,Wednesday,3,2,1,11,1,72,43.01926944,-83.68479167,25,3,0,0,0,1,0
260588,26,MICHIGAN,MI,1,1,0,1,81,0,AUBURN,17,9,September,2010,6,Friday,2,50,0,6,4,33,43.22656944,-85.60727222,42,2,0,0,0,1,0
260590,26,MICHIGAN,MI,1,1,0,1,135,0,ASH FLAT,19,9,September,2010,1,Sunday,14,12,0,3,3,80,44.64484167,-84.23138333,34,1,0,0,0,1,0
260591,26,MICHIGAN,MI,1,1,0,1,75,0,BEAVERTON,18,9,September,2010,7,Saturday,22,11,0,3,3,34,42.39985000,-84.60043333,59,2,0,0,0,1,1
260592,26,MICHIGAN,MI,1,1,1,4,115,0,ASHVILLE,19,9,September,2010,1,Sunday,20,38,1,11,1,178,41.96127778,-83.35258611,8,2,0,0,0,1,0
260593,26,MICHIGAN,MI,1,1,0,1,163,2820,AVERA,4,9,September,2010,7,Saturday,1,3,1,13,3,128,42.24971667,-83.17748889,58,3,0,0,0,1,1
260594,26,MICHIGAN,MI,1,1,0,1,21,0,CHILTON,19,9,September,2010,1,Sunday,23,15,0,6,4,20,42.21798333,-86.31099722,42,2,0,0,0,1,1
260595,26,MICHIGAN,MI,1,1,1,1,121,0,BON AIR,24,9,September,2010,6,Friday,2,25,0,3,4,51,43.31980833,-86.26164444,8,3,0,0,0,1,0
260596,26,MICHIGAN,MI,1,1,0,1,81,131,AUBURN,24,9,September,2010,6,Friday,14,40,0,4,4,22,43.07261944,-85.73425833,1,1,0,0,0,1,0
260597,26,MICHIGAN,MI,1,1,0,1,45,0,ARITON,25,9,September,2010,7,Saturday,1,12,0,3,3,40,42.75536389,-84.97075000,53,2,0,0,0,1,1
260598,26,MICHIGAN,MI,1,1,0,1,17,0,CHAMBERS,25,9,September,2010,7,Saturday,16,36,0,3,3,4,43.52739444,-83.88147222,34,1,0,0,0,1,1
260599,26,MICHIGAN,MI,1,1,0,1,161,0,DENTON,25,9,September,2010,7,Saturday,21,26,1,1,1,100,42.29794444,-83.93754167,23,2,0,0,0,1,0
260600,26,MICHIGAN,MI,1,1,0,1,121,0,BON AIR,27,9,September,2010,2,Monday,10,3,1,2,2,166,43.34649722,-86.24713889,1,1,0,0,0,1,0
260601,26,MICHIGAN,MI,1,1,0,1,53,0,ATMORE,28,9,September,2010,3,Tuesday,22,23,0,4,4,13,46.48905556,-90.08368611,35,2,0,0,0,1,1
260602,26,MICHIGAN,MI,2,2,0,3,149,0,BELLEVILLE,18,9,September,2010,7,Saturday,17,59,1,13,2,4,41.92705556,-85.65213889,12,1,0,0,0,1,1
260603,26,MICHIGAN,MI,2,2,0,3,163,4295,AVERA,19,9,September,2010,1,Sunday,12,57,1,11,1,115,42.24353056,-83.32409722,12,1,0,0,0,2,0
260604,26,MICHIGAN,MI,2,2,0,2,163,4295,AVERA,28,9,September,2010,3,Tuesday,5,48,1,11,1,91,42.21573333,-83.41001389,12,2,0,0,0,1,0
260605,26,MICHIGAN,MI,1,1,0,1,93,0,BEAR CREEK,26,9,September,2010,1,Sunday,2,50,0,16,4,1,42.78298333,-83.71634722,59,2,0,0,0,1,1
260606,26,MICHIGAN,MI,2,2,0,4,163,1920,AVERA,29,9,September,2010,4,Wednesday,14,10,0,13,6,118,42.34016389,-83.32485000,12,1,0,0,0,1,0
260607,26,MICHIGAN,MI,2,2,0,2,115,0,ASHVILLE,29,9,September,2010,4,Wednesday,18,40,0,14,4,4,41.73606667,-83.56715833,12,1,0,0,0,1,2
260608,26,MICHIGAN,MI,2,2,0,2,25,310,BARLOW BEND,29,9,September,2010,4,Wednesday,15,53,0,15,6,16,42.30472778,-85.21869167,12,1,0,0,0,1,1
260609,26,MICHIGAN,MI,1,1,0,1,3,0,BALDWIN,30,9,September,2010,5,Thursday,16,46,0,6,4,1,46.60355278,-86.21351944,42,1,0,0,0,1,1
260610,26,MICHIGAN,MI,2,2,0,2,75,2764,BEAVERTON,29,9,September,2010,4,Wednesday,13,15,0,16,4,12,42.25638056,-84.35578333,12,1,0,0,0,1,0
260611,26,MICHIGAN,MI,1,1,0,1,139,4807,CALION,30,9,September,2010,5,Thursday,22,14,0,15,4,3,42.95000833,-85.84595833,53,2,0,0,0,1,1
260612,26,MICHIGAN,MI,2,2,0,2,165,0,HERNDON,29,9,September,2010,4,Wednesday,10,15,0,13,3,121,44.28109444,-85.39660000,12,1,0,0,0,1,0
260613,26,MICHIGAN,MI,2,2,0,2,77,3727,ANDERSON,27,9,September,2010,2,Monday,16,20,0,6,4,5,42.30254722,-85.75605833,12,1,0,0,0,1,0
260614,26,MICHIGAN,MI,1,1,0,1,115,0,ASHVILLE,6,9,September,2010,2,Monday,6,23,0,6,4,7,42.02226389,-83.40665833,42,4,0,0,0,1,0
260615,26,MICHIGAN,MI,1,1,0,1,81,0,AUBURN,5,9,September,2010,1,Sunday,9,0,0,6,4,16,42.95095833,-85.39094444,35,1,0,0,0,1,0
260616,26,MICHIGAN,MI,2,2,0,2,81,0,AUBURN,8,9,September,2010,4,Wednesday,8,57,0,15,4,88,43.05693333,-85.55563333,12,1,0,0,0,1,0
260617,26,MICHIGAN,MI,1,1,0,1,149,0,BELLEVILLE,10,9,September,2010,6,Friday,23,55,0,4,4,44,41.96019167,-85.33190556,59,2,0,0,0,1,1
260618,26,MICHIGAN,MI,1,1,1,1,149,3625,BELLEVILLE,12,9,September,2010,1,Sunday,17,26,0,4,4,40,41.92627500,-85.44871111,9,1,0,0,0,1,0
260619,26,MICHIGAN,MI,1,1,0,3,121,0,BON AIR,13,9,September,2010,2,Monday,16,14,0,4,4,3,43.28295278,-85.90815000,34,1,0,0,0,1,0
260620,26,MICHIGAN,MI,1,1,0,2,49,1980,COLLINSVILLE,11,9,September,2010,7,Saturday,2,41,0,16,4,9,42.95956389,-83.57381389,34,2,0,0,0,1,1
260621,26,MICHIGAN,MI,2,2,0,2,15,0,ANNISTON,13,9,September,2010,2,Monday,20,30,0,3,3,54,42.67474444,-85.42728333,12,2,0,0,0,1,1
260622,26,MICHIGAN,MI,2,2,0,6,147,3080,AUGUSTA,13,9,September,2010,2,Monday,18,5,1,13,3,149,42.91382222,-82.49060833,12,1,0,0,0,1,0
260623,26,MICHIGAN,MI,1,1,0,1,163,4766,AVERA,15,9,September,2010,4,Wednesday,20,12,0,15,4,31,42.16051667,-83.48104167,18,2,0,0,0,1,0
260624,26,MICHIGAN,MI,1,1,2,1,59,3381,FRANKLIN,18,9,September,2010,7,Saturday,21,6,0,4,4,49,42.01314444,-84.52623333,8,2,0,0,0,1,0
260625,26,MICHIGAN,MI,2,2,0,4,163,1260,AVERA,19,9,September,2010,1,Sunday,23,10,1,13,3,63,42.41384167,-82.99164444,12,3,0,0,0,1,1
260626,26,MICHIGAN,MI,2,2,0,3,99,0,BEATRICE,19,9,September,2010,1,Sunday,16,44,0,4,4,135,42.82090278,-82.88360556,12,1,0,0,0,1,0
260627,26,MICHIGAN,MI,2,2,0,2,163,1260,AVERA,22,9,September,2010,4,Wednesday,16,40,1,13,2,173,42.43874444,-83.27884444,12,1,0,0,0,1,0
260628,26,MICHIGAN,MI,1,1,0,2,51,0,CENTRAL,25,10,October,2010,2,Monday,14,5,0,6,4,23,44.09447500,-84.34882222,34,1,0,0,0,1,1
260629,26,MICHIGAN,MI,1,1,0,2,129,0,BIGBEE,11,7,July,2010,1,Sunday,15,15,0,16,4,7,44.20781389,-84.05515278,42,1,0,0,0,1,0
260630,26,MICHIGAN,MI,2,2,0,2,145,0,BALD KNOB,31,7,July,2010,7,Saturday,10,50,0,4,4,43,43.18963333,-84.05068333,12,1,0,0,0,1,0
260631,26,MICHIGAN,MI,1,1,1,1,163,1260,AVERA,11,8,August,2010,4,Wednesday,13,58,1,11,1,1,42.40803056,-83.08056389,9,1,0,0,0,1,0
260632,26,MICHIGAN,MI,2,2,0,2,149,0,BELLEVILLE,13,9,September,2010,2,Monday,18,50,0,3,3,112,42.00715556,-85.43367222,12,1,0,0,0,1,2
260633,26,MICHIGAN,MI,2,2,0,2,147,0,AUGUSTA,28,9,September,2010,3,Tuesday,14,29,1,11,1,240,42.99041389,-82.45610833,12,1,0,0,0,1,0
260634,26,MICHIGAN,MI,2,2,0,5,81,2553,AUBURN,2,10,October,2010,7,Saturday,1,19,1,13,3,60,42.88362222,-85.56511111,12,3,0,0,0,1,0
260636,26,MICHIGAN,MI,1,1,1,1,155,0,IRWIN,2,10,October,2010,7,Saturday,19,26,0,4,3,44,42.81466111,-84.28318889,9,5,0,0,0,1,0
260637,26,MICHIGAN,MI,1,1,0,4,115,0,ASHVILLE,2,10,October,2010,7,Saturday,0,14,0,15,4,10,41.95210278,-83.28094167,34,2,0,0,0,1,1
260638,26,MICHIGAN,MI,1,1,0,1,77,4030,ANDERSON,4,10,October,2010,2,Monday,6,53,1,13,6,22,42.23674444,-85.58952500,20,3,0,0,0,1,0
260639,26,MICHIGAN,MI,1,1,0,2,5,0,BAKER HILL,29,9,September,2010,4,Wednesday,22,7,0,6,4,45,42.60797778,-86.16301389,42,2,0,0,0,1,0
260640,26,MICHIGAN,MI,1,1,0,2,7,0,BIBB,4,10,October,2010,2,Monday,6,50,0,6,4,14,45.09061944,-83.50921389,35,4,0,0,0,1,1
260641,26,MICHIGAN,MI,2,2,0,3,125,0,BROOKWOOD,3,10,October,2010,1,Sunday,11,40,0,15,4,22,42.49418333,-83.61452500,12,1,0,0,0,1,0
260642,26,MICHIGAN,MI,2,2,0,4,117,0,BIRMINGHAM,4,10,October,2010,2,Monday,14,55,0,6,3,65,43.43138333,-85.28325000,12,1,0,0,0,1,0
260643,26,MICHIGAN,MI,2,2,0,4,117,0,BIRMINGHAM,4,10,October,2010,2,Monday,10,55,1,2,3,324,43.39574722,-85.56256389,12,1,0,0,0,2,0
260644,26,MICHIGAN,MI,2,2,0,2,21,4564,CHILTON,4,10,October,2010,2,Monday,20,28,0,3,4,29,42.04975000,-86.36996944,12,2,0,0,0,1,1
260645,26,MICHIGAN,MI,1,1,0,2,145,546,BALD KNOB,5,10,October,2010,3,Tuesday,20,30,0,4,4,75,43.25915556,-84.22125000,11,2,0,0,0,1,1
260646,26,MICHIGAN,MI,2,2,0,3,33,0,CHEROKEE,6,10,October,2010,4,Wednesday,12,50,1,2,3,108,46.34559167,-85.03088611,12,1,0,0,0,1,0
260647,26,MICHIGAN,MI,1,1,0,1,115,0,ASHVILLE,6,10,October,2010,4,Wednesday,18,36,0,4,4,25,41.99479444,-83.67332778,34,5,0,0,0,1,1
260648,26,MICHIGAN,MI,1,1,1,1,81,2010,AUBURN,7,10,October,2010,5,Thursday,14,50,0,15,6,1,42.98440278,-85.62025833,8,1,0,0,0,1,0
260649,26,MICHIGAN,MI,1,1,1,1,99,2933,BEATRICE,7,10,October,2010,5,Thursday,2,47,0,14,4,68,42.64347500,-82.90634167,8,2,0,0,0,1,0
260650,26,MICHIGAN,MI,1,1,0,1,67,0,ABBEVILLE,8,10,October,2010,6,Friday,17,48,0,6,4,17,42.89293333,-84.91132778,34,1,0,0,0,1,1
260651,26,MICHIGAN,MI,1,1,0,4,83,0,ARDMORE,9,10,October,2010,7,Saturday,13,15,0,3,2,148,47.42894444,-87.98350556,24,1,0,0,0,1,0
260652,26,MICHIGAN,MI,1,1,0,1,145,0,BALD KNOB,10,10,October,2010,1,Sunday,10,0,0,6,4,25,43.23446667,-84.00128333,42,1,0,0,0,1,0
260653,26,MICHIGAN,MI,2,2,0,4,35,0,BROOKLYN,9,10,October,2010,7,Saturday,17,20,0,3,3,4,44.04461667,-85.07453333,12,1,0,0,0,1,1
260654,26,MICHIGAN,MI,2,2,0,4,163,4815,AVERA,27,10,October,2010,4,Wednesday,14,20,0,13,6,154,42.25611389,-83.24660278,12,1,0,0,0,2,0
260655,26,MICHIGAN,MI,2,2,0,9,93,0,BEAR CREEK,10,10,October,2010,1,Sunday,15,29,1,12,2,43,42.48864167,-83.75713611,12,1,0,0,0,5,0
260656,26,MICHIGAN,MI,2,2,0,3,163,0,AVERA,6,10,October,2010,4,Wednesday,3,43,1,13,3,16,42.09939722,-83.22511667,12,2,0,0,0,1,1
260657,26,MICHIGAN,MI,1,1,0,1,41,0,BRANTLEY,10,10,October,2010,1,Sunday,21,20,0,4,4,95,45.73611944,-87.30481944,11,2,0,0,0,1,0
260658,26,MICHIGAN,MI,1,1,1,1,161,0,DENTON,11,10,October,2010,2,Monday,11,42,1,13,3,42,42.25163611,-83.66863889,8,1,0,0,0,1,0