ST_CASE,STATE,State Name,State Abbreviation,# of Vehicle involved,VE_FORMS,Pedestrains,Total_Persons_in_accident,COUNTY,CITY,City_County_Name,Calendar_DAY,MONTH,Month_name,YEAR,DAY_WEEK,Day_Week_desc,HOUR,MINUTE,NHS_Desc,trafficway,Route,MILEPT,LATITUDE,LONGITUD,First_Crash_event,Light_cond_desc,Weather_condition,School_bus_involved,Crash_cause,FATALS,DRUNK_DR
260659,26,MICHIGAN,MI,1,1,0,2,65,0,CYPRESS,1,10,October,2010,6,Friday,18,30,0,6,4,1,42.59656667,-84.50327500,42,1,0,0,0,1,1
260660,26,MICHIGAN,MI,2,2,0,4,45,0,ARITON,23,4,April,2010,6,Friday,23,21,0,3,3,143,42.62596111,-84.86440556,12,2,0,0,0,1,1
260661,26,MICHIGAN,MI,1,1,0,1,163,1260,AVERA,17,5,May,2010,2,Monday,1,40,1,11,1,1,42.38516944,-83.15668611,30,3,0,0,0,1,1
260662,26,MICHIGAN,MI,1,1,1,2,163,1260,AVERA,1,6,June,2010,3,Tuesday,22,41,0,14,6,30,42.42603056,-83.05164167,8,3,0,0,0,1,0
260663,26,MICHIGAN,MI,1,1,1,1,163,1260,AVERA,21,7,July,2010,4,Wednesday,22,15,1,13,3,36,42.39444722,-83.20286389,8,3,0,0,0,1,0
260664,26,MICHIGAN,MI,2,2,0,5,163,1260,AVERA,22,7,July,2010,5,Thursday,18,45,0,14,6,2,42.33024167,-83.15379444,12,1,0,0,0,1,0
260665,26,MICHIGAN,MI,2,1,1,1,163,1260,AVERA,3,8,August,2010,3,Tuesday,13,25,1,13,2,45,42.33120556,-83.10601111,18,1,0,0,0,1,0
260666,26,MICHIGAN,MI,1,1,0,1,15,2220,ANNISTON,28,8,August,2010,7,Saturday,17,44,0,14,3,9,42.64857222,-85.30777500,35,1,0,0,0,1,0
260668,26,MICHIGAN,MI,2,2,0,3,85,0,BENTON,14,8,August,2010,7,Saturday,10,30,0,4,4,20,43.95976944,-85.65246111,12,1,0,0,0,1,0
260669,26,MICHIGAN,MI,2,2,0,2,163,1260,AVERA,26,9,September,2010,1,Sunday,3,45,1,13,6,50,42.38478889,-82.99053056,12,3,0,0,0,1,0
260670,26,MICHIGAN,MI,1,1,0,1,143,0,CANEHILL,23,9,September,2010,5,Thursday,11,55,0,4,4,13,44.17532222,-84.37237778,42,1,0,0,0,1,0
260671,26,MICHIGAN,MI,2,2,0,3,59,0,FRANKLIN,12,10,October,2010,3,Tuesday,8,18,0,5,4,27,41.93763889,-84.45938611,12,1,0,0,0,1,0
260672,26,MICHIGAN,MI,1,1,0,1,159,0,FARRAR,11,10,October,2010,2,Monday,18,0,1,1,1,118,42.19116111,-85.99342222,57,1,0,0,0,1,0
260673,26,MICHIGAN,MI,1,1,0,3,163,1260,AVERA,29,8,August,2010,1,Sunday,5,40,0,14,6,127,42.38693611,-83.20360833,42,4,0,0,0,1,0
260674,26,MICHIGAN,MI,2,2,0,2,45,4100,ARITON,17,9,September,2010,6,Friday,22,41,0,14,6,65,42.62310556,-84.74013056,12,2,0,0,0,1,0
260675,26,MICHIGAN,MI,1,1,1,1,49,1730,COLLINSVILLE,11,10,October,2010,2,Monday,19,24,0,14,6,1,43.00743611,-83.70744167,8,5,0,0,0,1,0
260676,26,MICHIGAN,MI,1,1,0,3,65,0,CYPRESS,13,10,October,2010,4,Wednesday,1,30,0,4,4,43,42.56581111,-84.29831667,59,2,0,0,0,1,1
260677,26,MICHIGAN,MI,2,2,0,4,139,0,CALION,13,10,October,2010,4,Wednesday,12,19,0,16,4,5,42.85538611,-86.19798611,12,1,0,0,0,1,0
260678,26,MICHIGAN,MI,1,1,1,2,125,4251,BROOKWOOD,13,10,October,2010,4,Wednesday,19,9,0,14,6,58,42.63485000,-83.17753889,8,2,0,0,0,1,0
260679,26,MICHIGAN,MI,1,1,0,5,11,0,BULLOCK,16,10,October,2010,7,Saturday,8,42,1,11,1,129,44.07950833,-84.09786389,1,1,0,0,0,2,0
260680,26,MICHIGAN,MI,1,1,0,1,125,2935,BROOKWOOD,16,10,October,2010,7,Saturday,17,57,0,16,6,1,42.49964167,-83.09498889,33,1,0,0,0,1,1
260681,26,MICHIGAN,MI,1,1,0,1,75,5283,BEAVERTON,17,10,October,2010,1,Sunday,11,48,0,4,4,46,42.34424167,-84.14137500,59,1,0,0,0,1,0
260682,26,MICHIGAN,MI,1,1,1,1,125,0,BROOKWOOD,17,10,October,2010,1,Sunday,20,5,0,15,4,7,42.72252500,-83.48057500,8,2,0,0,0,1,0
260683,26,MICHIGAN,MI,2,2,0,6,115,0,ASHVILLE,3,10,October,2010,1,Sunday,14,40,1,2,2,39,41.79803056,-83.69136111,12,1,0,0,0,1,0
260684,26,MICHIGAN,MI,2,2,0,2,67,0,ABBEVILLE,17,10,October,2010,1,Sunday,13,54,0,3,3,51,43.08773056,-85.21237500,12,1,0,0,0,1,0
260685,26,MICHIGAN,MI,1,1,1,1,115,0,ASHVILLE,17,10,October,2010,1,Sunday,1,12,0,14,3,188,41.97230833,-83.37345833,9,2,0,0,0,1,0
260686,26,MICHIGAN,MI,2,2,0,3,81,0,AUBURN,10,10,October,2010,1,Sunday,14,5,0,15,4,47,43.00571944,-85.54722500,12,1,0,0,0,1,0
260687,26,MICHIGAN,MI,1,1,1,1,125,4020,BROOKWOOD,12,10,October,2010,3,Tuesday,5,46,0,16,6,7,42.67721389,-83.29006389,9,2,0,0,0,1,0
260688,26,MICHIGAN,MI,2,2,0,3,117,0,BIRMINGHAM,19,10,October,2010,3,Tuesday,8,15,0,6,4,40,43.35028611,-85.02443611,12,1,0,0,0,2,0
260689,26,MICHIGAN,MI,1,1,0,1,161,0,DENTON,14,10,October,2010,5,Thursday,16,36,0,4,4,68,42.39186944,-83.95531111,1,1,0,0,0,1,1
260690,26,MICHIGAN,MI,1,1,0,1,71,4680,BRIDGEPORT,15,10,October,2010,6,Friday,21,15,0,3,3,21,46.01185000,-88.63711667,34,2,0,0,0,1,1
260691,26,MICHIGAN,MI,1,1,0,1,157,4915,ARCADE,19,10,October,2010,3,Tuesday,13,45,0,4,4,46,43.39238056,-83.67987500,34,1,0,0,0,1,1
260692,26,MICHIGAN,MI,1,1,0,3,93,0,BEAR CREEK,21,10,October,2010,5,Thursday,2,36,1,11,1,220,42.53446389,-83.76840278,24,2,0,0,0,1,1
260693,26,MICHIGAN,MI,1,1,0,2,87,0,ARMSTRONG,21,10,October,2010,5,Thursday,12,12,0,4,4,95,43.05940000,-83.27212500,24,1,0,0,0,1,0
260694,26,MICHIGAN,MI,1,1,0,1,45,0,ARITON,23,10,October,2010,7,Saturday,7,59,0,6,4,14,42.62897778,-84.70124167,59,2,0,0,0,1,1
260695,26,MICHIGAN,MI,3,3,0,3,21,0,CHILTON,23,10,October,2010,7,Saturday,20,12,0,13,4,11,42.08718333,-86.46559167,12,3,0,0,0,1,2
260696,26,MICHIGAN,MI,1,1,0,1,41,1940,BRANTLEY,23,10,October,2010,7,Saturday,23,22,0,15,6,1,45.84195000,-87.04800556,59,2,0,0,0,1,1
260697,26,MICHIGAN,MI,2,2,0,2,147,0,AUGUSTA,20,10,October,2010,4,Wednesday,16,55,0,4,4,49,43.12826944,-82.86266389,12,1,0,0,0,1,0
260698,26,MICHIGAN,MI,2,2,0,2,77,2520,ANDERSON,19,10,October,2010,3,Tuesday,22,9,1,13,3,55,42.28408333,-85.58957500,12,3,0,0,0,1,0
260699,26,MICHIGAN,MI,2,2,0,3,91,2390,DAYTON,20,10,October,2010,4,Wednesday,16,36,1,2,2,102,41.85501944,-84.36181944,12,1,0,0,0,2,0
260700,26,MICHIGAN,MI,2,2,0,2,163,1260,AVERA,22,10,October,2010,6,Friday,14,30,1,12,3,139,42.42241111,-83.21895833,54,1,0,0,0,1,0
260701,26,MICHIGAN,MI,1,1,1,1,125,0,BROOKWOOD,23,10,October,2010,7,Saturday,17,14,1,11,1,56,42.50475556,-83.56653889,8,1,0,0,0,1,0
260702,26,MICHIGAN,MI,5,5,0,7,161,0,DENTON,26,10,October,2010,3,Tuesday,16,39,0,14,3,12,42.23493333,-83.58266667,12,1,0,0,0,1,1
260703,26,MICHIGAN,MI,2,2,0,4,49,1931,COLLINSVILLE,27,10,October,2010,4,Wednesday,17,57,0,15,4,85,43.08443333,-83.59730000,12,1,0,0,0,3,0
260704,26,MICHIGAN,MI,1,1,0,4,17,0,CHAMBERS,31,10,October,2010,1,Sunday,1,30,0,6,4,43,43.77450000,-83.93787500,1,2,0,0,0,1,1
260705,26,MICHIGAN,MI,1,1,0,1,147,0,AUGUSTA,3,10,October,2010,1,Sunday,4,36,0,3,4,67,42.98059444,-82.92861667,1,2,0,0,0,1,0
260706,26,MICHIGAN,MI,1,1,0,2,53,0,ATMORE,29,10,October,2010,6,Friday,1,45,1,2,3,252,46.54888611,-89.74503056,1,2,0,0,0,1,1
260707,26,MICHIGAN,MI,1,1,0,1,81,5319,AUBURN,31,10,October,2010,1,Sunday,2,52,1,12,2,3,42.87087222,-85.68082500,52,2,0,0,0,1,1
260708,26,MICHIGAN,MI,1,1,0,1,161,0,DENTON,25,10,October,2010,2,Monday,5,42,0,15,4,6,42.30354722,-83.65367222,34,2,0,0,0,1,0
260709,26,MICHIGAN,MI,1,1,0,2,121,0,BON AIR,29,10,October,2010,6,Friday,16,38,1,2,2,148,43.32279444,-86.23751389,1,1,0,0,0,1,1
260710,26,MICHIGAN,MI,4,4,0,6,17,0,CHAMBERS,26,10,October,2010,3,Tuesday,12,53,1,13,3,27,43.59420278,-83.83712500,12,1,0,0,0,2,0
260711,26,MICHIGAN,MI,1,1,0,1,59,0,FRANKLIN,1,10,October,2010,6,Friday,14,6,0,4,4,26,41.95621111,-84.53249444,42,1,0,0,0,1,0
260712,26,MICHIGAN,MI,1,1,0,2,159,0,FARRAR,7,10,October,2010,5,Thursday,0,0,0,6,4,6,42.32471667,-85.86796389,1,2,0,0,0,1,1
260713,26,MICHIGAN,MI,2,1,0,1,163,1260,AVERA,8,10,October,2010,6,Friday,20,20,0,16,6,1,42.33297778,-83.22892500,14,2,0,0,0,1,0
260714,26,MICHIGAN,MI,2,2,0,4,41,1590,BRANTLEY,25,10,October,2010,2,Monday,14,19,1,13,2,181,45.75213611,-87.07786667,12,1,0,0,0,1,0
260715,26,MICHIGAN,MI,1,1,0,2,107,0,CARROLLTON,13,10,October,2010,4,Wednesday,20,55,0,6,4,12,43.64862778,-85.44909722,42,2,0,0,0,1,0
260717,26,MICHIGAN,MI,1,1,0,1,93,2114,BEAR CREEK,30,10,October,2010,7,Saturday,18,22,0,16,4,1,42.43746944,-83.88313611,1,1,0,0,0,1,0
260718,26,MICHIGAN,MI,1,1,0,2,111,0,GRAHAM,1,11,November,2010,2,Monday,19,19,0,14,4,156,43.66121389,-84.33411111,34,2,0,0,0,2,0
260719,26,MICHIGAN,MI,1,1,0,1,25,0,BARLOW BEND,7,11,November,2010,1,Sunday,3,0,0,4,4,49,42.21621111,-85.08014167,42,2,0,0,0,1,1
260720,26,MICHIGAN,MI,1,1,0,1,139,0,CALION,9,11,November,2010,3,Tuesday,16,54,0,4,4,33,43.05926944,-86.13193333,24,1,0,0,0,1,0
260722,26,MICHIGAN,MI,1,1,0,1,75,4242,BEAVERTON,10,11,November,2010,4,Wednesday,18,52,0,5,4,51,42.41208333,-84.38421111,42,2,0,0,0,1,0
260723,26,MICHIGAN,MI,1,1,0,1,127,0,BURNWELL,11,11,November,2010,5,Thursday,19,19,1,2,2,181,43.71242778,-86.39513889,1,2,0,0,0,1,0
260724,26,MICHIGAN,MI,1,1,0,1,49,1931,COLLINSVILLE,11,11,November,2010,5,Thursday,14,36,0,15,4,55,43.12103056,-83.59079722,19,1,0,0,0,1,0
260725,26,MICHIGAN,MI,1,1,0,1,145,0,BALD KNOB,12,11,November,2010,6,Friday,11,36,0,4,4,14,43.55217500,-84.15591111,59,1,0,0,0,1,0
260726,26,MICHIGAN,MI,1,1,0,1,35,0,BROOKLYN,16,11,November,2010,3,Tuesday,17,48,1,2,2,69,43.88243333,-84.79301667,1,2,0,0,0,1,0
260727,26,MICHIGAN,MI,1,1,0,1,27,0,ASHLAND,18,11,November,2010,5,Thursday,16,54,0,16,4,28,41.78195000,-86.08382500,42,1,0,0,0,1,0
260728,26,MICHIGAN,MI,1,1,0,1,161,0,DENTON,19,11,November,2010,6,Friday,6,25,1,1,1,113,42.29722222,-83.91413333,35,2,0,0,0,1,0
260729,26,MICHIGAN,MI,1,1,0,1,149,0,BELLEVILLE,21,11,November,2010,1,Sunday,6,55,0,6,6,51,41.83382222,-85.38916389,42,2,0,0,0,1,0
260730,26,MICHIGAN,MI,1,1,1,1,75,0,BEAVERTON,24,11,November,2010,4,Wednesday,11,8,0,4,4,44,42.26771111,-84.62475556,9,1,0,0,0,1,0
260731,26,MICHIGAN,MI,2,2,0,2,99,4731,BEATRICE,4,9,September,2010,7,Saturday,0,48,0,14,6,12,42.55576111,-82.97406111,12,2,0,0,0,1,1
260732,26,MICHIGAN,MI,2,2,0,1,49,0,COLLINSVILLE,7,9,September,2010,3,Tuesday,8,15,0,4,4,24,43.11780000,-83.88073333,12,1,0,0,0,1,0
260733,26,MICHIGAN,MI,1,1,1,1,125,2230,BROOKWOOD,12,9,September,2010,1,Sunday,2,8,1,11,1,13,42.46104167,-83.10586389,8,3,0,0,0,1,0
260734,26,MICHIGAN,MI,2,2,0,4,11,0,BULLOCK,23,9,September,2010,5,Thursday,11,4,1,2,2,13,43.99401111,-83.95000833,12,1,0,0,0,1,1
260735,26,MICHIGAN,MI,1,1,0,1,25,310,BARLOW BEND,28,11,November,2010,1,Sunday,19,14,0,16,6,9,42.32698056,-85.15312500,42,3,0,0,0,1,1
260736,26,MICHIGAN,MI,1,1,0,1,67,0,ABBEVILLE,30,11,November,2010,3,Tuesday,11,43,0,4,4,16,42.90253056,-85.04429722,1,1,0,0,0,1,0
260737,26,MICHIGAN,MI,1,1,0,1,87,0,ARMSTRONG,30,11,November,2010,3,Tuesday,10,57,0,4,4,45,42.95474722,-83.37228333,42,1,0,0,0,1,0
260740,26,MICHIGAN,MI,1,1,0,2,99,0,BEATRICE,14,11,November,2010,1,Sunday,4,13,0,3,4,5,42.85661111,-82.94453611,42,3,0,0,0,1,1
260741,26,MICHIGAN,MI,1,1,1,1,157,760,ARCADE,29,10,October,2010,6,Friday,10,27,0,14,3,164,43.49033056,-83.39462222,8,1,0,0,0,1,0
260742,26,MICHIGAN,MI,1,1,0,1,9,0,BLOUNT,6,11,November,2010,7,Saturday,18,46,0,3,3,76,44.92619444,-85.19323611,42,5,0,0,0,1,1
260743,26,MICHIGAN,MI,1,1,0,1,163,1260,AVERA,17,11,November,2010,4,Wednesday,9,32,1,12,3,99,42.36497778,-83.21635833,25,1,0,0,0,1,0
260744,26,MICHIGAN,MI,2,2,0,2,139,0,CALION,23,10,October,2010,7,Saturday,2,50,0,14,4,47,42.82663333,-86.11756389,12,3,0,0,0,1,1
260745,26,MICHIGAN,MI,1,1,0,1,21,0,CHILTON,31,10,October,2010,1,Sunday,19,26,0,5,4,30,41.92096111,-86.53939167,34,2,0,0,0,1,0
260746,26,MICHIGAN,MI,1,1,1,0,61,2340,BELLWOOD,3,10,October,2010,1,Sunday,10,33,0,13,3,49,47.12050833,-88.58114444,8,1,0,0,0,1,0
260747,26,MICHIGAN,MI,2,2,0,2,125,0,BROOKWOOD,29,10,October,2010,6,Friday,16,45,1,13,3,2,42.60288333,-83.29023333,12,1,0,0,0,1,0
260748,26,MICHIGAN,MI,3,3,0,3,161,0,DENTON,31,10,October,2010,1,Sunday,6,31,0,13,3,16,42.32467778,-83.62613333,12,2,0,0,0,1,1
260749,26,MICHIGAN,MI,1,1,0,4,159,0,FARRAR,8,10,October,2010,6,Friday,18,0,0,4,4,24,42.34558889,-86.25340556,34,5,0,0,0,1,0
260750,26,MICHIGAN,MI,1,1,1,1,161,0,DENTON,3,11,November,2010,4,Wednesday,19,23,0,13,4,116,42.25266111,-83.68071389,8,2,0,0,0,1,0
260751,26,MICHIGAN,MI,2,2,0,5,115,0,ASHVILLE,5,11,November,2010,6,Friday,6,36,0,13,3,185,41.96534722,-83.38576389,12,2,0,0,0,1,0
260752,26,MICHIGAN,MI,2,2,0,3,161,4426,DENTON,20,10,October,2010,4,Wednesday,14,35,0,3,4,271,42.37394722,-83.56846111,12,1,0,0,0,1,0
260753,26,MICHIGAN,MI,2,2,0,4,75,4648,BEAVERTON,5,11,November,2010,6,Friday,8,34,0,14,3,94,42.20795833,-84.54199444,12,1,0,0,0,1,0
260755,26,MICHIGAN,MI,1,1,0,1,29,0,BORDEN SPRINGS,28,10,October,2010,5,Thursday,18,12,0,6,4,3,45.31387500,-85.28795833,1,5,0,0,0,1,1
260756,26,MICHIGAN,MI,2,2,0,2,145,0,BALD KNOB,21,10,October,2010,5,Thursday,9,54,1,13,3,42,43.43681111,-84.02813611,12,1,0,0,0,1,1
260757,26,MICHIGAN,MI,2,2,0,3,117,0,BIRMINGHAM,4,10,October,2010,2,Monday,11,12,0,6,4,1,43.36668056,-85.56268889,12,1,0,0,0,2,0
260758,26,MICHIGAN,MI,2,2,0,5,157,5010,ARCADE,5,11,November,2010,6,Friday,16,24,0,6,4,17,43.32263056,-83.52106389,12,1,0,0,0,1,0
260759,26,MICHIGAN,MI,1,1,1,1,125,5166,BROOKWOOD,8,11,November,2010,2,Monday,4,20,1,13,4,52,42.53119722,-83.36015556,8,2,0,0,0,1,0
260760,26,MICHIGAN,MI,2,2,0,3,81,2010,AUBURN,13,10,October,2010,4,Wednesday,13,34,0,14,3,59,42.94162778,-85.68269444,12,1,0,0,0,1,1
260761,26,MICHIGAN,MI,2,2,0,2,147,926,AUGUSTA,2,11,November,2010,3,Tuesday,11,55,0,4,4,34,42.75789444,-82.51166389,12,1,0,0,0,1,0
260762,26,MICHIGAN,MI,2,2,0,3,165,0,HERNDON,24,11,November,2010,4,Wednesday,8,5,0,4,4,101,44.28118056,-85.43683889,12,1,0,0,0,2,0
260763,26,MICHIGAN,MI,2,2,0,2,125,3641,BROOKWOOD,8,11,November,2010,2,Monday,18,25,1,11,1,9,42.47450278,-83.18457222,54,3,0,0,0,1,0
260764,26,MICHIGAN,MI,2,2,0,4,65,2700,CYPRESS,10,11,November,2010,4,Wednesday,18,14,0,13,3,41,42.70238611,-84.56743889,12,5,0,0,0,1,0
260765,26,MICHIGAN,MI,1,1,0,2,97,0,AXIS,3,7,July,2010,7,Saturday,13,51,0,3,4,89,46.21868333,-85.32128333,42,1,0,0,0,1,0
260766,26,MICHIGAN,MI,1,1,0,2,125,1652,BROOKWOOD,9,10,October,2010,7,Saturday,19,8,0,14,6,8,42.45255833,-83.37588056,33,3,0,0,0,1,0
260767,26,MICHIGAN,MI,2,2,0,2,121,3615,BON AIR,25,10,October,2010,2,Monday,16,4,1,13,2,32,43.19069167,-86.26006667,12,1,0,0,0,1,0
260768,26,MICHIGAN,MI,1,1,0,2,143,0,CANEHILL,13,11,November,2010,7,Saturday,15,20,1,1,1,156,44.41110000,-84.60142222,1,1,0,0,0,1,0
260769,26,MICHIGAN,MI,2,2,0,5,139,0,CALION,12,11,November,2010,6,Friday,18,52,0,4,4,72,42.87335278,-86.07989722,12,2,0,0,0,1,0
260770,26,MICHIGAN,MI,2,2,0,2,79,0,COURTLAND,10,11,November,2010,4,Wednesday,9,49,0,4,4,1,44.77996944,-85.29587778,12,1,0,0,0,1,0
260771,26,MICHIGAN,MI,1,1,1,1,163,5176,AVERA,8,11,November,2010,2,Monday,18,13,1,13,6,51,42.28998611,-83.34898611,8,3,0,0,0,1,1
260772,26,MICHIGAN,MI,1,1,1,1,125,2300,BROOKWOOD,9,11,November,2010,3,Tuesday,19,53,0,14,6,31,42.80634722,-83.62841667,8,3,0,0,0,1,0
260773,26,MICHIGAN,MI,1,1,1,1,163,738,AVERA,9,11,November,2010,3,Tuesday,21,59,1,13,2,121,42.36353889,-83.27572222,8,3,0,0,0,1,0
260774,26,MICHIGAN,MI,1,1,1,1,141,4280,BEE BRANCH,12,11,November,2010,6,Friday,20,31,1,2,2,259,45.41050278,-83.82531944,8,2,0,0,0,1,0
260775,26,MICHIGAN,MI,2,2,0,2,163,1260,AVERA,11,11,November,2010,5,Thursday,0,35,1,12,3,110,42.33865833,-83.06614722,12,3,0,0,0,1,1
260776,26,MICHIGAN,MI,1,1,2,1,75,2500,BEAVERTON,12,11,November,2010,6,Friday,18,37,1,13,3,2,42.24815556,-84.40070833,8,3,0,0,0,1,0
260777,26,MICHIGAN,MI,1,1,1,1,139,0,CALION,15,11,November,2010,2,Monday,22,49,1,13,2,42,42.82658056,-86.09404722,9,2,0,0,0,1,0
260778,26,MICHIGAN,MI,2,2,0,2,115,0,ASHVILLE,12,11,November,2010,6,Friday,14,24,0,14,4,6,41.96376667,-83.36335556,12,1,0,0,0,1,0
260779,26,MICHIGAN,MI,1,1,0,1,95,0,ALBERTVILLE,19,11,November,2010,6,Friday,8,35,1,2,3,21,46.27530833,-85.57195278,42,1,0,0,0,1,0
260780,26,MICHIGAN,MI,1,1,1,1,149,4760,BELLEVILLE,8,11,November,2010,2,Monday,2,30,0,14,3,14,41.77896111,-85.42829167,8,2,0,0,0,1,0
260781,26,MICHIGAN,MI,1,1,1,2,99,1009,BEATRICE,18,11,November,2010,5,Thursday,17,51,1,13,3,77,42.55063056,-82.90201667,8,2,0,0,0,1,0
260782,26,MICHIGAN,MI,2,2,0,5,91,0,DAYTON,19,11,November,2010,6,Friday,18,27,0,4,4,30,41.77066389,-84.07872222,12,2,0,0,0,2,0
260783,26,MICHIGAN,MI,2,2,1,2,49,0,COLLINSVILLE,20,11,November,2010,7,Saturday,19,33,0,13,4,28,43.06050833,-83.76817778,8,3,0,0,0,1,0
260784,26,MICHIGAN,MI,2,2,0,5,81,0,AUBURN,21,11,November,2010,1,Sunday,17,23,0,14,3,147,42.92905833,-85.43114722,11,5,0,0,0,1,0
260785,26,MICHIGAN,MI,2,1,0,1,73,0,ARGO,20,11,November,2010,7,Saturday,20,53,0,14,4,47,43.63496389,-84.74819444,14,2,0,0,0,1,1
260786,26,MICHIGAN,MI,2,2,0,2,91,3817,DAYTON,23,11,November,2010,3,Tuesday,3,45,0,3,4,26,41.88801667,-83.99240556,12,2,0,0,0,1,0
260787,26,MICHIGAN,MI,1,1,1,1,159,0,FARRAR,22,11,November,2010,2,Monday,7,27,0,3,3,194,42.32484444,-85.87883056,15,2,0,0,0,1,0
260788,26,MICHIGAN,MI,2,2,0,5,73,0,ARGO,23,11,November,2010,3,Tuesday,17,38,0,14,4,5,43.57537778,-84.75761389,12,3,0,0,0,1,0
260789,26,MICHIGAN,MI,1,1,1,3,123,0,ALEXANDER CITY,25,11,November,2010,5,Thursday,18,4,0,3,3,20,43.44793333,-85.78165833,8,2,0,0,0,1,0
260790,26,MICHIGAN,MI,2,2,0,3,115,0,ASHVILLE,26,11,November,2010,6,Friday,7,52,0,6,4,64,41.82221667,-83.60880556,12,1,0,0,0,1,0
260791,26,MICHIGAN,MI,2,2,0,3,81,0,AUBURN,27,11,November,2010,7,Saturday,18,18,0,3,3,174,43.21197222,-85.75103889,12,3,0,0,0,2,1
260792,26,MICHIGAN,MI,3,3,0,3,163,2850,AVERA,29,11,November,2010,2,Monday,14,53,0,13,6,61,42.43885000,-83.37550278,12,1,0,0,0,1,0
260793,26,MICHIGAN,MI,1,1,1,1,77,4030,ANDERSON,11,11,November,2010,5,Thursday,9,50,0,13,6,98,42.20098889,-85.57905833,15,1,0,0,0,1,0
260794,26,MICHIGAN,MI,4,2,0,4,163,1210,AVERA,28,11,November,2010,1,Sunday,4,46,0,16,6,3,42.34741111,-83.18673333,12,3,0,0,0,1,0
260795,26,MICHIGAN,MI,2,2,0,2,87,0,ARMSTRONG,28,11,November,2010,1,Sunday,8,55,0,6,4,22,43.10352778,-83.02751111,12,1,0,0,0,1,1
260796,26,MICHIGAN,MI,1,1,0,1,81,0,AUBURN,5,11,November,2010,6,Friday,3,37,1,12,2,202,43.05205000,-85.66288889,11,2,0,0,0,1,1
260797,26,MICHIGAN,MI,1,1,1,1,125,4020,BROOKWOOD,29,11,November,2010,2,Monday,17,44,1,13,3,3,42.64140278,-83.28696111,8,3,0,0,0,1,0
260798,26,MICHIGAN,MI,2,2,0,3,163,1260,AVERA,6,11,November,2010,7,Saturday,18,25,1,11,1,328,42.39553611,-82.98895556,12,3,0,0,0,1,1
260799,26,MICHIGAN,MI,2,2,0,3,87,196,ARMSTRONG,30,11,November,2010,3,Tuesday,16,6,0,3,4,156,43.04693889,-83.16746667,12,1,0,0,0,1,0
260800,26,MICHIGAN,MI,2,1,2,1,61,2340,BELLWOOD,29,11,November,2010,2,Monday,13,0,0,14,6,1,47.11739722,-88.57316111,8,1,0,0,0,1,0
260801,26,MICHIGAN,MI,1,1,0,1,147,0,AUGUSTA,22,11,November,2010,2,Monday,15,0,1,11,1,170,42.97943333,-82.47538611,24,1,0,0,0,1,0
260802,26,MICHIGAN,MI,2,2,0,2,129,0,BIGBEE,10,11,November,2010,4,Wednesday,8,50,0,4,4,37,44.37787222,-83.88363611,12,1,0,0,0,1,1
260803,26,MICHIGAN,MI,2,2,0,6,5,1309,BAKER HILL,10,11,November,2010,4,Wednesday,20,40,0,6,4,65,42.70308056,-85.70224167,12,2,0,0,0,1,0
260804,26,MICHIGAN,MI,2,2,0,5,147,0,AUGUSTA,28,11,November,2010,1,Sunday,12,26,0,14,4,70,42.93535833,-82.50116667,12,1,0,0,0,1,0
260805,26,MICHIGAN,MI,2,2,0,5,81,0,AUBURN,29,11,November,2010,2,Monday,15,46,0,15,4,11,43.03462222,-85.62501667,12,1,0,0,0,1,0
260806,26,MICHIGAN,MI,1,1,1,1,99,4731,BEATRICE,1,12,December,2010,4,Wednesday,12,13,0,13,6,16,42.59390278,-83.05921111,9,1,0,0,0,1,0
260808,26,MICHIGAN,MI,1,1,1,1,81,2553,AUBURN,23,11,November,2010,3,Tuesday,22,20,1,13,3,157,42.91251111,-85.58855278,8,3,0,0,0,1,0
260809,26,MICHIGAN,MI,2,2,0,2,163,2065,AVERA,27,11,November,2010,7,Saturday,14,40,0,15,4,11,42.12461389,-83.17340556,12,1,0,0,0,1,0
260810,26,MICHIGAN,MI,1,1,0,3,15,0,ANNISTON,1,12,December,2010,4,Wednesday,7,45,0,4,4,79,42.52885833,-85.45509722,1,4,11,0,0,1,0
260811,26,MICHIGAN,MI,1,1,0,1,81,0,AUBURN,2,12,December,2010,5,Thursday,4,36,0,6,4,25,43.23421389,-85.59113333,34,3,11,0,0,1,0
260812,26,MICHIGAN,MI,1,1,0,3,21,0,CHILTON,1,12,December,2010,4,Wednesday,15,20,0,6,4,55,42.15856111,-86.28111667,42,1,11,0,0,1,0
260813,26,MICHIGAN,MI,1,1,0,3,23,1935,BLADON SPRINGS,4,12,December,2010,7,Saturday,19,14,0,3,4,87,42.06592500,-85.00113611,1,2,0,0,0,1,0
260814,26,MICHIGAN,MI,2,2,0,3,55,5,ATTALLA,1,12,December,2010,4,Wednesday,19,20,1,2,2,92,44.81805833,-85.46570556,12,3,11,0,0,1,0
260815,26,MICHIGAN,MI,1,1,1,1,125,1652,BROOKWOOD,7,12,December,2010,3,Tuesday,17,39,0,13,6,20,42.46794167,-83.43493889,8,3,0,0,0,1,0