ST_CASE,STATE,State Name,State Abbreviation,# of Vehicle involved,VE_FORMS,Pedestrains,Total_Persons_in_accident,COUNTY,CITY,City_County_Name,Calendar_DAY,MONTH,Month_name,YEAR,DAY_WEEK,Day_Week_desc,HOUR,MINUTE,NHS_Desc,trafficway,Route,MILEPT,LATITUDE,LONGITUD,First_Crash_event,Light_cond_desc,Weather_condition,School_bus_involved,Crash_cause,FATALS,DRUNK_DR
270071,27,MINNESOTA,MN,1,1,0,3,115,0,ASHVILLE,17,4,April,2010,7,Saturday,6,23,0,6,5,31,45.93903889,-93.00207500,1,1,0,0,0,1,1
270072,27,MINNESOTA,MN,2,2,0,2,123,6330,ALEXANDER CITY,17,4,April,2010,7,Saturday,12,5,0,15,6,11,44.97030556,-93.06341111,12,1,0,0,0,1,0
270073,27,MINNESOTA,MN,2,2,0,3,41,0,BRANTLEY,18,4,April,2010,1,Sunday,13,53,0,4,4,158,45.95936111,-95.60353056,12,1,0,0,0,1,1
270074,27,MINNESOTA,MN,1,1,0,1,111,0,GRAHAM,18,4,April,2010,1,Sunday,19,21,0,4,4,301,46.47710833,-95.81755833,1,1,0,0,0,1,1
270075,27,MINNESOTA,MN,1,1,0,2,151,0,FLIPPEN,18,4,April,2010,1,Sunday,18,41,0,4,4,77,45.40083333,-95.42370556,1,1,0,0,0,1,0
270076,27,MINNESOTA,MN,1,1,0,3,169,0,BRADLEY,19,4,April,2010,2,Monday,16,25,0,4,4,225,44.05876944,-91.82147500,1,1,0,0,0,1,0
270077,27,MINNESOTA,MN,1,1,0,2,145,5980,BALD KNOB,23,4,April,2010,6,Friday,13,18,0,5,4,20,45.47214167,-94.29278611,11,1,0,0,0,1,0
270078,27,MINNESOTA,MN,2,2,0,6,169,0,BRADLEY,23,4,April,2010,6,Friday,15,20,0,4,4,17,44.04949444,-91.92444722,12,1,0,0,0,3,0
270079,27,MINNESOTA,MN,2,2,0,5,95,5410,ALBERTVILLE,24,4,April,2010,7,Saturday,18,8,1,2,2,2112,46.07325556,-93.65768889,12,1,0,0,0,1,1
270080,27,MINNESOTA,MN,1,1,0,1,53,675,ATMORE,25,4,April,2010,1,Sunday,20,40,1,1,1,88,44.86181667,-93.29833333,21,3,0,0,0,1,1
270081,27,MINNESOTA,MN,3,3,0,6,37,0,BRADFORD,26,4,April,2010,2,Monday,12,19,0,3,4,152,44.64980833,-92.95425833,12,1,0,0,0,3,0
270082,27,MINNESOTA,MN,2,2,0,2,119,0,BELLAMY,26,4,April,2010,2,Monday,16,38,1,2,2,571,47.66656667,-96.00300278,12,1,0,0,0,1,0
270083,27,MINNESOTA,MN,1,1,1,2,47,0,BROWNS,27,4,April,2010,3,Tuesday,16,36,1,1,1,21,43.52173056,-93.35523333,8,1,0,0,0,1,0
270084,27,MINNESOTA,MN,2,2,0,2,147,0,AUGUSTA,21,1,January,2010,5,Thursday,14,0,0,6,5,25,43.96454722,-93.19573333,12,1,0,0,0,1,0
270085,27,MINNESOTA,MN,1,1,0,1,59,0,FRANKLIN,18,4,April,2010,1,Sunday,11,45,0,2,3,360,45.46827500,-93.23508333,35,1,0,0,0,1,0
270086,27,MINNESOTA,MN,2,2,0,4,59,0,FRANKLIN,24,4,April,2010,7,Saturday,12,29,0,3,3,495,45.58698333,-93.38892500,12,1,0,0,0,1,0
270087,27,MINNESOTA,MN,1,1,0,1,85,0,BENTON,28,4,April,2010,4,Wednesday,6,5,0,5,4,27,44.97871944,-94.08028611,1,1,0,0,0,1,1
270088,27,MINNESOTA,MN,2,2,0,2,167,0,ADRIAN,28,4,April,2010,4,Wednesday,11,28,0,4,4,180,46.62736389,-96.63564722,12,1,0,0,0,1,0
270089,27,MINNESOTA,MN,3,3,0,4,93,0,BEAR CREEK,29,4,April,2010,5,Thursday,7,20,0,3,3,1273,44.93561667,-94.62579722,12,1,0,0,0,2,1
270090,27,MINNESOTA,MN,1,1,0,1,79,0,COURTLAND,30,4,April,2010,6,Friday,23,27,0,4,4,23,44.26755833,-93.97555833,42,2,0,0,0,1,1
270091,27,MINNESOTA,MN,2,2,0,3,163,5334,AVERA,30,4,April,2010,6,Friday,9,14,1,11,1,573,44.96095556,-92.95819444,12,1,0,0,0,1,0
270092,27,MINNESOTA,MN,1,1,0,1,111,0,GRAHAM,17,4,April,2010,7,Saturday,20,12,0,6,5,91,46.45592500,-95.34283611,1,1,0,0,0,1,1
270093,27,MINNESOTA,MN,1,1,0,5,79,0,COURTLAND,1,5,May,2010,7,Saturday,5,56,0,4,4,71,44.44217778,-93.77889722,35,9,0,0,0,1,1
270094,27,MINNESOTA,MN,2,2,0,2,145,6250,BALD KNOB,1,5,May,2010,7,Saturday,9,28,0,14,4,124,45.56905278,-94.22523333,12,1,0,0,0,1,0
270095,27,MINNESOTA,MN,1,1,1,1,3,2560,BALDWIN,2,5,May,2010,1,Sunday,13,31,0,14,3,89,45.08607500,-93.26363611,8,1,0,0,0,1,0
270096,27,MINNESOTA,MN,2,2,0,7,59,1020,FRANKLIN,25,4,April,2010,1,Sunday,2,14,0,13,3,403,45.57253333,-93.24012222,12,3,0,0,0,6,1
270097,27,MINNESOTA,MN,4,4,0,5,163,3120,AVERA,3,5,May,2010,2,Monday,6,20,1,13,2,1180,44.75531667,-92.85333333,12,1,0,0,0,1,0
270098,27,MINNESOTA,MN,1,1,1,1,111,6080,GRAHAM,3,5,May,2010,2,Monday,13,39,0,4,4,624,46.47484167,-96.28068611,8,1,0,0,0,1,0
270100,27,MINNESOTA,MN,2,2,0,4,85,0,BENTON,7,5,May,2010,6,Friday,9,21,0,3,4,86,44.86352222,-94.33578056,12,1,10,0,0,1,0
270101,27,MINNESOTA,MN,1,1,0,3,145,6250,BALD KNOB,7,5,May,2010,6,Friday,19,17,0,3,6,48,45.58123889,-94.17261944,30,1,3,0,0,1,1
270102,27,MINNESOTA,MN,2,2,0,4,137,0,ALCO,7,5,May,2010,6,Friday,19,29,1,2,2,2395,46.84884722,-92.57164722,12,1,0,0,0,1,0
270103,27,MINNESOTA,MN,1,1,0,1,17,0,CHAMBERS,9,5,May,2010,1,Sunday,18,6,0,6,5,32,46.64148889,-92.44811389,1,1,0,0,0,1,1
270104,27,MINNESOTA,MN,1,1,0,1,127,0,BURNWELL,8,5,May,2010,7,Saturday,5,45,0,5,4,48,44.50844167,-95.50320833,30,4,0,0,0,1,1
270105,27,MINNESOTA,MN,1,1,0,1,3,1108,BALDWIN,10,5,May,2010,2,Monday,8,27,0,15,6,8,45.35522222,-93.30275556,42,9,0,0,0,1,1
270106,27,MINNESOTA,MN,1,1,0,1,35,5560,BROOKLYN,11,5,May,2010,3,Tuesday,13,5,0,6,6,1,46.59762222,-94.22473889,42,1,0,0,0,1,1
270108,27,MINNESOTA,MN,1,1,1,1,37,956,BRADFORD,13,5,May,2010,5,Thursday,18,54,1,13,4,31,44.79025833,-93.23496389,9,1,0,0,0,1,0
270109,27,MINNESOTA,MN,1,1,0,1,3,0,BALDWIN,14,5,May,2010,6,Friday,22,53,0,4,4,3,45.40606667,-93.09414167,1,2,0,0,0,1,1
270110,27,MINNESOTA,MN,1,1,1,1,53,5732,ATMORE,19,5,May,2010,4,Wednesday,18,14,0,14,4,10,45.06182778,-93.50216111,9,1,0,0,0,1,0
270111,27,MINNESOTA,MN,1,1,0,1,89,0,BROWNSBORO,20,5,May,2010,5,Thursday,2,51,0,6,4,162,48.17489167,-96.26110556,1,2,0,0,0,1,1
270112,27,MINNESOTA,MN,2,2,0,4,151,0,FLIPPEN,5,5,May,2010,4,Wednesday,16,26,0,5,4,110,45.26701667,-95.56217500,12,1,0,0,0,2,0
270113,27,MINNESOTA,MN,1,1,0,1,13,0,BOLLING,22,5,May,2010,7,Saturday,13,36,0,4,4,82,44.01442500,-94.23833333,35,1,0,0,0,1,0
270114,27,MINNESOTA,MN,2,2,0,2,3,1492,BALDWIN,22,5,May,2010,7,Saturday,14,25,1,12,2,2339,45.15356944,-93.27526389,12,1,0,0,0,1,1
270115,27,MINNESOTA,MN,1,1,0,1,53,1570,ATMORE,22,5,May,2010,7,Saturday,22,35,0,14,4,45,45.04985556,-93.36002778,59,3,0,0,0,1,0
270116,27,MINNESOTA,MN,1,1,0,2,91,0,DAYTON,22,5,May,2010,7,Saturday,17,11,0,6,5,139,43.83267222,-94.47315278,1,1,0,0,0,2,0
270117,27,MINNESOTA,MN,1,1,0,1,47,0,BROWNS,22,5,May,2010,7,Saturday,14,19,0,4,4,39,43.76487500,-93.57232222,42,1,10,0,0,1,1
270118,27,MINNESOTA,MN,4,4,0,4,37,3990,BRADFORD,24,5,May,2010,2,Monday,11,30,1,11,1,810,44.63348333,-93.29798611,12,1,0,0,0,2,0
270119,27,MINNESOTA,MN,1,1,0,1,141,2110,BEE BRANCH,25,5,May,2010,3,Tuesday,13,16,0,2,2,2105,45.31487500,-93.65764722,1,1,0,0,0,1,0
270120,27,MINNESOTA,MN,2,2,0,3,47,90,BROWNS,26,5,May,2010,4,Wednesday,10,12,0,14,6,10,43.64977222,-93.36999444,12,1,0,0,0,1,0
270121,27,MINNESOTA,MN,1,1,0,1,171,7430,ALDORA,25,5,May,2010,3,Tuesday,11,26,1,2,2,1295,45.06614722,-93.96268889,11,1,0,0,0,1,0
270122,27,MINNESOTA,MN,2,2,0,2,85,0,BENTON,28,5,May,2010,6,Friday,12,34,0,2,3,861,44.68238611,-94.37606111,12,1,0,0,0,1,0
270123,27,MINNESOTA,MN,1,1,1,1,109,0,ANSLEY,26,5,May,2010,4,Wednesday,17,56,0,6,5,9,44.15480833,-92.60361389,9,1,0,0,0,1,0
270124,27,MINNESOTA,MN,2,2,0,6,55,0,ATTALLA,29,5,May,2010,7,Saturday,11,40,0,3,3,2543,43.78572778,-91.70512500,54,1,0,0,0,2,0
270125,27,MINNESOTA,MN,1,1,0,1,163,7716,AVERA,29,5,May,2010,7,Saturday,19,3,0,14,6,18,44.90488333,-92.95894167,59,1,0,0,0,1,1
270126,27,MINNESOTA,MN,2,2,0,3,117,0,BIRMINGHAM,29,5,May,2010,7,Saturday,19,38,0,3,3,131,43.99390833,-96.20476944,12,1,0,0,0,1,0
270127,27,MINNESOTA,MN,1,1,0,1,25,5260,BARLOW BEND,30,5,May,2010,1,Sunday,12,12,1,1,1,1500,45.54031667,-92.99092500,1,1,0,0,0,1,0
270128,27,MINNESOTA,MN,1,1,0,2,115,0,ASHVILLE,30,5,May,2010,1,Sunday,16,41,0,5,4,50,45.80246389,-92.87674444,35,1,0,0,0,1,0
270129,27,MINNESOTA,MN,1,1,0,2,149,0,BELLEVILLE,31,5,May,2010,2,Monday,0,3,0,3,3,464,45.57193611,-95.94160556,35,3,0,0,0,1,1
270130,27,MINNESOTA,MN,1,1,0,1,15,0,ANNISTON,31,5,May,2010,2,Monday,19,56,0,5,4,295,44.40845833,-94.70124444,35,1,0,0,0,1,1
270131,27,MINNESOTA,MN,1,1,1,1,115,0,ASHVILLE,1,6,June,2010,3,Tuesday,15,2,1,1,1,2032,46.28501389,-92.82097500,8,1,0,0,0,1,0
270132,27,MINNESOTA,MN,2,2,0,4,141,0,BEE BRANCH,2,6,June,2010,4,Wednesday,10,44,0,4,4,50,45.42955000,-93.77841667,12,1,0,0,0,1,0
270133,27,MINNESOTA,MN,2,2,0,2,35,0,BROOKLYN,3,6,June,2010,5,Thursday,12,11,1,2,3,252,46.31121667,-94.26761667,12,1,0,0,0,1,0
270134,27,MINNESOTA,MN,1,1,0,1,139,6450,CALION,4,6,June,2010,6,Friday,11,11,1,14,3,904,44.75721111,-93.37963889,11,1,0,0,0,1,0
270135,27,MINNESOTA,MN,2,2,0,2,63,0,BOLIGEE,4,6,June,2010,6,Friday,19,31,0,4,4,108,43.64583056,-94.87492778,12,1,0,0,0,1,0
270136,27,MINNESOTA,MN,1,1,0,1,21,0,CHILTON,7,6,June,2010,2,Monday,6,54,0,6,5,53,46.77921111,-94.45007500,1,2,0,0,0,1,0
270137,27,MINNESOTA,MN,1,1,1,4,141,0,BEE BRANCH,4,6,June,2010,6,Friday,0,35,0,2,3,452,45.42103056,-94.03478333,8,2,2,0,0,1,0
270138,27,MINNESOTA,MN,2,2,0,3,163,7716,AVERA,11,6,June,2010,6,Friday,6,18,1,11,1,2536,44.94879444,-92.87753611,12,1,2,0,0,1,0
270139,27,MINNESOTA,MN,1,1,1,1,131,0,ARLINGTON,11,6,June,2010,6,Friday,10,15,0,3,3,40,44.34475278,-93.32294722,9,1,0,0,0,1,0
270140,27,MINNESOTA,MN,2,2,0,3,15,0,ANNISTON,2,6,June,2010,4,Wednesday,18,16,0,3,4,164,44.34823056,-94.54198611,12,1,0,0,0,1,0
270141,27,MINNESOTA,MN,2,2,0,3,123,6330,ALEXANDER CITY,16,6,June,2010,4,Wednesday,10,26,0,14,4,21,44.96787222,-93.15683056,12,1,0,0,0,1,1
270142,27,MINNESOTA,MN,1,1,1,1,163,7716,AVERA,14,6,June,2010,2,Monday,8,9,0,14,6,14,44.90682778,-92.96697222,8,1,0,0,0,1,0
270143,27,MINNESOTA,MN,2,1,0,1,53,4280,ATMORE,7,6,June,2010,2,Monday,15,36,0,3,4,151,45.05540556,-93.63536389,14,1,0,0,0,1,1
270144,27,MINNESOTA,MN,2,2,0,2,161,0,DENTON,14,6,June,2010,2,Monday,15,35,0,4,4,11,43.85529167,-93.64250000,12,1,0,0,0,1,0
270145,27,MINNESOTA,MN,1,1,0,1,13,0,BOLLING,17,6,June,2010,5,Thursday,11,12,0,4,4,143,44.07920000,-94.00840833,35,1,0,0,0,1,0
270146,27,MINNESOTA,MN,5,5,0,7,37,3120,BRADFORD,17,6,June,2010,5,Thursday,12,57,1,13,3,2187,44.73840556,-92.89000833,12,1,0,0,0,1,0
270147,27,MINNESOTA,MN,2,2,0,2,13,4480,BOLLING,18,6,June,2010,6,Friday,13,20,0,14,4,14,44.19622778,-93.99738056,12,1,0,0,0,1,0
270148,27,MINNESOTA,MN,2,2,0,2,53,4760,ATMORE,18,6,June,2010,6,Friday,16,28,1,1,1,2301,45.00145000,-93.28175833,12,1,0,0,0,1,0
270149,27,MINNESOTA,MN,2,2,0,3,37,3990,BRADFORD,19,6,June,2010,7,Saturday,23,41,1,11,1,848,44.69282222,-93.29090833,1,2,0,0,0,1,0
270150,27,MINNESOTA,MN,1,1,0,1,141,0,BEE BRANCH,18,6,June,2010,6,Friday,22,11,0,3,3,881,45.51619167,-93.90975000,11,2,0,0,0,1,1
270151,27,MINNESOTA,MN,2,2,0,4,143,0,CANEHILL,20,6,June,2010,1,Sunday,13,46,0,4,4,135,44.47133056,-94.31137222,12,1,0,0,0,1,0
270152,27,MINNESOTA,MN,1,1,0,1,165,0,HERNDON,20,6,June,2010,1,Sunday,21,37,0,4,4,112,44.00297778,-94.79948056,34,1,0,0,0,1,1
270153,27,MINNESOTA,MN,2,2,0,2,111,0,GRAHAM,21,6,June,2010,2,Monday,17,13,0,6,4,10,46.18038333,-95.30383889,12,1,0,0,0,1,0
270154,27,MINNESOTA,MN,2,2,0,2,53,5910,ATMORE,24,6,June,2010,5,Thursday,13,51,0,14,6,10,44.86369722,-93.27560556,12,1,0,0,0,1,0
270155,27,MINNESOTA,MN,2,2,0,4,7,0,BIBB,26,6,June,2010,7,Saturday,13,2,1,2,2,1082,47.51376667,-94.98114444,12,1,0,0,0,1,0
270156,27,MINNESOTA,MN,1,1,0,4,111,0,GRAHAM,26,6,June,2010,7,Saturday,23,46,0,5,4,329,46.50567500,-95.78777778,59,2,0,0,0,2,1
270157,27,MINNESOTA,MN,1,1,0,1,61,0,BELLWOOD,28,6,June,2010,2,Monday,14,55,0,3,3,702,47.21960000,-93.75613611,42,1,0,0,0,1,0
270158,27,MINNESOTA,MN,2,2,0,2,3,671,BALDWIN,30,6,June,2010,4,Wednesday,1,16,0,14,4,1,45.13121389,-93.26400000,12,3,0,0,0,1,0
270159,27,MINNESOTA,MN,2,2,0,5,65,0,CYPRESS,1,7,July,2010,5,Thursday,11,18,0,3,3,608,45.78698611,-93.29645278,12,1,0,0,0,1,0
270160,27,MINNESOTA,MN,1,1,0,2,57,0,BANKSTON,3,7,July,2010,7,Saturday,0,30,0,4,4,113,47.32376389,-95.07226389,1,2,0,0,0,1,1
270161,27,MINNESOTA,MN,1,1,0,1,35,0,BROOKLYN,4,7,July,2010,1,Sunday,1,2,1,2,2,2305,46.28164722,-93.81971389,11,2,0,0,0,1,0
270162,27,MINNESOTA,MN,2,2,0,2,137,0,ALCO,4,7,July,2010,1,Sunday,15,45,0,3,4,13,46.71701111,-92.28022500,12,1,0,0,0,1,0
270165,27,MINNESOTA,MN,2,2,0,4,111,0,GRAHAM,5,7,July,2010,2,Monday,23,18,1,2,2,685,46.57444722,-95.53777778,12,2,0,0,0,2,0
270166,27,MINNESOTA,MN,1,1,1,2,95,0,ALBERTVILLE,1,7,July,2010,5,Thursday,22,52,0,6,4,98,46.18422778,-93.75612500,8,3,0,0,0,1,0
270167,27,MINNESOTA,MN,1,1,0,1,111,0,GRAHAM,6,7,July,2010,3,Tuesday,21,22,0,6,5,11,46.61614722,-95.75212500,1,1,0,0,0,1,1
270168,27,MINNESOTA,MN,1,1,0,1,61,0,BELLWOOD,8,7,July,2010,5,Thursday,5,50,0,4,3,979,47.53632778,-93.79575556,1,1,0,0,0,1,0
270169,27,MINNESOTA,MN,2,2,0,4,41,0,BRANTLEY,8,7,July,2010,5,Thursday,17,45,0,4,4,8,45.94074167,-95.47841111,12,1,0,0,0,1,0
270170,27,MINNESOTA,MN,2,2,0,6,91,0,DAYTON,10,7,July,2010,7,Saturday,5,50,0,4,4,172,43.74673333,-94.61454444,12,1,0,0,0,5,1
270171,27,MINNESOTA,MN,2,2,0,3,111,2360,GRAHAM,10,7,July,2010,7,Saturday,17,51,0,13,6,2,46.28960000,-96.11690833,12,1,0,0,0,1,0
270172,27,MINNESOTA,MN,2,2,0,2,141,0,BEE BRANCH,11,7,July,2010,1,Sunday,12,36,1,2,2,1708,45.50164444,-93.58395278,12,1,0,0,0,1,0
270173,27,MINNESOTA,MN,1,1,0,1,171,0,ALDORA,11,7,July,2010,1,Sunday,6,20,0,5,4,6,45.16117500,-93.95124722,1,6,0,0,0,1,1
270174,27,MINNESOTA,MN,1,1,0,1,139,0,CALION,12,7,July,2010,2,Monday,19,54,1,2,2,1023,44.71396667,-93.58870833,1,1,0,0,0,1,1
270175,27,MINNESOTA,MN,2,2,0,4,89,0,BROWNSBORO,12,7,July,2010,2,Monday,20,27,0,5,4,92,48.34135000,-96.41302778,12,1,0,0,0,1,0
270176,27,MINNESOTA,MN,2,2,0,2,7,0,BIBB,15,6,June,2010,3,Tuesday,16,31,0,3,3,201,47.78937778,-95.01322500,12,1,0,0,0,1,0
270177,27,MINNESOTA,MN,1,1,0,5,53,4760,ATMORE,13,7,July,2010,3,Tuesday,3,34,0,15,6,10,45.02046944,-93.22806944,30,3,0,0,0,2,0
270178,27,MINNESOTA,MN,2,2,0,3,37,3990,BRADFORD,13,7,July,2010,3,Tuesday,16,36,0,14,4,10,44.68142500,-93.29904444,12,1,0,0,0,1,0
270179,27,MINNESOTA,MN,2,2,0,2,63,0,BOLIGEE,14,7,July,2010,4,Wednesday,11,17,1,1,1,738,43.63964722,-94.99498056,12,1,0,0,0,1,0
270180,27,MINNESOTA,MN,3,3,0,4,19,7230,CEDAR BLUFF,14,7,July,2010,4,Wednesday,12,53,0,3,3,311,44.83524722,-93.80851667,12,1,0,0,0,1,0
270181,27,MINNESOTA,MN,2,2,0,3,27,0,ASHLAND,15,7,July,2010,5,Thursday,14,10,0,3,3,307,47.09760556,-96.25873333,12,1,0,0,0,3,0
270182,27,MINNESOTA,MN,3,3,0,5,153,0,BONAIRE,15,7,July,2010,5,Thursday,15,6,0,2,2,2027,46.14984167,-94.99873611,12,1,0,0,0,1,0
270183,27,MINNESOTA,MN,1,1,0,3,95,0,ALBERTVILLE,15,7,July,2010,5,Thursday,2,45,0,6,4,99,46.18713889,-93.75623889,42,2,0,0,0,1,0
270184,27,MINNESOTA,MN,4,4,0,7,147,0,AUGUSTA,16,7,July,2010,6,Friday,11,1,1,2,2,1689,44.09503056,-93.29843333,12,1,0,0,0,1,0
270185,27,MINNESOTA,MN,1,1,0,2,95,0,ALBERTVILLE,16,7,July,2010,6,Friday,18,16,0,4,4,57,46.10407778,-93.55721944,1,1,0,0,0,1,1
270186,27,MINNESOTA,MN,1,1,1,1,41,130,BRANTLEY,17,7,July,2010,7,Saturday,14,16,0,3,3,832,45.91098333,-95.33445000,9,1,0,0,0,1,0
270187,27,MINNESOTA,MN,3,3,0,6,37,956,BRADFORD,18,7,July,2010,1,Sunday,20,5,1,13,3,949,44.77606111,-93.32006389,12,1,0,0,0,1,1
270188,27,MINNESOTA,MN,1,1,0,4,111,3230,GRAHAM,18,7,July,2010,1,Sunday,2,59,0,2,3,611,46.31723889,-95.43653056,5,2,0,0,0,1,0
270190,27,MINNESOTA,MN,1,1,0,2,97,0,AXIS,22,7,July,2010,5,Thursday,13,3,0,3,3,1171,45.83738611,-94.09284167,35,1,0,0,0,1,0
270191,27,MINNESOTA,MN,2,2,0,3,37,7510,BRADFORD,23,7,July,2010,6,Friday,14,16,0,14,2,1285,44.90165833,-93.08058611,1,1,0,0,0,1,0
270192,27,MINNESOTA,MN,2,2,0,2,39,0,ANDALUSIA,23,7,July,2010,6,Friday,18,23,0,3,3,484,43.92126944,-92.85915556,12,1,0,0,0,1,1
270193,27,MINNESOTA,MN,1,1,0,2,145,6250,BALD KNOB,24,7,July,2010,7,Saturday,2,12,0,16,6,2,45.56180000,-94.18115833,42,3,0,0,0,1,0
270194,27,MINNESOTA,MN,2,2,0,3,93,0,BEAR CREEK,24,7,July,2010,7,Saturday,16,20,0,3,3,158,45.32572500,-94.62129444,12,1,0,0,0,2,2
270195,27,MINNESOTA,MN,2,2,0,2,3,3007,BALDWIN,24,7,July,2010,7,Saturday,13,12,0,14,4,62,45.21351667,-93.16294444,12,1,0,0,0,1,0
270196,27,MINNESOTA,MN,1,1,0,2,169,0,BRADLEY,26,7,July,2010,2,Monday,13,43,0,6,5,27,43.90445000,-91.61000000,35,1,0,0,0,1,0
270197,27,MINNESOTA,MN,4,4,0,6,171,0,ALDORA,26,7,July,2010,2,Monday,16,1,0,4,4,170,45.16982222,-93.93568611,12,1,0,0,0,1,0
270198,27,MINNESOTA,MN,1,1,1,1,27,4880,ASHLAND,26,7,July,2010,2,Monday,18,48,0,13,2,2487,46.85125833,-96.76801667,9,1,0,0,0,1,0
270199,27,MINNESOTA,MN,2,2,0,2,77,0,ANDERSON,29,7,July,2010,5,Thursday,6,53,0,4,4,121,48.84400833,-94.95907778,12,1,0,0,0,1,0
270200,27,MINNESOTA,MN,3,3,0,4,163,5334,AVERA,29,7,July,2010,5,Thursday,15,3,0,14,3,789,44.99774444,-92.96445278,12,1,0,0,0,1,0
270201,27,MINNESOTA,MN,3,3,0,10,129,0,BIGBEE,30,7,July,2010,6,Friday,20,39,0,3,3,931,44.52891667,-94.71065000,12,1,0,0,0,1,0
270202,27,MINNESOTA,MN,1,1,0,1,65,2870,CYPRESS,28,7,July,2010,4,Wednesday,19,48,0,6,6,2,45.79637500,-93.14600556,1,1,0,0,0,1,0
270203,27,MINNESOTA,MN,1,1,0,1,99,0,BEATRICE,1,8,August,2010,1,Sunday,5,42,0,4,4,89,43.58739444,-92.70941667,1,1,0,0,0,1,0
270204,27,MINNESOTA,MN,2,2,0,3,21,0,CHILTON,1,8,August,2010,1,Sunday,19,31,1,2,2,1507,47.34267500,-94.17687222,12,1,0,0,0,1,0
270205,27,MINNESOTA,MN,2,2,0,2,135,0,ASH FLAT,2,8,August,2010,2,Monday,15,49,0,5,4,29,48.81120278,-95.55458611,12,1,0,0,0,1,0
270206,27,MINNESOTA,MN,2,2,0,3,147,0,AUGUSTA,3,8,August,2010,3,Tuesday,16,14,1,2,2,1645,44.09495833,-93.37390278,54,1,0,0,0,1,0
270207,27,MINNESOTA,MN,1,1,0,1,141,0,BEE BRANCH,4,8,August,2010,4,Wednesday,5,53,0,6,4,29,45.41333333,-93.74588611,42,4,0,0,0,1,0
270208,27,MINNESOTA,MN,2,2,0,2,105,0,MARION,5,8,August,2010,5,Thursday,9,57,0,6,5,51,43.58735000,-95.67345556,12,1,0,0,0,1,0
270209,27,MINNESOTA,MN,2,2,0,2,37,3120,BRADFORD,6,8,August,2010,6,Friday,16,18,0,15,4,5,44.72885278,-92.81987778,12,1,0,0,0,1,0
270210,27,MINNESOTA,MN,2,2,0,6,85,0,BENTON,6,8,August,2010,6,Friday,17,40,0,4,4,98,44.90708333,-94.27671111,12,1,0,0,0,1,0
270211,27,MINNESOTA,MN,1,1,0,1,145,0,BALD KNOB,2,8,August,2010,2,Monday,17,55,0,4,4,68,45.35461111,-94.58693889,34,1,0,0,0,1,0
270212,27,MINNESOTA,MN,4,4,0,10,147,5500,AUGUSTA,8,8,August,2010,1,Sunday,15,16,1,11,1,423,44.09367778,-93.24497500,12,1,0,0,0,1,0
270213,27,MINNESOTA,MN,2,2,0,5,27,0,ASHLAND,8,8,August,2010,1,Sunday,16,57,1,2,2,130,46.87737222,-96.50533889,12,1,0,0,0,2,0
270215,27,MINNESOTA,MN,2,2,0,2,13,0,BOLLING,11,8,August,2010,4,Wednesday,19,43,1,2,2,1360,44.17126667,-93.90145556,12,1,0,0,0,1,2
270216,27,MINNESOTA,MN,1,1,0,2,147,0,AUGUSTA,11,8,August,2010,4,Wednesday,23,31,1,1,1,466,44.15022222,-93.25719167,1,2,0,0,0,1,1
270217,27,MINNESOTA,MN,1,1,1,2,3,5788,BALDWIN,12,8,August,2010,5,Thursday,22,36,1,12,2,2234,45.22638611,-93.44904444,8,3,0,0,0,1,0
270218,27,MINNESOTA,MN,1,1,0,2,105,0,MARION,12,8,August,2010,5,Thursday,11,58,0,6,5,67,43.76856111,-95.51223889,1,1,0,0,0,1,0
270219,27,MINNESOTA,MN,1,1,0,1,123,4205,ALEXANDER CITY,14,8,August,2010,7,Saturday,23,37,0,15,6,13,45.02980278,-93.06364722,53,2,0,0,0,1,1
270220,27,MINNESOTA,MN,2,2,0,5,133,450,ARLEY,14,8,August,2010,7,Saturday,18,8,0,4,4,58,43.61628333,-96.35235278,12,1,0,0,0,2,0
270221,27,MINNESOTA,MN,2,2,0,2,103,0,DANVILLE,14,8,August,2010,7,Saturday,6,51,1,2,2,1248,44.20674167,-94.10084722,12,1,0,0,0,1,1
270222,27,MINNESOTA,MN,1,1,0,1,91,0,DAYTON,15,8,August,2010,1,Sunday,13,50,0,4,4,110,43.62716389,-94.34764167,23,1,0,0,0,1,0
270223,27,MINNESOTA,MN,1,1,0,1,131,0,ARLINGTON,17,8,August,2010,3,Tuesday,9,30,0,4,4,52,44.34849722,-93.19179167,1,1,0,0,0,1,0
270224,27,MINNESOTA,MN,3,3,0,3,123,7550,ALEXANDER CITY,19,8,August,2010,5,Thursday,4,22,1,1,1,1173,45.07582222,-93.05277500,12,3,0,0,0,1,1
270225,27,MINNESOTA,MN,2,2,0,2,159,0,FARRAR,19,8,August,2010,5,Thursday,17,7,0,2,2,2450,46.71038611,-95.10202222,12,1,0,0,0,1,0
270226,27,MINNESOTA,MN,2,2,0,2,145,0,BALD KNOB,25,8,August,2010,4,Wednesday,17,41,0,3,3,1296,45.31203056,-94.34848611,12,1,0,0,0,1,1
270227,27,MINNESOTA,MN,2,2,0,2,61,0,BELLWOOD,22,8,August,2010,1,Sunday,14,41,0,4,4,39,47.19448056,-93.47834167,12,1,0,0,0,1,0
270228,27,MINNESOTA,MN,2,2,0,2,105,0,MARION,26,8,August,2010,5,Thursday,22,45,1,1,1,240,43.63741944,-95.98307222,12,2,0,0,0,1,1
270229,27,MINNESOTA,MN,5,1,0,1,53,4760,ATMORE,22,8,August,2010,1,Sunday,8,10,0,16,6,8,44.99793611,-93.31460278,14,1,0,0,0,1,1