ST_CASE,STATE,State Name,State Abbreviation,# of Vehicle involved,VE_FORMS,Pedestrains,Total_Persons_in_accident,COUNTY,CITY,City_County_Name,Calendar_DAY,MONTH,Month_name,YEAR,DAY_WEEK,Day_Week_desc,HOUR,MINUTE,NHS_Desc,trafficway,Route,MILEPT,LATITUDE,LONGITUD,First_Crash_event,Light_cond_desc,Weather_condition,School_bus_involved,Crash_cause,FATALS,DRUNK_DR
270230,27,MINNESOTA,MN,1,1,0,2,115,0,ASHVILLE,26,8,August,2010,5,Thursday,23,21,0,4,4,36,45.87166944,-93.07285000,35,2,0,0,0,1,1
270231,27,MINNESOTA,MN,2,2,0,3,1,0,AUTAUGA,28,8,August,2010,7,Saturday,12,56,0,6,5,20,46.59421944,-93.44262500,12,1,0,0,0,1,1
270232,27,MINNESOTA,MN,1,1,0,2,53,4760,ATMORE,28,8,August,2010,7,Saturday,2,35,0,14,4,5,44.99251111,-93.26406667,42,3,0,0,0,1,0
270233,27,MINNESOTA,MN,1,1,0,1,1,0,AUTAUGA,29,8,August,2010,1,Sunday,18,58,0,4,3,17,46.71040278,-93.46298056,32,1,0,0,0,1,1
270234,27,MINNESOTA,MN,1,1,0,1,125,0,BROOKWOOD,29,8,August,2010,1,Sunday,12,15,0,4,4,56,47.94146111,-96.17956389,35,1,0,0,0,1,0
270235,27,MINNESOTA,MN,2,2,0,2,161,0,DENTON,29,8,August,2010,1,Sunday,14,3,0,3,3,1708,43.89171389,-93.46421944,12,1,0,0,0,1,0
270237,27,MINNESOTA,MN,3,3,0,4,53,4760,ATMORE,30,8,August,2010,2,Monday,16,23,0,14,3,27,44.98911944,-93.25296944,12,1,0,1,0,1,0
270238,27,MINNESOTA,MN,6,6,0,11,105,7750,MARION,30,8,August,2010,2,Monday,13,56,0,14,4,233,43.63120000,-95.59372222,12,1,0,0,0,1,0
270239,27,MINNESOTA,MN,1,1,1,1,53,4760,ATMORE,30,8,August,2010,2,Monday,14,45,0,15,6,8,45.00308889,-93.25242778,9,1,0,0,0,1,1
270241,27,MINNESOTA,MN,1,1,0,1,37,3990,BRADFORD,1,9,September,2010,4,Wednesday,21,0,0,16,6,2,44.70124444,-93.28056944,1,2,0,0,0,1,1
270243,27,MINNESOTA,MN,2,2,0,2,53,2030,ATMORE,1,9,September,2010,4,Wednesday,18,25,0,14,4,19,44.90426667,-93.36108056,12,1,0,0,0,1,1
270244,27,MINNESOTA,MN,2,2,0,3,157,0,ARCADE,3,9,September,2010,6,Friday,1,30,0,3,3,2155,44.34364167,-92.08638333,12,2,0,0,0,1,1
270245,27,MINNESOTA,MN,1,1,0,3,111,0,GRAHAM,3,9,September,2010,6,Friday,18,20,0,6,5,0,46.22868889,-95.83704444,1,1,0,0,0,1,0
270246,27,MINNESOTA,MN,1,1,0,2,137,3280,ALCO,4,9,September,2010,7,Saturday,3,24,1,13,2,3416,47.46556389,-92.90434722,1,2,0,0,0,1,1
270247,27,MINNESOTA,MN,2,2,0,3,119,0,BELLAMY,4,9,September,2010,7,Saturday,15,29,0,3,2,3374,48.02133056,-96.66775000,12,1,0,0,0,1,0
270248,27,MINNESOTA,MN,1,1,0,2,141,0,BEE BRANCH,5,9,September,2010,1,Sunday,10,57,0,5,4,32,45.37525278,-93.71489444,1,1,0,0,0,1,0
270249,27,MINNESOTA,MN,2,2,0,2,137,2250,ALCO,7,9,September,2010,3,Tuesday,14,58,1,2,2,609,47.46790833,-92.52518333,12,1,0,0,0,1,0
270250,27,MINNESOTA,MN,2,2,0,3,7,0,BIBB,10,9,September,2010,6,Friday,20,53,1,2,2,1081,47.51463056,-94.98436944,12,3,2,0,0,1,0
270251,27,MINNESOTA,MN,2,2,0,3,37,3990,BRADFORD,10,9,September,2010,6,Friday,7,9,0,14,4,33,44.63791667,-93.25499722,12,1,0,0,0,1,0
270252,27,MINNESOTA,MN,4,4,0,4,169,0,BRADLEY,10,9,September,2010,6,Friday,13,27,0,3,4,124,43.94289167,-91.61476111,12,1,0,0,0,1,0
270253,27,MINNESOTA,MN,2,2,0,2,37,0,BRADFORD,10,9,September,2010,6,Friday,12,49,0,3,4,179,44.71685833,-92.95403889,12,1,0,0,0,1,0
270254,27,MINNESOTA,MN,1,1,1,1,47,90,BROWNS,10,9,September,2010,6,Friday,9,56,0,14,6,9,43.64343889,-93.37413056,15,1,0,0,0,1,0
270255,27,MINNESOTA,MN,2,2,0,2,53,5423,ATMORE,10,9,September,2010,6,Friday,23,19,0,16,4,78,44.99245000,-93.62236111,12,2,0,0,0,1,0
270256,27,MINNESOTA,MN,1,1,0,1,123,6330,ALEXANDER CITY,17,6,June,2010,5,Thursday,0,55,0,14,4,52,44.98523611,-93.14309444,30,6,0,0,0,1,1
270257,27,MINNESOTA,MN,1,1,0,1,133,0,ARLEY,1,9,September,2010,4,Wednesday,14,32,1,1,1,12,43.60876111,-96.43259722,52,1,0,0,0,1,0
270258,27,MINNESOTA,MN,2,2,0,2,61,6844,BELLWOOD,7,9,September,2010,3,Tuesday,13,52,0,4,3,1034,47.60105833,-93.77532778,12,1,0,0,0,1,1
270259,27,MINNESOTA,MN,4,4,0,4,163,6770,AVERA,26,5,May,2010,4,Wednesday,17,26,0,14,4,48,45.05770833,-92.86299167,12,1,0,0,0,1,0
270260,27,MINNESOTA,MN,1,1,1,1,123,6330,ALEXANDER CITY,2,7,July,2010,6,Friday,14,9,0,14,3,36,44.95215000,-93.16746944,8,1,0,0,0,1,0
270261,27,MINNESOTA,MN,1,1,0,2,37,1945,BRADFORD,12,9,September,2010,1,Sunday,2,32,1,11,1,986,44.84149722,-93.15770833,1,3,0,0,0,1,1
270262,27,MINNESOTA,MN,2,2,0,2,141,0,BEE BRANCH,13,9,September,2010,2,Monday,17,5,0,3,3,909,45.55623611,-93.91436111,12,1,0,0,0,1,0
270263,27,MINNESOTA,MN,2,2,0,2,25,0,BARLOW BEND,15,9,September,2010,4,Wednesday,15,2,1,13,2,38,45.31324722,-92.94165833,12,1,0,0,0,1,0
270264,27,MINNESOTA,MN,2,2,0,2,143,0,CANEHILL,15,9,September,2010,4,Wednesday,17,6,0,3,3,63,44.65152500,-93.84691667,12,1,0,0,0,1,0
270265,27,MINNESOTA,MN,1,1,1,1,141,0,BEE BRANCH,19,9,September,2010,1,Sunday,0,15,0,2,2,2080,45.33241389,-93.70818056,8,2,0,0,0,1,0
270266,27,MINNESOTA,MN,1,1,1,1,3,28,BALDWIN,19,9,September,2010,1,Sunday,13,0,0,14,4,32,45.23439167,-93.37769167,9,1,0,0,0,1,0
270267,27,MINNESOTA,MN,1,1,0,2,49,0,COLLINSVILLE,16,9,September,2010,5,Thursday,17,14,0,3,4,120,44.45640556,-92.64681111,32,1,0,0,0,2,0
270268,27,MINNESOTA,MN,3,2,0,5,53,4760,ATMORE,20,9,September,2010,2,Monday,23,6,0,15,6,23,44.93954722,-93.24863333,12,6,0,0,0,1,1
270269,27,MINNESOTA,MN,2,2,0,3,157,7210,ARCADE,23,9,September,2010,5,Thursday,14,41,1,2,2,599,44.37766944,-92.04833056,12,1,0,0,0,1,0
270270,27,MINNESOTA,MN,2,2,0,2,111,5520,GRAHAM,15,9,September,2010,4,Wednesday,8,28,0,3,3,998,46.14556389,-95.32817500,12,1,0,0,0,1,0
270271,27,MINNESOTA,MN,2,2,0,2,91,0,DAYTON,25,9,September,2010,7,Saturday,18,37,0,6,4,30,43.60273611,-94.79419167,12,1,0,0,0,1,1
270272,27,MINNESOTA,MN,1,1,0,1,133,0,ARLEY,27,9,September,2010,2,Monday,8,15,1,1,1,128,43.63951389,-96.21085833,1,9,0,0,0,1,0
270273,27,MINNESOTA,MN,2,2,0,2,37,202,BRADFORD,27,9,September,2010,2,Monday,15,19,0,14,4,73,44.76799444,-93.16168056,12,1,0,1,0,1,0
270274,27,MINNESOTA,MN,1,1,0,1,141,0,BEE BRANCH,26,9,September,2010,1,Sunday,15,35,0,5,4,52,45.48663889,-94.00694722,21,9,0,0,0,1,1
270275,27,MINNESOTA,MN,1,1,0,1,1,0,AUTAUGA,25,9,September,2010,7,Saturday,1,55,0,5,4,18,46.18360000,-93.07405278,1,2,0,0,0,1,1
270276,27,MINNESOTA,MN,1,1,0,3,167,0,ADRIAN,28,9,September,2010,3,Tuesday,3,18,1,1,1,323,46.56609167,-96.32184722,1,2,0,0,0,1,0
270277,27,MINNESOTA,MN,1,1,0,1,93,0,BEAR CREEK,28,9,September,2010,3,Tuesday,19,54,0,4,4,161,45.10922500,-94.56353056,11,2,0,0,0,1,0
270278,27,MINNESOTA,MN,2,1,0,1,163,3440,AVERA,19,7,July,2010,2,Monday,18,0,0,16,6,4,45.13882778,-93.00788056,14,1,0,0,0,1,0
270279,27,MINNESOTA,MN,1,1,0,3,99,290,BEATRICE,11,8,August,2010,4,Wednesday,21,51,0,16,6,1,43.66279444,-93.00950556,5,3,0,0,0,1,0
270280,27,MINNESOTA,MN,2,2,0,4,59,0,FRANKLIN,4,9,September,2010,7,Saturday,20,41,0,3,3,328,45.58698611,-93.38891667,12,3,0,0,0,1,0
270281,27,MINNESOTA,MN,1,1,0,1,27,0,ASHLAND,1,10,October,2010,6,Friday,15,47,0,6,5,5,46.85567222,-96.20727500,1,1,0,0,0,1,1
270282,27,MINNESOTA,MN,2,2,0,3,75,449,BEAVERTON,24,8,August,2010,3,Tuesday,17,45,1,2,3,500,47.24903889,-91.31544167,12,1,0,0,0,1,0
270283,27,MINNESOTA,MN,2,2,0,4,171,0,ALDORA,3,10,October,2010,1,Sunday,14,30,0,3,3,1385,45.27705000,-94.18472778,12,1,0,0,0,1,0
270284,27,MINNESOTA,MN,2,2,0,2,167,0,ADRIAN,3,10,October,2010,1,Sunday,14,22,0,3,2,1959,46.15366667,-96.49272778,12,1,0,0,0,1,0
270285,27,MINNESOTA,MN,5,5,0,11,145,0,BALD KNOB,3,10,October,2010,1,Sunday,19,37,1,1,1,1747,45.45177778,-94.12139722,12,2,0,0,0,2,0
270286,27,MINNESOTA,MN,2,2,0,2,169,0,BRADLEY,2,10,October,2010,7,Saturday,21,46,0,3,4,101,43.93017500,-91.61625556,12,2,0,0,0,1,1
270287,27,MINNESOTA,MN,1,1,0,3,87,0,ARMSTRONG,4,10,October,2010,2,Monday,18,23,0,3,3,522,47.32478056,-95.84738889,35,1,0,0,0,1,1
270288,27,MINNESOTA,MN,1,1,0,1,169,0,BRADLEY,4,10,October,2010,2,Monday,21,54,0,4,4,8,43.85857778,-91.50929444,58,2,0,0,0,1,0
270289,27,MINNESOTA,MN,2,2,0,5,3,2560,BALDWIN,5,10,October,2010,3,Tuesday,23,53,0,14,3,72,45.06172222,-93.26313333,18,3,0,0,0,2,1
270290,27,MINNESOTA,MN,2,2,0,3,53,5732,ATMORE,5,10,October,2010,3,Tuesday,10,54,1,13,3,1814,45.00213333,-93.44365556,12,1,0,0,0,1,0
270291,27,MINNESOTA,MN,2,2,0,3,67,0,ABBEVILLE,5,10,October,2010,3,Tuesday,9,10,0,4,4,42,45.22563333,-94.85917778,12,1,0,0,0,2,0
270292,27,MINNESOTA,MN,1,1,0,1,59,0,FRANKLIN,3,10,October,2010,1,Sunday,5,21,0,4,4,134,45.49320556,-93.28631111,24,2,0,0,0,1,0
270293,27,MINNESOTA,MN,1,1,1,1,9,6250,BLOUNT,6,10,October,2010,4,Wednesday,13,19,0,15,6,8,45.56329167,-94.14287500,8,1,0,0,0,1,0
270294,27,MINNESOTA,MN,4,4,0,6,137,7200,ALCO,7,10,October,2010,5,Thursday,16,48,1,13,2,636,47.50435000,-92.52491389,12,1,0,0,0,1,0
270295,27,MINNESOTA,MN,2,2,0,2,137,7200,ALCO,28,9,September,2010,3,Tuesday,10,59,1,13,2,650,47.50991111,-92.55198611,12,1,0,0,0,1,0
270296,27,MINNESOTA,MN,1,1,0,1,119,0,BELLAMY,7,10,October,2010,5,Thursday,7,36,0,6,5,20,47.84173056,-96.84834444,10,1,0,0,0,1,0
270297,27,MINNESOTA,MN,1,1,0,1,53,2008,ATMORE,8,10,October,2010,6,Friday,9,49,0,16,6,1,44.86327222,-93.44291389,1,1,0,0,0,1,0
270298,27,MINNESOTA,MN,1,1,1,1,123,6330,ALEXANDER CITY,9,11,November,2010,3,Tuesday,19,17,0,14,6,18,44.94005833,-93.15568611,8,3,0,0,0,1,0
270299,27,MINNESOTA,MN,1,1,0,1,41,0,BRANTLEY,12,10,October,2010,3,Tuesday,1,2,0,5,4,200,46.02964167,-95.69724722,35,2,0,0,0,1,0
270301,27,MINNESOTA,MN,1,1,1,1,123,5320,ALEXANDER CITY,16,10,October,2010,7,Saturday,23,50,1,13,3,105,45.01975278,-92.98480556,8,3,0,0,0,1,0
270302,27,MINNESOTA,MN,2,2,0,3,21,0,CHILTON,17,10,October,2010,1,Sunday,16,38,0,2,3,985,47.04237500,-94.63415000,12,1,0,0,0,1,0
270303,27,MINNESOTA,MN,3,3,0,3,37,0,BRADFORD,16,10,October,2010,7,Saturday,14,53,0,3,4,114,44.61456389,-93.21792500,12,1,0,0,0,1,0
270304,27,MINNESOTA,MN,2,1,0,1,117,5690,BIRMINGHAM,10,10,October,2010,1,Sunday,2,46,0,16,6,2,44.01557500,-96.31762222,18,3,0,0,0,1,1
270305,27,MINNESOTA,MN,1,1,0,1,19,1430,CEDAR BLUFF,21,10,October,2010,5,Thursday,0,49,0,3,3,8,44.77638333,-93.78210833,38,3,0,0,0,1,1
270306,27,MINNESOTA,MN,2,2,0,3,139,6510,CALION,19,10,October,2010,3,Tuesday,21,2,1,13,2,1082,44.77753333,-93.54039167,12,3,0,0,0,1,0
270307,27,MINNESOTA,MN,2,2,0,2,101,0,BOYLSTON,20,10,October,2010,4,Wednesday,7,59,0,5,4,10,44.00790000,-96.02415000,12,4,0,0,0,1,0
270308,27,MINNESOTA,MN,1,1,0,1,145,5980,BALD KNOB,21,10,October,2010,5,Thursday,13,39,0,5,4,50,45.41609167,-94.33779722,34,1,0,0,0,1,1
270309,27,MINNESOTA,MN,1,1,1,1,53,675,ATMORE,21,10,October,2010,5,Thursday,19,36,0,14,4,146,44.82839722,-93.26004444,8,3,0,0,0,1,0
270310,27,MINNESOTA,MN,2,2,0,2,137,0,ALCO,23,10,October,2010,7,Saturday,23,31,0,6,4,3,46.78450556,-93.05195833,12,2,0,0,0,2,2
270311,27,MINNESOTA,MN,1,1,1,1,139,0,CALION,23,10,October,2010,7,Saturday,13,0,1,2,2,1003,44.68933889,-93.60821944,8,1,0,0,0,1,0
270312,27,MINNESOTA,MN,1,1,1,1,53,4760,ATMORE,25,10,October,2010,2,Monday,14,5,0,14,6,7,44.98037222,-93.27375000,9,1,0,0,0,1,0
270313,27,MINNESOTA,MN,1,1,0,2,131,0,ARLINGTON,22,10,October,2010,6,Friday,2,22,0,6,4,14,44.33968056,-93.36327500,1,6,0,0,0,1,1
270314,27,MINNESOTA,MN,2,2,0,3,153,0,BONAIRE,23,10,October,2010,7,Saturday,15,34,0,4,4,42,46.22351667,-94.74737222,12,1,10,0,0,2,1
270315,27,MINNESOTA,MN,1,1,2,1,53,4760,ATMORE,24,10,October,2010,1,Sunday,2,44,0,14,4,7,44.98156389,-93.23846389,8,3,10,0,0,1,1
270316,27,MINNESOTA,MN,2,2,0,2,53,675,ATMORE,25,10,October,2010,2,Monday,14,10,0,14,4,141,44.82633611,-93.26836667,12,1,2,0,0,1,0
270317,27,MINNESOTA,MN,1,1,1,1,61,2850,BELLWOOD,26,10,October,2010,3,Tuesday,9,18,1,13,2,3022,47.22618056,-93.52853056,8,1,10,0,0,1,0
270318,27,MINNESOTA,MN,1,1,1,1,3,671,BALDWIN,27,10,October,2010,4,Wednesday,6,24,0,14,4,8,45.12896944,-93.25850833,8,3,11,0,0,1,0
270319,27,MINNESOTA,MN,1,1,0,1,21,0,CHILTON,29,10,October,2010,6,Friday,20,12,0,3,3,244,46.97435833,-94.21096944,42,2,0,0,0,1,1
270320,27,MINNESOTA,MN,2,2,0,6,23,0,BLADON SPRINGS,31,10,October,2010,1,Sunday,18,40,1,2,3,1191,44.94199722,-95.38184167,12,1,0,0,0,1,0
270321,27,MINNESOTA,MN,1,1,0,1,117,0,BIRMINGHAM,30,10,October,2010,7,Saturday,22,20,0,6,5,15,43.87037500,-96.20488889,1,2,0,0,0,1,1
270322,27,MINNESOTA,MN,1,1,1,6,53,4760,ATMORE,3,11,November,2010,4,Wednesday,10,15,0,14,4,133,44.96274167,-93.25545833,8,1,0,0,0,1,0
270323,27,MINNESOTA,MN,2,2,0,2,129,0,BIGBEE,4,11,November,2010,5,Thursday,16,58,0,4,4,4,44.71665833,-94.62951944,12,5,0,0,0,1,0
270324,27,MINNESOTA,MN,3,3,0,10,39,0,ANDALUSIA,5,11,November,2010,6,Friday,18,12,1,2,2,1853,44.05191667,-93.03102778,12,2,0,0,0,1,0
270325,27,MINNESOTA,MN,1,1,0,1,49,0,COLLINSVILLE,6,11,November,2010,7,Saturday,14,2,0,5,3,165,44.31272222,-93.01686944,34,1,1,0,0,1,0
270326,27,MINNESOTA,MN,1,1,0,1,123,4536,ALEXANDER CITY,7,11,November,2010,1,Sunday,7,9,1,1,1,618,44.90306389,-92.99358611,1,1,0,0,0,1,1
270327,27,MINNESOTA,MN,1,1,0,1,49,0,COLLINSVILLE,6,11,November,2010,7,Saturday,2,26,0,4,4,170,44.54000833,-92.73623056,34,2,0,0,0,1,1
270328,27,MINNESOTA,MN,2,2,0,3,139,0,CALION,11,11,November,2010,5,Thursday,19,29,1,2,2,1023,44.71426667,-93.58880833,12,1,0,0,0,1,0
270329,27,MINNESOTA,MN,2,1,2,1,13,0,BOLLING,13,11,November,2010,7,Saturday,17,25,1,2,3,885,44.08923889,-94.31940278,8,2,11,0,0,1,0
270330,27,MINNESOTA,MN,1,1,0,1,139,6510,CALION,15,11,November,2010,2,Monday,8,55,1,14,3,12,44.78425556,-93.40023611,23,1,0,0,0,1,0
270331,27,MINNESOTA,MN,2,2,0,6,143,0,CANEHILL,15,11,November,2010,2,Monday,17,22,0,3,3,1076,44.54307778,-94.42053889,12,5,0,0,0,2,0
270332,27,MINNESOTA,MN,1,1,0,6,7,0,BIBB,17,11,November,2010,4,Wednesday,8,36,1,2,2,1022,47.51869167,-95.10802778,1,1,0,0,0,1,0
270333,27,MINNESOTA,MN,2,2,0,4,113,0,COTTONTON,17,11,November,2010,4,Wednesday,17,46,1,2,2,3523,48.07825833,-96.11339167,12,2,0,0,0,1,1
270334,27,MINNESOTA,MN,1,1,0,2,23,0,BLADON SPRINGS,17,11,November,2010,4,Wednesday,22,52,0,3,3,351,45.10849444,-95.85168889,35,2,0,0,0,1,1
270335,27,MINNESOTA,MN,1,1,0,1,3,1108,BALDWIN,17,11,November,2010,4,Wednesday,17,22,0,15,4,95,45.31301111,-93.38015278,11,3,0,0,0,1,0
270336,27,MINNESOTA,MN,2,2,0,2,87,7420,ARMSTRONG,19,11,November,2010,6,Friday,19,22,1,2,2,2887,47.19131944,-95.93314722,12,2,0,0,0,1,1
270337,27,MINNESOTA,MN,2,2,0,6,93,0,BEAR CREEK,20,11,November,2010,7,Saturday,23,9,0,3,3,1332,44.99635000,-94.50200000,12,2,10,0,0,2,0
270338,27,MINNESOTA,MN,1,1,0,6,145,0,BALD KNOB,21,11,November,2010,1,Sunday,10,12,0,4,4,14,45.76454722,-94.72665278,34,1,10,0,0,1,0
270339,27,MINNESOTA,MN,2,2,0,2,103,0,DANVILLE,22,11,November,2010,2,Monday,6,52,1,2,2,713,44.39718056,-93.96216667,12,4,10,0,0,1,0
270340,27,MINNESOTA,MN,2,2,0,2,145,6250,BALD KNOB,22,11,November,2010,2,Monday,16,34,0,14,4,8,45.52594722,-94.19340556,12,3,0,0,0,1,0
270342,27,MINNESOTA,MN,2,2,0,2,9,0,BLOUNT,23,11,November,2010,3,Tuesday,8,26,0,4,4,62,45.73549167,-93.82382222,12,1,0,0,0,1,0
270343,27,MINNESOTA,MN,1,1,1,1,53,4760,ATMORE,23,11,November,2010,3,Tuesday,9,30,0,14,4,123,44.94836111,-93.27965833,8,1,0,0,0,1,0
270344,27,MINNESOTA,MN,1,1,0,1,47,0,BROWNS,27,11,November,2010,7,Saturday,4,28,0,4,3,18,43.76033056,-93.28146389,1,2,0,0,0,1,1
270345,27,MINNESOTA,MN,1,1,2,2,109,5960,ANSLEY,27,11,November,2010,7,Saturday,0,2,0,13,2,404,44.01930833,-92.46292222,8,3,0,0,0,1,1
270346,27,MINNESOTA,MN,1,1,0,1,25,0,BARLOW BEND,26,11,November,2010,6,Friday,22,40,0,4,4,5,45.68570000,-93.02129722,43,2,0,0,0,1,1
270347,27,MINNESOTA,MN,2,2,0,3,119,0,BELLAMY,29,11,November,2010,2,Monday,14,10,0,5,4,82,47.60349167,-95.72738333,12,1,11,0,0,2,0
270348,27,MINNESOTA,MN,1,1,0,1,35,1565,BROOKLYN,28,11,November,2010,1,Sunday,12,40,0,3,4,9,46.68169444,-94.11138056,42,1,0,0,0,1,0
270349,27,MINNESOTA,MN,2,2,0,2,7,0,BIBB,8,10,October,2010,6,Friday,16,5,0,4,4,83,47.72986389,-94.52010278,12,1,0,0,0,1,0
270350,27,MINNESOTA,MN,2,2,0,2,87,0,ARMSTRONG,4,12,December,2010,7,Saturday,2,44,1,2,2,2932,47.25655833,-95.93328889,12,2,0,0,0,1,1
270351,27,MINNESOTA,MN,2,2,0,3,139,6450,CALION,30,11,November,2010,3,Tuesday,10,1,1,13,4,60,44.74638056,-93.37984722,12,1,10,0,0,1,0
270352,27,MINNESOTA,MN,1,1,1,3,53,821,ATMORE,18,7,July,2010,1,Sunday,21,39,0,14,4,66,45.06582500,-93.36570556,8,2,0,0,0,1,0
270353,27,MINNESOTA,MN,3,3,0,5,53,4760,ATMORE,5,12,December,2010,1,Sunday,0,33,0,14,4,41,44.99911944,-93.28020833,12,3,0,0,0,3,1
270354,27,MINNESOTA,MN,2,2,0,2,137,5780,ALCO,5,12,December,2010,1,Sunday,13,59,1,13,2,2589,46.74391667,-92.22424722,1,1,0,0,0,1,0
270355,27,MINNESOTA,MN,1,1,0,2,63,0,BOLIGEE,8,12,December,2010,4,Wednesday,3,15,1,2,2,10,43.51535556,-94.99440556,30,2,0,0,0,1,0
270356,27,MINNESOTA,MN,2,2,0,2,25,0,BARLOW BEND,13,12,December,2010,2,Monday,8,4,0,4,4,7,45.39344722,-93.00463333,12,1,0,0,0,1,0
270357,27,MINNESOTA,MN,2,2,0,4,21,0,CHILTON,12,12,December,2010,1,Sunday,18,8,0,6,4,86,47.14658889,-94.17947222,12,2,0,0,0,1,0
270358,27,MINNESOTA,MN,2,2,0,3,37,4673,BRADFORD,17,12,December,2010,6,Friday,1,2,1,11,1,1003,44.87235000,-93.14398333,12,3,0,0,0,1,2
270359,27,MINNESOTA,MN,4,4,0,7,137,0,ALCO,18,12,December,2010,7,Saturday,14,19,1,2,2,128,46.85291667,-92.28042222,12,1,0,0,0,1,0
270360,27,MINNESOTA,MN,3,3,0,4,53,675,ATMORE,13,12,December,2010,2,Monday,13,43,0,14,4,350,44.83128333,-93.27845278,12,1,0,0,0,1,0
270361,27,MINNESOTA,MN,2,2,0,7,53,2008,ATMORE,20,12,December,2010,2,Monday,20,2,0,14,3,151,44.88618889,-93.52073333,12,3,0,0,0,1,0
270362,27,MINNESOTA,MN,1,1,0,3,9,0,BLOUNT,21,12,December,2010,3,Tuesday,9,6,1,2,2,1627,45.78748333,-94.25330556,1,1,0,0,0,1,0
270363,27,MINNESOTA,MN,2,2,0,6,59,0,FRANKLIN,23,12,December,2010,5,Thursday,17,35,0,3,3,531,45.70659444,-93.19255000,12,3,0,0,0,1,0
270364,27,MINNESOTA,MN,3,3,0,3,143,0,CANEHILL,20,12,December,2010,2,Monday,12,11,0,3,3,1130,44.54312500,-94.31093889,12,1,11,0,0,1,0
270365,27,MINNESOTA,MN,1,1,0,1,119,4360,BELLAMY,29,12,December,2010,4,Wednesday,18,31,1,2,2,626,47.63650833,-95.89516944,1,2,0,0,0,1,1
270366,27,MINNESOTA,MN,3,3,0,3,139,6510,CALION,20,12,December,2010,2,Monday,19,59,0,14,4,51,44.75765278,-93.50525833,12,3,4,0,0,1,0
270367,27,MINNESOTA,MN,1,1,1,1,137,3255,ALCO,30,12,December,2010,5,Thursday,5,8,0,15,6,25,46.82206111,-92.22731667,8,2,0,0,0,1,0
270368,27,MINNESOTA,MN,2,2,0,2,145,0,BALD KNOB,30,12,December,2010,5,Thursday,14,9,1,1,1,1230,45.75958333,-95.01815000,12,1,0,0,0,1,0
270369,27,MINNESOTA,MN,2,2,0,2,99,0,BEATRICE,30,12,December,2010,5,Thursday,17,42,1,2,2,250,43.80501111,-92.48968056,12,2,0,0,0,1,1
270370,27,MINNESOTA,MN,1,1,1,1,7,530,BIBB,28,12,December,2010,3,Tuesday,6,5,0,15,4,91,47.47264722,-94.88971111,8,2,0,0,0,1,0
270371,27,MINNESOTA,MN,2,2,0,2,35,0,BROOKLYN,30,12,December,2010,5,Thursday,0,26,0,3,4,116,46.51445278,-94.13221389,12,2,0,0,0,1,0
270372,27,MINNESOTA,MN,1,1,0,1,141,0,BEE BRANCH,18,5,May,2010,3,Tuesday,21,53,0,4,4,25,45.53878889,-93.55633056,1,5,0,0,0,1,1
270373,27,MINNESOTA,MN,1,1,0,1,147,0,AUGUSTA,21,5,May,2010,6,Friday,4,51,0,5,4,5,44.16720000,-93.38684722,35,2,0,0,0,1,0
270374,27,MINNESOTA,MN,1,1,0,1,17,0,CHAMBERS,28,7,July,2010,4,Wednesday,7,0,0,6,4,78,46.45401944,-92.37439167,1,1,0,0,0,1,1
270375,27,MINNESOTA,MN,1,1,0,1,17,0,CHAMBERS,9,1,January,2010,7,Saturday,22,6,0,6,5,6,46.70032500,-92.60551389,48,8,0,0,0,1,1
270376,27,MINNESOTA,MN,1,1,0,1,125,0,BROOKWOOD,14,2,February,2010,1,Sunday,0,33,0,4,4,15,47.78161111,-96.13875833,35,6,0,0,0,1,1
270377,27,MINNESOTA,MN,1,1,0,1,145,0,BALD KNOB,17,3,March,2010,4,Wednesday,15,26,0,6,5,13,45.50291667,-94.78851389,11,8,0,0,0,1,0
270378,27,MINNESOTA,MN,1,1,0,2,57,0,BANKSTON,1,5,May,2010,7,Saturday,18,0,0,6,8,151,47.12356389,-94.69296944,42,8,10,0,0,1,1
270379,27,MINNESOTA,MN,2,2,0,2,161,0,DENTON,29,5,May,2010,7,Saturday,18,10,0,6,5,20,43.94895556,-93.52662500,12,8,0,0,0,1,2
270380,27,MINNESOTA,MN,2,2,0,2,137,1900,ALCO,31,12,December,2010,6,Friday,14,42,0,14,4,21,46.75947500,-92.19188333,12,1,0,0,0,1,0
270381,27,MINNESOTA,MN,1,1,0,1,3,2560,BALDWIN,7,10,October,2010,5,Thursday,5,15,0,3,4,41,45.09096389,-93.27586111,1,3,0,0,0,1,0
270382,27,MINNESOTA,MN,1,1,0,1,137,1900,ALCO,18,11,November,2010,5,Thursday,13,28,0,15,6,5,46.74061111,-92.15848333,33,1,0,0,0,1,0
280001,28,MISSISSIPPI,MS,2,2,0,5,73,0,ARGO,1,1,January,2010,6,Friday,0,17,1,2,2,99998,31.28951667,-89.59238889,12,2,10,0,0,1,1