ST_CASE,STATE,State Name,State Abbreviation,# of Vehicle involved,VE_FORMS,Pedestrains,Total_Persons_in_accident,COUNTY,CITY,City_County_Name,Calendar_DAY,MONTH,Month_name,YEAR,DAY_WEEK,Day_Week_desc,HOUR,MINUTE,NHS_Desc,trafficway,Route,MILEPT,LATITUDE,LONGITUD,First_Crash_event,Light_cond_desc,Weather_condition,School_bus_involved,Crash_cause,FATALS,DRUNK_DR
280149,28,MISSISSIPPI,MS,1,1,0,2,7,0,BIBB,25,4,April,2010,1,Sunday,3,59,0,4,3,99998,33.10158056,-89.96838333,42,2,0,0,0,1,1
280150,28,MISSISSIPPI,MS,1,1,0,2,5,0,BAKER HILL,25,4,April,2010,1,Sunday,18,5,0,4,3,99998,31.05708889,-90.89718889,35,1,0,0,0,1,0
280151,28,MISSISSIPPI,MS,1,1,0,1,109,0,ANSLEY,25,4,April,2010,1,Sunday,22,40,0,4,4,0,30.55421389,-89.59221944,32,2,0,0,0,1,0
280152,28,MISSISSIPPI,MS,3,3,0,4,49,0,COLLINSVILLE,26,4,April,2010,2,Monday,10,25,1,1,1,99998,32.35609167,-90.44526944,12,1,0,0,0,2,0
280153,28,MISSISSIPPI,MS,1,1,0,1,71,0,BRIDGEPORT,19,1,January,2010,3,Tuesday,11,22,0,4,4,0,34.50160556,-89.56526667,42,1,0,0,0,1,0
280154,28,MISSISSIPPI,MS,1,1,0,1,51,0,CENTRAL,22,1,January,2010,6,Friday,2,45,0,4,4,0,33.16086944,-89.92515556,42,2,0,0,0,1,1
280155,28,MISSISSIPPI,MS,1,1,1,1,81,0,AUBURN,23,1,January,2010,7,Saturday,18,0,0,16,6,0,34.11925833,-88.71955556,8,3,0,0,0,1,0
280156,28,MISSISSIPPI,MS,1,1,0,1,151,0,FLIPPEN,29,1,January,2010,6,Friday,17,20,0,4,4,0,33.21413333,-90.91469722,18,2,0,0,0,1,1
280157,28,MISSISSIPPI,MS,2,2,0,4,51,0,CENTRAL,11,3,March,2010,5,Thursday,9,0,0,4,4,0,33.15562500,-89.94425278,12,1,0,0,0,1,0
280158,28,MISSISSIPPI,MS,1,1,0,1,51,0,CENTRAL,15,4,April,2010,5,Thursday,20,4,0,4,4,0,33.02528889,-90.09780278,42,2,0,0,0,1,0
280159,28,MISSISSIPPI,MS,2,2,0,2,161,0,DENTON,26,4,April,2010,2,Monday,11,20,0,4,4,0,34.10217500,-89.80263333,12,1,0,0,0,1,0
280160,28,MISSISSIPPI,MS,1,1,0,2,71,0,BRIDGEPORT,26,4,April,2010,2,Monday,21,0,0,4,4,0,34.46715000,-89.58930000,1,2,0,0,0,1,0
280161,28,MISSISSIPPI,MS,2,2,0,5,49,0,COLLINSVILLE,27,4,April,2010,3,Tuesday,12,3,1,1,1,99998,32.12038333,-90.29268333,12,1,0,0,0,2,0
280162,28,MISSISSIPPI,MS,1,1,0,1,99,0,BEATRICE,27,4,April,2010,3,Tuesday,14,25,0,4,4,0,32.77652222,-89.07689167,18,1,0,0,0,1,0
280163,28,MISSISSIPPI,MS,2,2,0,2,149,0,BELLEVILLE,28,4,April,2010,4,Wednesday,7,2,0,3,2,99998,32.34385556,-90.83745000,12,1,0,0,0,1,0
280164,28,MISSISSIPPI,MS,1,1,0,1,67,0,ABBEVILLE,28,4,April,2010,4,Wednesday,11,49,1,2,2,99998,31.68650833,-89.22812500,42,1,0,0,0,1,0
280165,28,MISSISSIPPI,MS,1,1,0,1,117,0,BIRMINGHAM,30,4,April,2010,6,Friday,7,15,0,3,3,99998,34.62487500,-88.37449444,1,1,0,0,0,1,0
280166,28,MISSISSIPPI,MS,1,1,0,3,69,0,ASHFORD,1,5,May,2010,7,Saturday,2,17,0,4,3,99998,32.88238056,-88.83268056,30,2,0,0,0,1,1
280167,28,MISSISSIPPI,MS,1,1,0,3,127,0,BURNWELL,1,5,May,2010,7,Saturday,2,22,0,4,3,99998,32.00378056,-90.11033611,1,2,0,0,0,1,0
280168,28,MISSISSIPPI,MS,1,1,0,1,115,0,ASHVILLE,1,5,May,2010,7,Saturday,5,40,0,16,6,0,34.23758056,-89.03539167,42,2,0,0,0,1,0
280169,28,MISSISSIPPI,MS,1,1,0,1,145,0,BALD KNOB,1,5,May,2010,7,Saturday,19,48,0,4,2,99998,34.38961111,-88.89471667,23,2,0,0,0,1,0
280170,28,MISSISSIPPI,MS,2,2,0,4,19,0,CEDAR BLUFF,1,5,May,2010,7,Saturday,20,34,0,4,3,99998,33.27776667,-89.28643611,12,2,0,0,0,1,1
280171,28,MISSISSIPPI,MS,1,1,1,1,43,1010,BAILEYTON,1,5,May,2010,7,Saturday,21,35,0,16,6,0,33.78665556,-89.80992778,8,2,0,0,0,1,0
280172,28,MISSISSIPPI,MS,1,1,0,1,39,0,ANDALUSIA,2,5,May,2010,1,Sunday,9,2,0,4,3,99998,30.81476667,-88.59801944,1,1,0,0,0,1,1
280173,28,MISSISSIPPI,MS,1,1,0,1,3,560,BALDWIN,2,5,May,2010,1,Sunday,10,26,0,16,6,0,34.94536667,-88.50755556,34,1,0,0,0,1,0
280174,28,MISSISSIPPI,MS,2,2,0,3,81,2610,AUBURN,2,5,May,2010,1,Sunday,16,22,0,16,3,99998,34.26175556,-88.69391389,12,1,0,0,0,1,0
280175,28,MISSISSIPPI,MS,2,2,0,2,27,0,ASHLAND,4,5,May,2010,3,Tuesday,13,40,0,4,4,0,34.36455278,-90.60291667,12,1,0,0,0,1,0
280176,28,MISSISSIPPI,MS,1,1,0,1,47,0,BROWNS,6,5,May,2010,5,Thursday,3,39,0,4,4,0,30.42240278,-89.26069722,35,2,0,0,0,1,1
280177,28,MISSISSIPPI,MS,1,1,0,1,107,0,CARROLLTON,6,5,May,2010,5,Thursday,12,12,0,14,3,99998,34.51002222,-89.88704722,42,1,0,0,0,1,0
280178,28,MISSISSIPPI,MS,1,1,0,1,121,0,BON AIR,7,5,May,2010,6,Friday,3,39,0,4,4,0,32.22685278,-90.00939722,42,2,0,0,0,1,1
280179,28,MISSISSIPPI,MS,2,2,0,2,91,530,DAYTON,8,5,May,2010,7,Saturday,9,23,1,13,2,99998,31.24205833,-89.81092500,12,1,0,0,0,1,0
280180,28,MISSISSIPPI,MS,1,1,0,1,121,1920,BON AIR,8,5,May,2010,7,Saturday,10,29,0,16,3,99998,32.31367778,-89.80476667,42,1,0,0,0,1,0
280181,28,MISSISSIPPI,MS,1,1,0,4,83,0,ARDMORE,9,5,May,2010,1,Sunday,2,53,1,2,2,99998,33.54633056,-90.24917778,30,2,0,0,0,3,0
280182,28,MISSISSIPPI,MS,1,1,0,2,131,0,ARLINGTON,9,5,May,2010,1,Sunday,14,55,0,4,4,0,30.80778056,-89.29492222,42,1,0,0,0,2,1
280183,28,MISSISSIPPI,MS,1,1,0,4,151,0,FLIPPEN,10,5,May,2010,2,Monday,3,18,0,4,3,99998,33.03816944,-91.00576389,18,2,0,0,0,1,1
280184,28,MISSISSIPPI,MS,2,2,0,3,101,0,BOYLSTON,10,5,May,2010,2,Monday,11,35,0,4,3,99998,32.29623889,-89.15113333,12,1,0,0,0,1,0
280185,28,MISSISSIPPI,MS,2,2,0,2,7,0,BIBB,11,5,May,2010,3,Tuesday,13,12,0,4,3,99998,32.95477222,-89.88405278,12,1,0,0,0,1,0
280187,28,MISSISSIPPI,MS,3,3,0,4,89,2130,BROWNSBORO,11,5,May,2010,3,Tuesday,15,48,0,16,6,0,32.39951111,-90.13150278,12,1,0,0,0,1,0
280188,28,MISSISSIPPI,MS,1,1,0,1,31,0,COFFEE,14,5,May,2010,6,Friday,8,17,0,4,4,0,31.62104444,-89.60960000,42,1,0,0,0,1,0
280189,28,MISSISSIPPI,MS,2,2,0,3,127,0,BURNWELL,14,5,May,2010,6,Friday,14,39,1,2,2,99998,31.80943889,-89.69513056,12,1,0,0,0,1,0
280190,28,MISSISSIPPI,MS,1,1,0,1,153,0,BONAIRE,15,5,May,2010,7,Saturday,1,37,0,4,4,0,31.54244444,-88.76219167,42,2,0,0,0,1,1
280191,28,MISSISSIPPI,MS,1,1,0,2,51,0,CENTRAL,16,5,May,2010,1,Sunday,2,20,0,4,3,99998,33.12543889,-90.30671667,42,2,0,0,0,1,0
280192,28,MISSISSIPPI,MS,2,2,0,3,47,230,BROWNS,17,5,May,2010,2,Monday,21,20,0,16,6,0,30.39771667,-88.94290833,12,3,0,0,0,1,1
280193,28,MISSISSIPPI,MS,1,1,1,1,107,0,CARROLLTON,17,5,May,2010,2,Monday,22,4,0,4,3,99998,34.50560278,-90.18320556,8,2,0,0,0,1,0
280194,28,MISSISSIPPI,MS,2,2,0,2,11,0,BULLOCK,19,5,May,2010,4,Wednesday,0,39,1,2,2,99998,33.91291389,-90.74311111,12,2,0,0,0,1,1
280195,28,MISSISSIPPI,MS,2,2,0,2,61,0,BELLWOOD,19,5,May,2010,4,Wednesday,1,33,1,1,1,99998,31.89761667,-89.02861111,12,2,0,0,0,1,0
280196,28,MISSISSIPPI,MS,1,1,0,2,59,0,FRANKLIN,21,5,May,2010,6,Friday,0,58,0,4,4,0,30.54747778,-88.77292222,18,2,0,0,0,1,0
280197,28,MISSISSIPPI,MS,1,1,0,1,109,0,ANSLEY,22,5,May,2010,7,Saturday,6,48,0,3,3,99998,30.75810000,-89.77375000,42,1,0,0,0,1,0
280198,28,MISSISSIPPI,MS,3,3,0,4,59,0,FRANKLIN,22,5,May,2010,7,Saturday,16,30,0,4,4,0,30.46862222,-88.83781944,12,1,0,0,0,1,0
280199,28,MISSISSIPPI,MS,1,1,0,3,115,0,ASHVILLE,22,5,May,2010,7,Saturday,22,38,0,4,4,0,34.31423333,-88.85428889,42,2,0,0,0,1,0
280200,28,MISSISSIPPI,MS,1,1,0,6,49,0,COLLINSVILLE,23,5,May,2010,1,Sunday,1,27,0,4,4,0,32.43213611,-90.48232500,34,2,0,0,0,2,1
280201,28,MISSISSIPPI,MS,1,1,0,2,11,0,BULLOCK,23,5,May,2010,1,Sunday,13,59,1,2,2,99998,33.98155278,-90.76028889,1,1,0,0,0,1,0
280202,28,MISSISSIPPI,MS,1,1,0,1,137,0,ALCO,23,5,May,2010,1,Sunday,17,16,0,4,3,99998,34.74342778,-89.81012222,23,1,0,0,0,1,1
280203,28,MISSISSIPPI,MS,1,1,0,3,107,0,CARROLLTON,23,5,May,2010,1,Sunday,17,38,0,4,4,0,34.33922778,-89.97040000,35,1,0,0,0,1,1
280204,28,MISSISSIPPI,MS,1,1,0,3,129,0,BIGBEE,23,5,May,2010,1,Sunday,18,27,0,3,3,99998,31.84037778,-89.39819722,1,1,0,0,0,1,0
280205,28,MISSISSIPPI,MS,2,2,0,3,125,0,BROOKWOOD,24,5,May,2010,2,Monday,1,0,1,2,2,99998,33.04507500,-90.84757778,12,2,0,0,0,2,0
280206,28,MISSISSIPPI,MS,1,1,0,1,93,0,BEAR CREEK,24,5,May,2010,2,Monday,19,49,0,4,3,99998,34.63680833,-89.31176667,42,1,0,0,0,1,1
280207,28,MISSISSIPPI,MS,2,2,0,2,59,0,FRANKLIN,25,5,May,2010,3,Tuesday,8,2,0,4,3,99998,30.65327222,-88.48938056,12,1,0,0,0,1,0
280208,28,MISSISSIPPI,MS,1,1,0,1,49,1220,COLLINSVILLE,25,5,May,2010,3,Tuesday,19,27,0,16,6,0,32.28709722,-90.22766667,21,5,0,0,0,1,0
280209,28,MISSISSIPPI,MS,1,1,0,2,109,0,ANSLEY,26,5,May,2010,4,Wednesday,13,10,1,1,1,99998,30.61726944,-89.60565000,1,1,0,0,0,1,0
280210,28,MISSISSIPPI,MS,1,1,0,1,61,0,BELLWOOD,28,5,May,2010,6,Friday,19,22,0,4,4,0,32.02059444,-89.04543333,35,1,0,0,0,1,1
280211,28,MISSISSIPPI,MS,1,1,0,1,31,0,COFFEE,29,5,May,2010,7,Saturday,11,31,0,3,3,99998,31.70655556,-89.70903333,42,1,0,0,0,1,0
280212,28,MISSISSIPPI,MS,1,1,0,4,75,0,BEAVERTON,30,5,May,2010,1,Sunday,0,43,0,4,4,0,32.55569444,-88.84832500,34,2,0,0,0,1,1
280213,28,MISSISSIPPI,MS,1,1,0,1,49,1220,COLLINSVILLE,1,6,June,2010,3,Tuesday,19,19,1,1,1,99998,32.30997778,-90.16333611,21,1,0,0,0,1,0
280214,28,MISSISSIPPI,MS,2,2,0,2,111,0,GRAHAM,2,6,June,2010,4,Wednesday,12,50,1,2,2,99998,31.17047222,-88.94278056,12,1,0,0,0,1,0
280215,28,MISSISSIPPI,MS,3,3,0,7,73,0,ARGO,3,6,June,2010,5,Thursday,15,0,0,4,3,99998,31.25962222,-89.53917500,12,1,0,0,0,5,0
280216,28,MISSISSIPPI,MS,2,2,0,4,31,0,COFFEE,3,6,June,2010,5,Thursday,21,20,1,2,2,99998,31.56160556,-89.51179444,12,2,0,0,0,1,0
280217,28,MISSISSIPPI,MS,1,1,0,1,99,0,BEATRICE,4,6,June,2010,6,Friday,3,12,0,4,3,99998,32.87746111,-89.17885833,42,2,0,0,0,1,1
280218,28,MISSISSIPPI,MS,2,2,0,4,145,0,BALD KNOB,4,6,June,2010,6,Friday,13,16,0,4,2,99998,34.55386111,-89.13564167,12,1,0,0,0,1,0
280219,28,MISSISSIPPI,MS,1,1,0,1,137,0,ALCO,6,6,June,2010,1,Sunday,13,16,0,4,4,0,34.65575000,-89.84945278,21,1,0,0,0,1,1
280220,28,MISSISSIPPI,MS,3,3,0,5,33,0,CHEROKEE,9,6,June,2010,4,Wednesday,14,7,1,1,1,99998,34.82807222,-89.97794167,12,1,0,0,0,1,0
280221,28,MISSISSIPPI,MS,2,2,0,2,61,0,BELLWOOD,9,6,June,2010,4,Wednesday,14,12,0,4,3,99998,32.04355000,-89.26842222,12,1,0,0,0,1,0
280222,28,MISSISSIPPI,MS,1,1,0,6,47,230,BROWNS,10,6,June,2010,5,Thursday,21,57,1,1,1,99998,30.44567778,-89.02453333,24,2,0,0,0,2,0
280223,28,MISSISSIPPI,MS,2,2,0,2,51,0,CENTRAL,11,6,June,2010,6,Friday,22,49,1,1,1,99998,33.12518889,-89.86833611,12,2,0,0,0,1,1
280224,28,MISSISSIPPI,MS,2,2,0,3,35,0,BROOKLYN,11,6,June,2010,6,Friday,22,54,1,1,1,99998,31.20931389,-89.33309444,12,2,0,0,0,1,0
280225,28,MISSISSIPPI,MS,2,2,0,2,109,0,ANSLEY,13,6,June,2010,1,Sunday,2,39,1,1,1,99998,30.47139722,-89.68639722,12,2,0,0,0,1,0
280226,28,MISSISSIPPI,MS,1,1,0,1,13,0,BOLLING,13,6,June,2010,1,Sunday,9,54,0,4,3,99998,33.83509722,-89.31936389,42,1,0,0,0,1,0
280227,28,MISSISSIPPI,MS,1,1,0,2,151,0,FLIPPEN,13,6,June,2010,1,Sunday,15,49,1,2,2,99998,33.36809722,-90.87032222,1,1,0,0,0,2,0
280228,28,MISSISSIPPI,MS,1,1,0,1,59,0,FRANKLIN,14,6,June,2010,2,Monday,8,39,0,4,4,0,30.60367778,-88.71876111,1,1,0,0,0,1,0
280229,28,MISSISSIPPI,MS,1,1,0,1,103,0,DANVILLE,16,6,June,2010,4,Wednesday,13,6,0,4,3,99998,33.09733056,-88.50362778,1,1,0,0,0,1,0
280230,28,MISSISSIPPI,MS,2,2,0,3,67,0,ABBEVILLE,16,6,June,2010,4,Wednesday,23,27,1,1,1,99998,31.52397222,-89.28370000,12,3,0,0,0,1,0
280231,28,MISSISSIPPI,MS,1,1,0,1,145,0,BALD KNOB,18,6,June,2010,6,Friday,18,34,0,3,3,99998,34.46734444,-89.12774444,18,1,0,0,0,1,1
280232,28,MISSISSIPPI,MS,1,1,0,1,29,0,BORDEN SPRINGS,19,6,June,2010,7,Saturday,5,59,1,1,1,99998,31.94553611,-90.39207500,34,4,0,0,0,1,1
280233,28,MISSISSIPPI,MS,2,2,0,2,41,0,BRANTLEY,19,6,June,2010,7,Saturday,13,31,0,3,3,99998,31.15369167,-88.53027778,12,1,0,0,0,1,0
280234,28,MISSISSIPPI,MS,1,1,0,2,131,2820,ARLINGTON,20,6,June,2010,1,Sunday,23,10,0,16,6,0,30.85900278,-89.15967500,35,3,0,0,0,1,1
280235,28,MISSISSIPPI,MS,2,2,0,3,75,0,BEAVERTON,10,2,February,2010,4,Wednesday,14,47,0,4,4,0,32.52919444,-88.81836944,12,1,0,0,0,1,0
280236,28,MISSISSIPPI,MS,2,2,0,4,47,230,BROWNS,17,2,February,2010,4,Wednesday,9,26,0,16,3,99998,30.47001944,-88.90823333,12,1,0,0,0,1,0
280237,28,MISSISSIPPI,MS,2,2,0,3,59,1680,FRANKLIN,9,3,March,2010,3,Tuesday,14,51,1,1,1,99998,30.43949722,-88.54208056,12,1,0,0,0,2,0
280238,28,MISSISSIPPI,MS,2,2,0,3,23,2080,BLADON SPRINGS,3,4,April,2010,7,Saturday,9,18,0,16,6,0,32.03833056,-88.72948056,12,1,0,0,0,1,1
280239,28,MISSISSIPPI,MS,1,1,0,1,27,0,ASHLAND,8,4,April,2010,5,Thursday,22,41,0,4,4,0,34.37185000,-90.50185278,42,2,0,0,0,1,0
280240,28,MISSISSIPPI,MS,1,1,0,2,49,0,COLLINSVILLE,11,4,April,2010,1,Sunday,17,53,1,1,1,99998,32.36159444,-90.52536944,1,1,0,0,0,1,0
280241,28,MISSISSIPPI,MS,1,1,0,3,147,0,AUGUSTA,20,4,April,2010,3,Tuesday,7,1,0,4,4,0,31.11956667,-90.04423611,42,1,0,0,0,1,0
280242,28,MISSISSIPPI,MS,1,1,0,3,105,0,MARION,26,5,May,2010,4,Wednesday,21,36,0,4,4,0,33.38422500,-88.81037500,30,2,0,0,0,2,1
280243,28,MISSISSIPPI,MS,1,1,0,2,99,0,BEATRICE,31,5,May,2010,2,Monday,19,52,0,4,4,0,32.73552222,-89.10684722,1,1,0,0,0,1,1
280244,28,MISSISSIPPI,MS,1,1,0,1,129,0,BIGBEE,7,6,June,2010,2,Monday,9,36,0,4,4,0,32.21389167,-89.65586111,34,1,0,0,0,1,0
280245,28,MISSISSIPPI,MS,2,2,0,3,85,320,BENTON,13,6,June,2010,1,Sunday,20,21,0,16,6,0,31.57895556,-90.47075000,12,3,0,0,0,1,0
280246,28,MISSISSIPPI,MS,2,2,0,3,151,990,FLIPPEN,21,6,June,2010,2,Monday,9,33,1,2,3,99998,33.39959722,-91.03936667,12,1,0,0,0,1,0
280247,28,MISSISSIPPI,MS,2,2,0,2,49,490,COLLINSVILLE,21,6,June,2010,2,Monday,19,58,0,16,6,0,32.31455556,-90.32615556,12,5,0,0,0,1,0
280248,28,MISSISSIPPI,MS,1,1,1,1,121,0,BON AIR,22,6,June,2010,3,Tuesday,11,9,1,1,1,99998,32.29624722,-89.73088889,8,1,0,0,0,1,0
280249,28,MISSISSIPPI,MS,1,1,0,1,107,0,CARROLLTON,23,6,June,2010,4,Wednesday,4,36,0,4,4,0,34.20832500,-89.85503333,35,2,0,0,0,1,0
280250,28,MISSISSIPPI,MS,1,1,1,1,51,0,CENTRAL,23,6,June,2010,4,Wednesday,5,30,0,4,3,99998,33.10531111,-90.05351667,8,4,0,0,0,1,0
280251,28,MISSISSIPPI,MS,1,1,0,1,149,0,BELLEVILLE,24,6,June,2010,5,Thursday,3,37,1,2,2,99998,32.38967500,-90.82736389,35,2,0,0,0,1,0
280252,28,MISSISSIPPI,MS,1,1,0,1,35,1050,BROOKLYN,25,6,June,2010,6,Friday,15,23,1,2,2,99998,31.35700833,-89.34652778,1,1,0,0,0,1,0
280253,28,MISSISSIPPI,MS,1,1,0,1,45,0,ARITON,26,6,June,2010,7,Saturday,21,56,1,2,2,99998,30.30183611,-89.49969167,24,2,0,0,0,1,0
280254,28,MISSISSIPPI,MS,2,2,0,3,83,0,ARDMORE,26,6,June,2010,7,Saturday,23,42,1,2,2,99998,33.50041111,-90.18423611,12,2,0,0,0,1,0
280255,28,MISSISSIPPI,MS,1,1,0,2,83,0,ARDMORE,27,6,June,2010,1,Sunday,10,43,0,4,4,0,33.69553056,-90.22693611,10,1,0,0,0,1,0
280256,28,MISSISSIPPI,MS,1,1,0,2,97,0,AXIS,28,6,June,2010,2,Monday,19,28,0,13,3,99998,33.40801667,-89.54634167,42,5,0,0,0,2,0
280257,28,MISSISSIPPI,MS,1,1,0,1,35,1930,BROOKLYN,29,6,June,2010,3,Tuesday,21,17,0,16,6,0,31.35975833,-89.21151667,42,2,0,0,0,1,0
280258,28,MISSISSIPPI,MS,1,1,0,2,123,0,ALEXANDER CITY,30,6,June,2010,4,Wednesday,18,19,1,1,1,99998,32.33268889,-89.56385000,1,1,0,0,0,2,0
280259,28,MISSISSIPPI,MS,2,2,0,2,129,0,BIGBEE,1,7,July,2010,5,Thursday,17,8,0,4,3,99998,32.00567500,-89.52192222,12,1,0,0,0,2,0
280260,28,MISSISSIPPI,MS,2,2,0,2,87,540,ARMSTRONG,1,7,July,2010,5,Thursday,18,40,1,13,2,0,33.52873056,-88.43685278,12,1,0,0,0,1,1
280261,28,MISSISSIPPI,MS,1,1,1,1,47,1020,BROWNS,3,7,July,2010,7,Saturday,6,52,1,1,1,99998,30.44745278,-89.01535000,8,1,0,0,0,1,0
280262,28,MISSISSIPPI,MS,1,1,0,2,121,1918,BON AIR,3,7,July,2010,7,Saturday,13,31,1,1,1,99998,32.27312778,-90.06373056,35,1,0,0,0,1,0
280263,28,MISSISSIPPI,MS,1,1,0,3,139,0,CALION,3,7,July,2010,7,Saturday,19,35,0,4,4,0,34.67228889,-88.76498333,1,1,0,0,0,1,1
280264,28,MISSISSIPPI,MS,1,1,0,1,143,0,CANEHILL,3,7,July,2010,7,Saturday,20,48,0,4,4,0,34.70598611,-90.46095278,1,2,0,0,0,1,1
280265,28,MISSISSIPPI,MS,2,2,0,7,73,0,ARGO,4,7,July,2010,1,Sunday,0,33,1,1,1,99998,31.12908056,-89.37330833,12,2,0,0,0,2,0
280266,28,MISSISSIPPI,MS,1,1,0,2,87,0,ARMSTRONG,5,7,July,2010,2,Monday,1,18,0,4,3,99998,33.66087222,-88.45676389,1,2,0,0,0,1,1
280267,28,MISSISSIPPI,MS,1,1,0,2,39,0,ANDALUSIA,5,7,July,2010,2,Monday,2,57,0,4,4,0,30.93033611,-88.55214444,42,2,0,0,0,1,0
280268,28,MISSISSIPPI,MS,2,2,0,6,155,0,IRWIN,8,7,July,2010,5,Thursday,15,48,1,2,2,99998,33.54046389,-89.13941944,12,1,0,0,0,1,0
280269,28,MISSISSIPPI,MS,1,1,0,1,33,2422,CHEROKEE,8,7,July,2010,5,Thursday,23,31,0,16,6,0,34.94614167,-89.95442500,34,2,0,0,0,1,1
280270,28,MISSISSIPPI,MS,1,1,0,1,67,0,ABBEVILLE,9,7,July,2010,6,Friday,8,11,0,4,3,99998,31.48628333,-89.01852500,35,1,0,0,0,1,0
280271,28,MISSISSIPPI,MS,1,1,0,2,35,0,BROOKLYN,9,7,July,2010,6,Friday,12,28,1,2,2,99998,31.04810000,-89.20297500,42,1,0,0,0,1,0
280272,28,MISSISSIPPI,MS,2,2,0,5,25,0,BARLOW BEND,9,7,July,2010,6,Friday,13,35,0,4,3,99998,33.58541667,-88.51053611,12,1,0,0,0,1,0
280273,28,MISSISSIPPI,MS,2,2,0,4,121,300,BON AIR,9,7,July,2010,6,Friday,16,15,1,1,1,99998,32.27780833,-89.92137778,12,1,0,0,0,1,0
280274,28,MISSISSIPPI,MS,2,2,0,3,3,0,BALDWIN,9,7,July,2010,6,Friday,16,47,1,2,2,99998,34.93141944,-88.70434167,12,1,0,0,0,1,0
280275,28,MISSISSIPPI,MS,1,1,0,1,147,0,AUGUSTA,10,7,July,2010,7,Saturday,4,19,0,4,4,0,31.19356667,-90.18693889,42,2,0,0,0,1,0
280276,28,MISSISSIPPI,MS,1,1,0,3,33,0,CHEROKEE,10,7,July,2010,7,Saturday,11,25,1,1,1,99998,34.85070278,-89.98699722,42,1,0,0,0,2,0
280277,28,MISSISSIPPI,MS,1,1,0,1,93,0,BEAR CREEK,11,7,July,2010,1,Sunday,7,45,0,4,4,0,34.65283889,-89.63376111,34,1,0,0,0,1,1
280278,28,MISSISSIPPI,MS,1,1,0,1,59,0,FRANKLIN,11,7,July,2010,1,Sunday,20,22,0,4,3,99998,30.45315833,-88.71862222,42,2,0,0,0,1,0
280279,28,MISSISSIPPI,MS,2,2,0,3,97,2830,AXIS,15,7,July,2010,5,Thursday,12,40,1,2,2,99998,33.49770833,-89.72478333,12,1,0,0,0,1,0
280280,28,MISSISSIPPI,MS,1,1,1,5,91,0,DAYTON,15,7,July,2010,5,Thursday,18,50,0,4,4,0,31.17678889,-89.91434167,8,1,0,0,0,1,0
280281,28,MISSISSIPPI,MS,1,1,0,1,93,0,BEAR CREEK,15,7,July,2010,5,Thursday,21,39,0,4,3,99998,34.75660000,-89.67028056,42,3,0,0,0,1,1
280282,28,MISSISSIPPI,MS,1,1,1,1,13,0,BOLLING,17,7,July,2010,7,Saturday,4,6,0,4,3,99998,34.06357500,-89.43763611,8,2,0,0,0,1,0
280283,28,MISSISSIPPI,MS,2,2,0,3,71,1860,BRIDGEPORT,17,7,July,2010,7,Saturday,9,34,0,16,2,99998,34.36071667,-89.57188611,12,1,0,0,0,1,0
280284,28,MISSISSIPPI,MS,1,1,0,1,23,0,BLADON SPRINGS,27,3,March,2010,7,Saturday,23,0,0,4,4,0,32.14309722,-88.66683611,42,2,0,0,0,1,0
280285,28,MISSISSIPPI,MS,2,2,0,5,77,0,ANDERSON,11,4,April,2010,1,Sunday,9,34,0,4,4,0,31.41368333,-90.19449167,12,1,0,0,0,1,0
280286,28,MISSISSIPPI,MS,2,2,0,3,47,1380,BROWNS,15,4,April,2010,5,Thursday,9,46,0,16,6,0,30.36908889,-89.15943889,12,1,0,0,0,1,0
280287,28,MISSISSIPPI,MS,1,1,0,3,141,170,BEE BRANCH,15,5,May,2010,7,Saturday,12,33,0,16,6,0,34.50896111,-88.20856389,42,1,0,0,0,3,0
280288,28,MISSISSIPPI,MS,2,2,0,4,31,1700,COFFEE,25,5,May,2010,3,Tuesday,22,38,1,2,2,99998,31.68651944,-89.60210000,12,2,0,0,0,1,0
280289,28,MISSISSIPPI,MS,1,1,1,1,49,1220,COLLINSVILLE,31,5,May,2010,2,Monday,12,24,0,16,6,0,32.27046944,-90.22730000,8,1,0,0,0,1,0
280290,28,MISSISSIPPI,MS,1,1,0,1,49,0,COLLINSVILLE,11,7,July,2010,1,Sunday,0,48,1,1,1,99998,32.24460278,-90.21414722,34,2,0,0,0,1,1
280291,28,MISSISSIPPI,MS,1,1,0,1,147,0,AUGUSTA,14,7,July,2010,4,Wednesday,11,20,0,4,4,0,31.01143611,-89.86558889,42,1,0,0,0,1,0
280292,28,MISSISSIPPI,MS,1,1,0,4,47,0,BROWNS,19,7,July,2010,2,Monday,10,43,0,4,4,0,30.36333056,-89.21797500,42,1,0,0,0,1,0
280293,28,MISSISSIPPI,MS,1,1,0,1,51,0,CENTRAL,19,7,July,2010,2,Monday,11,52,0,4,3,99998,33.10656944,-90.02326111,34,1,0,0,0,1,0
280294,28,MISSISSIPPI,MS,1,1,0,1,109,0,ANSLEY,19,7,July,2010,2,Monday,19,4,0,3,3,99998,30.55656944,-89.69457222,42,1,0,0,0,1,0
280295,28,MISSISSIPPI,MS,1,1,0,1,99,0,BEATRICE,21,7,July,2010,4,Wednesday,4,0,0,4,3,99998,32.61190556,-89.01148889,30,2,0,0,0,1,0
280296,28,MISSISSIPPI,MS,1,1,1,1,39,0,ANDALUSIA,21,7,July,2010,4,Wednesday,15,0,0,4,4,0,30.96518889,-88.67706944,8,1,0,0,0,1,0
280297,28,MISSISSIPPI,MS,2,2,0,3,57,0,BANKSTON,21,7,July,2010,4,Wednesday,16,55,1,2,3,99998,34.36692500,-88.31758889,12,1,0,0,0,1,0
280298,28,MISSISSIPPI,MS,1,1,0,2,89,0,BROWNSBORO,22,7,July,2010,5,Thursday,18,59,1,12,2,99998,32.65382778,-90.01570833,42,1,0,0,0,1,0
280299,28,MISSISSIPPI,MS,1,1,0,5,45,0,ARITON,22,7,July,2010,5,Thursday,21,46,1,1,1,99998,30.31772778,-89.59376389,1,2,0,0,0,2,0