ST_CASE,STATE,State Name,State Abbreviation,# of Vehicle involved,VE_FORMS,Pedestrains,Total_Persons_in_accident,COUNTY,CITY,City_County_Name,Calendar_DAY,MONTH,Month_name,YEAR,DAY_WEEK,Day_Week_desc,HOUR,MINUTE,NHS_Desc,trafficway,Route,MILEPT,LATITUDE,LONGITUD,First_Crash_event,Light_cond_desc,Weather_condition,School_bus_involved,Crash_cause,FATALS,DRUNK_DR
290011,29,MISSOURI,MO,1,1,0,7,203,0,BENSON,9,1,January,2010,7,Saturday,1,30,0,6,4,127,36.99052778,-91.51958333,42,2,0,0,0,1,1
290012,29,MISSOURI,MO,2,2,0,2,510,7080,BALTIMORE,10,1,January,2010,1,Sunday,0,31,1,11,1,31,38.68425278,-90.22005278,12,3,0,0,0,1,1
290013,29,MISSOURI,MO,2,2,0,4,71,0,BRIDGEPORT,10,1,January,2010,1,Sunday,19,36,1,2,2,148,38.42891667,-91.11652778,12,2,0,0,0,1,0
290014,29,MISSOURI,MO,2,2,0,2,125,0,BROOKWOOD,12,1,January,2010,3,Tuesday,12,50,0,3,3,342,38.26200000,-91.72761111,12,1,0,0,0,1,0
290015,29,MISSOURI,MO,2,2,0,2,145,0,BALD KNOB,12,1,January,2010,3,Tuesday,17,40,0,3,2,171,36.86522222,-94.31897222,12,1,0,0,0,1,0
290017,29,MISSOURI,MO,1,1,1,1,175,5270,CADWELL,12,1,January,2010,3,Tuesday,10,51,1,12,2,137,39.42004722,-92.41204167,49,1,0,0,0,1,0
290018,29,MISSOURI,MO,1,1,0,1,510,7080,BALTIMORE,14,1,January,2010,5,Thursday,0,55,1,11,1,67,38.63932778,-90.18653889,24,3,0,0,0,1,1
290019,29,MISSOURI,MO,3,3,0,7,113,0,COTTONTON,14,1,January,2010,5,Thursday,23,7,0,3,3,83,38.99277778,-90.87583333,12,2,0,0,0,3,1
290020,29,MISSOURI,MO,1,1,0,1,65,0,CYPRESS,15,1,January,2010,6,Friday,5,0,0,4,3,34,37.65250000,-91.76138889,38,2,0,0,0,1,0
290021,29,MISSOURI,MO,2,2,0,4,19,0,CEDAR BLUFF,15,1,January,2010,6,Friday,10,10,0,3,3,40,38.92650000,-92.22867222,12,1,0,0,0,1,0
290022,29,MISSOURI,MO,1,1,0,1,35,0,BROOKLYN,15,1,January,2010,6,Friday,22,15,0,6,4,37,36.89958333,-90.78783333,42,2,0,0,0,1,0
290023,29,MISSOURI,MO,2,2,0,2,19,0,CEDAR BLUFF,16,1,January,2010,7,Saturday,13,0,0,3,3,63,38.91888889,-92.19000000,12,1,0,0,0,1,0
290024,29,MISSOURI,MO,2,2,0,2,51,0,CENTRAL,18,1,January,2010,2,Monday,9,25,1,2,2,72,38.44013889,-92.30386111,12,1,0,0,0,1,0
290025,29,MISSOURI,MO,2,2,0,2,151,0,FLIPPEN,18,1,January,2010,2,Monday,17,0,1,2,2,136,38.33841667,-91.91144444,12,1,0,0,0,1,0
290026,29,MISSOURI,MO,2,2,0,3,143,0,CANEHILL,18,1,January,2010,2,Monday,17,50,0,4,3,0,36.55277778,-89.91333333,12,2,0,0,0,1,0
290027,29,MISSOURI,MO,2,2,0,4,147,5040,AUGUSTA,14,1,January,2010,5,Thursday,12,39,1,12,2,260,40.31166667,-94.87388889,12,1,0,0,0,1,1
290028,29,MISSOURI,MO,1,1,0,2,95,4120,ALBERTVILLE,19,1,January,2010,3,Tuesday,9,17,1,11,1,75,39.04968611,-94.49926389,57,1,0,0,0,1,0
290029,29,MISSOURI,MO,2,2,0,7,145,0,BALD KNOB,19,1,January,2010,3,Tuesday,15,40,0,3,3,11,37.03675000,-94.11294444,12,1,0,0,0,3,0
290030,29,MISSOURI,MO,1,1,0,1,35,0,BROOKLYN,20,1,January,2010,4,Wednesday,2,0,0,3,3,123,36.92972222,-90.81069444,19,2,5,0,0,1,0
290031,29,MISSOURI,MO,2,2,0,2,97,0,AXIS,22,1,January,2010,6,Friday,9,38,0,4,3,114,37.20055556,-94.50833333,12,1,0,0,0,1,0
290032,29,MISSOURI,MO,2,2,0,5,189,1050,BONEVILLE,24,1,January,2010,1,Sunday,20,48,1,12,3,0,38.77213889,-90.40322222,12,3,0,0,0,1,1
290033,29,MISSOURI,MO,1,1,0,1,121,0,BON AIR,26,1,January,2010,3,Tuesday,11,8,0,4,3,133,39.88500000,-92.73275000,58,1,0,0,0,1,0
290034,29,MISSOURI,MO,1,1,0,1,69,0,ASHFORD,27,1,January,2010,4,Wednesday,4,30,0,4,3,7,36.31383333,-90.00852778,35,2,0,0,0,1,1
290035,29,MISSOURI,MO,1,1,0,1,117,0,BIRMINGHAM,28,1,January,2010,5,Thursday,2,35,1,2,2,216,39.73594444,-93.74733333,1,2,0,0,0,1,0
290036,29,MISSOURI,MO,1,1,0,1,189,0,BONEVILLE,28,1,January,2010,5,Thursday,6,5,0,16,4,10,38.81237500,-90.21704444,23,3,0,0,0,1,0
290037,29,MISSOURI,MO,1,1,0,1,119,0,BELLAMY,28,1,January,2010,5,Thursday,18,40,0,4,3,78,36.75313889,-94.48888889,58,2,0,0,0,1,1
290038,29,MISSOURI,MO,1,1,0,2,69,0,ASHFORD,29,1,January,2010,6,Friday,11,35,0,3,3,85,36.49097222,-89.97047222,1,1,0,0,0,1,0
290039,29,MISSOURI,MO,1,1,0,4,183,0,FORT STEWART,30,1,January,2010,7,Saturday,7,50,1,11,1,161,38.80588889,-90.81288889,1,1,0,0,0,1,0
290040,29,MISSOURI,MO,1,1,0,2,145,0,BALD KNOB,30,1,January,2010,7,Saturday,17,40,0,6,4,15,36.82638889,-94.43033333,24,1,0,0,0,1,0
290041,29,MISSOURI,MO,2,2,0,3,219,8120,BISHOP,30,1,January,2010,7,Saturday,18,10,1,11,7,77,38.81897222,-91.12647222,12,2,0,0,0,1,0
290042,29,MISSOURI,MO,1,1,1,1,510,7080,BALTIMORE,30,1,January,2010,7,Saturday,23,38,1,11,1,15,38.61299444,-90.30137778,8,3,0,0,0,1,0
290043,29,MISSOURI,MO,1,1,1,1,169,8190,BRADLEY,31,1,January,2010,1,Sunday,22,35,0,14,3,159,37.83433333,-92.19502778,8,2,0,0,0,1,0
290044,29,MISSOURI,MO,1,1,0,1,3,0,BALDWIN,1,2,February,2010,2,Monday,5,50,0,6,4,26,39.98856389,-94.68292222,38,2,0,0,0,1,1
290045,29,MISSOURI,MO,1,1,0,2,159,0,FARRAR,1,2,February,2010,2,Monday,22,0,0,6,4,3,38.52694444,-93.50916667,23,2,0,0,0,1,1
290046,29,MISSOURI,MO,3,3,0,5,159,7210,FARRAR,2,2,February,2010,3,Tuesday,15,29,0,15,6,5,38.70432222,-93.27366111,12,1,0,0,0,1,0
290047,29,MISSOURI,MO,2,2,0,4,183,5880,FORT STEWART,2,2,February,2010,3,Tuesday,18,7,1,11,7,99999,38.71775000,-90.70224167,12,3,0,0,0,1,1
290048,29,MISSOURI,MO,1,1,0,1,77,0,ANDERSON,3,2,February,2010,4,Wednesday,14,18,0,6,4,33,37.09666667,-93.38952778,34,1,0,0,0,1,0
290049,29,MISSOURI,MO,2,2,0,2,189,7665,BONEVILLE,4,2,February,2010,5,Thursday,1,38,1,12,3,63,38.52504167,-90.40035278,12,3,0,0,0,1,1
290050,29,MISSOURI,MO,1,1,0,1,510,7080,BALTIMORE,4,2,February,2010,5,Thursday,2,5,0,14,6,27,38.69028333,-90.23519444,33,3,0,0,0,1,1
290052,29,MISSOURI,MO,2,2,0,2,75,0,BEAVERTON,5,2,February,2010,6,Friday,5,45,0,2,2,129,40.24077778,-94.41275000,12,2,0,0,0,1,0
290053,29,MISSOURI,MO,1,1,0,1,119,0,BELLAMY,5,2,February,2010,6,Friday,20,25,0,4,3,9,36.75222222,-94.60527778,34,2,0,0,0,1,0
290055,29,MISSOURI,MO,1,1,0,1,165,0,HERNDON,7,2,February,2010,1,Sunday,3,50,1,11,1,278,39.18750000,-94.60158333,25,3,0,0,0,1,1
290056,29,MISSOURI,MO,2,2,0,3,165,4120,HERNDON,8,2,February,2010,2,Monday,13,58,1,12,3,16,39.25405833,-94.62998056,12,1,4,0,0,1,0
290057,29,MISSOURI,MO,1,1,0,2,109,0,ANSLEY,8,2,February,2010,2,Monday,20,0,1,1,1,125,37.09527778,-93.80027778,57,3,0,0,0,1,0
290059,29,MISSOURI,MO,2,2,0,2,99,335,BEATRICE,9,2,February,2010,3,Tuesday,0,26,1,11,1,26,38.41723889,-90.38846944,12,3,4,0,0,1,0
290060,29,MISSOURI,MO,2,2,0,2,85,0,BENTON,9,2,February,2010,3,Tuesday,7,45,0,4,3,199,37.85888889,-93.42266667,12,1,0,0,0,1,0
290061,29,MISSOURI,MO,2,2,0,2,91,0,DAYTON,9,2,February,2010,3,Tuesday,7,55,1,2,2,360,36.66986111,-91.72855556,12,1,0,0,0,1,0
290062,29,MISSOURI,MO,1,1,0,2,63,0,BOLIGEE,9,2,February,2010,3,Tuesday,15,9,1,2,2,159,39.76250000,-94.50125000,35,1,0,0,0,1,0
290063,29,MISSOURI,MO,2,2,0,2,73,0,ARGO,10,2,February,2010,4,Wednesday,4,40,0,3,3,208,38.67091667,-91.37519444,12,2,0,0,0,1,0
290064,29,MISSOURI,MO,1,1,0,1,71,0,BRIDGEPORT,11,2,February,2010,5,Thursday,0,30,0,6,4,7,38.54425000,-91.12402778,7,2,0,0,0,1,1
290065,29,MISSOURI,MO,1,1,0,1,9,0,BLOUNT,12,2,February,2010,6,Friday,22,4,0,6,4,6,36.55025000,-93.67652778,42,2,0,0,0,1,0
290066,29,MISSOURI,MO,1,1,0,1,29,0,BORDEN SPRINGS,14,2,February,2010,1,Sunday,2,25,0,5,3,21,38.07166667,-92.69388889,34,2,0,0,0,1,1
290067,29,MISSOURI,MO,1,1,1,4,183,0,FORT STEWART,14,2,February,2010,1,Sunday,20,20,0,4,3,92,38.65619444,-90.77752778,8,2,0,0,0,1,1
290068,29,MISSOURI,MO,2,2,0,3,101,0,BOYLSTON,15,2,February,2010,2,Monday,23,0,1,12,3,146,38.74861111,-93.57611111,53,2,0,0,0,1,1
290069,29,MISSOURI,MO,1,1,0,3,77,7460,ANDERSON,15,2,February,2010,2,Monday,23,37,0,14,6,31,37.18518333,-93.29488333,30,3,0,0,0,3,1
290070,29,MISSOURI,MO,1,1,0,4,99,0,BEATRICE,16,2,February,2010,3,Tuesday,4,50,0,6,4,11,38.03663333,-90.60609444,42,2,0,0,0,1,1
290071,29,MISSOURI,MO,1,1,0,1,95,4490,ALBERTVILLE,16,2,February,2010,3,Tuesday,9,23,1,11,1,70,38.94805556,-94.36333333,1,1,0,0,0,1,0
290072,29,MISSOURI,MO,3,3,0,8,97,0,AXIS,16,2,February,2010,3,Tuesday,18,46,0,14,3,115,37.08500000,-94.56694444,12,3,0,0,0,1,0
290074,29,MISSOURI,MO,2,2,0,6,159,0,FARRAR,19,2,February,2010,6,Friday,18,20,1,2,2,65,38.84161111,-93.21752778,12,2,2,0,0,1,0
290075,29,MISSOURI,MO,2,2,0,3,95,4120,ALBERTVILLE,18,2,February,2010,5,Thursday,12,11,0,14,6,20,39.11997222,-94.50885833,12,1,0,0,0,1,0
290076,29,MISSOURI,MO,1,1,0,1,183,0,FORT STEWART,20,2,February,2010,7,Saturday,2,45,0,15,3,386,38.83727778,-90.46613889,30,2,0,0,0,1,1
290077,29,MISSOURI,MO,1,1,0,1,77,7460,ANDERSON,20,2,February,2010,7,Saturday,5,18,1,12,2,188,37.16736111,-93.22465833,58,3,0,0,0,1,1
290078,29,MISSOURI,MO,3,3,0,5,83,0,ARDMORE,20,2,February,2010,7,Saturday,20,0,0,4,3,14,38.25744444,-94.04744444,12,2,0,0,0,1,1
290079,29,MISSOURI,MO,1,1,0,1,187,0,DAHLONEGA,20,2,February,2010,7,Saturday,22,39,0,6,4,29,37.90483333,-90.51855556,35,2,0,0,0,1,0
290080,29,MISSOURI,MO,3,3,0,7,143,0,CANEHILL,21,2,February,2010,1,Sunday,3,1,1,11,1,99,36.73700000,-89.53800000,12,2,0,0,0,1,1
290081,29,MISSOURI,MO,1,1,0,3,77,7460,ANDERSON,24,2,February,2010,4,Wednesday,0,4,0,16,6,0,37.22519444,-93.30676667,43,8,0,0,0,1,0
290082,29,MISSOURI,MO,4,4,0,7,77,7460,ANDERSON,26,2,February,2010,6,Friday,14,8,1,12,3,139,37.22636389,-93.31177778,12,1,0,0,0,1,0
290083,29,MISSOURI,MO,1,1,0,2,99,335,BEATRICE,27,2,February,2010,7,Saturday,1,39,0,14,6,8,38.43916667,-90.36054722,5,3,0,0,0,1,1
290084,29,MISSOURI,MO,2,2,0,4,27,0,ASHLAND,27,2,February,2010,7,Saturday,4,24,1,2,2,38,38.62500000,-92.19277778,12,2,0,0,0,1,1
290085,29,MISSOURI,MO,2,2,0,2,223,0,BRASWELL,27,2,February,2010,7,Saturday,12,4,1,2,3,292,37.20486111,-90.41800000,12,1,0,0,0,1,0
290086,29,MISSOURI,MO,1,1,0,1,163,0,AVERA,27,2,February,2010,7,Saturday,12,30,0,3,3,257,39.39166667,-90.95438889,35,1,0,0,0,1,0
290087,29,MISSOURI,MO,1,1,0,1,183,0,FORT STEWART,28,2,February,2010,1,Sunday,6,20,0,14,3,23,38.81858333,-90.81161111,1,1,0,0,0,1,1
290088,29,MISSOURI,MO,1,1,0,1,159,0,FARRAR,3,3,March,2010,4,Wednesday,7,45,0,4,3,68,38.62425000,-93.14547222,58,1,0,0,0,1,0
290089,29,MISSOURI,MO,1,1,0,4,55,0,ATTALLA,3,3,March,2010,4,Wednesday,20,30,1,2,1,113,38.10722222,-91.34216667,57,2,0,0,0,1,1
290090,29,MISSOURI,MO,2,2,0,2,101,0,BOYLSTON,4,3,March,2010,5,Thursday,18,50,1,2,2,0,38.86958333,-94.11625000,12,2,0,0,0,1,0
290091,29,MISSOURI,MO,1,1,1,1,510,7080,BALTIMORE,4,3,March,2010,5,Thursday,22,12,0,16,6,12,38.64596667,-90.22725833,8,3,0,0,0,1,0
290092,29,MISSOURI,MO,2,2,0,4,149,0,BELLEVILLE,5,3,March,2010,6,Friday,22,0,0,3,2,182,36.71752778,-91.40863889,12,2,0,0,0,1,0
290093,29,MISSOURI,MO,2,2,0,2,71,0,BRIDGEPORT,6,3,March,2010,7,Saturday,2,20,0,4,3,8,38.29991667,-91.28969444,12,2,0,0,0,1,2
290094,29,MISSOURI,MO,1,1,0,2,133,0,ARLEY,6,3,March,2010,7,Saturday,2,45,0,4,2,170,36.92194444,-89.20655556,34,2,0,0,0,1,1
290095,29,MISSOURI,MO,1,1,0,1,59,0,FRANKLIN,6,3,March,2010,7,Saturday,19,45,0,4,3,108,37.74277778,-92.99333333,32,2,0,0,0,1,0
290096,29,MISSOURI,MO,2,2,0,3,51,0,CENTRAL,6,3,March,2010,7,Saturday,22,15,1,2,2,79,38.50444444,-92.26388889,12,2,0,0,0,1,1
290097,29,MISSOURI,MO,2,2,0,2,119,0,BELLAMY,6,3,March,2010,7,Saturday,23,30,0,6,4,38,36.52444444,-94.21361111,12,2,0,0,0,1,2
290098,29,MISSOURI,MO,1,1,0,5,19,0,CEDAR BLUFF,7,3,March,2010,1,Sunday,14,0,1,2,2,318,39.07413889,-92.32988889,1,1,0,0,0,1,0
290099,29,MISSOURI,MO,2,2,0,2,53,0,ATMORE,8,3,March,2010,2,Monday,6,40,0,3,3,135,38.82927778,-92.61141667,12,1,0,0,0,1,0
290100,29,MISSOURI,MO,1,1,0,1,31,0,COFFEE,9,3,March,2010,3,Tuesday,19,45,0,4,3,66,37.26277778,-89.73994444,42,2,0,0,0,1,0
290101,29,MISSOURI,MO,1,1,0,2,75,0,BEAVERTON,9,3,March,2010,3,Tuesday,21,15,0,4,3,57,40.32850000,-94.51752778,42,2,5,0,0,1,1
290102,29,MISSOURI,MO,2,2,0,3,99,0,BEATRICE,10,3,March,2010,4,Wednesday,11,10,0,3,4,39,38.31277778,-90.57169444,12,1,0,0,0,1,0
290103,29,MISSOURI,MO,3,3,0,3,189,3580,BONEVILLE,10,3,March,2010,4,Wednesday,17,30,1,11,1,237,38.77444444,-90.39611111,12,1,0,0,0,1,0
290104,29,MISSOURI,MO,1,1,0,2,95,4120,ALBERTVILLE,10,3,March,2010,4,Wednesday,18,39,0,16,6,5,38.98761944,-94.59045000,5,3,0,0,0,1,1
290105,29,MISSOURI,MO,1,1,0,1,131,0,ARLINGTON,10,3,March,2010,4,Wednesday,20,10,0,6,4,28,38.16625000,-92.59977778,53,2,0,0,0,1,1
290106,29,MISSOURI,MO,7,7,0,8,47,4120,BROWNS,11,3,March,2010,5,Thursday,16,12,1,12,2,178,39.20298611,-94.58990000,12,1,0,0,0,1,1
290107,29,MISSOURI,MO,1,1,0,1,159,0,FARRAR,11,3,March,2010,5,Thursday,19,6,1,2,2,164,38.74778611,-93.34106111,59,2,0,0,0,1,0
290108,29,MISSOURI,MO,1,1,0,1,51,0,CENTRAL,12,3,March,2010,6,Friday,16,4,1,12,2,54,38.52388889,-92.22750000,1,1,0,0,0,1,0
290109,29,MISSOURI,MO,1,1,1,1,69,0,ASHFORD,12,3,March,2010,6,Friday,19,21,0,3,3,96,36.04638889,-90.13250000,8,2,0,0,0,1,0
290110,29,MISSOURI,MO,2,2,0,3,223,0,BRASWELL,12,3,March,2010,6,Friday,22,5,1,2,2,27,37.29008333,-90.43036111,12,2,0,0,0,2,1
290111,29,MISSOURI,MO,1,1,0,3,510,7080,BALTIMORE,13,3,March,2010,7,Saturday,1,47,0,14,6,30,38.68635278,-90.22031389,46,3,0,0,0,2,1
290112,29,MISSOURI,MO,2,2,0,2,219,8120,BISHOP,14,3,March,2010,1,Sunday,12,13,0,14,3,59,38.84822222,-91.13600000,12,1,0,0,0,1,0
290113,29,MISSOURI,MO,1,1,0,1,95,4120,ALBERTVILLE,7,3,March,2010,1,Sunday,3,47,1,11,1,83,39.05810000,-94.48781667,59,3,0,0,0,1,1
290114,29,MISSOURI,MO,2,2,0,4,189,1970,BONEVILLE,16,3,March,2010,3,Tuesday,5,42,1,12,3,123,38.67120833,-90.43544167,33,3,0,0,0,1,1
290115,29,MISSOURI,MO,2,2,0,4,9,0,BLOUNT,16,3,March,2010,3,Tuesday,20,55,1,2,3,73,36.82663889,-93.92450000,12,2,0,0,0,1,0
290116,29,MISSOURI,MO,1,1,0,1,27,0,ASHLAND,17,3,March,2010,4,Wednesday,18,30,0,6,4,0,38.80155556,-91.77566667,42,1,0,0,0,1,1
290117,29,MISSOURI,MO,2,2,0,3,510,7080,BALTIMORE,17,3,March,2010,4,Wednesday,22,1,0,14,6,36,38.67287222,-90.21717778,12,3,0,0,0,1,0
290118,29,MISSOURI,MO,1,1,0,2,165,6821,HERNDON,18,3,March,2010,5,Thursday,14,25,0,12,2,28,39.15999167,-94.62483333,24,1,0,0,0,1,1
290119,29,MISSOURI,MO,1,1,1,1,77,7460,ANDERSON,18,3,March,2010,5,Thursday,20,26,1,12,1,77,37.21415278,-93.30851667,8,3,0,0,0,1,0
290120,29,MISSOURI,MO,1,1,0,1,127,3470,BURNWELL,19,3,March,2010,6,Friday,4,16,0,14,6,5,39.68766111,-91.38314722,34,2,0,0,0,1,1
290121,29,MISSOURI,MO,2,2,0,2,69,4150,ASHFORD,19,3,March,2010,6,Friday,7,12,0,12,3,30,36.23645833,-90.07366389,12,1,0,0,0,1,0
290122,29,MISSOURI,MO,3,3,0,4,77,0,ANDERSON,19,3,March,2010,6,Friday,20,20,1,12,2,4,37.10066667,-93.50458333,12,2,0,0,0,1,1
290123,29,MISSOURI,MO,1,1,0,1,171,0,ALDORA,20,3,March,2010,7,Saturday,8,17,0,4,3,20,40.38944444,-93.03027778,35,1,0,0,0,1,0
290124,29,MISSOURI,MO,2,2,0,6,83,0,ARDMORE,20,3,March,2010,7,Saturday,15,15,1,2,3,164,38.38975000,-93.81169444,12,1,4,0,0,1,0
290125,29,MISSOURI,MO,1,1,0,1,69,0,ASHFORD,20,3,March,2010,7,Saturday,22,5,0,4,3,11,36.12222222,-90.17744444,59,2,0,0,0,1,1
290127,29,MISSOURI,MO,1,1,0,1,95,4120,ALBERTVILLE,23,3,March,2010,3,Tuesday,7,10,0,13,6,9,38.88250278,-94.58868333,10,1,0,0,0,1,0
290128,29,MISSOURI,MO,3,2,0,4,189,0,BONEVILLE,23,3,March,2010,3,Tuesday,10,30,1,11,1,146,38.51530556,-90.54997222,45,1,0,0,0,1,0
290129,29,MISSOURI,MO,2,2,0,2,183,0,FORT STEWART,23,3,March,2010,3,Tuesday,15,59,0,4,3,24,38.67480556,-90.95075000,12,1,0,0,0,1,1
290130,29,MISSOURI,MO,2,2,0,3,107,0,CARROLLTON,24,3,March,2010,4,Wednesday,14,5,0,4,3,53,39.07777778,-93.88438889,12,1,0,0,0,1,0
290131,29,MISSOURI,MO,4,4,0,6,223,0,BRASWELL,26,3,March,2010,6,Friday,12,50,1,2,2,93,37.19611111,-90.46791667,12,1,0,0,0,1,0
290132,29,MISSOURI,MO,5,5,0,7,95,4120,ALBERTVILLE,27,3,March,2010,7,Saturday,14,45,0,14,6,29,38.99804444,-94.55501389,33,1,0,0,0,1,0
290133,29,MISSOURI,MO,1,1,0,7,99,0,BEATRICE,28,3,March,2010,1,Sunday,7,45,1,11,1,217,38.36625000,-90.38463889,52,1,10,0,0,1,0
290134,29,MISSOURI,MO,1,1,0,1,105,0,MARION,29,3,March,2010,2,Monday,19,50,0,4,3,23,37.73891667,-92.48672222,32,2,0,0,0,1,1
290135,29,MISSOURI,MO,1,1,0,1,161,7050,DENTON,30,3,March,2010,3,Tuesday,10,15,1,1,1,258,37.99363889,-91.63608333,59,1,0,0,0,1,0
290136,29,MISSOURI,MO,3,3,0,4,27,4040,ASHLAND,1,4,April,2010,5,Thursday,5,14,0,14,3,9,38.59762778,-92.15667778,12,3,0,0,0,1,0
290137,29,MISSOURI,MO,1,1,0,1,221,0,ARNOLDSVILLE,1,4,April,2010,5,Thursday,8,40,0,4,3,213,38.00638889,-90.87138889,35,1,0,0,0,1,0
290138,29,MISSOURI,MO,2,2,0,2,510,7080,BALTIMORE,1,4,April,2010,5,Thursday,16,55,0,15,6,4,38.62416667,-90.27570278,12,1,0,0,0,1,0
290139,29,MISSOURI,MO,1,1,0,1,99,0,BEATRICE,1,4,April,2010,5,Thursday,17,50,1,12,3,63,38.49545278,-90.44434444,1,1,0,0,0,1,1
290140,29,MISSOURI,MO,2,2,0,6,15,0,ANNISTON,3,4,April,2010,7,Saturday,19,0,0,4,3,45,38.41016667,-93.16613889,1,1,0,0,0,1,0
290141,29,MISSOURI,MO,1,1,0,1,189,3580,BONEVILLE,4,4,April,2010,1,Sunday,3,9,0,12,4,0,38.78121389,-90.38948889,33,3,0,0,0,1,1
290142,29,MISSOURI,MO,1,1,0,1,215,0,BIBB CITY,4,4,April,2010,1,Sunday,12,45,0,3,3,88,37.54958333,-92.13391667,1,1,0,0,0,1,0
290143,29,MISSOURI,MO,3,3,0,3,189,2700,BONEVILLE,5,4,April,2010,2,Monday,0,37,0,12,3,60,38.76961111,-90.26027778,12,3,0,0,0,1,2
290144,29,MISSOURI,MO,2,2,0,3,185,0,ANAKTUVUK PASS,5,4,April,2010,2,Monday,9,20,1,12,3,115,37.99005556,-93.65186111,12,1,0,0,0,1,0
290145,29,MISSOURI,MO,1,1,0,3,219,0,BISHOP,5,4,April,2010,2,Monday,16,45,0,4,3,34,38.64436111,-91.01627778,42,1,0,0,0,1,0
290146,29,MISSOURI,MO,1,1,0,2,187,0,DAHLONEGA,5,4,April,2010,2,Monday,21,45,0,6,4,14,37.99091667,-90.52963889,58,2,0,0,0,1,1
290147,29,MISSOURI,MO,1,1,0,2,189,0,BONEVILLE,6,4,April,2010,3,Tuesday,12,15,1,11,1,174,38.50291667,-90.59816667,42,1,0,0,0,1,0
290148,29,MISSOURI,MO,1,1,0,2,143,0,CANEHILL,7,4,April,2010,4,Wednesday,0,15,0,15,3,9,36.85671944,-89.53694444,1,2,0,0,0,1,1
290149,29,MISSOURI,MO,1,1,0,1,77,7460,ANDERSON,7,4,April,2010,4,Wednesday,23,15,0,16,6,20,37.19540278,-93.23971389,19,3,0,0,0,1,1
290150,29,MISSOURI,MO,3,3,0,3,99,9997,BEATRICE,25,2,February,2010,5,Thursday,16,35,1,12,3,93,38.41306389,-90.58223333,12,1,0,0,0,1,0
290151,29,MISSOURI,MO,8,8,0,13,189,0,BONEVILLE,12,3,March,2010,6,Friday,18,45,0,13,3,76,38.74858333,-90.25395833,1,3,0,0,0,1,0
290152,29,MISSOURI,MO,1,1,1,1,189,0,BONEVILLE,12,3,March,2010,6,Friday,21,40,0,13,3,69,38.70088611,-90.33207222,8,3,0,0,0,1,0
290153,29,MISSOURI,MO,1,1,0,4,510,7080,BALTIMORE,23,3,March,2010,3,Tuesday,20,52,0,16,6,2,38.71611389,-90.24695556,30,3,0,0,0,1,0
290154,29,MISSOURI,MO,4,4,0,6,510,7080,BALTIMORE,24,3,March,2010,4,Wednesday,10,6,0,13,6,72,38.59578611,-90.27099167,12,1,0,0,0,1,0
290155,29,MISSOURI,MO,1,1,0,2,183,0,FORT STEWART,26,3,March,2010,6,Friday,18,30,0,4,3,54,38.77758333,-90.87216667,59,1,0,0,0,1,0
290156,29,MISSOURI,MO,1,1,0,3,95,3940,ALBERTVILLE,27,3,March,2010,7,Saturday,1,54,0,14,6,5,39.13034167,-94.41578611,43,3,0,0,0,1,1
290157,29,MISSOURI,MO,2,2,0,2,95,4120,ALBERTVILLE,4,4,April,2010,1,Sunday,19,57,1,12,2,76,38.94045833,-94.53623333,12,2,0,0,0,1,0
290158,29,MISSOURI,MO,2,2,0,2,199,5100,ALVATON,8,4,April,2010,5,Thursday,5,0,0,3,2,99,40.45525000,-92.17961111,12,2,0,0,0,1,0
290159,29,MISSOURI,MO,2,2,0,2,510,7080,BALTIMORE,9,4,April,2010,6,Friday,3,19,0,13,3,36,38.59226111,-90.24444722,12,3,0,0,0,1,1
290161,29,MISSOURI,MO,2,2,0,2,510,7080,BALTIMORE,9,4,April,2010,6,Friday,18,35,0,14,3,59,38.61971667,-90.20657500,12,1,0,0,0,1,1
290162,29,MISSOURI,MO,1,1,0,1,79,0,COURTLAND,10,4,April,2010,7,Saturday,9,0,0,2,3,2,40.02813889,-93.73605556,35,1,0,0,0,1,0
290163,29,MISSOURI,MO,1,1,0,1,7,0,BIBB,10,4,April,2010,7,Saturday,9,15,0,6,4,31,39.33943333,-92.26509167,34,1,0,0,0,1,0
290164,29,MISSOURI,MO,1,1,0,1,9,0,BLOUNT,10,4,April,2010,7,Saturday,19,18,0,3,3,1,36.78880556,-94.00258333,34,1,0,0,0,1,1
290165,29,MISSOURI,MO,1,1,0,1,43,5730,BAILEYTON,16,2,February,2010,3,Tuesday,10,37,0,16,6,31,37.05040000,-93.29445556,53,1,0,0,0,1,0
290166,29,MISSOURI,MO,2,2,0,2,510,7080,BALTIMORE,21,3,March,2010,1,Sunday,5,59,1,11,1,58,38.56413333,-90.24325556,12,3,0,0,0,1,0
290167,29,MISSOURI,MO,2,2,0,4,189,2690,BONEVILLE,29,3,March,2010,2,Monday,22,47,1,12,3,143,38.50741389,-90.44362778,12,3,0,0,0,1,0
290168,29,MISSOURI,MO,1,1,0,5,95,4120,ALBERTVILLE,4,4,April,2010,1,Sunday,3,23,0,16,6,8,39.00485278,-94.55301944,42,3,0,0,0,3,1