ST_CASE,STATE,State Name,State Abbreviation,# of Vehicle involved,VE_FORMS,Pedestrains,Total_Persons_in_accident,COUNTY,CITY,City_County_Name,Calendar_DAY,MONTH,Month_name,YEAR,DAY_WEEK,Day_Week_desc,HOUR,MINUTE,NHS_Desc,trafficway,Route,MILEPT,LATITUDE,LONGITUD,First_Crash_event,Light_cond_desc,Weather_condition,School_bus_involved,Crash_cause,FATALS,DRUNK_DR
290478,29,MISSOURI,MO,2,2,0,4,145,7240,BALD KNOB,29,8,August,2010,1,Sunday,10,55,0,2,2,4,36.82442778,-94.61057222,12,1,0,0,0,1,0
290479,29,MISSOURI,MO,1,1,1,2,77,7460,ANDERSON,29,8,August,2010,1,Sunday,16,58,0,12,6,31,37.16003889,-93.30806667,8,1,0,0,0,1,0
290480,29,MISSOURI,MO,1,1,0,1,183,7010,FORT STEWART,29,8,August,2010,1,Sunday,23,57,0,14,6,32,38.77209444,-90.52658056,1,2,0,0,0,1,1
290481,29,MISSOURI,MO,1,1,0,1,35,0,BROOKLYN,30,8,August,2010,2,Monday,20,20,1,2,2,50,36.95208333,-91.13880556,1,2,0,0,0,1,0
290482,29,MISSOURI,MO,2,2,0,3,186,0,BLOOMSDALE,31,8,August,2010,3,Tuesday,13,0,1,1,1,241,38.07536111,-90.29347222,12,1,0,0,0,1,0
290483,29,MISSOURI,MO,2,2,0,2,169,2855,BRADLEY,20,1,January,2010,4,Wednesday,6,20,0,4,6,16,37.79236111,-92.18977778,12,2,0,0,0,1,0
290484,29,MISSOURI,MO,2,2,0,3,9,0,BLOUNT,1,9,September,2010,4,Wednesday,18,6,0,4,3,26,36.57188889,-93.80069444,12,1,2,0,0,1,0
290485,29,MISSOURI,MO,1,1,0,1,229,0,BLACKSHEAR,3,9,September,2010,6,Friday,8,35,1,2,2,229,37.11111111,-92.65000000,58,1,0,0,0,1,0
290486,29,MISSOURI,MO,1,1,0,1,65,0,CYPRESS,3,9,September,2010,6,Friday,9,45,0,4,3,68,37.69361111,-91.74241667,1,1,0,0,0,1,0
290487,29,MISSOURI,MO,2,2,0,6,155,0,IRWIN,3,9,September,2010,6,Friday,15,50,0,3,3,0,36.08883333,-89.95952778,12,1,0,0,0,3,0
290488,29,MISSOURI,MO,1,1,0,1,47,0,BROWNS,3,9,September,2010,6,Friday,22,12,0,6,4,0,39.24388889,-94.35277778,42,2,0,0,0,1,1
290489,29,MISSOURI,MO,1,1,1,1,510,7080,BALTIMORE,4,9,September,2010,7,Saturday,13,55,1,11,1,59,38.56269167,-90.24694444,8,1,0,0,0,1,0
290490,29,MISSOURI,MO,1,1,0,1,71,0,BRIDGEPORT,5,9,September,2010,1,Sunday,23,45,0,6,4,97,38.34577778,-91.32775000,1,2,0,0,0,1,1
290491,29,MISSOURI,MO,1,1,0,3,59,0,FRANKLIN,6,9,September,2010,2,Monday,1,30,1,2,2,151,37.69530556,-93.10294444,59,2,0,0,0,1,1
290492,29,MISSOURI,MO,1,1,0,2,195,0,CARLTON,6,9,September,2010,2,Monday,6,0,1,1,1,154,38.97397222,-93.33519444,18,2,0,0,0,1,0
290493,29,MISSOURI,MO,1,1,0,1,225,0,BYRON,6,9,September,2010,2,Monday,7,30,0,6,4,5,37.18305556,-92.87752778,42,1,0,0,0,1,1
290494,29,MISSOURI,MO,1,1,0,3,209,0,AILEY,6,9,September,2010,2,Monday,8,25,0,4,3,1,36.57050000,-93.58216667,35,1,0,0,0,1,1
290495,29,MISSOURI,MO,1,1,2,0,207,0,BOLINGBROKE,6,9,September,2010,2,Monday,11,45,1,2,2,207,36.82722222,-89.83361111,8,1,0,0,0,1,0
290496,29,MISSOURI,MO,2,2,0,7,213,0,CARTERS,6,9,September,2010,2,Monday,18,35,1,2,2,217,36.79188889,-93.22511111,12,1,0,0,0,1,0
290497,29,MISSOURI,MO,1,1,0,1,23,0,BLADON SPRINGS,7,9,September,2010,3,Tuesday,7,35,0,4,3,113,36.78308333,-90.49088889,42,1,0,0,0,1,0
290498,29,MISSOURI,MO,1,1,0,1,143,0,CANEHILL,7,9,September,2010,3,Tuesday,7,55,0,6,4,7,36.74500000,-89.58350000,1,1,0,0,0,1,1
290499,29,MISSOURI,MO,1,1,0,1,59,0,FRANKLIN,7,9,September,2010,3,Tuesday,15,15,0,5,3,141,37.65511111,-93.02736111,35,1,0,0,0,1,1
290500,29,MISSOURI,MO,2,2,0,2,117,1590,BIRMINGHAM,7,9,September,2010,3,Tuesday,13,10,1,12,2,93,39.77352778,-93.53868056,12,1,0,0,0,1,0
290501,29,MISSOURI,MO,1,1,0,1,169,0,BRADLEY,7,9,September,2010,3,Tuesday,16,28,0,4,3,201,37.89327778,-92.38150000,42,1,0,0,0,1,0
290502,29,MISSOURI,MO,1,1,0,1,219,0,BISHOP,8,9,September,2010,4,Wednesday,99,99,0,3,3,302,38.59552778,-90.98636111,58,1,0,0,0,1,0
290503,29,MISSOURI,MO,1,1,1,1,77,7460,ANDERSON,8,9,September,2010,4,Wednesday,4,56,1,12,2,6,37.10350278,-93.23250556,8,2,0,0,0,1,0
290504,29,MISSOURI,MO,1,1,0,1,215,0,BIBB CITY,9,9,September,2010,5,Thursday,9,34,0,3,3,481,37.24544444,-91.78102778,1,1,2,0,0,1,0
290505,29,MISSOURI,MO,1,1,0,3,189,0,BONEVILLE,9,9,September,2010,5,Thursday,23,38,1,11,1,104,38.75066667,-90.44466667,35,3,0,0,0,1,0
290506,29,MISSOURI,MO,1,1,0,1,157,0,ARCADE,6,6,June,2010,1,Sunday,13,35,0,4,3,9,37.67638889,-89.88111111,1,1,0,0,0,1,0
290507,29,MISSOURI,MO,2,2,0,2,189,0,BONEVILLE,7,6,June,2010,2,Monday,12,37,0,6,4,22,38.48221667,-90.29918889,12,1,0,0,0,1,0
290508,29,MISSOURI,MO,2,2,0,6,159,7210,FARRAR,2,9,September,2010,5,Thursday,14,43,0,14,6,12,38.70243333,-93.22851111,12,1,0,0,0,1,0
290509,29,MISSOURI,MO,2,2,0,2,47,5430,BROWNS,10,9,September,2010,6,Friday,7,45,0,12,2,211,39.32250000,-94.29083333,12,1,5,0,0,1,0
290510,29,MISSOURI,MO,1,1,0,2,151,0,FLIPPEN,10,9,September,2010,6,Friday,7,45,0,4,3,241,38.44052778,-91.83536111,32,1,0,0,0,1,1
290511,29,MISSOURI,MO,3,3,0,6,71,0,BRIDGEPORT,10,9,September,2010,6,Friday,14,30,1,2,2,121,38.42008333,-91.17302778,12,1,0,0,0,1,0
290512,29,MISSOURI,MO,1,1,0,2,137,0,ALCO,11,9,September,2010,7,Saturday,4,45,0,2,2,10,39.47125000,-92.28527778,1,2,0,0,0,1,1
290514,29,MISSOURI,MO,2,2,0,2,510,7080,BALTIMORE,11,9,September,2010,7,Saturday,22,46,0,12,6,18,38.74523333,-90.19913611,12,2,0,0,0,1,0
290515,29,MISSOURI,MO,1,1,0,3,155,0,IRWIN,11,9,September,2010,7,Saturday,23,40,0,4,3,81,36.03088889,-89.95919444,34,2,0,0,0,1,1
290516,29,MISSOURI,MO,1,1,0,1,19,0,CEDAR BLUFF,12,9,September,2010,1,Sunday,2,34,0,4,3,58,39.12891667,-92.39894444,43,2,0,0,0,1,1
290517,29,MISSOURI,MO,1,1,0,1,95,3940,ALBERTVILLE,12,9,September,2010,1,Sunday,3,33,0,14,6,47,39.04815556,-94.36384722,33,3,0,0,0,1,1
290518,29,MISSOURI,MO,1,1,0,2,223,0,BRASWELL,12,9,September,2010,1,Sunday,20,10,1,2,2,123,37.15483333,-90.46583333,32,2,0,0,0,1,0
290519,29,MISSOURI,MO,1,1,0,1,219,0,BISHOP,12,9,September,2010,1,Sunday,22,20,0,6,4,52,38.82266667,-90.97016667,32,2,0,0,0,1,1
290520,29,MISSOURI,MO,1,1,0,1,221,0,ARNOLDSVILLE,13,9,September,2010,2,Monday,11,10,1,2,3,165,37.93888889,-90.81694444,1,1,0,0,0,1,0
290521,29,MISSOURI,MO,1,1,0,2,19,1800,CEDAR BLUFF,9,8,August,2010,2,Monday,5,0,0,15,6,0,38.90760278,-92.32572778,33,7,0,0,0,1,1
290522,29,MISSOURI,MO,1,1,0,1,209,0,AILEY,14,9,September,2010,3,Tuesday,7,50,0,3,3,157,36.53636111,-93.38241667,34,1,0,0,0,1,0
290523,29,MISSOURI,MO,1,1,0,1,137,0,ALCO,14,9,September,2010,3,Tuesday,8,55,0,4,3,3,39.61519444,-92.02947222,34,1,0,0,0,1,0
290524,29,MISSOURI,MO,2,2,0,2,95,4120,ALBERTVILLE,14,9,September,2010,3,Tuesday,10,20,0,14,6,3,39.06939722,-94.58999722,12,1,0,0,0,1,0
290525,29,MISSOURI,MO,1,1,0,1,71,0,BRIDGEPORT,16,9,September,2010,5,Thursday,16,30,1,1,1,185,38.40194444,-90.92777778,35,1,0,0,0,1,0
290526,29,MISSOURI,MO,1,1,0,1,77,0,ANDERSON,16,9,September,2010,5,Thursday,17,50,0,6,4,46,37.34980556,-93.21702778,53,1,0,0,0,1,0
290527,29,MISSOURI,MO,1,1,1,1,189,4887,BONEVILLE,26,8,August,2010,5,Thursday,6,49,0,12,4,19,38.56778056,-90.49018056,8,1,0,0,0,1,0
290528,29,MISSOURI,MO,1,1,0,2,165,0,HERNDON,31,8,August,2010,3,Tuesday,9,44,0,4,3,2,39.49780833,-94.80496667,31,1,0,0,0,1,0
290529,29,MISSOURI,MO,1,1,0,4,189,3580,BONEVILLE,31,8,August,2010,3,Tuesday,13,22,1,11,1,269,38.77499167,-90.33515833,33,1,0,0,0,1,0
290530,29,MISSOURI,MO,3,2,0,4,47,4570,BROWNS,5,9,September,2010,1,Sunday,0,17,0,16,6,2,39.25006944,-94.41758056,12,3,0,0,0,1,1
290532,29,MISSOURI,MO,2,2,0,6,183,7010,FORT STEWART,17,9,September,2010,6,Friday,21,45,0,14,6,4,38.82763611,-90.51837778,12,3,0,0,0,1,1
290533,29,MISSOURI,MO,2,2,0,3,107,0,CARROLLTON,18,9,September,2010,7,Saturday,4,45,0,4,3,63,39.04527778,-93.97583333,12,2,0,0,0,1,1
290534,29,MISSOURI,MO,2,2,0,3,91,8330,DAYTON,18,9,September,2010,7,Saturday,12,32,1,12,2,215,36.78740833,-91.89396111,12,1,0,0,0,1,0
290535,29,MISSOURI,MO,2,2,0,3,97,350,AXIS,18,9,September,2010,7,Saturday,12,39,1,2,3,45,37.27275000,-94.60116667,12,1,0,0,0,1,0
290536,29,MISSOURI,MO,1,1,0,1,99,0,BEATRICE,18,9,September,2010,7,Saturday,16,57,0,14,4,14,38.39083333,-90.41222222,43,1,0,0,0,1,0
290537,29,MISSOURI,MO,2,2,0,4,127,3470,BURNWELL,18,9,September,2010,7,Saturday,19,15,0,12,2,226,39.70531111,-91.38866389,12,3,2,0,0,1,0
290538,29,MISSOURI,MO,1,1,0,1,201,7310,ANNETTE,18,9,September,2010,7,Saturday,21,54,0,15,3,34,36.91940556,-89.62780278,1,2,0,0,0,1,1
290539,29,MISSOURI,MO,2,2,0,4,109,0,ANSLEY,19,9,September,2010,1,Sunday,2,0,1,1,1,3,37.18694444,-93.61305556,12,2,0,0,0,1,1
290540,29,MISSOURI,MO,1,1,0,2,95,4120,ALBERTVILLE,19,9,September,2010,1,Sunday,3,7,0,14,6,19,39.08017500,-94.59196944,58,3,0,0,0,1,1
290541,29,MISSOURI,MO,2,2,0,2,109,0,ANSLEY,20,9,September,2010,2,Monday,10,0,0,14,3,61,37.00567222,-93.71702500,12,1,0,0,0,1,0
290542,29,MISSOURI,MO,1,1,0,1,71,0,BRIDGEPORT,20,9,September,2010,2,Monday,10,30,1,11,1,39,38.25027778,-91.13425000,18,1,0,0,0,1,0
290543,29,MISSOURI,MO,1,1,0,1,109,420,ANSLEY,20,9,September,2010,2,Monday,13,42,0,14,6,61,36.97065833,-93.71654444,43,1,0,0,0,1,0
290544,29,MISSOURI,MO,3,3,0,3,23,0,BLADON SPRINGS,20,9,September,2010,2,Monday,16,10,1,2,2,207,36.67205556,-90.50197222,12,1,0,0,0,1,0
290545,29,MISSOURI,MO,1,1,0,1,215,0,BIBB CITY,20,9,September,2010,2,Monday,20,45,0,3,3,95,37.53980556,-92.12711111,31,2,0,0,0,1,0
290546,29,MISSOURI,MO,1,1,1,1,161,7050,DENTON,20,9,September,2010,2,Monday,21,26,1,1,1,268,38.00622222,-91.61658333,8,2,0,0,0,1,0
290547,29,MISSOURI,MO,1,1,1,1,21,0,CHILTON,21,9,September,2010,3,Tuesday,7,39,0,5,3,60,39.60163889,-94.60447222,8,1,0,0,0,1,0
290548,29,MISSOURI,MO,1,1,0,1,213,0,CARTERS,21,9,September,2010,3,Tuesday,19,40,0,6,4,8,36.68363889,-93.21463889,53,2,0,0,0,1,1
290549,29,MISSOURI,MO,1,1,1,2,127,3470,BURNWELL,21,9,September,2010,3,Tuesday,20,8,0,16,6,11,39.71401111,-91.40056389,8,3,2,0,0,1,0
290550,29,MISSOURI,MO,1,1,0,6,105,0,MARION,21,9,September,2010,3,Tuesday,21,43,1,1,1,106,37.73950000,-92.59161111,59,2,0,0,0,1,0
290551,29,MISSOURI,MO,2,2,0,2,187,2670,DAHLONEGA,20,5,May,2010,5,Thursday,5,40,0,14,6,2,37.77089722,-90.44770278,12,1,0,0,0,1,1
290552,29,MISSOURI,MO,1,1,0,1,189,0,BONEVILLE,1,7,July,2010,5,Thursday,12,10,0,6,8,3,38.52608056,-90.35953611,33,1,0,0,0,1,0
290553,29,MISSOURI,MO,1,1,0,1,223,6260,BRASWELL,30,7,July,2010,6,Friday,16,49,0,2,3,118,37.16050556,-90.69047222,30,1,0,0,0,1,0
290554,29,MISSOURI,MO,1,1,0,5,97,0,AXIS,20,8,August,2010,6,Friday,17,30,1,2,2,107,37.20608333,-94.30700000,5,1,0,0,0,1,0
290555,29,MISSOURI,MO,1,1,0,1,187,2190,DAHLONEGA,27,8,August,2010,6,Friday,17,50,1,12,2,194,37.88063889,-90.50962778,43,1,0,0,0,1,1
290556,29,MISSOURI,MO,1,1,1,1,95,3280,ALBERTVILLE,19,9,September,2010,1,Sunday,13,20,0,16,6,3,38.84736944,-94.52321667,8,1,0,0,0,1,0
290557,29,MISSOURI,MO,1,1,0,1,95,0,ALBERTVILLE,19,9,September,2010,1,Sunday,18,29,0,6,6,39,38.89870278,-94.21847500,1,1,0,0,0,1,0
290558,29,MISSOURI,MO,2,2,0,3,141,0,BEE BRANCH,22,9,September,2010,4,Wednesday,13,1,0,3,3,70,38.43500000,-92.94652778,12,1,0,0,0,2,0
290559,29,MISSOURI,MO,2,2,0,3,21,7070,CHILTON,23,9,September,2010,5,Thursday,10,27,1,12,6,41,39.76968056,-94.80360556,12,1,0,0,0,1,0
290560,29,MISSOURI,MO,1,1,0,1,189,0,BONEVILLE,23,9,September,2010,5,Thursday,11,11,0,12,4,55,38.77381944,-90.27075000,30,1,0,0,0,1,0
290561,29,MISSOURI,MO,1,1,0,3,93,0,BEAR CREEK,24,9,September,2010,6,Friday,10,0,0,3,3,21,37.62797222,-90.62255556,38,1,0,0,0,1,0
290562,29,MISSOURI,MO,1,1,0,1,71,0,BRIDGEPORT,24,9,September,2010,6,Friday,15,18,0,3,3,78,38.31261111,-90.86580556,1,1,0,0,0,1,0
290563,29,MISSOURI,MO,3,3,0,3,49,0,COLLINSVILLE,24,9,September,2010,6,Friday,19,42,1,1,1,205,39.46350000,-94.31875000,12,2,0,0,0,1,0
290564,29,MISSOURI,MO,1,1,0,1,35,0,BROOKLYN,24,9,September,2010,6,Friday,23,45,1,2,2,202,37.02813889,-90.92063889,1,2,0,0,0,1,0
290565,29,MISSOURI,MO,1,1,0,1,209,0,AILEY,25,9,September,2010,7,Saturday,16,20,0,5,3,25,36.90294444,-93.48963889,1,1,0,0,0,1,0
290566,29,MISSOURI,MO,1,1,0,1,43,0,BAILEYTON,26,9,September,2010,1,Sunday,12,20,1,2,2,71,36.92452778,-93.23713889,35,1,0,0,0,1,0
290567,29,MISSOURI,MO,2,2,0,8,97,4100,AXIS,26,9,September,2010,1,Sunday,14,57,0,16,6,39,37.08704444,-94.47913889,12,1,0,0,0,2,0
290568,29,MISSOURI,MO,1,1,1,1,71,7630,BRIDGEPORT,26,9,September,2010,1,Sunday,15,5,0,16,6,3,38.21191944,-91.16177500,8,1,0,0,0,1,0
290569,29,MISSOURI,MO,1,1,0,1,31,3980,COFFEE,26,9,September,2010,1,Sunday,16,39,0,14,2,146,37.40861389,-89.65354444,38,1,0,0,0,1,0
290570,29,MISSOURI,MO,3,3,0,5,95,4120,ALBERTVILLE,27,9,September,2010,2,Monday,14,47,0,12,6,7,39.08390556,-94.53837500,12,1,0,0,0,1,0
290571,29,MISSOURI,MO,2,2,0,6,85,0,BENTON,27,9,September,2010,2,Monday,18,20,0,4,3,28,37.90516667,-93.23205556,12,1,0,0,0,1,0
290572,29,MISSOURI,MO,1,1,1,1,95,4120,ALBERTVILLE,27,9,September,2010,2,Monday,19,56,1,11,1,111,39.04706111,-94.44269444,8,2,0,0,0,1,0
290573,29,MISSOURI,MO,1,1,0,3,213,980,CARTERS,27,9,September,2010,2,Monday,21,0,0,16,6,0,36.69075000,-93.25038889,35,3,0,0,0,2,1
290574,29,MISSOURI,MO,1,1,0,2,149,0,BELLEVILLE,28,9,September,2010,3,Tuesday,6,30,0,4,3,85,36.77977778,-91.53094444,35,1,0,0,0,1,0
290575,29,MISSOURI,MO,1,1,0,2,183,7010,FORT STEWART,30,9,September,2010,5,Thursday,21,2,0,6,4,9,38.89815000,-90.49140833,35,2,0,0,0,2,1
290576,29,MISSOURI,MO,1,1,0,1,213,0,CARTERS,29,6,June,2010,3,Tuesday,15,49,0,4,3,264,36.52188889,-92.85719444,35,1,0,0,0,1,0
290577,29,MISSOURI,MO,1,1,0,1,37,0,BRADFORD,16,7,July,2010,6,Friday,16,0,0,14,3,36,38.79444444,-94.58694444,41,1,0,0,0,1,0
290579,29,MISSOURI,MO,1,1,0,1,510,7080,BALTIMORE,1,10,October,2010,6,Friday,2,45,0,16,6,9,38.65441111,-90.19290556,24,3,0,0,0,1,1
290580,29,MISSOURI,MO,2,1,0,3,95,4120,ALBERTVILLE,1,10,October,2010,6,Friday,7,47,0,13,6,35,39.06950000,-94.54284444,14,1,0,0,0,1,0
290581,29,MISSOURI,MO,1,1,0,2,213,0,CARTERS,1,10,October,2010,6,Friday,8,10,1,2,2,193,36.75933333,-93.22236111,1,1,0,0,0,1,0
290582,29,MISSOURI,MO,1,1,1,1,31,0,COFFEE,1,10,October,2010,6,Friday,17,53,0,6,8,2,37.43961111,-89.64777778,8,1,0,0,0,1,0
290583,29,MISSOURI,MO,1,1,0,2,37,0,BRADFORD,1,10,October,2010,6,Friday,22,38,1,12,2,262,38.79472222,-94.49750000,34,2,0,0,0,1,0
290584,29,MISSOURI,MO,2,2,0,2,95,840,ALBERTVILLE,2,10,October,2010,7,Saturday,0,20,0,12,2,199,39.00908611,-94.30980278,12,8,0,0,0,1,1
290585,29,MISSOURI,MO,1,1,0,1,55,7510,ATTALLA,2,10,October,2010,7,Saturday,5,10,0,16,6,31,37.98038889,-91.35555556,53,2,0,0,0,1,1
290586,29,MISSOURI,MO,1,1,1,1,510,7080,BALTIMORE,2,10,October,2010,7,Saturday,22,30,0,12,6,28,38.58873611,-90.25758333,9,3,0,0,0,1,1
290587,29,MISSOURI,MO,1,1,0,1,209,0,AILEY,3,10,October,2010,1,Sunday,2,0,0,6,4,33,36.67644444,-93.47411111,1,2,0,0,0,1,1
290588,29,MISSOURI,MO,1,1,0,1,95,4120,ALBERTVILLE,4,10,October,2010,2,Monday,11,37,0,14,6,78,38.90342500,-94.57676111,42,1,0,0,0,1,1
290589,29,MISSOURI,MO,1,1,1,2,97,0,AXIS,4,10,October,2010,2,Monday,15,50,0,14,3,29,37.08491667,-94.56694444,9,1,0,0,0,1,0
290590,29,MISSOURI,MO,3,3,0,5,47,0,BROWNS,7,10,October,2010,5,Thursday,13,43,1,12,3,114,39.36777778,-94.38861111,12,1,0,0,0,1,0
290591,29,MISSOURI,MO,2,2,0,2,165,4120,HERNDON,7,10,October,2010,5,Thursday,22,14,0,14,6,27,39.31101667,-94.62119722,12,2,0,0,0,1,0
290592,29,MISSOURI,MO,2,2,0,3,225,0,BYRON,8,10,October,2010,6,Friday,2,16,1,1,1,28,37.27666667,-93.04494444,12,2,0,0,0,1,1
290593,29,MISSOURI,MO,2,2,0,4,229,0,BLACKSHEAR,8,10,October,2010,6,Friday,15,15,0,3,3,185,37.26483333,-92.51938889,12,1,0,0,0,1,0
290594,29,MISSOURI,MO,3,3,0,5,189,7760,BONEVILLE,8,10,October,2010,6,Friday,15,50,1,11,1,125,38.63247222,-90.45016667,12,1,0,0,0,1,0
290595,29,MISSOURI,MO,2,2,0,2,217,0,COVINGTON,8,10,October,2010,6,Friday,18,30,1,2,2,8,37.84283333,-94.60161111,12,1,0,0,0,1,1
290596,29,MISSOURI,MO,2,2,0,2,43,6020,BAILEYTON,8,10,October,2010,6,Friday,18,47,1,12,6,237,37.02309444,-93.23261944,12,1,0,0,0,1,0
290597,29,MISSOURI,MO,1,1,0,1,95,0,ALBERTVILLE,8,10,October,2010,6,Friday,22,30,0,6,6,24,38.87553056,-94.28536667,43,2,0,0,0,1,1
290598,29,MISSOURI,MO,1,1,0,1,47,4120,BROWNS,8,10,October,2010,6,Friday,23,15,0,16,6,25,39.16068611,-94.58199722,35,3,0,0,0,1,1
290599,29,MISSOURI,MO,1,1,0,1,23,0,BLADON SPRINGS,9,10,October,2010,7,Saturday,1,5,0,6,4,60,36.70100000,-90.54669444,58,2,0,0,0,1,1
290600,29,MISSOURI,MO,1,1,0,2,89,0,BROWNSBORO,9,10,October,2010,7,Saturday,2,1,0,4,3,53,39.09086111,-92.60386111,34,2,0,0,0,1,1
290601,29,MISSOURI,MO,2,2,0,4,510,7080,BALTIMORE,13,8,August,2010,6,Friday,22,40,0,13,6,24,38.59773611,-90.29260278,12,3,0,0,0,1,1
290602,29,MISSOURI,MO,1,1,0,1,187,0,DAHLONEGA,9,9,September,2010,5,Thursday,12,25,0,14,3,8,37.76750000,-90.45727778,32,1,10,0,0,1,0
290603,29,MISSOURI,MO,2,1,0,2,510,7080,BALTIMORE,9,10,October,2010,7,Saturday,18,0,0,13,6,12,38.58855000,-90.22331111,33,1,0,0,0,1,1
290604,29,MISSOURI,MO,1,1,0,1,119,0,BELLAMY,9,10,October,2010,7,Saturday,21,20,0,6,4,14,36.62502778,-94.25377778,42,2,0,0,0,1,1
290605,29,MISSOURI,MO,1,1,0,6,155,0,IRWIN,10,10,October,2010,1,Sunday,8,19,1,1,1,24,36.03219444,-89.86513889,32,1,0,0,0,3,0
290606,29,MISSOURI,MO,2,2,0,3,43,0,BAILEYTON,10,10,October,2010,1,Sunday,11,0,0,2,2,179,36.85088889,-93.31938889,12,1,0,0,0,2,0
290607,29,MISSOURI,MO,3,3,0,3,189,0,BONEVILLE,10,10,October,2010,1,Sunday,14,45,0,12,3,99,38.41933333,-90.34744167,12,1,0,0,0,1,0
290608,29,MISSOURI,MO,1,1,0,2,213,0,CARTERS,10,10,October,2010,1,Sunday,15,30,0,14,3,16,36.71213889,-93.19758333,34,1,0,0,0,1,1
290609,29,MISSOURI,MO,2,2,0,5,71,0,BRIDGEPORT,10,10,October,2010,1,Sunday,15,35,0,4,3,25,38.41944444,-90.78222222,12,1,0,0,0,1,0
290610,29,MISSOURI,MO,3,3,0,8,189,0,BONEVILLE,10,10,October,2010,1,Sunday,16,58,1,11,1,141,38.52194444,-90.54555556,12,1,0,0,0,2,0
290611,29,MISSOURI,MO,1,1,0,1,121,0,BON AIR,11,10,October,2010,2,Monday,20,25,0,4,3,127,39.87716667,-92.62719444,1,2,0,0,0,1,0
290612,29,MISSOURI,MO,1,1,0,2,137,0,ALCO,11,10,October,2010,2,Monday,22,0,0,6,4,10,39.64361111,-91.78361111,58,2,0,0,0,2,1
290613,29,MISSOURI,MO,1,1,0,1,183,7010,FORT STEWART,12,10,October,2010,3,Tuesday,8,22,1,11,1,257,38.77083333,-90.50055556,21,1,0,0,0,1,0
290614,29,MISSOURI,MO,1,1,0,1,95,4120,ALBERTVILLE,13,10,October,2010,4,Wednesday,20,30,1,11,1,0,39.07615000,-94.60647778,25,3,0,0,0,1,0
290615,29,MISSOURI,MO,2,2,0,3,117,0,BIRMINGHAM,14,10,October,2010,5,Thursday,12,45,1,2,2,63,39.77638889,-93.48194444,12,1,0,0,0,1,0
290616,29,MISSOURI,MO,2,2,0,4,63,1350,BOLIGEE,14,10,October,2010,5,Thursday,21,9,1,12,2,25,39.75395000,-94.25225556,12,3,0,0,0,1,0
290617,29,MISSOURI,MO,1,1,0,1,69,0,ASHFORD,15,10,October,2010,6,Friday,5,10,0,4,3,33,36.09030556,-90.15619444,32,2,0,0,0,1,0
290618,29,MISSOURI,MO,2,2,0,2,77,7460,ANDERSON,16,10,October,2010,7,Saturday,21,35,1,12,6,155,37.20431944,-93.31300000,12,3,0,0,0,1,1
290619,29,MISSOURI,MO,1,1,0,1,95,3940,ALBERTVILLE,16,10,October,2010,7,Saturday,11,31,0,14,6,128,39.09121111,-94.34200833,30,1,0,0,0,1,1
290620,29,MISSOURI,MO,1,1,0,1,23,0,BLADON SPRINGS,16,10,October,2010,7,Saturday,15,15,0,6,4,29,36.70788889,-90.43802778,10,1,0,0,0,1,0
290621,29,MISSOURI,MO,2,2,0,3,95,3940,ALBERTVILLE,16,10,October,2010,7,Saturday,17,38,1,12,2,86,39.13828333,-94.26272222,12,1,0,0,0,1,0
290622,29,MISSOURI,MO,1,1,0,1,101,0,BOYLSTON,17,10,October,2010,1,Sunday,23,39,0,6,4,31,38.72808333,-94.06852778,35,2,0,0,0,1,1
290623,29,MISSOURI,MO,2,2,0,2,187,0,DAHLONEGA,17,10,October,2010,1,Sunday,16,20,0,4,3,42,37.85141667,-90.42300000,12,1,0,0,0,1,1
290624,29,MISSOURI,MO,1,1,0,1,77,0,ANDERSON,18,10,October,2010,2,Monday,2,25,1,1,1,191,37.20477778,-93.40252778,11,2,0,0,0,1,0
290625,29,MISSOURI,MO,1,1,0,5,71,0,BRIDGEPORT,18,10,October,2010,2,Monday,11,58,0,4,3,13,38.29383333,-90.82677778,1,1,0,0,0,1,1
290626,29,MISSOURI,MO,1,1,0,1,95,4120,ALBERTVILLE,19,10,October,2010,3,Tuesday,21,55,0,14,6,19,39.01250278,-94.56832222,42,3,0,0,0,1,0
290627,29,MISSOURI,MO,1,1,0,1,209,0,AILEY,19,10,October,2010,3,Tuesday,6,45,0,3,3,131,36.78269444,-93.44313889,1,1,0,0,0,1,0
290628,29,MISSOURI,MO,2,2,0,3,223,0,BRASWELL,19,10,October,2010,3,Tuesday,15,20,1,2,2,105,37.18502778,-90.46594444,12,1,0,0,0,1,0
290629,29,MISSOURI,MO,3,3,0,4,127,6050,BURNWELL,20,10,October,2010,4,Wednesday,15,53,1,2,2,153,39.79425000,-91.51712222,12,1,0,0,0,1,0