ST_CASE,STATE,State Name,State Abbreviation,# of Vehicle involved,VE_FORMS,Pedestrains,Total_Persons_in_accident,COUNTY,CITY,City_County_Name,Calendar_DAY,MONTH,Month_name,YEAR,DAY_WEEK,Day_Week_desc,HOUR,MINUTE,NHS_Desc,trafficway,Route,MILEPT,LATITUDE,LONGITUD,First_Crash_event,Light_cond_desc,Weather_condition,School_bus_involved,Crash_cause,FATALS,DRUNK_DR
310134,31,NEBRASKA,NE,1,1,0,1,155,0,IRWIN,13,10,October,2010,4,Wednesday,99,99,0,4,4,0,41.16754167,-96.69788333,34,1,0,0,0,1,0
310135,31,NEBRASKA,NE,1,1,0,8,101,0,BOYLSTON,15,10,October,2010,6,Friday,0,4,0,3,3,1093,41.32655278,-101.72636111,38,2,0,0,0,2,1
310136,31,NEBRASKA,NE,2,2,0,7,109,0,ANSLEY,18,10,October,2010,2,Monday,15,40,0,3,2,3157,40.88730278,-96.84173611,12,1,0,0,0,1,0
310137,31,NEBRASKA,NE,2,2,0,3,177,580,LEE,2,10,October,2010,7,Saturday,18,40,0,14,6,0,41.55015000,-96.14431944,12,1,0,0,0,1,0
310138,31,NEBRASKA,NE,2,2,0,2,55,3620,ATTALLA,20,10,October,2010,4,Wednesday,11,4,1,13,3,697,41.29276944,-96.11406389,12,1,0,0,0,1,0
310139,31,NEBRASKA,NE,1,1,0,1,155,0,IRWIN,21,10,October,2010,5,Thursday,16,45,0,6,4,0,41.40797222,-96.54853889,1,1,0,0,0,1,0
310140,31,NEBRASKA,NE,1,1,0,1,53,1900,ATMORE,24,10,October,2010,1,Sunday,0,52,0,16,6,0,41.42797500,-96.49253333,10,3,0,0,0,1,1
310141,31,NEBRASKA,NE,1,1,0,1,139,0,CALION,24,10,October,2010,1,Sunday,0,52,0,6,4,0,42.22915278,-97.54383056,1,2,0,0,0,1,0
310142,31,NEBRASKA,NE,2,2,0,2,89,0,BROWNSBORO,3,11,November,2010,4,Wednesday,12,51,1,2,2,3068,42.45766111,-98.67713889,12,1,0,0,0,1,0
310143,31,NEBRASKA,NE,1,1,1,1,55,3620,ATTALLA,3,11,November,2010,4,Wednesday,16,10,0,6,6,0,41.21475556,-95.94560000,8,1,0,0,0,1,0
310144,31,NEBRASKA,NE,3,3,0,5,67,390,ABBEVILLE,5,11,November,2010,6,Friday,13,25,1,13,2,208,40.24530278,-96.74625000,12,1,0,0,0,1,0
310145,31,NEBRASKA,NE,2,2,0,3,153,0,BONAIRE,6,11,November,2010,7,Saturday,9,55,1,1,1,4390,41.14408333,-96.16109722,12,1,0,0,0,2,0
310146,31,NEBRASKA,NE,1,1,0,1,55,3620,ATTALLA,12,11,November,2010,6,Friday,14,13,0,14,6,0,41.30089444,-95.97881667,42,1,10,0,0,1,1
310147,31,NEBRASKA,NE,1,1,0,2,87,0,ARMSTRONG,16,11,November,2010,3,Tuesday,16,0,0,6,4,0,40.17231389,-101.05722500,1,1,0,0,0,1,0
310148,31,NEBRASKA,NE,2,2,0,2,109,0,ANSLEY,19,11,November,2010,6,Friday,6,23,1,1,1,3916,40.82056389,-96.86808611,12,2,0,0,0,1,0
310149,31,NEBRASKA,NE,2,2,0,5,185,0,ANAKTUVUK PASS,20,11,November,2010,7,Saturday,22,28,1,1,1,3416,40.82134444,-97.81780278,12,2,0,0,0,4,0
310150,31,NEBRASKA,NE,1,1,0,1,109,2830,ANSLEY,21,11,November,2010,1,Sunday,2,35,0,16,6,0,40.85061389,-96.78734167,31,3,0,0,0,1,1
310151,31,NEBRASKA,NE,1,1,0,1,111,0,GRAHAM,22,11,November,2010,2,Monday,9,1,0,5,4,0,41.16340556,-101.24588056,1,1,0,0,0,1,0
310152,31,NEBRASKA,NE,1,1,0,1,109,0,ANSLEY,25,11,November,2010,5,Thursday,10,48,0,4,3,36,40.76039167,-96.83590000,31,1,0,0,0,1,0
310153,31,NEBRASKA,NE,2,2,0,2,185,0,ANAKTUVUK PASS,26,11,November,2010,6,Friday,23,35,1,1,1,3527,40.82147500,-97.60717500,12,2,0,0,0,1,1
310154,31,NEBRASKA,NE,1,1,1,1,111,0,GRAHAM,27,11,November,2010,7,Saturday,4,15,1,1,1,1596,41.13936389,-101.13189722,8,2,0,0,0,1,0
310155,31,NEBRASKA,NE,2,2,0,2,55,3620,ATTALLA,2,12,December,2010,5,Thursday,9,40,0,16,6,0,41.26374444,-96.16049722,12,1,0,0,0,1,0
310156,31,NEBRASKA,NE,2,2,0,7,55,3620,ATTALLA,12,12,December,2010,1,Sunday,21,25,0,13,6,0,41.21733889,-95.97604722,12,3,0,0,0,2,1
310157,31,NEBRASKA,NE,1,1,0,1,47,0,BROWNS,13,12,December,2010,2,Monday,15,55,1,1,1,2185,40.87536389,-100.05763889,24,1,0,0,0,1,0
310158,31,NEBRASKA,NE,1,1,0,1,145,0,BALD KNOB,14,12,December,2010,3,Tuesday,23,10,0,4,4,0,40.34255278,-100.21659722,38,2,0,0,0,1,1
310159,31,NEBRASKA,NE,1,1,0,1,13,0,BOLLING,14,12,December,2010,3,Tuesday,21,30,1,2,2,1167,42.19520556,-102.96369444,59,2,0,0,0,1,0
310160,31,NEBRASKA,NE,2,2,0,3,145,0,BALD KNOB,15,12,December,2010,4,Wednesday,13,43,1,2,2,1030,40.25077500,-100.31659167,12,1,0,0,0,1,0
310161,31,NEBRASKA,NE,2,2,0,3,185,0,ANAKTUVUK PASS,15,12,December,2010,4,Wednesday,19,4,1,1,1,3622,40.82212222,-97.41817500,12,2,0,0,0,2,0
310162,31,NEBRASKA,NE,2,2,0,4,41,0,BRANTLEY,18,12,December,2010,7,Saturday,14,30,1,2,3,2932,41.30837500,-99.40927500,12,1,0,0,0,3,0
310163,31,NEBRASKA,NE,1,1,1,1,55,3620,ATTALLA,20,12,December,2010,2,Monday,20,33,1,13,2,3664,41.26341944,-96.05218056,8,2,0,0,0,1,0
310164,31,NEBRASKA,NE,2,2,0,3,153,0,BONAIRE,23,12,December,2010,5,Thursday,22,46,1,2,2,784,41.08789167,-95.92866944,12,2,0,0,0,1,0
310165,31,NEBRASKA,NE,1,1,0,1,29,0,BORDEN SPRINGS,24,12,December,2010,6,Friday,19,0,0,3,2,191,40.53806944,-101.71142500,30,2,0,0,0,1,1
310166,31,NEBRASKA,NE,2,2,0,3,55,0,ATTALLA,31,12,December,2010,6,Friday,14,32,1,2,2,1697,41.23496111,-96.29482222,12,1,0,0,0,1,0
330001,33,NEW HAMPSHIRE,NH,2,2,0,3,17,281,CHAMBERS,4,1,January,2010,2,Monday,12,44,0,6,5,0,43.13663889,-70.98472500,12,1,0,0,0,1,0
330002,33,NEW HAMPSHIRE,NH,1,1,0,1,3,385,BALDWIN,8,1,January,2010,6,Friday,7,10,0,6,5,0,44.02317222,-71.10892222,33,2,0,0,0,1,1
330003,33,NEW HAMPSHIRE,NH,1,1,0,1,15,417,ANNISTON,9,1,January,2010,7,Saturday,6,6,0,5,3,0,42.84875556,-71.10643333,42,4,0,0,0,1,0
330004,33,NEW HAMPSHIRE,NH,1,1,0,1,11,334,BULLOCK,10,1,January,2010,1,Sunday,19,56,0,15,3,0,42.89056944,-71.47508611,1,3,0,0,0,1,1
330005,33,NEW HAMPSHIRE,NH,2,2,0,5,13,455,BOLLING,10,1,January,2010,1,Sunday,8,56,0,14,3,0,43.38795833,-71.73600278,12,1,0,0,0,1,1
330006,33,NEW HAMPSHIRE,NH,1,1,1,3,11,350,BULLOCK,18,1,January,2010,2,Monday,19,15,0,16,6,0,42.74864444,-71.48493611,8,3,0,0,0,1,0
330007,33,NEW HAMPSHIRE,NH,1,1,0,1,15,255,ANNISTON,17,1,January,2010,1,Sunday,3,1,0,5,3,0,42.95294444,-71.01689167,42,2,0,0,0,1,1
330008,33,NEW HAMPSHIRE,NH,2,2,0,2,17,90,CHAMBERS,21,1,January,2010,5,Thursday,19,57,0,16,5,0,43.12741667,-70.83691389,12,3,0,0,0,1,0
330009,33,NEW HAMPSHIRE,NH,2,2,0,3,19,50,CEDAR BLUFF,18,1,January,2010,2,Monday,15,48,0,16,5,0,43.39687778,-72.39166389,12,1,0,0,0,1,0
330010,33,NEW HAMPSHIRE,NH,1,1,0,2,9,33,BLOUNT,23,1,January,2010,7,Saturday,23,53,0,5,3,0,43.84176944,-71.66261667,42,2,0,0,0,2,1
330011,33,NEW HAMPSHIRE,NH,1,1,0,2,5,550,BAKER HILL,28,1,January,2010,5,Thursday,16,14,0,6,5,0,42.78277222,-72.38306944,3,1,11,0,0,1,0
330012,33,NEW HAMPSHIRE,NH,1,1,0,1,5,550,BAKER HILL,29,1,January,2010,6,Friday,7,42,0,6,5,0,42.73417500,-72.36534444,40,1,0,0,0,1,0
330013,33,NEW HAMPSHIRE,NH,2,2,0,2,7,190,BIBB,4,2,February,2010,5,Thursday,15,1,0,6,5,0,44.60159167,-71.51893611,12,1,0,0,0,1,0
330014,33,NEW HAMPSHIRE,NH,2,2,0,2,3,395,BALDWIN,2,2,February,2010,3,Tuesday,13,50,0,3,3,0,43.73262222,-71.12945833,12,1,0,0,0,1,0
330015,33,NEW HAMPSHIRE,NH,2,2,0,4,1,154,AUTAUGA,10,2,February,2010,4,Wednesday,15,21,0,5,3,0,43.54830000,-71.40756111,12,1,0,0,0,1,0
330016,33,NEW HAMPSHIRE,NH,1,1,0,1,13,484,BOLLING,10,2,February,2010,4,Wednesday,17,0,1,1,1,284,43.34702778,-71.90877778,1,1,11,0,0,1,1
330017,33,NEW HAMPSHIRE,NH,1,1,0,3,15,123,ANNISTON,20,2,February,2010,7,Saturday,23,8,0,6,5,0,43.06826111,-71.06587778,42,3,0,0,0,1,0
330018,33,NEW HAMPSHIRE,NH,2,2,0,5,15,176,ANNISTON,26,2,February,2010,6,Friday,22,55,1,11,1,108,43.00659167,-70.84001667,12,2,4,0,0,1,0
330019,33,NEW HAMPSHIRE,NH,1,1,0,1,11,310,BULLOCK,6,3,March,2010,7,Saturday,14,54,1,11,1,0,42.96273611,-71.41542500,1,1,0,0,0,1,1
330020,33,NEW HAMPSHIRE,NH,1,1,0,3,11,310,BULLOCK,14,3,March,2010,1,Sunday,13,52,1,11,1,170,42.94109444,-71.38701389,18,1,0,0,0,1,0
330021,33,NEW HAMPSHIRE,NH,1,1,0,1,19,40,CEDAR BLUFF,16,3,March,2010,3,Tuesday,9,59,0,6,5,0,43.19773056,-72.43792500,24,1,0,0,0,1,0
330022,33,NEW HAMPSHIRE,NH,2,2,0,4,15,466,ANNISTON,19,3,March,2010,6,Friday,17,48,1,11,1,0,42.88152222,-70.88266389,12,1,0,0,0,1,0
330023,33,NEW HAMPSHIRE,NH,2,2,0,2,19,479,CEDAR BLUFF,24,3,March,2010,4,Wednesday,6,47,0,4,3,0,43.41206111,-72.08371389,12,1,0,0,0,1,0
330024,33,NEW HAMPSHIRE,NH,1,1,0,2,3,346,BALDWIN,27,3,March,2010,7,Saturday,0,20,0,6,5,0,43.69288611,-71.37984722,42,2,0,0,0,2,1
330025,33,NEW HAMPSHIRE,NH,1,1,1,1,11,310,BULLOCK,22,1,January,2010,6,Friday,0,35,0,16,6,0,42.97651944,-71.44671944,8,3,0,0,0,1,0
330026,33,NEW HAMPSHIRE,NH,1,1,0,1,15,430,ANNISTON,27,3,March,2010,7,Saturday,16,46,0,16,6,0,43.04486944,-70.77166111,58,1,0,0,0,1,1
330027,33,NEW HAMPSHIRE,NH,1,1,1,1,11,310,BULLOCK,3,4,April,2010,7,Saturday,14,14,0,16,6,0,42.99012222,-71.48246944,8,1,0,0,0,1,0
330028,33,NEW HAMPSHIRE,NH,2,2,0,2,3,395,BALDWIN,8,4,April,2010,5,Thursday,17,45,0,3,3,0,43.63750278,-71.05708056,12,1,0,0,0,1,0
330029,33,NEW HAMPSHIRE,NH,1,1,0,1,13,237,BOLLING,14,4,April,2010,4,Wednesday,13,30,0,5,3,0,43.19156667,-71.67480556,1,1,0,0,0,1,0
330030,33,NEW HAMPSHIRE,NH,1,1,0,1,19,50,CEDAR BLUFF,20,4,April,2010,3,Tuesday,21,46,0,6,5,0,43.39610556,-72.33574444,30,3,0,0,0,1,1
330031,33,NEW HAMPSHIRE,NH,1,1,0,1,17,90,CHAMBERS,26,4,April,2010,2,Monday,5,36,0,14,3,49,43.12892778,-70.83808333,42,3,0,0,0,1,1
330032,33,NEW HAMPSHIRE,NH,1,1,0,1,3,15,BALDWIN,25,4,April,2010,1,Sunday,5,15,0,5,3,0,44.08965000,-71.14881389,1,4,0,0,0,1,1
330033,33,NEW HAMPSHIRE,NH,3,3,0,4,15,255,ANNISTON,28,4,April,2010,4,Wednesday,10,47,0,4,3,0,42.95001389,-71.05956944,12,1,0,0,0,1,0
330034,33,NEW HAMPSHIRE,NH,1,1,0,2,5,473,BAKER HILL,30,4,April,2010,6,Friday,19,11,0,6,5,0,43.02002222,-72.07889444,34,5,0,0,0,1,0
330035,33,NEW HAMPSHIRE,NH,1,1,0,1,15,448,ANNISTON,11,4,April,2010,1,Sunday,15,27,0,16,6,0,42.76635833,-71.18725556,42,1,0,0,0,1,0
330036,33,NEW HAMPSHIRE,NH,2,2,0,2,17,100,CHAMBERS,6,5,May,2010,5,Thursday,15,14,0,6,5,0,43.08102778,-70.93154444,12,1,0,0,0,1,0
330037,33,NEW HAMPSHIRE,NH,1,1,0,1,13,150,BOLLING,24,4,April,2010,7,Saturday,15,15,0,6,5,0,43.41340278,-71.65811111,1,1,0,0,0,1,0
330038,33,NEW HAMPSHIRE,NH,1,1,0,3,11,5,BULLOCK,8,5,May,2010,7,Saturday,1,46,0,6,5,0,43.03846944,-71.96328056,42,2,0,0,0,1,0
330039,33,NEW HAMPSHIRE,NH,1,1,0,2,15,201,ANNISTON,11,5,May,2010,3,Tuesday,22,35,0,15,3,0,42.91017222,-70.89829444,42,2,0,0,0,1,1
330040,33,NEW HAMPSHIRE,NH,2,2,0,2,15,25,ANNISTON,20,5,May,2010,5,Thursday,16,21,0,5,3,0,43.00077500,-71.07899444,12,1,0,0,0,1,0
330041,33,NEW HAMPSHIRE,NH,1,1,0,1,13,218,BOLLING,11,5,May,2010,3,Tuesday,11,28,0,6,6,0,43.16844167,-71.85607778,42,1,0,0,0,1,0
330042,33,NEW HAMPSHIRE,NH,2,2,0,3,13,23,BOLLING,21,5,May,2010,6,Friday,14,48,0,6,6,0,43.16923056,-71.53409722,12,1,0,0,0,1,0
330043,33,NEW HAMPSHIRE,NH,1,1,0,1,3,395,BALDWIN,22,5,May,2010,7,Saturday,14,50,0,4,3,0,43.75076111,-71.13493056,1,1,0,0,0,1,0
330044,33,NEW HAMPSHIRE,NH,1,1,0,1,11,540,BULLOCK,23,5,May,2010,1,Sunday,9,11,0,5,3,0,42.83770833,-71.72501667,24,1,0,0,0,1,0
330045,33,NEW HAMPSHIRE,NH,2,2,0,3,15,130,ANNISTON,21,5,May,2010,6,Friday,18,57,0,13,3,1246,42.97853056,-70.90975278,1,1,0,0,0,1,0
330046,33,NEW HAMPSHIRE,NH,1,1,0,1,11,334,BULLOCK,25,5,May,2010,3,Tuesday,4,32,0,15,3,156,42.89033611,-71.47533333,11,2,0,0,0,1,0
330047,33,NEW HAMPSHIRE,NH,1,1,1,1,11,353,BULLOCK,28,5,May,2010,6,Friday,17,44,0,6,5,0,42.96204444,-71.72149722,8,1,0,0,0,1,0
330048,33,NEW HAMPSHIRE,NH,1,1,0,1,13,304,BOLLING,30,5,May,2010,1,Sunday,18,38,0,6,5,0,43.28998333,-71.51528889,42,1,0,0,0,1,1
330049,33,NEW HAMPSHIRE,NH,1,1,0,1,9,217,BLOUNT,28,5,May,2010,6,Friday,23,53,0,6,5,0,43.69080833,-71.81024444,35,2,0,0,0,1,1
330050,33,NEW HAMPSHIRE,NH,2,2,0,2,3,499,BALDWIN,31,5,May,2010,2,Monday,9,17,0,6,5,0,43.68376389,-71.27067222,12,1,0,0,0,1,0
330051,33,NEW HAMPSHIRE,NH,2,2,0,2,7,60,BIBB,30,5,May,2010,1,Sunday,11,7,0,6,5,0,44.89672500,-71.50134167,12,1,0,0,0,1,0
330052,33,NEW HAMPSHIRE,NH,1,1,0,1,3,346,BALDWIN,10,6,June,2010,5,Thursday,0,10,0,6,5,0,43.70601111,-71.41018889,17,2,2,0,0,1,1
330053,33,NEW HAMPSHIRE,NH,1,1,0,1,19,380,CEDAR BLUFF,12,6,June,2010,7,Saturday,13,53,0,6,5,0,43.40133056,-72.18313611,42,1,0,0,0,1,0
330054,33,NEW HAMPSHIRE,NH,2,2,0,3,5,95,BAKER HILL,9,6,June,2010,4,Wednesday,13,9,0,5,3,0,42.90137778,-72.02394167,12,1,0,0,0,1,0
330055,33,NEW HAMPSHIRE,NH,3,3,0,4,15,195,ANNISTON,26,6,June,2010,7,Saturday,12,3,0,5,3,0,42.85625000,-71.18975278,12,1,0,0,0,1,0
330056,33,NEW HAMPSHIRE,NH,1,1,0,1,3,15,BALDWIN,7,6,June,2010,2,Monday,15,0,0,6,5,0,44.10410556,-71.14205278,42,1,0,0,0,1,0
330057,33,NEW HAMPSHIRE,NH,1,1,0,1,1,352,AUTAUGA,9,6,June,2010,4,Wednesday,0,50,0,6,5,0,43.59647778,-71.63088056,30,2,0,0,0,1,0
330058,33,NEW HAMPSHIRE,NH,1,1,0,2,11,334,BULLOCK,11,6,June,2010,6,Friday,13,2,0,13,8,0,42.87829167,-71.48786667,1,1,0,0,0,1,0
330059,33,NEW HAMPSHIRE,NH,2,2,0,2,9,33,BLOUNT,17,6,June,2010,5,Thursday,18,50,0,5,3,0,43.81824167,-71.64441944,12,1,0,0,0,1,1
330060,33,NEW HAMPSHIRE,NH,1,1,0,1,1,260,AUTAUGA,18,6,June,2010,6,Friday,14,0,0,6,5,0,43.61050833,-71.49554722,42,1,0,0,0,1,1
330061,33,NEW HAMPSHIRE,NH,1,1,0,1,13,503,BOLLING,19,6,June,2010,7,Saturday,17,25,0,5,3,0,43.21750000,-71.87886667,30,1,0,0,0,1,0
330062,33,NEW HAMPSHIRE,NH,3,3,0,8,5,250,BAKER HILL,28,6,June,2010,2,Monday,14,56,0,4,3,0,42.92478611,-72.31248333,12,1,0,0,0,1,0
330063,33,NEW HAMPSHIRE,NH,2,2,0,4,5,550,BAKER HILL,19,6,June,2010,7,Saturday,13,43,0,6,5,0,42.80645278,-72.36440000,12,1,0,0,0,1,0
330064,33,NEW HAMPSHIRE,NH,2,2,0,2,19,156,CEDAR BLUFF,17,6,June,2010,5,Thursday,12,9,0,5,3,0,43.42914444,-72.07147222,12,1,0,0,0,1,0
330065,33,NEW HAMPSHIRE,NH,1,1,0,1,13,24,BOLLING,22,6,June,2010,3,Tuesday,13,31,0,6,5,0,43.21949444,-72.00271944,42,1,0,0,0,1,1
330066,33,NEW HAMPSHIRE,NH,1,1,0,2,11,31,BULLOCK,27,6,June,2010,1,Sunday,0,49,0,6,6,0,42.75705000,-71.65267222,42,2,0,0,0,1,1
330067,33,NEW HAMPSHIRE,NH,1,1,0,1,3,1,BALDWIN,3,7,July,2010,7,Saturday,14,27,0,5,3,0,43.99133333,-71.17046389,1,1,0,0,0,1,0
330068,33,NEW HAMPSHIRE,NH,1,1,0,1,11,400,BULLOCK,11,7,July,2010,1,Sunday,18,35,0,6,5,0,42.91886111,-71.91622500,1,1,0,0,0,1,1
330069,33,NEW HAMPSHIRE,NH,1,1,0,3,3,385,BALDWIN,13,7,July,2010,3,Tuesday,23,47,0,6,5,0,44.05098333,-71.12231389,42,3,0,0,0,1,0
330070,33,NEW HAMPSHIRE,NH,1,1,0,2,11,83,BULLOCK,15,7,July,2010,5,Thursday,18,40,0,6,5,0,43.09108056,-71.90633333,42,1,0,0,0,1,0
330071,33,NEW HAMPSHIRE,NH,2,2,0,2,9,444,BLOUNT,24,7,July,2010,7,Saturday,22,10,0,4,3,0,43.77222500,-71.76518333,12,2,0,0,0,1,1
330072,33,NEW HAMPSHIRE,NH,1,1,0,1,3,309,BALDWIN,24,7,July,2010,7,Saturday,1,54,0,6,5,0,43.88199444,-71.17844444,42,2,0,0,0,1,0
330073,33,NEW HAMPSHIRE,NH,1,1,0,1,9,402,BLOUNT,29,7,July,2010,5,Thursday,23,5,0,5,3,0,43.97116667,-72.06692222,1,2,0,0,0,1,1
330074,33,NEW HAMPSHIRE,NH,1,1,0,2,17,470,CHAMBERS,29,7,July,2010,5,Thursday,14,27,0,16,6,0,43.17003611,-70.85709444,19,1,0,0,0,1,0
330075,33,NEW HAMPSHIRE,NH,2,2,0,3,13,218,BOLLING,28,7,July,2010,4,Wednesday,17,45,0,6,5,0,43.17366667,-71.81861389,12,1,0,0,0,1,0
330076,33,NEW HAMPSHIRE,NH,1,1,0,1,15,435,ANNISTON,12,8,August,2010,5,Thursday,18,51,0,13,3,0,43.02322222,-71.20908611,1,1,0,0,0,1,1
330077,33,NEW HAMPSHIRE,NH,2,2,0,3,11,310,BULLOCK,9,8,August,2010,2,Monday,20,23,0,16,6,0,43.00389444,-71.44845833,12,3,0,0,0,1,1
330078,33,NEW HAMPSHIRE,NH,2,2,0,3,15,551,ANNISTON,17,8,August,2010,3,Tuesday,19,50,0,15,3,0,42.81315833,-71.24925556,12,2,0,0,0,1,0
330079,33,NEW HAMPSHIRE,NH,2,2,0,2,7,498,BIBB,24,8,August,2010,3,Tuesday,13,48,0,4,3,380,44.27155556,-71.51676944,12,1,0,0,0,1,0
330080,33,NEW HAMPSHIRE,NH,1,1,0,1,13,41,BOLLING,25,8,August,2010,4,Wednesday,5,18,1,1,1,506,43.29296667,-71.57388611,42,4,0,0,0,1,0
330081,33,NEW HAMPSHIRE,NH,1,1,0,2,11,357,BULLOCK,10,8,August,2010,3,Tuesday,10,32,0,6,5,0,42.75838889,-71.82470833,42,1,0,0,0,1,0
330082,33,NEW HAMPSHIRE,NH,1,1,0,1,1,154,AUTAUGA,28,8,August,2010,7,Saturday,14,54,0,6,5,0,43.61441389,-71.42620556,35,1,0,0,0,1,0
330083,33,NEW HAMPSHIRE,NH,2,2,0,6,19,380,CEDAR BLUFF,2,9,September,2010,5,Thursday,17,3,0,6,5,0,43.36281389,-72.17188333,12,1,0,0,0,1,0
330084,33,NEW HAMPSHIRE,NH,1,1,1,2,1,490,AUTAUGA,28,8,August,2010,7,Saturday,20,43,0,4,3,0,43.46142222,-71.54992222,8,3,0,0,0,1,0
330085,33,NEW HAMPSHIRE,NH,1,1,0,2,9,210,BLOUNT,4,9,September,2010,7,Saturday,1,29,0,6,6,0,43.68810833,-72.23313333,30,3,0,0,0,1,1
330086,33,NEW HAMPSHIRE,NH,2,2,0,2,15,195,ANNISTON,9,9,September,2010,5,Thursday,17,14,0,6,5,0,42.87867778,-71.13711944,12,1,0,0,0,1,0
330087,33,NEW HAMPSHIRE,NH,1,1,0,3,17,342,CHAMBERS,1,9,September,2010,4,Wednesday,0,19,0,6,5,0,43.40836111,-71.02416389,1,2,0,0,0,1,0
330088,33,NEW HAMPSHIRE,NH,2,2,0,2,3,395,BALDWIN,11,9,September,2010,7,Saturday,11,0,0,4,3,0,43.75317778,-71.13698889,12,1,0,0,0,1,0
330089,33,NEW HAMPSHIRE,NH,1,1,0,4,11,310,BULLOCK,12,9,September,2010,1,Sunday,13,57,1,11,1,0,42.96141667,-71.41997222,42,1,0,0,0,4,1
330090,33,NEW HAMPSHIRE,NH,1,1,0,1,11,307,BULLOCK,17,9,September,2010,6,Friday,20,15,0,6,5,0,42.86341389,-71.71840556,43,2,0,0,0,1,1
330091,33,NEW HAMPSHIRE,NH,1,1,0,2,15,195,ANNISTON,12,9,September,2010,1,Sunday,21,47,0,4,3,0,42.87476111,-71.15540000,24,3,0,0,0,1,1
330092,33,NEW HAMPSHIRE,NH,1,1,0,1,13,70,BOLLING,12,9,September,2010,1,Sunday,20,8,0,16,6,0,43.17570278,-71.50940833,30,2,0,0,0,1,1
330093,33,NEW HAMPSHIRE,NH,1,1,1,1,7,20,BIBB,20,9,September,2010,2,Monday,17,19,0,6,5,0,44.47076389,-71.18062778,8,1,0,0,0,1,0
330094,33,NEW HAMPSHIRE,NH,2,2,0,4,11,340,BULLOCK,19,9,September,2010,1,Sunday,16,49,0,6,5,0,42.79955833,-71.67274444,12,1,0,0,0,1,1
330095,33,NEW HAMPSHIRE,NH,2,2,0,2,5,320,BAKER HILL,24,9,September,2010,6,Friday,15,30,0,4,3,0,42.90323333,-72.20591389,12,1,0,0,0,1,0
330096,33,NEW HAMPSHIRE,NH,1,1,0,2,13,484,BOLLING,25,9,September,2010,7,Saturday,5,12,1,11,1,306,43.31943333,-71.88667778,1,2,0,0,0,1,1
330097,33,NEW HAMPSHIRE,NH,2,2,0,2,15,201,ANNISTON,27,9,September,2010,2,Monday,17,11,1,11,1,0,42.90613333,-70.87688056,1,1,0,0,0,2,0
330098,33,NEW HAMPSHIRE,NH,1,1,1,1,3,80,BALDWIN,2,10,October,2010,7,Saturday,18,58,0,14,3,0,44.07671944,-71.13879167,8,5,0,0,0,1,0
330099,33,NEW HAMPSHIRE,NH,1,1,0,1,17,29,CHAMBERS,3,10,October,2010,1,Sunday,4,17,0,6,5,0,43.26684722,-71.02269444,42,2,0,0,0,1,1
330100,33,NEW HAMPSHIRE,NH,1,1,0,1,15,200,ANNISTON,6,10,October,2010,4,Wednesday,11,5,1,11,1,0,42.96213889,-70.85623611,25,1,0,0,0,1,0
330101,33,NEW HAMPSHIRE,NH,1,1,0,1,13,4,BOLLING,9,10,October,2010,7,Saturday,19,43,0,5,3,0,43.47017500,-71.74209722,31,2,0,0,0,1,1
330102,33,NEW HAMPSHIRE,NH,1,1,0,2,13,218,BOLLING,8,10,October,2010,6,Friday,23,17,0,6,5,0,43.17487222,-71.82123056,42,2,0,0,0,1,1
330103,33,NEW HAMPSHIRE,NH,1,1,0,1,13,503,BOLLING,3,11,November,2010,4,Wednesday,19,45,0,5,3,0,43.27764167,-71.90325278,17,2,0,0,0,1,0
330104,33,NEW HAMPSHIRE,NH,2,2,0,3,5,250,BAKER HILL,17,10,October,2010,1,Sunday,1,23,0,5,3,0,42.95236944,-72.27836667,12,2,0,0,0,2,1
330105,33,NEW HAMPSHIRE,NH,2,2,0,2,17,29,CHAMBERS,18,10,October,2010,2,Monday,14,52,0,5,3,0,43.23322778,-70.99232222,12,1,0,0,0,1,0
330106,33,NEW HAMPSHIRE,NH,1,1,0,1,11,234,BULLOCK,19,10,October,2010,3,Tuesday,23,7,0,6,5,0,42.71470000,-71.55764444,42,2,0,0,0,1,1
330107,33,NEW HAMPSHIRE,NH,1,1,0,1,17,311,CHAMBERS,30,10,October,2010,7,Saturday,17,37,0,6,5,0,43.15770278,-70.89293056,42,1,0,0,0,1,0
330108,33,NEW HAMPSHIRE,NH,3,3,0,6,19,380,CEDAR BLUFF,14,10,October,2010,5,Thursday,15,49,0,16,6,0,43.36207500,-72.17136667,12,1,0,0,0,1,0
330109,33,NEW HAMPSHIRE,NH,1,1,0,3,11,350,BULLOCK,5,11,November,2010,6,Friday,23,48,0,16,6,0,42.72361667,-71.50439722,42,3,0,0,0,2,1
330110,33,NEW HAMPSHIRE,NH,1,1,0,1,19,81,CEDAR BLUFF,8,11,November,2010,2,Monday,5,26,0,5,3,0,43.51348333,-72.27609167,18,2,6,0,0,1,0
330111,33,NEW HAMPSHIRE,NH,1,1,0,2,15,85,ANNISTON,20,11,November,2010,7,Saturday,22,59,0,16,6,0,42.85878333,-71.28956389,1,2,0,0,0,1,1
330112,33,NEW HAMPSHIRE,NH,1,1,0,3,17,281,CHAMBERS,25,11,November,2010,5,Thursday,1,26,0,6,5,0,43.16130278,-70.98352500,42,2,0,0,0,1,1
330113,33,NEW HAMPSHIRE,NH,2,2,0,2,11,18,BULLOCK,26,11,November,2010,6,Friday,5,32,0,16,6,0,42.91909722,-71.46001389,12,3,0,0,0,1,0
330114,33,NEW HAMPSHIRE,NH,1,1,0,1,11,310,BULLOCK,20,11,November,2010,7,Saturday,23,4,0,16,6,0,42.96272778,-71.42705556,30,3,0,0,0,1,0
330115,33,NEW HAMPSHIRE,NH,3,3,0,3,5,47,BAKER HILL,30,11,November,2010,3,Tuesday,16,46,0,4,3,0,42.89473611,-72.49260000,12,2,0,0,0,1,0