ST_CASE,STATE,State Name,State Abbreviation,# of Vehicle involved,VE_FORMS,Pedestrains,Total_Persons_in_accident,COUNTY,CITY,City_County_Name,Calendar_DAY,MONTH,Month_name,YEAR,DAY_WEEK,Day_Week_desc,HOUR,MINUTE,NHS_Desc,trafficway,Route,MILEPT,LATITUDE,LONGITUD,First_Crash_event,Light_cond_desc,Weather_condition,School_bus_involved,Crash_cause,FATALS,DRUNK_DR
340162,34,NEW JERSEY,NJ,2,2,0,3,39,3395,ANDALUSIA,20,4,April,2010,3,Tuesday,19,28,0,13,3,25,40.67238611,-74.23092778,12,5,0,0,0,1,0
340163,34,NEW JERSEY,NJ,2,2,0,3,25,0,BARLOW BEND,10,5,May,2010,2,Monday,10,12,0,14,4,0,40.22961111,-74.32148056,12,1,0,0,0,1,1
340164,34,NEW JERSEY,NJ,1,1,0,4,15,0,ANNISTON,31,5,May,2010,2,Monday,5,56,1,11,1,197,39.83035556,-75.21777222,24,1,0,0,0,1,0
340165,34,NEW JERSEY,NJ,1,1,1,1,7,1620,BIBB,10,6,June,2010,5,Thursday,22,38,1,13,2,125,39.82276667,-74.99632778,8,3,0,0,0,1,0
340166,34,NEW JERSEY,NJ,3,3,0,3,23,844,BLADON SPRINGS,20,5,May,2010,5,Thursday,19,21,1,11,1,2,40.52940556,-74.34128611,12,1,0,0,0,1,0
340167,34,NEW JERSEY,NJ,2,2,0,2,25,0,BARLOW BEND,28,4,April,2010,4,Wednesday,16,51,0,5,6,0,40.19410278,-74.37003889,12,1,0,0,0,1,0
340168,34,NEW JERSEY,NJ,1,1,0,1,29,3360,BORDEN SPRINGS,24,4,April,2010,7,Saturday,22,1,0,13,4,0,39.95090833,-74.19558056,33,3,0,0,0,1,1
340169,34,NEW JERSEY,NJ,2,2,0,2,3,1410,BALDWIN,25,2,February,2010,5,Thursday,13,42,0,14,4,0,41.00293611,-74.05246111,12,1,0,0,0,1,0
340170,34,NEW JERSEY,NJ,2,2,0,2,3,3480,BALDWIN,7,2,February,2010,1,Sunday,7,1,0,14,4,0,40.85806389,-74.11566944,12,1,0,0,0,1,0
340171,34,NEW JERSEY,NJ,2,1,0,1,5,2081,BAKER HILL,30,4,April,2010,6,Friday,6,41,1,11,1,398,39.95710278,-74.92101111,14,1,0,0,0,1,0
340172,34,NEW JERSEY,NJ,1,1,1,1,39,2975,ANDALUSIA,29,5,May,2010,7,Saturday,21,0,1,13,2,476,40.65655556,-74.40053056,8,3,0,0,0,1,0
340173,34,NEW JERSEY,NJ,1,1,1,1,29,3360,BORDEN SPRINGS,10,5,May,2010,2,Monday,20,54,1,13,3,73,39.96342222,-74.18739167,9,3,0,0,0,1,0
340174,34,NEW JERSEY,NJ,2,2,0,2,29,0,BORDEN SPRINGS,8,5,May,2010,7,Saturday,10,33,1,13,3,395,39.97153056,-74.37601389,12,1,0,0,0,1,0
340175,34,NEW JERSEY,NJ,3,3,0,3,29,0,BORDEN SPRINGS,9,6,June,2010,4,Wednesday,14,39,0,5,4,0,39.64778611,-74.34197222,12,1,0,0,0,1,0
340176,34,NEW JERSEY,NJ,1,1,0,1,29,416,BORDEN SPRINGS,16,7,July,2010,6,Friday,5,36,1,12,8,911,40.07895000,-74.15526389,24,4,0,0,0,1,0
340177,34,NEW JERSEY,NJ,1,1,1,1,39,860,ANDALUSIA,3,7,July,2010,7,Saturday,0,12,1,11,1,558,40.65988056,-74.18653333,8,3,0,0,0,1,0
340178,34,NEW JERSEY,NJ,2,1,1,2,25,1465,BARLOW BEND,6,6,June,2010,1,Sunday,9,50,1,1,1,317,40.16365278,-74.15165278,8,1,0,0,0,1,0
340179,34,NEW JERSEY,NJ,2,1,0,1,27,2498,ASHLAND,10,6,June,2010,5,Thursday,4,52,1,11,1,443,40.86205556,-74.40538889,14,2,0,0,0,1,0
340180,34,NEW JERSEY,NJ,1,1,0,1,39,705,ANDALUSIA,24,4,April,2010,7,Saturday,1,8,1,12,8,1376,40.64229722,-74.28890833,42,3,0,0,0,1,1
340181,34,NEW JERSEY,NJ,1,1,0,1,27,2030,ASHLAND,23,4,April,2010,6,Friday,18,42,1,11,1,367,40.80043333,-74.46607222,24,1,0,0,0,1,1
340182,34,NEW JERSEY,NJ,2,2,0,4,7,520,BIBB,1,5,May,2010,7,Saturday,9,41,0,14,4,0,39.92050278,-75.09346111,12,1,0,0,0,1,0
340183,34,NEW JERSEY,NJ,2,2,0,2,23,3705,BLADON SPRINGS,23,4,April,2010,6,Friday,7,52,0,14,4,0,40.56170278,-74.25432778,12,1,0,0,0,1,0
340184,34,NEW JERSEY,NJ,1,1,1,1,17,1520,CHAMBERS,24,4,April,2010,7,Saturday,5,34,1,13,3,5,40.73445278,-74.05560833,8,3,0,0,0,1,0
340186,34,NEW JERSEY,NJ,1,1,1,1,7,0,BIBB,5,6,June,2010,7,Saturday,23,24,1,13,3,163,39.78900000,-74.91212500,8,3,0,0,0,1,0
340187,34,NEW JERSEY,NJ,1,1,0,1,11,1970,BULLOCK,23,4,April,2010,6,Friday,16,0,0,16,6,0,39.38657778,-75.06680000,1,1,0,0,0,1,0
340188,34,NEW JERSEY,NJ,1,1,1,1,13,2130,BOLLING,23,4,April,2010,6,Friday,11,22,0,16,6,0,40.74137222,-74.23050000,8,1,0,0,0,1,0
340189,34,NEW JERSEY,NJ,1,1,0,6,5,1805,BAKER HILL,25,4,April,2010,1,Sunday,3,42,1,11,1,73,40.11608611,-74.71072222,25,2,0,0,0,1,1
340190,34,NEW JERSEY,NJ,1,1,1,1,15,0,ANNISTON,12,5,May,2010,4,Wednesday,21,17,0,13,2,246,39.68612778,-74.98976389,8,3,0,0,0,1,0
340191,34,NEW JERSEY,NJ,2,2,0,2,25,2920,BARLOW BEND,12,3,March,2010,6,Friday,18,46,0,14,4,0,40.35160000,-74.02114722,12,3,0,0,0,1,1
340192,34,NEW JERSEY,NJ,1,1,1,2,15,3620,ANNISTON,28,5,May,2010,6,Friday,21,9,0,13,3,282,39.86681389,-75.13193611,8,2,0,0,0,1,0
340193,34,NEW JERSEY,NJ,2,1,0,1,7,240,BIBB,20,6,June,2010,1,Sunday,5,54,1,12,3,138,39.86463889,-75.10078889,14,1,0,0,0,1,0
340194,34,NEW JERSEY,NJ,1,1,0,6,11,1970,BULLOCK,10,6,June,2010,5,Thursday,14,56,0,14,4,0,39.36224167,-75.07850556,1,1,0,0,0,1,1
340195,34,NEW JERSEY,NJ,2,2,0,2,23,2582,BLADON SPRINGS,21,5,May,2010,6,Friday,23,5,0,14,4,0,40.55595556,-74.43503889,12,3,0,0,0,1,1
340196,34,NEW JERSEY,NJ,1,1,1,1,21,0,CHILTON,2,5,May,2010,1,Sunday,5,11,1,11,1,594,40.17160000,-74.72226944,8,2,0,0,0,1,0
340197,34,NEW JERSEY,NJ,2,2,0,4,5,0,BAKER HILL,14,5,May,2010,6,Friday,22,52,1,11,1,567,40.13411111,-74.71522778,24,2,0,0,0,1,1
340198,34,NEW JERSEY,NJ,2,2,0,4,19,0,CEDAR BLUFF,29,6,June,2010,3,Tuesday,16,32,0,5,3,51,40.66302778,-75.04979722,12,1,0,0,0,1,0
340199,34,NEW JERSEY,NJ,2,2,0,2,19,1160,CEDAR BLUFF,1,6,June,2010,3,Tuesday,15,41,1,13,3,377,40.69595000,-74.94180000,12,1,0,0,0,1,0
340200,34,NEW JERSEY,NJ,2,2,0,2,13,1990,BOLLING,8,6,June,2010,3,Tuesday,15,18,0,14,4,0,40.84585000,-74.19432500,12,1,0,0,0,1,0
340201,34,NEW JERSEY,NJ,1,1,0,1,7,3694,BIBB,19,6,June,2010,7,Saturday,16,41,1,12,8,406,39.73026111,-75.00589444,42,1,0,0,0,1,0
340202,34,NEW JERSEY,NJ,2,2,0,3,37,0,BRADFORD,11,6,June,2010,6,Friday,23,29,0,4,4,0,41.17820278,-74.65995278,12,2,0,0,0,1,1
340203,34,NEW JERSEY,NJ,1,1,0,2,5,0,BAKER HILL,10,9,September,2010,6,Friday,8,37,0,3,2,585,39.59457778,-74.42413333,59,1,0,0,0,1,1
340204,34,NEW JERSEY,NJ,1,1,0,1,11,1845,BULLOCK,8,6,June,2010,3,Tuesday,14,46,0,4,4,0,39.30587778,-74.89748889,42,1,0,0,0,1,0
340205,34,NEW JERSEY,NJ,1,1,0,1,41,1455,BRANTLEY,8,6,June,2010,3,Tuesday,15,13,1,1,1,122,40.92431944,-74.95720000,1,1,0,0,0,1,0
340206,34,NEW JERSEY,NJ,2,2,0,9,39,705,ANDALUSIA,8,5,May,2010,7,Saturday,1,54,1,12,8,1393,40.66684722,-74.28514167,12,2,0,0,0,1,1
340207,34,NEW JERSEY,NJ,1,1,0,1,5,1774,BAKER HILL,19,6,June,2010,7,Saturday,3,1,0,16,6,0,39.93955278,-74.78315278,42,2,0,0,0,1,1
340208,34,NEW JERSEY,NJ,1,1,0,1,25,2374,BARLOW BEND,8,3,March,2010,2,Monday,19,38,0,15,6,0,40.24688056,-74.02095556,24,2,0,0,0,1,0
340209,34,NEW JERSEY,NJ,2,2,0,5,39,1700,ANDALUSIA,23,4,April,2010,6,Friday,4,36,1,13,2,419,40.63607222,-74.23424722,12,3,0,0,0,2,1
340210,34,NEW JERSEY,NJ,1,1,1,1,35,380,BROOKLYN,12,5,May,2010,4,Wednesday,2,57,1,13,2,393,40.58188889,-74.51820278,8,2,0,0,0,1,0
340211,34,NEW JERSEY,NJ,1,1,1,1,21,1650,CHILTON,31,5,May,2010,2,Monday,23,13,1,13,2,35,40.24376944,-74.73497778,8,2,0,0,0,1,0
340212,34,NEW JERSEY,NJ,1,1,0,1,25,0,BARLOW BEND,30,5,May,2010,1,Sunday,3,56,1,12,8,998,40.19287222,-74.09932778,1,2,0,0,0,1,1
340213,34,NEW JERSEY,NJ,1,1,2,1,7,280,BIBB,23,5,May,2010,1,Sunday,16,32,0,16,6,0,39.79908333,-74.93082500,8,1,0,0,0,1,0
340214,34,NEW JERSEY,NJ,1,1,1,1,17,1520,CHAMBERS,22,5,May,2010,7,Saturday,23,8,0,14,6,33,40.69199444,-74.09177500,8,3,0,0,0,1,0
340215,34,NEW JERSEY,NJ,1,1,0,1,25,2920,BARLOW BEND,27,4,April,2010,3,Tuesday,13,45,0,14,4,211,40.36229444,-73.99628333,42,1,0,0,0,1,0
340216,34,NEW JERSEY,NJ,1,1,0,1,11,3460,BULLOCK,8,8,August,2010,1,Sunday,18,17,0,15,6,0,39.49013333,-74.95293611,30,1,0,0,0,1,1
340217,34,NEW JERSEY,NJ,1,1,0,3,25,1465,BARLOW BEND,30,7,July,2010,6,Friday,1,53,0,6,6,0,40.11708056,-74.20781944,19,3,0,0,0,1,1
340218,34,NEW JERSEY,NJ,3,3,0,9,11,3460,BULLOCK,24,6,June,2010,5,Thursday,17,17,0,14,4,0,39.42684444,-74.93817222,12,1,0,0,0,1,0
340219,34,NEW JERSEY,NJ,2,2,0,2,5,611,BAKER HILL,21,5,May,2010,6,Friday,1,9,1,11,1,563,40.15383333,-74.66290278,12,2,0,0,0,1,0
340220,34,NEW JERSEY,NJ,1,1,1,2,5,3691,BAKER HILL,2,7,July,2010,6,Friday,23,32,1,12,2,434,40.05042778,-74.89748333,8,2,0,0,0,1,0
340221,34,NEW JERSEY,NJ,1,1,0,3,33,0,CHEROKEE,3,7,July,2010,7,Saturday,13,16,0,6,4,5,39.66618611,-75.45386667,34,1,0,0,0,2,0
340222,34,NEW JERSEY,NJ,1,1,1,3,25,0,BARLOW BEND,1,5,May,2010,7,Saturday,21,25,1,13,3,187,40.15311389,-74.05544722,8,3,0,0,0,1,0
340223,34,NEW JERSEY,NJ,1,1,0,1,25,1925,BARLOW BEND,20,6,June,2010,1,Sunday,21,28,1,12,8,1103,40.34193333,-74.10547500,35,3,0,0,0,1,0
340224,34,NEW JERSEY,NJ,2,2,0,2,3,820,BALDWIN,4,5,May,2010,3,Tuesday,18,1,0,16,6,0,40.81277778,-74.07190556,12,1,0,0,0,1,0
340225,34,NEW JERSEY,NJ,2,2,0,2,29,1590,BORDEN SPRINGS,10,6,June,2010,5,Thursday,20,32,0,15,4,0,40.05523611,-74.23025278,12,5,0,0,0,1,1
340226,34,NEW JERSEY,NJ,2,2,0,2,29,0,BORDEN SPRINGS,16,6,June,2010,4,Wednesday,14,17,1,13,3,464,40.01976111,-74.27660833,12,1,0,0,0,1,0
340227,34,NEW JERSEY,NJ,3,3,0,4,25,1760,BARLOW BEND,28,7,July,2010,4,Wednesday,8,13,1,13,3,50,40.30981111,-73.99263056,12,1,0,0,0,1,0
340228,34,NEW JERSEY,NJ,1,1,0,1,7,598,BIBB,13,7,July,2010,3,Tuesday,19,52,1,11,1,343,39.90249444,-74.98752500,1,1,0,0,0,1,1
340229,34,NEW JERSEY,NJ,2,2,0,2,29,1505,BORDEN SPRINGS,28,6,June,2010,2,Monday,12,37,0,14,4,0,40.08729722,-74.26724444,12,1,0,0,0,1,0
340230,34,NEW JERSEY,NJ,2,2,0,5,29,1505,BORDEN SPRINGS,12,6,June,2010,7,Saturday,23,48,0,14,4,0,40.09873889,-74.25538889,12,3,0,0,0,1,1
340231,34,NEW JERSEY,NJ,1,1,0,1,11,724,BULLOCK,3,7,July,2010,7,Saturday,3,16,0,5,4,0,39.46681111,-75.15459444,41,2,0,0,0,1,1
340232,34,NEW JERSEY,NJ,2,2,0,3,15,0,ANNISTON,26,7,July,2010,2,Monday,16,24,0,3,3,187,39.68024167,-75.20716667,12,1,0,0,0,1,1
340233,34,NEW JERSEY,NJ,1,1,0,2,29,210,BORDEN SPRINGS,27,6,June,2010,1,Sunday,12,29,1,12,8,790,39.91641111,-74.21163333,20,1,0,0,0,1,0
340234,34,NEW JERSEY,NJ,1,1,0,2,25,692,BARLOW BEND,24,6,June,2010,5,Thursday,20,16,1,12,3,223,40.27551667,-74.22115278,24,1,0,0,0,1,0
340235,34,NEW JERSEY,NJ,1,1,0,1,25,1798,BARLOW BEND,11,6,June,2010,6,Friday,17,16,0,16,6,0,40.31462222,-74.30039722,42,1,0,0,0,1,0
340236,34,NEW JERSEY,NJ,1,1,0,2,35,3520,BROOKLYN,26,6,June,2010,7,Saturday,3,13,1,13,2,461,40.64011111,-74.41785000,33,3,0,0,0,2,1
340237,34,NEW JERSEY,NJ,1,1,0,1,37,0,BRADFORD,26,6,June,2010,7,Saturday,21,27,0,6,5,0,40.98741389,-74.82650833,53,2,0,0,0,1,1
340238,34,NEW JERSEY,NJ,1,1,1,2,17,1310,CHAMBERS,21,6,June,2010,2,Monday,11,47,1,11,1,153,40.74263611,-74.15583333,8,1,0,0,0,1,0
340239,34,NEW JERSEY,NJ,1,1,0,4,15,0,ANNISTON,22,7,July,2010,5,Thursday,4,25,1,12,3,440,39.64287222,-75.10085556,24,2,0,0,0,1,0
340240,34,NEW JERSEY,NJ,1,1,0,3,7,3694,BIBB,25,7,July,2010,1,Sunday,0,27,1,12,3,397,39.72766111,-75.00294444,42,2,0,0,0,3,0
340241,34,NEW JERSEY,NJ,1,1,0,2,25,1465,BARLOW BEND,20,7,July,2010,3,Tuesday,6,38,0,4,4,150,40.16820833,-74.15373333,42,1,0,0,0,1,0
340242,34,NEW JERSEY,NJ,2,2,0,3,11,0,BULLOCK,25,5,May,2010,3,Tuesday,16,28,0,4,4,68,39.35783611,-75.11845000,12,1,0,0,0,1,0
340243,34,NEW JERSEY,NJ,1,1,0,3,7,1190,BIBB,2,7,July,2010,6,Friday,11,23,1,11,1,8,39.88447778,-75.10388889,1,1,0,0,0,1,0
340244,34,NEW JERSEY,NJ,3,3,0,4,5,0,BAKER HILL,30,5,May,2010,1,Sunday,17,32,1,2,2,274,40.02393333,-74.73157778,12,1,0,0,0,2,0
340245,34,NEW JERSEY,NJ,1,1,0,3,29,0,BORDEN SPRINGS,12,5,May,2010,4,Wednesday,1,50,1,13,3,83,39.95875833,-74.17346389,33,3,0,0,0,1,1
340246,34,NEW JERSEY,NJ,2,2,0,2,29,1590,BORDEN SPRINGS,8,5,May,2010,7,Saturday,2,56,1,13,2,1016,40.08651111,-74.21547778,12,3,0,0,0,1,1
340247,34,NEW JERSEY,NJ,1,1,0,1,23,3705,BLADON SPRINGS,21,6,June,2010,2,Monday,3,3,1,12,8,1336,40.59339722,-74.32302500,24,2,0,0,0,1,0
340248,34,NEW JERSEY,NJ,2,2,0,3,29,1505,BORDEN SPRINGS,30,5,May,2010,1,Sunday,17,45,0,14,4,0,40.06000833,-74.27556111,12,1,0,0,0,1,1
340249,34,NEW JERSEY,NJ,1,1,0,1,27,2003,ASHLAND,19,6,June,2010,7,Saturday,19,54,1,11,1,480,40.86591944,-74.33226667,1,1,0,0,0,1,1
340250,34,NEW JERSEY,NJ,1,1,0,1,23,2582,BLADON SPRINGS,4,6,June,2010,6,Friday,23,28,0,16,5,0,40.57788056,-74.44650278,33,3,0,0,0,1,1
340251,34,NEW JERSEY,NJ,1,1,1,1,7,598,BIBB,24,4,April,2010,7,Saturday,3,53,0,14,4,0,39.92161944,-75.01842500,8,2,0,0,0,1,0
340252,34,NEW JERSEY,NJ,2,2,0,2,11,3460,BULLOCK,19,8,August,2010,5,Thursday,18,18,0,16,6,0,39.52728056,-75.01344722,12,1,0,0,0,1,0
340253,34,NEW JERSEY,NJ,1,1,0,1,1,0,AUTAUGA,29,6,June,2010,3,Tuesday,15,54,0,16,5,0,39.39337222,-74.61592222,33,1,0,0,0,1,0
340254,34,NEW JERSEY,NJ,1,1,0,1,29,0,BORDEN SPRINGS,5,7,July,2010,2,Monday,23,8,1,12,8,260,40.01821667,-74.18526667,59,2,0,0,0,1,1
340255,34,NEW JERSEY,NJ,1,1,0,2,17,1520,CHAMBERS,13,6,June,2010,1,Sunday,23,21,0,16,6,0,40.69572778,-74.09384167,33,3,0,0,0,2,0
340256,34,NEW JERSEY,NJ,1,1,0,2,3,1860,BALDWIN,13,6,June,2010,1,Sunday,19,16,0,16,6,0,40.91374722,-74.06005000,33,1,0,0,0,2,0
340257,34,NEW JERSEY,NJ,1,1,1,1,35,2250,BROOKLYN,23,6,June,2010,4,Wednesday,19,4,1,13,2,455,40.63440833,-74.42645000,9,1,0,0,0,1,0
340258,34,NEW JERSEY,NJ,1,1,1,1,25,1925,BARLOW BEND,11,6,June,2010,6,Friday,7,26,0,16,5,0,40.42908889,-74.10127500,40,1,0,0,0,1,0
340259,34,NEW JERSEY,NJ,1,1,0,3,1,0,AUTAUGA,3,6,June,2010,5,Thursday,15,36,0,4,4,0,39.50920556,-74.78183333,42,1,0,0,0,1,0
340260,34,NEW JERSEY,NJ,3,3,0,4,35,214,BROOKLYN,20,6,June,2010,1,Sunday,1,14,1,11,1,278,40.64361111,-74.70366111,12,2,0,0,0,1,1
340261,34,NEW JERSEY,NJ,3,3,0,5,3,2790,BALDWIN,11,6,June,2010,6,Friday,13,53,1,13,3,171,40.98267500,-74.08824167,12,1,0,0,0,1,1
340262,34,NEW JERSEY,NJ,2,2,0,7,29,416,BORDEN SPRINGS,27,6,June,2010,1,Sunday,15,37,0,14,4,0,40.09839444,-74.10059444,5,1,0,0,0,1,0
340263,34,NEW JERSEY,NJ,2,2,0,2,5,0,BAKER HILL,20,4,April,2010,3,Tuesday,16,0,0,6,5,0,40.01762500,-74.62557778,12,1,0,0,0,1,0
340264,34,NEW JERSEY,NJ,1,1,1,1,23,1986,BLADON SPRINGS,26,5,May,2010,4,Wednesday,11,11,0,16,5,0,40.33646111,-74.46736944,8,1,0,0,0,1,0
340265,34,NEW JERSEY,NJ,3,3,0,5,35,214,BROOKLYN,2,5,May,2010,1,Sunday,5,41,1,11,1,298,40.64388333,-74.66582222,12,4,0,0,0,1,1
340266,34,NEW JERSEY,NJ,1,1,1,1,1,0,AUTAUGA,3,7,July,2010,7,Saturday,21,36,0,4,4,0,39.46492500,-74.88004444,8,2,0,0,0,1,1
340267,34,NEW JERSEY,NJ,2,2,0,6,1,851,AUTAUGA,13,7,July,2010,3,Tuesday,20,15,0,14,4,0,39.39435556,-74.55942222,12,5,0,0,0,1,0
340268,34,NEW JERSEY,NJ,1,1,0,1,3,3511,BALDWIN,17,7,July,2010,7,Saturday,17,47,1,12,8,1669,40.99149444,-74.07360556,1,1,0,0,0,1,0
340269,34,NEW JERSEY,NJ,1,1,1,1,3,2790,BALDWIN,12,7,July,2010,2,Monday,11,22,0,16,5,0,40.98097500,-74.11763611,8,1,0,0,0,1,0
340270,34,NEW JERSEY,NJ,2,2,0,3,3,2480,BALDWIN,29,7,July,2010,5,Thursday,0,47,1,13,3,39,40.91780833,-74.06067222,12,3,0,0,0,1,1
340271,34,NEW JERSEY,NJ,3,3,0,3,3,3335,BALDWIN,19,5,May,2010,4,Wednesday,4,23,1,12,3,62,40.89898889,-74.02593333,12,3,0,0,0,1,1
340272,34,NEW JERSEY,NJ,1,1,1,1,39,860,ANDALUSIA,25,5,May,2010,3,Tuesday,22,0,0,13,3,354,40.68311111,-74.20736667,8,3,0,0,0,1,0
340273,34,NEW JERSEY,NJ,1,1,1,1,7,2930,BIBB,29,7,July,2010,5,Thursday,22,11,0,13,3,43,39.84279444,-75.08065556,8,3,0,0,0,1,0
340274,34,NEW JERSEY,NJ,1,1,1,1,7,3521,BIBB,13,7,July,2010,3,Tuesday,16,43,1,13,2,182,39.77928056,-74.91190278,9,1,0,0,0,1,0
340275,34,NEW JERSEY,NJ,3,3,0,5,3,2330,BALDWIN,19,7,July,2010,2,Monday,20,46,0,13,2,721,41.02350556,-74.24330833,12,3,0,0,0,1,0
340276,34,NEW JERSEY,NJ,2,2,0,2,11,1845,BULLOCK,14,7,July,2010,4,Wednesday,20,53,0,3,3,412,39.37557778,-74.95173333,12,3,0,0,0,1,1
340277,34,NEW JERSEY,NJ,1,1,0,3,11,3460,BULLOCK,30,7,July,2010,6,Friday,17,16,1,12,3,345,39.51873333,-75.06932222,42,1,0,0,0,1,0
340278,34,NEW JERSEY,NJ,1,1,0,2,13,2130,BOLLING,2,7,July,2010,6,Friday,9,31,0,15,6,0,40.74211944,-74.20189722,33,1,0,0,0,1,0
340279,34,NEW JERSEY,NJ,1,1,1,1,15,1082,ANNISTON,1,7,July,2010,5,Thursday,7,23,0,15,4,0,39.53681389,-74.99173056,9,1,0,0,0,1,0
340280,34,NEW JERSEY,NJ,2,2,0,2,15,0,ANNISTON,19,7,July,2010,2,Monday,16,17,0,3,3,206,39.70811111,-75.20639444,12,1,0,0,0,1,0
340281,34,NEW JERSEY,NJ,1,1,1,1,17,1520,CHAMBERS,15,7,July,2010,5,Thursday,0,37,1,13,3,2,40.73795000,-74.05972778,8,3,0,0,0,1,1
340282,34,NEW JERSEY,NJ,1,1,0,2,17,190,CHAMBERS,22,7,July,2010,5,Thursday,16,41,1,13,3,190,40.65425556,-74.13160000,33,1,0,0,0,1,0
340283,34,NEW JERSEY,NJ,2,2,0,2,21,935,CHILTON,31,7,July,2010,7,Saturday,2,26,1,12,3,72,40.24305278,-74.82274167,12,3,0,0,0,1,1
340284,34,NEW JERSEY,NJ,1,1,1,1,21,3380,CHILTON,9,7,July,2010,6,Friday,10,30,0,99,8,0,40.20627778,-74.76356389,33,1,0,0,0,1,0
340285,34,NEW JERSEY,NJ,2,2,0,3,23,844,BLADON SPRINGS,20,7,July,2010,3,Tuesday,19,12,0,14,4,0,40.57251667,-74.34673611,12,1,0,0,0,1,0
340286,34,NEW JERSEY,NJ,3,3,0,6,23,1986,BLADON SPRINGS,17,7,July,2010,7,Saturday,14,8,1,11,1,280,40.34430278,-74.47645000,12,1,0,0,0,1,0
340287,34,NEW JERSEY,NJ,4,4,0,6,17,1520,CHAMBERS,31,7,July,2010,7,Saturday,15,36,1,12,2,37,40.73881944,-74.07376111,12,1,0,0,0,1,0
340288,34,NEW JERSEY,NJ,1,1,1,1,25,0,BARLOW BEND,12,7,July,2010,2,Monday,8,32,0,16,6,0,40.17985833,-74.40696667,8,1,0,0,0,1,0
340289,34,NEW JERSEY,NJ,1,1,0,1,25,1925,BARLOW BEND,4,7,July,2010,1,Sunday,5,29,1,12,8,1117,40.35256944,-74.11976667,1,4,0,0,0,1,0
340290,34,NEW JERSEY,NJ,2,2,0,3,29,0,BORDEN SPRINGS,4,7,July,2010,1,Sunday,16,40,0,6,5,0,39.63034167,-74.31947222,12,1,0,0,0,1,1
340291,34,NEW JERSEY,NJ,2,2,0,2,29,0,BORDEN SPRINGS,23,7,July,2010,6,Friday,0,55,1,12,8,817,39.95487222,-74.20650556,12,3,0,0,0,1,1
340292,34,NEW JERSEY,NJ,2,2,0,2,21,935,CHILTON,25,4,April,2010,1,Sunday,23,51,1,13,3,40,40.27988611,-74.77985833,12,3,0,0,0,1,0
340293,34,NEW JERSEY,NJ,5,5,1,5,13,320,BOLLING,17,5,May,2010,2,Monday,8,25,0,14,6,0,40.78253056,-74.19113056,12,1,0,0,0,1,0
340294,34,NEW JERSEY,NJ,1,1,0,3,35,214,BROOKLYN,2,7,July,2010,6,Friday,3,14,1,11,1,219,40.65313056,-74.64581389,33,2,0,0,0,2,1
340295,34,NEW JERSEY,NJ,2,2,0,2,3,1060,BALDWIN,21,5,May,2010,6,Friday,3,53,1,11,1,771,40.85436111,-73.96839722,12,3,0,0,0,1,1
340296,34,NEW JERSEY,NJ,4,4,0,7,41,0,BRANTLEY,19,7,July,2010,2,Monday,7,5,1,11,1,33,40.66306111,-75.14163611,12,1,0,0,0,1,0
340297,34,NEW JERSEY,NJ,2,2,0,2,5,0,BAKER HILL,26,5,May,2010,4,Wednesday,7,23,0,15,4,0,39.99211389,-74.56249167,12,1,0,0,0,1,0
340298,34,NEW JERSEY,NJ,1,1,0,4,27,745,ASHLAND,4,7,July,2010,1,Sunday,0,29,0,16,6,0,40.87890000,-74.52500000,42,3,0,0,0,2,0
340299,34,NEW JERSEY,NJ,1,1,0,1,29,1590,BORDEN SPRINGS,30,7,July,2010,6,Friday,1,1,0,14,4,0,40.10431111,-74.24448889,33,3,0,0,0,1,1
340300,34,NEW JERSEY,NJ,1,1,0,1,29,0,BORDEN SPRINGS,25,7,July,2010,1,Sunday,0,26,1,13,3,493,40.04266389,-74.23243056,30,3,0,0,0,1,1
340301,34,NEW JERSEY,NJ,1,1,0,2,29,0,BORDEN SPRINGS,18,7,July,2010,1,Sunday,3,4,1,13,3,215,39.71428333,-74.28148333,33,6,0,0,0,1,1
340302,34,NEW JERSEY,NJ,1,1,0,1,23,704,BLADON SPRINGS,24,6,June,2010,5,Thursday,10,43,0,15,6,0,40.32039722,-74.52882500,40,1,0,0,0,1,0
340303,34,NEW JERSEY,NJ,1,1,0,1,19,2757,CEDAR BLUFF,27,6,June,2010,1,Sunday,23,9,0,6,5,0,40.58998611,-74.72986667,42,3,0,0,0,1,1
340304,34,NEW JERSEY,NJ,1,1,0,1,39,1412,ANDALUSIA,1,8,August,2010,1,Sunday,10,5,1,13,2,580,40.69687500,-74.21874167,19,1,0,0,0,1,1
340305,34,NEW JERSEY,NJ,2,2,0,2,37,0,BRADFORD,27,8,August,2010,6,Friday,12,2,0,14,3,328,41.12976389,-74.61813333,12,1,0,0,0,1,0
340306,34,NEW JERSEY,NJ,1,1,1,1,17,1520,CHAMBERS,30,6,June,2010,4,Wednesday,10,9,0,14,4,0,40.72849444,-74.06689444,8,1,0,0,0,1,0
340307,34,NEW JERSEY,NJ,2,2,0,3,29,0,BORDEN SPRINGS,2,8,August,2010,2,Monday,11,40,1,12,8,643,39.71317778,-74.27736389,12,1,0,0,0,1,0
340308,34,NEW JERSEY,NJ,2,2,0,3,27,0,ASHLAND,29,8,August,2010,1,Sunday,13,55,0,15,4,0,40.79233611,-74.78445000,12,1,0,0,0,1,0
340309,34,NEW JERSEY,NJ,2,2,0,4,1,851,AUTAUGA,18,9,September,2010,7,Saturday,7,57,0,15,4,0,39.38231111,-74.60358333,12,1,0,0,0,1,0
340310,34,NEW JERSEY,NJ,1,1,0,2,1,0,AUTAUGA,5,9,September,2010,1,Sunday,23,41,1,12,8,120,39.44873611,-74.62451667,24,2,0,0,0,1,0
340311,34,NEW JERSEY,NJ,1,1,0,1,35,425,BROOKLYN,7,8,August,2010,7,Saturday,21,43,1,13,2,371,40.57556389,-74.56215000,35,3,0,0,0,1,1
340312,34,NEW JERSEY,NJ,1,1,1,1,1,0,AUTAUGA,6,9,September,2010,2,Monday,2,1,0,16,5,0,39.35301667,-74.62733611,9,2,0,0,0,1,0