ST_CASE,STATE,State Name,State Abbreviation,# of Vehicle involved,VE_FORMS,Pedestrains,Total_Persons_in_accident,COUNTY,CITY,City_County_Name,Calendar_DAY,MONTH,Month_name,YEAR,DAY_WEEK,Day_Week_desc,HOUR,MINUTE,NHS_Desc,trafficway,Route,MILEPT,LATITUDE,LONGITUD,First_Crash_event,Light_cond_desc,Weather_condition,School_bus_involved,Crash_cause,FATALS,DRUNK_DR
361113,36,NEW YORK,NY,2,2,0,2,103,705,DANVILLE,17,12,December,2010,6,Friday,22,20,0,13,4,0,40.79905833,-72.89597778,12,3,0,0,0,1,1
361114,36,NEW YORK,NY,2,2,0,4,103,360,DANVILLE,4,12,December,2010,7,Saturday,11,40,0,16,5,0,40.72573056,-73.37553889,12,1,0,0,0,1,0
361115,36,NEW YORK,NY,2,1,0,2,103,360,DANVILLE,4,12,December,2010,7,Saturday,8,28,0,16,6,0,40.72037500,-73.37841111,33,1,0,0,0,2,0
361116,36,NEW YORK,NY,2,1,0,1,113,5068,COTTONTON,24,12,December,2010,6,Friday,3,13,0,2,3,0,43.37128611,-73.62807500,30,2,0,0,0,1,1
361117,36,NEW YORK,NY,2,2,0,5,71,6410,BRIDGEPORT,29,12,December,2010,4,Wednesday,21,5,0,3,3,0,41.24625556,-74.28095000,12,2,0,0,0,1,0
361118,36,NEW YORK,NY,1,1,0,1,59,4600,FRANKLIN,21,12,December,2010,3,Tuesday,11,25,1,2,3,0,40.70593611,-73.45100556,52,1,0,0,0,1,0
361119,36,NEW YORK,NY,1,1,0,1,39,281,ANDALUSIA,31,12,December,2010,6,Friday,16,56,0,6,4,0,42.33745278,-74.29678611,5,2,0,0,0,1,0
361120,36,NEW YORK,NY,1,1,1,1,61,4170,BELLWOOD,7,12,December,2010,3,Tuesday,6,5,0,16,6,0,40.77764722,-73.96116111,8,3,0,0,0,1,0
361121,36,NEW YORK,NY,1,1,0,2,47,4170,BROWNS,24,12,December,2010,6,Friday,11,57,1,13,6,0,40.59098056,-73.90181111,30,1,0,0,0,1,0
361122,36,NEW YORK,NY,1,1,1,1,81,4170,AUBURN,7,12,December,2010,3,Tuesday,18,44,1,1,1,0,40.69466389,-73.81254722,8,3,0,0,0,1,0
361123,36,NEW YORK,NY,1,1,1,1,59,3360,FRANKLIN,26,12,December,2010,1,Sunday,10,50,0,13,5,0,40.58601667,-73.70110556,8,1,0,0,0,1,0
361124,36,NEW YORK,NY,1,1,1,1,81,4170,AUBURN,12,12,December,2010,1,Sunday,16,58,0,16,6,0,40.56083056,-73.91323889,8,3,0,0,0,1,0
361125,36,NEW YORK,NY,3,3,0,3,59,2600,FRANKLIN,23,11,November,2010,3,Tuesday,10,3,0,16,6,0,40.63361944,-73.65364167,12,1,0,0,0,1,0
361126,36,NEW YORK,NY,1,1,1,1,59,2600,FRANKLIN,28,11,November,2010,1,Sunday,8,22,1,2,3,0,40.72465000,-73.54416389,8,3,0,0,0,1,0
361127,36,NEW YORK,NY,1,1,1,2,61,4170,BELLWOOD,5,12,December,2010,1,Sunday,19,14,0,16,6,0,40.75206667,-73.97350556,9,3,0,0,0,1,0
361128,36,NEW YORK,NY,1,1,0,1,47,4170,BROWNS,27,8,August,2010,6,Friday,2,25,0,16,6,0,40.66854722,-73.92197222,38,3,0,0,0,1,1
361129,36,NEW YORK,NY,1,1,1,2,47,4170,BROWNS,14,9,September,2010,3,Tuesday,16,35,0,13,6,0,40.59110556,-73.96509444,8,1,0,0,0,1,0
361130,36,NEW YORK,NY,1,1,1,1,81,4170,AUBURN,20,11,November,2010,7,Saturday,8,55,0,16,6,0,40.77007778,-73.95143056,8,4,0,0,0,1,0
361131,36,NEW YORK,NY,1,1,1,1,61,4170,BELLWOOD,14,1,January,2010,5,Thursday,18,0,0,16,6,0,40.84282500,-73.94199722,8,3,0,0,0,1,0
361132,36,NEW YORK,NY,1,1,1,1,47,4170,BROWNS,21,6,June,2010,2,Monday,14,25,0,14,6,99999,40.57739167,-73.96239722,8,1,0,0,0,1,0
361133,36,NEW YORK,NY,1,1,0,3,59,3380,FRANKLIN,7,12,December,2010,3,Tuesday,13,28,0,16,6,0,40.66506667,-73.66008889,42,1,0,0,0,1,0
361134,36,NEW YORK,NY,1,1,1,1,81,4170,AUBURN,8,11,November,2010,2,Monday,21,17,0,16,6,99999,40.76429167,-73.82821111,8,3,0,0,0,1,0
361135,36,NEW YORK,NY,1,1,1,1,33,2725,CHEROKEE,15,1,January,2010,6,Friday,5,17,0,5,6,99999,44.98701944,-74.65956667,8,2,0,0,0,1,1
361136,36,NEW YORK,NY,1,1,1,1,81,4170,AUBURN,19,7,July,2010,2,Monday,6,45,1,2,3,0,40.66530278,-73.73541667,8,1,0,0,0,1,0
361137,36,NEW YORK,NY,1,1,1,2,5,4170,BAKER HILL,4,11,November,2010,5,Thursday,21,49,0,16,6,0,40.82100278,-73.89490000,8,2,0,0,0,1,0
361138,36,NEW YORK,NY,2,2,0,3,59,4090,FRANKLIN,27,11,November,2010,7,Saturday,9,15,0,16,6,0,40.74771111,-73.69781389,12,1,0,0,0,1,0
361139,36,NEW YORK,NY,2,2,0,5,47,4170,BROWNS,30,9,September,2010,5,Thursday,8,20,1,13,6,0,40.61285278,-74.01161944,12,1,0,0,0,1,0
361140,36,NEW YORK,NY,1,1,2,1,81,4170,AUBURN,21,9,September,2010,3,Tuesday,15,0,0,16,6,0,40.75713333,-73.82707500,8,1,0,0,0,1,0
361141,36,NEW YORK,NY,2,2,0,2,17,4350,CHAMBERS,21,11,November,2010,1,Sunday,12,0,0,3,3,0,42.53975833,-75.50892778,12,1,0,0,0,1,0
361142,36,NEW YORK,NY,1,1,1,1,47,4170,BROWNS,7,12,December,2010,3,Tuesday,13,30,0,16,6,0,40.67079722,-73.99490000,8,1,0,0,0,1,0
361143,36,NEW YORK,NY,4,2,0,4,47,4170,BROWNS,29,11,November,2010,2,Monday,23,39,0,16,6,0,40.61616667,-73.95457500,12,3,0,0,0,1,1
361144,36,NEW YORK,NY,1,1,1,1,83,6110,ARDMORE,1,9,September,2010,4,Wednesday,9,11,0,6,5,0,42.75213889,-73.68249722,8,1,0,0,0,1,0
361145,36,NEW YORK,NY,1,1,2,1,103,2920,DANVILLE,12,4,April,2010,2,Monday,14,48,0,15,5,0,40.79216389,-73.19247500,8,1,0,0,0,1,0
361146,36,NEW YORK,NY,2,2,0,4,81,4170,AUBURN,18,12,December,2010,7,Saturday,17,20,1,13,6,0,40.71661944,-73.86174444,12,3,0,0,0,1,0
370001,37,NORTH CAROLINA,NC,2,2,0,2,19,0,CEDAR BLUFF,12,1,January,2010,3,Tuesday,16,52,0,3,3,99999,33.98404444,-78.18049167,12,1,0,0,0,1,0
370002,37,NORTH CAROLINA,NC,1,1,0,2,25,1040,BARLOW BEND,8,1,January,2010,6,Friday,23,19,0,14,4,0,35.41179722,-80.63386667,34,2,0,0,0,1,0
370003,37,NORTH CAROLINA,NC,1,1,0,1,47,0,BROWNS,8,1,January,2010,6,Friday,21,21,0,5,4,99999,34.20348056,-78.79639167,34,2,0,0,0,1,1
370004,37,NORTH CAROLINA,NC,2,2,0,2,51,1670,CENTRAL,6,1,January,2010,4,Wednesday,5,44,0,16,6,99999,35.08828333,-78.92668889,12,3,0,0,0,1,0
370005,37,NORTH CAROLINA,NC,1,1,0,1,69,0,ASHFORD,1,1,January,2010,6,Friday,2,32,1,2,2,99999,36.21761667,-78.27226667,34,2,0,0,0,1,1
370006,37,NORTH CAROLINA,NC,3,3,0,3,77,0,ANDERSON,14,1,January,2010,5,Thursday,6,31,0,4,3,99999,36.14213889,-78.57842500,12,2,0,0,0,1,0
370007,37,NORTH CAROLINA,NC,2,2,0,3,85,0,BENTON,12,1,January,2010,3,Tuesday,3,30,1,1,1,99999,35.27097222,-78.61655556,12,2,0,0,0,2,0
370008,37,NORTH CAROLINA,NC,2,2,0,5,89,0,BROWNSBORO,2,1,January,2010,7,Saturday,13,57,0,5,4,99999,35.34963333,-82.45726944,12,1,0,0,0,1,1
370009,37,NORTH CAROLINA,NC,2,2,0,2,103,0,DANVILLE,10,1,January,2010,1,Sunday,20,56,0,5,4,99999,99.99990000,999.99990000,12,2,0,0,0,1,1
370010,37,NORTH CAROLINA,NC,1,1,1,1,129,0,BIGBEE,12,1,January,2010,3,Tuesday,9,50,1,2,2,99999,34.25090278,-77.95724722,8,1,0,0,0,1,0
370011,37,NORTH CAROLINA,NC,1,1,0,3,133,0,ARLEY,13,1,January,2010,4,Wednesday,16,17,0,4,3,99999,34.71544167,-77.62488889,34,1,0,0,0,1,0
370012,37,NORTH CAROLINA,NC,2,2,0,6,135,0,ASH FLAT,5,1,January,2010,3,Tuesday,16,16,0,3,3,99999,35.95357778,-79.25713611,12,1,0,0,0,1,1
370013,37,NORTH CAROLINA,NC,2,2,0,4,147,0,AUGUSTA,9,1,January,2010,7,Saturday,18,5,1,2,2,99999,35.62503611,-77.26502222,12,2,0,0,0,1,0
370014,37,NORTH CAROLINA,NC,1,1,0,3,151,0,FLIPPEN,4,1,January,2010,2,Monday,2,10,1,2,2,99999,35.88148889,-79.63688889,42,2,0,0,0,3,1
370015,37,NORTH CAROLINA,NC,2,2,0,2,151,0,FLIPPEN,12,1,January,2010,3,Tuesday,20,15,0,6,4,99999,35.51965833,-79.68174444,12,2,0,0,0,1,1
370016,37,NORTH CAROLINA,NC,1,1,0,1,157,0,ARCADE,8,1,January,2010,6,Friday,4,7,0,6,4,99999,36.48260556,-79.56963889,35,2,0,0,0,1,1
370017,37,NORTH CAROLINA,NC,2,2,0,6,159,0,FARRAR,7,1,January,2010,5,Thursday,15,36,0,3,3,99999,35.54773889,-80.45247222,12,1,0,0,0,1,0
370018,37,NORTH CAROLINA,NC,2,2,0,3,183,110,FORT STEWART,17,1,January,2010,1,Sunday,19,10,0,14,3,99999,35.68520556,-78.83406111,12,2,0,0,0,2,1
370019,37,NORTH CAROLINA,NC,2,2,0,3,191,0,CRESCENT,7,1,January,2010,5,Thursday,16,44,1,2,2,99999,35.28395278,-78.25776111,12,5,0,0,0,1,0
370020,37,NORTH CAROLINA,NC,2,2,0,3,197,0,BUENA VISTA,16,1,January,2010,7,Saturday,4,45,1,1,1,99999,36.21047778,-80.81084722,12,2,0,0,0,2,0
370021,37,NORTH CAROLINA,NC,2,2,0,2,199,0,ALVATON,6,1,January,2010,4,Wednesday,18,12,1,2,2,99999,35.91510556,-82.24056111,12,2,0,0,0,1,1
370022,37,NORTH CAROLINA,NC,2,2,0,2,17,0,CHAMBERS,22,1,January,2010,6,Friday,17,10,0,3,3,99999,34.41305278,-78.33365556,12,1,0,0,0,1,0
370023,37,NORTH CAROLINA,NC,1,1,0,1,19,0,CEDAR BLUFF,23,1,January,2010,7,Saturday,2,19,0,4,3,99999,34.15999722,-77.98249167,1,2,0,0,0,1,1
370024,37,NORTH CAROLINA,NC,1,1,0,2,21,0,CHILTON,17,1,January,2010,1,Sunday,20,13,1,1,1,99999,35.73055833,-82.55294444,42,2,0,0,0,1,0
370025,37,NORTH CAROLINA,NC,1,1,0,2,35,0,BROOKLYN,18,1,January,2010,2,Monday,14,49,0,6,4,99999,35.58400278,-81.28116944,42,1,0,0,0,1,1
370026,37,NORTH CAROLINA,NC,2,2,0,2,51,0,CENTRAL,13,1,January,2010,4,Wednesday,14,16,1,2,2,99999,35.24019444,-78.82553056,12,1,0,0,0,1,0
370027,37,NORTH CAROLINA,NC,1,1,1,1,51,0,CENTRAL,19,1,January,2010,3,Tuesday,3,13,1,1,1,99999,35.17419444,-78.70008889,8,2,0,0,0,1,0
370028,37,NORTH CAROLINA,NC,2,2,0,2,59,0,FRANKLIN,13,1,January,2010,4,Wednesday,16,21,1,2,2,99999,35.88847778,-80.53982222,12,1,0,0,0,1,0
370029,37,NORTH CAROLINA,NC,1,1,0,1,65,0,CYPRESS,7,1,January,2010,5,Thursday,13,24,1,2,2,99999,35.88760833,-77.53839167,24,1,0,0,0,1,0
370030,37,NORTH CAROLINA,NC,1,1,0,1,71,0,BRIDGEPORT,25,1,January,2010,2,Monday,14,15,0,4,3,99999,35.31533611,-81.16079167,16,1,0,0,0,1,0
370031,37,NORTH CAROLINA,NC,1,1,0,1,71,0,BRIDGEPORT,27,1,January,2010,4,Wednesday,13,40,0,6,4,99999,35.36953056,-81.12232778,42,1,0,0,0,1,1
370032,37,NORTH CAROLINA,NC,1,1,0,3,73,0,ARGO,17,1,January,2010,1,Sunday,23,20,0,6,4,99999,36.43209167,-76.83322778,34,2,0,0,0,2,1
370033,37,NORTH CAROLINA,NC,2,2,0,2,77,0,ANDERSON,18,1,January,2010,2,Monday,5,19,0,4,3,99999,36.13250278,-78.54538056,12,2,0,0,0,1,0
370034,37,NORTH CAROLINA,NC,2,2,0,2,81,4504,AUBURN,6,1,January,2010,4,Wednesday,17,42,0,16,5,99999,36.18380556,-79.86961667,12,2,0,0,0,1,0
370035,37,NORTH CAROLINA,NC,1,1,0,5,103,0,DANVILLE,2,1,January,2010,7,Saturday,16,13,0,6,4,99999,99.99990000,999.99990000,53,1,0,0,0,1,0
370036,37,NORTH CAROLINA,NC,1,1,0,1,105,0,MARION,12,1,January,2010,3,Tuesday,23,56,0,6,4,99999,35.43520000,-79.26668056,53,2,0,0,0,1,1
370037,37,NORTH CAROLINA,NC,1,1,0,1,105,0,MARION,17,1,January,2010,1,Sunday,1,0,0,6,4,99999,35.38018889,-79.16106389,34,2,0,0,0,1,1
370038,37,NORTH CAROLINA,NC,3,3,0,6,107,0,CARROLLTON,19,1,January,2010,3,Tuesday,16,35,1,2,2,99999,35.18228889,-77.62439444,12,1,0,0,0,1,0
370039,37,NORTH CAROLINA,NC,2,2,0,3,125,0,BROOKWOOD,20,1,January,2010,4,Wednesday,11,38,0,4,5,99999,35.18128889,-79.57164722,12,1,0,0,0,1,0
370040,37,NORTH CAROLINA,NC,1,1,0,1,135,0,ASH FLAT,23,1,January,2010,7,Saturday,22,0,1,1,1,99999,36.07577222,-79.19478333,59,2,0,0,0,1,0
370041,37,NORTH CAROLINA,NC,1,1,0,1,155,0,IRWIN,15,1,January,2010,6,Friday,22,24,0,6,4,99999,34.46311667,-79.22713333,34,2,0,0,0,1,1
370042,37,NORTH CAROLINA,NC,1,1,0,1,155,0,IRWIN,20,1,January,2010,4,Wednesday,20,44,0,5,4,99999,34.70815833,-79.02238333,34,2,0,0,0,1,1
370043,37,NORTH CAROLINA,NC,2,2,0,2,179,0,ALLENHURST,5,1,January,2010,3,Tuesday,14,53,0,4,3,99999,35.00120278,-80.69818611,12,1,0,0,0,1,0
370044,37,NORTH CAROLINA,NC,2,2,0,3,179,0,ALLENHURST,8,1,January,2010,6,Friday,10,43,0,4,4,99999,34.99746667,-80.39386111,12,1,0,0,0,1,0
370045,37,NORTH CAROLINA,NC,2,2,0,3,179,0,ALLENHURST,21,1,January,2010,5,Thursday,19,1,0,6,4,99999,35.11961111,-80.42436389,12,2,0,0,0,1,0
370046,37,NORTH CAROLINA,NC,1,1,0,1,183,1770,FORT STEWART,12,1,January,2010,3,Tuesday,16,21,0,16,6,99999,35.68625833,-78.61156667,42,1,0,0,0,1,0
370047,37,NORTH CAROLINA,NC,2,2,0,3,7,3680,BIBB,13,1,January,2010,4,Wednesday,13,30,1,2,2,99999,35.00239722,-80.20283889,12,1,0,0,0,1,0
370048,37,NORTH CAROLINA,NC,1,1,0,1,15,0,ANNISTON,22,1,January,2010,6,Friday,12,14,0,4,3,99999,36.19651111,-76.81074167,34,1,0,0,0,1,0
370049,37,NORTH CAROLINA,NC,2,2,0,2,19,0,CEDAR BLUFF,29,1,January,2010,6,Friday,14,16,1,2,2,99999,34.17518611,-78.08698889,12,1,0,0,0,1,1
370050,37,NORTH CAROLINA,NC,2,2,0,2,37,0,BRADFORD,28,1,January,2010,5,Thursday,17,0,0,5,4,99999,35.85222778,-79.01879722,12,1,0,0,0,1,0
370051,37,NORTH CAROLINA,NC,1,1,0,1,51,0,CENTRAL,29,1,January,2010,6,Friday,16,0,0,5,4,99999,35.08530833,-78.84793333,10,1,0,0,0,1,0
370052,37,NORTH CAROLINA,NC,1,1,0,1,57,4590,BANKSTON,16,1,January,2010,7,Saturday,3,4,0,16,6,99999,35.90619722,-80.06268333,33,3,0,0,0,1,1
370053,37,NORTH CAROLINA,NC,2,2,0,7,81,2170,AUBURN,18,1,January,2010,2,Monday,18,9,0,14,6,99999,35.95319722,-79.98296944,12,3,0,0,0,1,1
370054,37,NORTH CAROLINA,NC,2,2,0,2,119,2280,BELLAMY,21,1,January,2010,5,Thursday,7,5,0,13,3,99999,35.42711389,-80.92165556,12,4,0,0,0,1,0
370055,37,NORTH CAROLINA,NC,2,2,1,6,183,3750,FORT STEWART,15,1,January,2010,6,Friday,7,36,1,11,1,99999,35.75437500,-78.63730556,8,1,0,0,0,1,0
370056,37,NORTH CAROLINA,NC,2,2,0,4,185,0,ANAKTUVUK PASS,28,1,January,2010,5,Thursday,23,56,1,2,2,99999,36.34532500,-78.21512500,12,2,0,0,0,1,1
370057,37,NORTH CAROLINA,NC,1,1,1,1,191,0,CRESCENT,30,1,January,2010,7,Saturday,18,43,1,2,2,99999,35.39958056,-77.99181389,8,2,0,0,0,1,0
370058,37,NORTH CAROLINA,NC,1,1,1,1,51,4374,CENTRAL,1,1,January,2010,6,Friday,21,11,0,13,3,99999,35.20137500,-78.99021944,8,2,0,0,0,1,0
370059,37,NORTH CAROLINA,NC,2,2,0,2,67,0,ABBEVILLE,29,1,January,2010,6,Friday,16,45,1,1,1,99999,36.07529167,-80.11099444,12,1,0,0,0,1,0
370060,37,NORTH CAROLINA,NC,1,1,0,1,81,1940,AUBURN,1,1,January,2010,6,Friday,0,17,1,11,1,99999,36.00240833,-79.81981944,24,2,0,0,0,1,1
370061,37,NORTH CAROLINA,NC,2,2,1,1,81,1940,AUBURN,18,1,January,2010,2,Monday,2,40,1,11,1,99999,36.00324444,-79.84746389,12,3,0,0,0,1,0
370062,37,NORTH CAROLINA,NC,1,1,0,1,67,5120,ABBEVILLE,23,1,January,2010,7,Saturday,21,19,0,15,6,99999,36.08220278,-80.16657222,1,3,0,0,0,1,1
370063,37,NORTH CAROLINA,NC,7,2,0,2,129,5060,BIGBEE,5,1,January,2010,3,Tuesday,1,28,0,16,6,99999,34.18366389,-77.92986667,12,3,0,0,0,1,1
370064,37,NORTH CAROLINA,NC,2,2,0,2,171,0,ALDORA,18,1,January,2010,2,Monday,17,45,0,4,3,99999,36.30174167,-80.74605833,12,5,0,0,0,1,1
370065,37,NORTH CAROLINA,NC,2,2,0,3,13,0,BOLLING,5,2,February,2010,6,Friday,19,9,0,4,3,99999,35.46537778,-77.06453889,12,2,10,0,0,1,0
370066,37,NORTH CAROLINA,NC,1,1,0,4,15,0,ANNISTON,8,2,February,2010,2,Monday,16,55,0,5,4,99999,36.17138333,-77.12363611,34,1,0,0,0,1,0
370067,37,NORTH CAROLINA,NC,1,1,0,1,53,0,ATMORE,11,2,February,2010,5,Thursday,0,11,1,2,2,99999,36.18745556,-75.86387778,32,2,0,0,0,1,1
370068,37,NORTH CAROLINA,NC,1,1,0,1,63,0,BOLIGEE,15,2,February,2010,2,Monday,22,8,0,4,4,99999,36.06270000,-78.81660556,42,2,0,0,0,1,1
370069,37,NORTH CAROLINA,NC,1,1,1,1,71,0,BRIDGEPORT,1,2,February,2010,2,Monday,20,33,0,5,4,99999,35.22020000,-81.24385833,8,2,0,0,0,1,0
370070,37,NORTH CAROLINA,NC,1,1,0,4,81,0,AUBURN,13,2,February,2010,7,Saturday,22,52,0,6,4,99999,36.23542500,-79.74024167,59,2,0,0,0,3,1
370071,37,NORTH CAROLINA,NC,1,1,0,1,81,0,AUBURN,14,2,February,2010,1,Sunday,3,29,0,3,4,99999,36.11972778,-79.70870833,23,2,0,0,0,1,1
370072,37,NORTH CAROLINA,NC,1,1,0,2,85,0,BENTON,3,2,February,2010,4,Wednesday,18,15,0,6,4,99999,35.53395556,-78.79437500,23,5,0,0,0,1,1
370073,37,NORTH CAROLINA,NC,2,2,0,2,97,0,AXIS,2,2,February,2010,3,Tuesday,7,0,0,5,4,99999,35.82954722,-80.92515278,12,4,0,0,0,1,0
370074,37,NORTH CAROLINA,NC,1,1,0,1,119,870,BELLAMY,3,2,February,2010,4,Wednesday,18,35,1,11,1,99999,35.25199722,-80.84396944,34,5,0,0,0,1,0
370075,37,NORTH CAROLINA,NC,2,2,0,2,119,870,BELLAMY,3,2,February,2010,4,Wednesday,20,59,1,11,1,99999,35.27694722,-80.81500000,12,2,0,0,0,1,0
370076,37,NORTH CAROLINA,NC,1,1,0,2,125,0,BROOKWOOD,13,2,February,2010,7,Saturday,17,42,0,6,4,99999,35.23714444,-79.49862500,42,1,0,0,0,1,0
370077,37,NORTH CAROLINA,NC,3,2,0,5,147,0,AUGUSTA,4,2,February,2010,5,Thursday,10,0,0,4,3,99999,35.46951944,-77.34790833,12,1,0,0,0,1,0
370078,37,NORTH CAROLINA,NC,1,1,0,2,1,700,AUTAUGA,13,2,February,2010,7,Saturday,1,54,0,4,3,99999,36.06824167,-79.43151667,42,3,10,0,0,2,1
370079,37,NORTH CAROLINA,NC,1,1,0,1,1,1900,AUTAUGA,27,1,January,2010,4,Wednesday,8,10,1,11,1,99999,36.06755556,-79.32918611,59,1,0,0,0,1,0
370080,37,NORTH CAROLINA,NC,1,1,1,2,61,450,BELLWOOD,22,1,January,2010,6,Friday,19,0,0,16,5,99999,34.91685556,-77.77548056,8,3,0,0,0,1,0
370081,37,NORTH CAROLINA,NC,1,1,1,1,101,0,BOYLSTON,9,1,January,2010,7,Saturday,19,35,1,2,2,99999,35.57290278,-78.35543611,8,2,0,0,0,1,0
370082,37,NORTH CAROLINA,NC,1,1,0,9,101,0,BOYLSTON,31,1,January,2010,1,Sunday,12,50,0,5,4,99999,35.56340833,-78.14502222,5,1,0,0,0,1,0
370083,37,NORTH CAROLINA,NC,3,3,0,5,105,4090,MARION,1,1,January,2010,6,Friday,16,26,0,16,6,99999,35.47840000,-79.17920556,12,1,0,0,0,1,1
370084,37,NORTH CAROLINA,NC,2,1,0,2,119,870,BELLAMY,4,1,January,2010,2,Monday,1,34,1,11,1,99999,35.23685556,-80.85508333,14,3,0,0,0,1,1
370085,37,NORTH CAROLINA,NC,1,1,0,2,129,0,BIGBEE,23,1,January,2010,7,Saturday,1,20,0,6,4,99999,34.29538611,-77.85770000,59,2,0,0,0,1,1
370086,37,NORTH CAROLINA,NC,1,1,1,1,187,3670,DAHLONEGA,27,1,January,2010,4,Wednesday,18,9,1,2,2,99999,35.85420556,-76.75136667,9,3,0,0,0,1,0
370087,37,NORTH CAROLINA,NC,2,2,0,5,1,2990,AUTAUGA,9,2,February,2010,3,Tuesday,7,49,1,11,1,99999,36.06856111,-79.29412500,12,1,0,0,0,2,0
370088,37,NORTH CAROLINA,NC,1,1,0,1,27,0,ASHLAND,23,2,February,2010,3,Tuesday,15,6,0,6,4,99999,35.92233333,-81.64255833,35,1,0,0,0,1,0
370089,37,NORTH CAROLINA,NC,1,1,1,1,35,0,BROOKLYN,6,2,February,2010,7,Saturday,19,58,0,6,4,99999,99.99990000,999.99990000,8,2,0,0,0,1,1
370090,37,NORTH CAROLINA,NC,1,1,1,1,67,5120,ABBEVILLE,9,2,February,2010,3,Tuesday,19,35,1,11,1,99999,36.06774722,-80.18028333,8,2,0,0,0,1,0
370091,37,NORTH CAROLINA,NC,1,1,0,1,107,0,CARROLLTON,17,2,February,2010,4,Wednesday,10,14,0,4,3,99999,35.20181389,-77.66199444,34,1,0,0,0,1,0
370092,37,NORTH CAROLINA,NC,2,2,0,2,117,0,BIRMINGHAM,18,2,February,2010,5,Thursday,18,10,1,2,2,99999,35.83228889,-76.80653611,12,5,0,0,0,1,0
370093,37,NORTH CAROLINA,NC,2,2,0,3,123,0,ALEXANDER CITY,16,2,February,2010,3,Tuesday,6,15,0,4,3,99999,35.45266389,-80.02143056,12,2,0,0,0,1,0
370094,37,NORTH CAROLINA,NC,2,2,0,4,133,0,ARLEY,18,2,February,2010,5,Thursday,10,29,0,6,4,99999,34.88244444,-77.50700000,12,1,0,0,0,1,1
370095,37,NORTH CAROLINA,NC,1,1,0,1,155,0,IRWIN,18,2,February,2010,5,Thursday,10,56,1,1,1,99999,34.81725556,-78.98457500,35,1,0,0,0,1,0
370096,37,NORTH CAROLINA,NC,1,1,0,1,155,0,IRWIN,17,2,February,2010,4,Wednesday,1,5,0,5,4,99999,34.68651111,-79.30275000,30,2,0,0,0,1,1
370097,37,NORTH CAROLINA,NC,1,1,1,1,171,0,ALDORA,13,2,February,2010,7,Saturday,3,53,1,2,2,99999,36.32149722,-80.86336667,8,2,0,0,0,1,1
370098,37,NORTH CAROLINA,NC,1,1,0,2,33,0,CHEROKEE,8,1,January,2010,6,Friday,8,55,0,6,4,99999,36.46485000,-79.41495278,43,1,0,0,0,1,0
370099,37,NORTH CAROLINA,NC,1,1,1,5,119,870,BELLAMY,1,1,January,2010,6,Friday,18,22,0,16,6,99999,35.27121667,-80.76748333,8,3,0,0,0,1,0
370100,37,NORTH CAROLINA,NC,1,1,1,1,119,870,BELLAMY,15,1,January,2010,6,Friday,23,57,1,12,2,99999,35.29411111,-80.75551944,8,2,0,0,0,1,1
370101,37,NORTH CAROLINA,NC,2,2,0,2,119,0,BELLAMY,27,1,January,2010,4,Wednesday,20,16,0,6,4,99999,35.24523056,-81.00622222,12,2,0,0,0,1,1
370102,37,NORTH CAROLINA,NC,1,1,0,3,119,870,BELLAMY,30,1,January,2010,7,Saturday,2,41,0,16,6,99999,35.17079167,-80.89083333,42,2,0,0,0,1,1
370103,37,NORTH CAROLINA,NC,1,1,0,1,129,0,BIGBEE,21,1,January,2010,5,Thursday,6,45,0,6,4,99999,34.10981944,-77.91248611,1,4,0,0,0,1,0
370104,37,NORTH CAROLINA,NC,1,1,0,3,183,3750,FORT STEWART,23,1,January,2010,7,Saturday,2,17,0,16,6,99999,35.89875833,-78.77208056,30,2,0,0,0,1,1
370105,37,NORTH CAROLINA,NC,2,2,0,3,3,0,BALDWIN,27,2,February,2010,7,Saturday,18,45,0,3,3,99999,35.83928889,-81.18604167,12,2,0,0,0,1,0
370106,37,NORTH CAROLINA,NC,1,1,1,1,17,0,CHAMBERS,8,2,February,2010,2,Monday,1,30,0,3,3,99999,34.44280556,-78.38038056,8,2,0,0,0,1,0
370107,37,NORTH CAROLINA,NC,2,2,0,4,19,0,CEDAR BLUFF,20,2,February,2010,7,Saturday,18,18,0,6,4,99999,33.92450278,-78.38497778,53,5,0,0,0,1,1
370108,37,NORTH CAROLINA,NC,1,1,0,1,45,0,ARITON,9,2,February,2010,3,Tuesday,14,53,0,6,4,99999,99.99990000,999.99990000,42,1,0,0,0,1,0
370109,37,NORTH CAROLINA,NC,1,1,0,3,47,0,BROWNS,21,2,February,2010,1,Sunday,14,28,0,5,4,99999,34.37177778,-78.37569167,32,1,0,0,0,1,0