ST_CASE,STATE,State Name,State Abbreviation,# of Vehicle involved,VE_FORMS,Pedestrains,Total_Persons_in_accident,COUNTY,CITY,City_County_Name,Calendar_DAY,MONTH,Month_name,YEAR,DAY_WEEK,Day_Week_desc,HOUR,MINUTE,NHS_Desc,trafficway,Route,MILEPT,LATITUDE,LONGITUD,First_Crash_event,Light_cond_desc,Weather_condition,School_bus_involved,Crash_cause,FATALS,DRUNK_DR
370254,37,NORTH CAROLINA,NC,1,1,1,1,69,0,ASHFORD,23,4,April,2010,6,Friday,23,35,0,4,3,99999,35.90067778,-78.26610833,9,2,0,0,0,1,0
370255,37,NORTH CAROLINA,NC,2,2,0,2,87,0,ARMSTRONG,19,4,April,2010,2,Monday,16,46,1,2,2,99999,35.44483333,-83.06835556,12,1,0,0,0,2,0
370256,37,NORTH CAROLINA,NC,2,2,0,3,97,0,AXIS,1,4,April,2010,5,Thursday,14,33,0,4,3,99999,36.02505833,-80.95683611,12,1,0,0,0,1,0
370257,37,NORTH CAROLINA,NC,1,1,0,1,97,0,AXIS,6,4,April,2010,3,Tuesday,14,39,0,4,3,99999,35.53941944,-80.76783611,35,1,0,0,0,1,1
370258,37,NORTH CAROLINA,NC,1,1,0,1,101,4140,BOYLSTON,14,4,April,2010,4,Wednesday,1,29,0,6,6,99999,35.55525556,-78.31290833,32,3,0,0,0,1,1
370259,37,NORTH CAROLINA,NC,1,1,0,1,101,0,BOYLSTON,24,4,April,2010,7,Saturday,17,10,1,1,1,99999,35.51820278,-78.28851111,59,1,0,0,0,1,1
370260,37,NORTH CAROLINA,NC,1,1,0,1,119,870,BELLAMY,7,4,April,2010,4,Wednesday,15,46,1,11,1,99999,35.33662222,-80.84848056,24,1,0,0,0,1,0
370261,37,NORTH CAROLINA,NC,2,2,0,3,123,0,ALEXANDER CITY,18,4,April,2010,1,Sunday,14,5,0,6,4,99999,35.22111667,-80.05312500,12,1,0,0,0,1,0
370262,37,NORTH CAROLINA,NC,1,1,0,2,129,0,BIGBEE,15,4,April,2010,5,Thursday,19,35,0,6,4,99999,34.10975833,-77.91036667,34,5,0,0,0,1,1
370263,37,NORTH CAROLINA,NC,1,1,0,6,153,0,BONAIRE,4,4,April,2010,1,Sunday,23,13,1,2,2,99999,34.87798333,-79.68019444,16,2,0,0,0,1,0
370264,37,NORTH CAROLINA,NC,2,2,0,2,153,0,BONAIRE,9,4,April,2010,6,Friday,13,12,0,4,3,99999,35.15126667,-79.92021667,12,1,0,0,0,1,0
370265,37,NORTH CAROLINA,NC,2,2,0,2,155,0,IRWIN,7,4,April,2010,4,Wednesday,23,6,0,6,4,99999,34.70914444,-79.14040000,12,2,0,0,0,1,0
370267,37,NORTH CAROLINA,NC,2,2,0,5,159,0,FARRAR,18,4,April,2010,1,Sunday,16,36,0,4,4,99999,35.61948889,-80.32062222,12,1,0,0,0,1,1
370268,37,NORTH CAROLINA,NC,1,1,0,1,167,0,ADRIAN,17,4,April,2010,7,Saturday,18,3,0,6,4,99999,35.40932222,-80.33535833,35,1,0,0,0,1,1
370269,37,NORTH CAROLINA,NC,1,1,0,1,171,0,ALDORA,24,4,April,2010,7,Saturday,12,52,0,6,4,99999,36.47403889,-80.73228611,1,1,0,0,0,1,0
370270,37,NORTH CAROLINA,NC,2,2,0,3,179,0,ALLENHURST,1,4,April,2010,5,Thursday,16,48,0,4,3,99999,35.15219722,-80.55630556,12,1,0,0,0,2,0
370271,37,NORTH CAROLINA,NC,1,1,0,1,179,2290,ALLENHURST,10,4,April,2010,7,Saturday,17,59,1,2,2,99999,35.05543889,-80.62594722,34,1,0,0,0,1,0
370272,37,NORTH CAROLINA,NC,2,2,0,2,183,3750,FORT STEWART,1,4,April,2010,5,Thursday,18,55,1,12,2,99999,35.87384722,-78.57813611,12,1,0,0,0,1,1
370273,37,NORTH CAROLINA,NC,2,2,0,2,183,0,FORT STEWART,20,4,April,2010,3,Tuesday,9,16,0,4,4,99999,35.67253056,-78.72277500,12,1,0,0,0,1,0
370274,37,NORTH CAROLINA,NC,1,1,0,2,195,0,CARLTON,8,4,April,2010,5,Thursday,21,30,1,2,2,99999,35.76846944,-78.08277500,32,2,0,0,0,1,0
370275,37,NORTH CAROLINA,NC,2,2,0,2,197,0,BUENA VISTA,30,3,March,2010,3,Tuesday,6,52,0,5,4,99999,36.13376667,-80.70692778,12,4,0,0,0,1,0
370276,37,NORTH CAROLINA,NC,1,1,0,1,3,0,BALDWIN,24,4,April,2010,7,Saturday,3,32,0,6,4,99999,35.89114444,-81.21764722,35,2,0,0,0,1,1
370277,37,NORTH CAROLINA,NC,1,1,1,1,19,0,CEDAR BLUFF,25,4,April,2010,1,Sunday,21,9,0,5,4,99999,34.30472500,-78.07775278,8,2,0,0,0,1,0
370278,37,NORTH CAROLINA,NC,1,1,0,2,35,0,BROOKLYN,30,4,April,2010,6,Friday,23,43,0,3,4,99999,35.76533611,-81.26713611,33,2,0,0,0,1,1
370279,37,NORTH CAROLINA,NC,1,1,0,1,39,0,ANDALUSIA,28,4,April,2010,4,Wednesday,1,46,1,2,2,99999,35.02530833,-84.09760556,42,2,0,0,0,1,1
370280,37,NORTH CAROLINA,NC,2,2,0,3,53,0,ATMORE,20,4,April,2010,3,Tuesday,14,46,0,4,3,99999,36.36734167,-75.82738056,12,1,0,0,0,1,0
370281,37,NORTH CAROLINA,NC,3,3,0,4,57,4590,BANKSTON,3,4,April,2010,7,Saturday,14,13,0,13,3,99999,99.99990000,999.99990000,12,1,0,0,0,2,0
370282,37,NORTH CAROLINA,NC,2,2,0,3,57,0,BANKSTON,27,4,April,2010,3,Tuesday,7,19,0,4,4,99999,35.82620833,-80.14228056,12,1,0,0,0,1,0
370283,37,NORTH CAROLINA,NC,2,2,0,2,61,0,BELLWOOD,10,4,April,2010,7,Saturday,1,0,0,4,3,99999,34.96311389,-77.94252500,12,2,0,0,0,1,0
370284,37,NORTH CAROLINA,NC,2,2,0,4,65,0,CYPRESS,24,4,April,2010,7,Saturday,14,40,0,4,3,99999,35.81330556,-77.65814722,12,1,0,0,0,1,0
370285,37,NORTH CAROLINA,NC,2,2,0,3,71,1800,BRIDGEPORT,18,4,April,2010,1,Sunday,23,21,0,16,6,99999,35.26012778,-81.13016944,12,3,0,0,0,1,1
370286,37,NORTH CAROLINA,NC,1,1,0,1,81,1940,AUBURN,13,4,April,2010,3,Tuesday,9,5,0,16,6,99999,36.03652778,-79.80750000,42,1,0,0,0,1,0
370287,37,NORTH CAROLINA,NC,1,1,0,4,83,0,ARDMORE,24,4,April,2010,7,Saturday,11,56,1,1,1,99999,36.29541111,-77.71161944,42,1,0,0,0,1,0
370288,37,NORTH CAROLINA,NC,1,1,0,1,85,0,BENTON,21,4,April,2010,4,Wednesday,22,15,1,11,1,99999,35.31363611,-78.57859722,34,2,0,0,0,1,1
370289,37,NORTH CAROLINA,NC,1,1,0,1,89,2130,BROWNSBORO,16,4,April,2010,6,Friday,15,13,0,16,6,99999,35.32790556,-82.48125833,43,1,0,0,0,1,0
370290,37,NORTH CAROLINA,NC,2,2,0,3,93,0,BEAR CREEK,26,4,April,2010,2,Monday,19,20,0,5,4,99999,35.04532500,-79.38110556,12,1,0,0,0,2,0
370291,37,NORTH CAROLINA,NC,3,3,0,6,97,4430,AXIS,9,4,April,2010,6,Friday,14,51,0,16,6,99999,35.76981111,-80.85632222,12,1,0,0,0,1,0
370292,37,NORTH CAROLINA,NC,2,2,0,2,101,0,BOYLSTON,28,4,April,2010,4,Wednesday,7,42,0,6,4,99999,35.38310278,-78.49828056,12,1,0,0,0,1,0
370293,37,NORTH CAROLINA,NC,1,1,0,2,119,2280,BELLAMY,25,4,April,2010,1,Sunday,3,53,0,16,6,99999,35.44613056,-80.87800833,42,3,0,0,0,1,1
370294,37,NORTH CAROLINA,NC,1,1,1,1,129,5060,BIGBEE,14,4,April,2010,4,Wednesday,17,42,0,16,6,99999,34.22605556,-77.92440556,8,1,0,0,0,1,0
370295,37,NORTH CAROLINA,NC,1,1,0,2,141,0,BEE BRANCH,26,4,April,2010,2,Monday,11,44,1,1,1,99999,34.53046111,-77.89255278,1,1,0,0,0,1,0
370296,37,NORTH CAROLINA,NC,1,1,0,2,171,0,ALDORA,14,4,April,2010,4,Wednesday,22,24,1,2,2,99999,36.40903056,-80.69610278,35,2,0,0,0,1,0
370297,37,NORTH CAROLINA,NC,1,1,0,1,175,0,CADWELL,30,4,April,2010,6,Friday,18,15,1,2,2,99999,35.29992500,-82.67675278,1,1,0,0,0,1,0
370298,37,NORTH CAROLINA,NC,2,2,0,2,181,0,LINCOLN,30,4,April,2010,6,Friday,20,15,0,5,4,99999,36.33106389,-78.33741111,12,5,0,0,0,1,0
370299,37,NORTH CAROLINA,NC,1,1,1,2,183,0,FORT STEWART,29,4,April,2010,5,Thursday,21,35,0,3,3,99999,35.94840278,-78.42241667,8,2,0,0,0,1,0
370300,37,NORTH CAROLINA,NC,1,1,0,3,185,0,ANAKTUVUK PASS,18,4,April,2010,1,Sunday,2,20,0,6,4,99999,36.28148889,-77.98100000,1,2,0,0,0,2,1
370301,37,NORTH CAROLINA,NC,1,1,0,1,31,0,COFFEE,2,5,May,2010,1,Sunday,11,13,1,2,2,99999,34.77299167,-76.86816111,59,1,0,0,0,1,0
370302,37,NORTH CAROLINA,NC,1,1,0,2,81,3413,AUBURN,2,5,May,2010,1,Sunday,2,34,0,13,3,99999,36.15981667,-79.97822222,35,2,0,0,0,1,1
370303,37,NORTH CAROLINA,NC,2,2,0,2,127,0,BURNWELL,1,5,May,2010,7,Saturday,7,14,0,5,6,99999,35.90457222,-77.90404722,12,1,0,0,0,1,0
370304,37,NORTH CAROLINA,NC,2,2,0,6,171,0,ALDORA,2,5,May,2010,1,Sunday,17,14,1,2,2,99999,36.37975556,-80.70859167,12,1,0,0,0,1,0
370305,37,NORTH CAROLINA,NC,1,1,0,1,197,0,BUENA VISTA,3,5,May,2010,2,Monday,15,0,0,5,4,99999,36.11471944,-80.54643611,32,1,0,0,0,1,0
370306,37,NORTH CAROLINA,NC,1,1,0,1,17,0,CHAMBERS,20,4,April,2010,3,Tuesday,15,3,0,4,3,99999,34.58481667,-78.65627222,34,1,0,0,0,1,0
370307,37,NORTH CAROLINA,NC,1,1,0,1,97,4430,AXIS,30,4,April,2010,6,Friday,23,53,0,16,6,99999,35.78732222,-80.88220556,33,3,0,0,0,1,0
370308,37,NORTH CAROLINA,NC,1,1,0,1,193,0,IDEAL,28,4,April,2010,4,Wednesday,4,24,0,5,4,99999,36.27700833,-81.02460000,34,2,0,0,0,1,1
370309,37,NORTH CAROLINA,NC,3,3,0,3,19,0,CEDAR BLUFF,7,5,May,2010,6,Friday,23,26,0,4,3,99999,33.92199722,-78.07245278,12,2,0,0,0,1,1
370310,37,NORTH CAROLINA,NC,1,1,0,1,61,0,BELLWOOD,2,5,May,2010,1,Sunday,2,57,0,6,4,99999,99.99990000,999.99990000,1,2,0,0,0,1,1
370311,37,NORTH CAROLINA,NC,1,1,0,1,79,0,COURTLAND,4,5,May,2010,3,Tuesday,23,49,0,4,3,99999,35.46088056,-77.50554167,30,2,0,0,0,1,1
370312,37,NORTH CAROLINA,NC,1,1,0,2,157,0,ARCADE,2,5,May,2010,1,Sunday,4,11,0,6,4,99999,36.37644722,-79.85017778,34,2,0,0,0,1,1
370313,37,NORTH CAROLINA,NC,1,1,0,1,161,0,DENTON,1,5,May,2010,7,Saturday,18,16,0,3,2,99999,35.22472778,-81.84213611,42,1,0,0,0,1,1
370314,37,NORTH CAROLINA,NC,1,1,1,1,179,0,ALLENHURST,23,4,April,2010,6,Friday,7,0,0,5,4,99999,34.83719444,-80.45210833,8,1,0,0,0,1,0
370315,37,NORTH CAROLINA,NC,1,1,1,1,35,2150,BROOKLYN,29,4,April,2010,5,Thursday,16,48,0,16,6,99999,35.73118611,-81.33728056,8,1,0,0,0,1,0
370316,37,NORTH CAROLINA,NC,2,2,0,2,81,1940,AUBURN,27,4,April,2010,3,Tuesday,7,15,1,11,1,99999,36.06242222,-79.66873056,12,1,0,0,0,1,0
370317,37,NORTH CAROLINA,NC,2,2,0,9,81,2170,AUBURN,30,4,April,2010,6,Friday,11,22,0,16,6,99999,35.94966111,-80.01849167,12,1,0,0,0,2,0
370318,37,NORTH CAROLINA,NC,2,2,0,2,85,0,BENTON,19,4,April,2010,2,Monday,15,15,0,5,4,99999,35.32317778,-78.99281389,12,1,0,0,0,1,0
370319,37,NORTH CAROLINA,NC,2,1,0,5,119,870,BELLAMY,24,4,April,2010,7,Saturday,2,50,0,16,6,99999,35.17177500,-80.96160000,35,2,0,0,0,1,1
370320,37,NORTH CAROLINA,NC,2,2,0,3,119,870,BELLAMY,30,4,April,2010,6,Friday,23,13,1,11,1,99999,35.24407778,-80.84735833,12,2,0,0,0,1,1
370321,37,NORTH CAROLINA,NC,2,2,0,3,167,4396,ADRIAN,18,4,April,2010,1,Sunday,1,55,0,16,6,99999,35.21925833,-80.41854722,12,3,0,0,0,1,2
370322,37,NORTH CAROLINA,NC,2,2,0,2,3,0,BALDWIN,10,5,May,2010,2,Monday,17,6,0,3,2,99999,35.89259722,-81.09910000,12,1,0,0,0,1,1
370323,37,NORTH CAROLINA,NC,1,1,0,1,7,0,BIBB,13,5,May,2010,5,Thursday,16,50,0,6,4,99999,34.86621389,-80.14311667,34,1,0,0,0,1,0
370324,37,NORTH CAROLINA,NC,2,2,0,2,9,0,BLOUNT,12,5,May,2010,4,Wednesday,14,54,0,3,3,99999,36.34741667,-81.37976667,12,1,0,0,0,1,1
370325,37,NORTH CAROLINA,NC,1,1,1,1,15,0,ANNISTON,8,5,May,2010,7,Saturday,2,20,0,6,4,99999,35.90462500,-76.99235833,8,2,0,0,0,1,0
370326,37,NORTH CAROLINA,NC,1,1,1,1,17,0,CHAMBERS,15,5,May,2010,7,Saturday,5,18,0,4,3,99999,34.58467500,-78.65627222,8,2,0,0,0,1,0
370327,37,NORTH CAROLINA,NC,2,2,0,2,51,0,CENTRAL,9,5,May,2010,1,Sunday,23,12,0,3,3,99999,35.06906389,-78.90552500,12,2,0,0,0,1,1
370328,37,NORTH CAROLINA,NC,3,3,0,3,63,1360,BOLIGEE,3,5,May,2010,2,Monday,7,52,1,11,1,99999,36.01869722,-78.90003333,12,1,0,0,0,1,0
370329,37,NORTH CAROLINA,NC,1,1,0,2,65,4560,CYPRESS,9,5,May,2010,1,Sunday,11,7,0,16,6,99999,35.90678056,-77.59489167,32,1,0,0,0,1,0
370330,37,NORTH CAROLINA,NC,1,1,0,1,69,0,ASHFORD,7,5,May,2010,6,Friday,20,5,0,5,4,99999,36.09509444,-78.30402500,1,1,0,0,0,1,0
370331,37,NORTH CAROLINA,NC,1,1,0,1,81,0,AUBURN,14,5,May,2010,6,Friday,23,5,0,6,4,99999,36.08274722,-79.68057500,43,2,2,0,0,1,0
370332,37,NORTH CAROLINA,NC,1,1,1,3,85,1350,BENTON,10,5,May,2010,2,Monday,23,52,1,11,1,99999,35.33221111,-78.56374722,8,2,0,0,0,1,0
370333,37,NORTH CAROLINA,NC,1,1,0,2,89,0,BROWNSBORO,10,5,May,2010,2,Monday,11,30,0,6,4,99999,35.38163333,-82.31103056,1,1,0,0,0,1,0
370334,37,NORTH CAROLINA,NC,1,1,0,1,101,0,BOYLSTON,8,5,May,2010,7,Saturday,21,10,1,1,1,99999,35.26580556,-78.38830833,59,2,0,0,0,1,1
370335,37,NORTH CAROLINA,NC,1,1,0,1,105,0,MARION,12,5,May,2010,4,Wednesday,2,45,0,5,4,99999,35.38779167,-79.14696667,43,2,0,0,0,1,1
370336,37,NORTH CAROLINA,NC,1,1,0,1,119,2280,BELLAMY,5,5,May,2010,4,Wednesday,21,49,0,16,6,99999,35.40101389,-80.92417778,30,3,0,0,0,1,1
370337,37,NORTH CAROLINA,NC,1,1,0,3,131,0,ARLINGTON,5,5,May,2010,4,Wednesday,16,44,0,4,2,99999,36.45953611,-77.55626667,34,1,0,0,0,1,0
370338,37,NORTH CAROLINA,NC,2,2,0,2,147,0,AUGUSTA,14,5,May,2010,6,Friday,16,29,0,5,3,99999,35.41927222,-77.25791944,12,1,0,0,0,1,0
370339,37,NORTH CAROLINA,NC,1,1,0,1,151,0,FLIPPEN,10,5,May,2010,2,Monday,17,2,0,6,4,99999,35.78871667,-79.65148056,35,1,0,0,0,1,1
370340,37,NORTH CAROLINA,NC,1,1,1,1,155,0,IRWIN,13,5,May,2010,5,Thursday,18,35,0,6,4,99999,34.70394167,-79.17142778,8,1,0,0,0,1,0
370341,37,NORTH CAROLINA,NC,2,2,0,2,155,0,IRWIN,15,5,May,2010,7,Saturday,22,0,0,4,4,99999,34.78765556,-79.22464444,12,2,0,0,0,2,0
370342,37,NORTH CAROLINA,NC,2,2,0,2,167,3280,ADRIAN,13,5,May,2010,5,Thursday,15,30,1,13,2,99999,35.42598611,-80.21495833,12,1,0,0,0,1,0
370343,37,NORTH CAROLINA,NC,2,2,0,2,183,0,FORT STEWART,12,5,May,2010,4,Wednesday,10,6,0,3,4,99999,35.68149167,-78.65344167,12,1,0,0,0,1,1
370344,37,NORTH CAROLINA,NC,1,1,0,2,183,0,FORT STEWART,15,5,May,2010,7,Saturday,4,32,0,6,4,99999,35.64976389,-78.54023056,42,2,0,0,0,1,0
370345,37,NORTH CAROLINA,NC,1,1,0,2,183,0,FORT STEWART,15,5,May,2010,7,Saturday,7,16,0,6,4,99999,35.70135833,-78.66880556,1,1,0,0,0,1,1
370346,37,NORTH CAROLINA,NC,2,2,0,3,191,0,CRESCENT,12,5,May,2010,4,Wednesday,17,39,0,4,3,99999,35.17829722,-78.08566944,12,1,0,0,0,1,0
370347,37,NORTH CAROLINA,NC,1,1,0,2,193,0,IDEAL,15,5,May,2010,7,Saturday,20,46,0,5,4,99999,36.15624167,-80.99541667,35,2,0,0,0,1,1
370348,37,NORTH CAROLINA,NC,1,1,0,4,195,5070,CARLTON,30,1,January,2010,7,Saturday,1,33,0,16,6,99999,35.71718056,-77.89907500,42,3,4,0,0,1,0
370349,37,NORTH CAROLINA,NC,4,4,0,6,51,1670,CENTRAL,5,2,February,2010,6,Friday,17,47,0,16,6,99999,35.02015556,-78.91702778,12,3,2,0,0,1,0
370350,37,NORTH CAROLINA,NC,1,1,1,4,71,0,BRIDGEPORT,6,2,February,2010,7,Saturday,23,33,0,6,4,99999,99.99990000,999.99990000,8,2,0,0,0,1,1
370351,37,NORTH CAROLINA,NC,2,2,1,2,119,2940,BELLAMY,6,2,February,2010,7,Saturday,0,54,1,12,2,99999,35.10572500,-80.68410833,8,2,2,0,0,1,0
370352,37,NORTH CAROLINA,NC,2,2,0,3,17,0,CHAMBERS,10,3,March,2010,4,Wednesday,8,4,0,3,3,99999,34.63335000,-78.62571667,12,1,0,0,0,2,0
370353,37,NORTH CAROLINA,NC,1,1,0,1,23,0,BLADON SPRINGS,12,3,March,2010,6,Friday,16,5,0,4,4,99999,35.63686111,-81.79467222,32,1,0,0,0,1,0
370354,37,NORTH CAROLINA,NC,2,2,0,11,47,4550,BROWNS,29,3,March,2010,2,Monday,19,22,0,16,6,99999,34.15755556,-78.85788889,12,5,2,0,0,1,0
370355,37,NORTH CAROLINA,NC,1,1,0,1,51,1670,CENTRAL,2,3,March,2010,3,Tuesday,1,51,0,16,6,99999,35.07103056,-78.96595000,1,3,0,0,0,1,1
370356,37,NORTH CAROLINA,NC,3,3,0,4,51,1670,CENTRAL,19,3,March,2010,6,Friday,14,54,0,16,6,99999,35.06491944,-78.91281944,12,1,0,0,0,1,0
370357,37,NORTH CAROLINA,NC,1,1,0,2,81,2170,AUBURN,27,3,March,2010,7,Saturday,16,19,0,16,6,99999,35.95487222,-79.95437500,32,1,0,0,0,1,1
370358,37,NORTH CAROLINA,NC,2,2,0,2,183,800,FORT STEWART,5,3,March,2010,6,Friday,21,43,0,13,4,99999,99.99990000,999.99990000,12,3,0,0,0,1,2
370360,37,NORTH CAROLINA,NC,1,1,0,1,183,3750,FORT STEWART,24,3,March,2010,4,Wednesday,17,30,0,15,6,99999,35.78864722,-78.73480833,34,1,0,0,0,1,0
370361,37,NORTH CAROLINA,NC,2,2,0,3,193,0,IDEAL,26,3,March,2010,6,Friday,11,50,0,3,3,99999,36.16019167,-81.14330278,12,1,0,0,0,1,0
370362,37,NORTH CAROLINA,NC,3,3,4,2,21,170,CHILTON,23,4,April,2010,6,Friday,1,50,1,11,1,99999,35.59562222,-82.53049722,8,2,0,0,0,1,0
370363,37,NORTH CAROLINA,NC,2,2,0,3,21,170,CHILTON,27,4,April,2010,3,Tuesday,15,54,0,13,2,99999,35.51595000,-82.52809444,12,1,0,0,0,1,0
370364,37,NORTH CAROLINA,NC,1,1,0,1,27,2590,ASHLAND,26,4,April,2010,2,Monday,19,5,0,16,6,99999,35.92874444,-81.50851111,42,1,0,0,0,1,1
370365,37,NORTH CAROLINA,NC,2,2,0,6,35,0,BROOKLYN,4,4,April,2010,1,Sunday,18,18,1,2,2,99999,35.58508333,-81.21488611,12,1,0,0,0,1,0
370366,37,NORTH CAROLINA,NC,1,1,1,4,51,1670,CENTRAL,18,4,April,2010,1,Sunday,21,38,0,16,6,99999,34.85107222,-78.73283333,8,3,0,0,0,1,0
370367,37,NORTH CAROLINA,NC,2,2,0,5,51,1670,CENTRAL,24,4,April,2010,7,Saturday,14,33,0,16,6,99999,35.02240556,-78.90252222,12,1,0,0,0,2,0
370368,37,NORTH CAROLINA,NC,1,1,0,2,63,1360,BOLIGEE,17,4,April,2010,7,Saturday,1,46,0,14,3,99999,36.01132222,-78.95541389,24,2,0,0,0,1,1
370369,37,NORTH CAROLINA,NC,2,2,0,3,97,0,AXIS,28,4,April,2010,4,Wednesday,21,0,1,2,2,99999,35.72141389,-80.89711944,12,2,0,0,0,1,0
370370,37,NORTH CAROLINA,NC,1,1,1,1,119,870,BELLAMY,14,4,April,2010,4,Wednesday,22,50,0,16,6,99999,35.28668611,-80.76088333,8,2,0,0,0,1,0
370371,37,NORTH CAROLINA,NC,2,2,0,2,125,0,BROOKWOOD,30,4,April,2010,6,Friday,7,48,0,16,5,99999,35.17998333,-79.56798889,12,1,0,0,0,1,1
370372,37,NORTH CAROLINA,NC,2,2,0,4,135,860,ASH FLAT,16,4,April,2010,6,Friday,8,44,0,16,6,99999,99.99990000,999.99990000,12,1,0,0,0,1,0
370373,37,NORTH CAROLINA,NC,3,3,0,8,173,875,LAKELAND,2,4,April,2010,6,Friday,15,52,1,2,2,99999,35.46603611,-83.35410833,12,1,0,0,0,1,0
370374,37,NORTH CAROLINA,NC,2,2,0,2,183,4790,FORT STEWART,11,4,April,2010,1,Sunday,17,5,0,15,6,99999,35.97546667,-78.51061389,12,1,0,0,0,1,1
370375,37,NORTH CAROLINA,NC,1,1,0,2,183,3750,FORT STEWART,27,4,April,2010,3,Tuesday,16,9,0,14,6,99999,35.87318611,-78.68139444,5,1,0,0,0,1,0
370376,37,NORTH CAROLINA,NC,1,1,0,1,15,0,ANNISTON,16,5,May,2010,1,Sunday,3,32,0,6,4,99999,36.07865278,-76.75635278,33,2,0,0,0,1,1
370377,37,NORTH CAROLINA,NC,2,2,0,2,27,2590,ASHLAND,12,5,May,2010,4,Wednesday,14,58,0,16,6,99999,35.89892778,-81.52228889,12,1,0,0,0,1,0
370378,37,NORTH CAROLINA,NC,2,2,0,2,35,2150,BROOKLYN,6,5,May,2010,5,Thursday,7,4,0,6,6,99999,35.73808333,-81.32401944,12,1,0,0,0,1,0
370379,37,NORTH CAROLINA,NC,1,1,0,1,59,0,FRANKLIN,6,5,May,2010,5,Thursday,19,22,0,5,4,99999,35.93096944,-80.49854167,35,1,0,0,0,1,1
370380,37,NORTH CAROLINA,NC,2,2,0,8,63,1360,BOLIGEE,8,5,May,2010,7,Saturday,23,33,1,11,1,99999,36.01989444,-78.90312222,12,3,0,0,0,1,1
370381,37,NORTH CAROLINA,NC,2,2,0,2,63,1360,BOLIGEE,18,5,May,2010,3,Tuesday,1,44,0,16,6,99999,36.01581389,-78.93647222,12,3,0,0,0,1,2
370382,37,NORTH CAROLINA,NC,2,2,0,2,65,0,CYPRESS,11,5,May,2010,3,Tuesday,23,35,0,4,3,99999,35.79493889,-77.53661667,12,2,0,0,0,1,0
370383,37,NORTH CAROLINA,NC,2,2,0,3,85,0,BENTON,13,5,May,2010,5,Thursday,22,13,0,6,4,99999,35.25695278,-78.96770000,12,2,0,0,0,2,1
370384,37,NORTH CAROLINA,NC,3,3,0,3,97,0,AXIS,13,5,May,2010,5,Thursday,23,20,1,11,1,99999,35.52999444,-80.86235000,12,3,0,0,0,1,1
370385,37,NORTH CAROLINA,NC,1,1,0,1,123,0,ALEXANDER CITY,1,5,May,2010,7,Saturday,16,10,0,6,4,99999,99.99990000,999.99990000,34,1,0,0,0,1,1
370386,37,NORTH CAROLINA,NC,1,1,0,1,173,0,LAKELAND,8,5,May,2010,7,Saturday,2,46,1,2,2,99999,35.43095278,-83.40012500,24,2,0,0,0,1,1
370388,37,NORTH CAROLINA,NC,1,1,1,1,1,0,AUTAUGA,22,5,May,2010,7,Saturday,23,30,0,5,4,99999,36.22996111,-79.29513333,9,2,0,0,0,1,1
370389,37,NORTH CAROLINA,NC,1,1,0,1,1,700,AUTAUGA,5,6,June,2010,7,Saturday,17,41,1,11,1,99999,36.06822500,-79.49215556,1,1,0,0,0,1,1
370390,37,NORTH CAROLINA,NC,2,2,0,2,9,0,BLOUNT,4,6,June,2010,6,Friday,12,23,0,6,4,99999,36.42134167,-81.44805556,12,1,0,0,0,1,0
370391,37,NORTH CAROLINA,NC,2,2,0,2,11,0,BULLOCK,18,6,June,2010,6,Friday,13,8,1,2,2,99999,35.95136389,-82.00182500,12,1,0,0,0,1,0
370392,37,NORTH CAROLINA,NC,1,1,0,1,13,0,BOLLING,11,6,June,2010,6,Friday,3,35,0,6,4,99999,35.52114167,-76.97520833,1,2,0,0,0,1,1
370393,37,NORTH CAROLINA,NC,2,2,0,2,19,0,CEDAR BLUFF,27,5,May,2010,5,Thursday,15,58,0,4,3,99999,34.01294167,-78.26615000,12,1,0,0,0,1,1
370394,37,NORTH CAROLINA,NC,2,2,0,2,21,170,CHILTON,10,5,May,2010,2,Monday,15,4,0,14,3,99999,35.48419167,-82.53011111,12,1,0,0,0,1,0
370395,37,NORTH CAROLINA,NC,2,2,0,3,21,170,CHILTON,13,5,May,2010,5,Thursday,19,0,0,16,6,99999,35.59574444,-82.53162500,12,1,2,0,0,1,1
370396,37,NORTH CAROLINA,NC,1,1,0,1,21,170,CHILTON,8,5,May,2010,7,Saturday,8,39,0,16,6,99999,35.43150278,-82.53387778,42,1,0,0,0,1,0
370397,37,NORTH CAROLINA,NC,1,1,0,1,21,0,CHILTON,26,5,May,2010,4,Wednesday,16,41,1,11,1,99999,35.59554167,-82.40027222,42,1,0,0,0,1,1
370398,37,NORTH CAROLINA,NC,1,1,0,4,23,0,BLADON SPRINGS,30,5,May,2010,1,Sunday,18,55,0,5,4,99999,35.87726389,-81.74497500,1,1,0,0,0,3,1
370399,37,NORTH CAROLINA,NC,1,1,0,1,23,0,BLADON SPRINGS,5,6,June,2010,7,Saturday,11,25,0,3,3,99999,35.86589167,-81.79415833,1,1,0,0,0,1,0
370400,37,NORTH CAROLINA,NC,1,1,0,1,23,0,BLADON SPRINGS,5,6,June,2010,7,Saturday,11,45,0,5,4,99999,35.58061667,-81.56743611,35,1,0,0,0,1,0