ST_CASE,STATE,State Name,State Abbreviation,# of Vehicle involved,VE_FORMS,Pedestrains,Total_Persons_in_accident,COUNTY,CITY,City_County_Name,Calendar_DAY,MONTH,Month_name,YEAR,DAY_WEEK,Day_Week_desc,HOUR,MINUTE,NHS_Desc,trafficway,Route,MILEPT,LATITUDE,LONGITUD,First_Crash_event,Light_cond_desc,Weather_condition,School_bus_involved,Crash_cause,FATALS,DRUNK_DR
370548,37,NORTH CAROLINA,NC,1,1,0,1,33,0,CHEROKEE,6,7,July,2010,3,Tuesday,0,14,0,6,4,99999,36.48955833,-79.47468889,53,2,0,0,0,1,0
370549,37,NORTH CAROLINA,NC,4,4,0,5,35,2150,BROOKLYN,16,7,July,2010,6,Friday,14,7,1,11,1,99999,35.71327778,-81.32633611,12,1,0,0,0,1,0
370550,37,NORTH CAROLINA,NC,1,1,0,1,39,0,ANDALUSIA,22,7,July,2010,5,Thursday,15,5,0,6,4,99999,35.15768889,-84.05734167,35,1,0,0,0,1,1
370551,37,NORTH CAROLINA,NC,1,1,0,4,51,0,CENTRAL,5,7,July,2010,2,Monday,1,33,0,3,4,99999,35.18787500,-79.00689167,43,2,0,0,0,1,0
370552,37,NORTH CAROLINA,NC,1,1,0,1,55,0,ATTALLA,22,7,July,2010,5,Thursday,14,5,0,4,3,99999,35.26507778,-75.52520556,43,1,0,0,0,1,0
370553,37,NORTH CAROLINA,NC,1,1,0,2,75,0,BEAVERTON,15,7,July,2010,5,Thursday,14,24,0,4,3,99999,35.32618889,-84.02412500,24,1,0,0,0,1,0
370554,37,NORTH CAROLINA,NC,1,1,0,1,81,1840,AUBURN,5,7,July,2010,2,Monday,12,40,0,16,6,99999,36.10995278,-79.55476944,59,1,0,0,0,1,0
370555,37,NORTH CAROLINA,NC,2,2,0,2,91,0,DAYTON,21,7,July,2010,4,Wednesday,17,20,0,3,3,99999,36.32995833,-76.99184444,12,1,0,0,0,1,0
370556,37,NORTH CAROLINA,NC,1,1,0,1,97,0,AXIS,12,7,July,2010,2,Monday,19,44,1,1,1,99999,35.82978333,-80.78901667,18,1,0,0,0,1,1
370557,37,NORTH CAROLINA,NC,1,1,0,1,101,0,BOYLSTON,11,7,July,2010,1,Sunday,4,57,0,5,4,99999,35.52615000,-78.58657778,34,2,0,0,0,1,1
370558,37,NORTH CAROLINA,NC,1,1,0,1,101,0,BOYLSTON,14,7,July,2010,4,Wednesday,23,16,0,6,4,99999,35.59918333,-78.59481944,53,2,0,0,0,1,1
370559,37,NORTH CAROLINA,NC,1,1,0,1,113,0,COTTONTON,6,7,July,2010,3,Tuesday,9,27,0,6,4,99999,35.20684722,-83.35970833,42,1,0,0,0,1,0
370560,37,NORTH CAROLINA,NC,1,1,0,1,125,0,BROOKWOOD,10,7,July,2010,7,Saturday,21,54,0,6,4,99999,35.18159444,-79.57200000,42,2,0,0,0,1,1
370561,37,NORTH CAROLINA,NC,2,2,0,3,129,5060,BIGBEE,3,7,July,2010,7,Saturday,13,50,0,16,6,99999,34.23735000,-77.93048889,12,1,0,0,0,1,0
370562,37,NORTH CAROLINA,NC,1,1,2,1,133,0,ARLEY,3,7,July,2010,7,Saturday,22,31,1,2,2,99999,34.89156389,-77.54785556,8,2,0,0,0,1,0
370563,37,NORTH CAROLINA,NC,5,2,0,3,141,0,BEE BRANCH,13,7,July,2010,3,Tuesday,8,58,0,3,2,99999,34.53448889,-78.07133611,12,1,0,0,0,2,0
370564,37,NORTH CAROLINA,NC,1,1,0,1,145,0,BALD KNOB,20,7,July,2010,3,Tuesday,2,30,0,5,4,99999,99.99990000,999.99990000,53,2,0,0,0,1,1
370565,37,NORTH CAROLINA,NC,2,2,0,2,157,0,ARCADE,17,7,July,2010,7,Saturday,13,20,0,3,3,99999,36.27562500,-79.94338889,12,1,0,0,0,1,0
370566,37,NORTH CAROLINA,NC,2,2,0,2,161,0,DENTON,12,7,July,2010,2,Monday,16,27,0,3,2,99999,35.22465833,-81.84213611,12,1,0,0,0,1,0
370567,37,NORTH CAROLINA,NC,1,1,0,1,161,0,DENTON,15,7,July,2010,5,Thursday,17,55,0,6,4,99999,99.99990000,999.99990000,34,1,0,0,0,1,1
370568,37,NORTH CAROLINA,NC,1,1,0,1,163,0,AVERA,16,7,July,2010,6,Friday,11,25,0,6,4,99999,35.19660556,-78.54186111,34,1,0,0,0,1,0
370569,37,NORTH CAROLINA,NC,1,1,0,2,169,0,BRADLEY,21,7,July,2010,4,Wednesday,14,0,0,5,3,99999,36.40885000,-80.21075278,32,1,0,0,0,2,1
370570,37,NORTH CAROLINA,NC,1,1,0,1,179,0,ALLENHURST,19,7,July,2010,2,Monday,16,40,0,5,4,99999,34.86403056,-80.58815000,1,1,0,0,0,1,0
370571,37,NORTH CAROLINA,NC,2,2,0,2,181,0,LINCOLN,8,7,July,2010,5,Thursday,19,6,1,1,1,99999,36.35121944,-78.39019722,12,1,0,0,0,1,0
370572,37,NORTH CAROLINA,NC,4,1,0,1,183,3750,FORT STEWART,3,7,July,2010,7,Saturday,6,56,0,14,6,99999,35.75779722,-78.63756111,14,1,0,0,0,1,0
370573,37,NORTH CAROLINA,NC,1,1,0,1,183,0,FORT STEWART,20,7,July,2010,3,Tuesday,20,15,0,6,4,99999,35.95216389,-78.68734444,53,2,0,0,0,1,1
370574,37,NORTH CAROLINA,NC,2,2,0,2,185,0,ANAKTUVUK PASS,10,7,July,2010,7,Saturday,15,51,1,2,2,99999,36.45104444,-78.18755278,12,1,0,0,0,1,0
370575,37,NORTH CAROLINA,NC,1,1,0,2,193,0,IDEAL,11,7,July,2010,1,Sunday,12,24,0,3,3,99999,36.16226944,-81.23548611,24,1,0,0,0,1,0
370576,37,NORTH CAROLINA,NC,1,1,0,1,197,0,BUENA VISTA,16,7,July,2010,6,Friday,12,24,1,1,1,99999,99.99990000,999.99990000,42,1,0,0,0,1,1
370577,37,NORTH CAROLINA,NC,1,1,0,1,197,0,BUENA VISTA,2,7,July,2010,6,Friday,20,50,0,6,4,99999,36.13690556,-80.68350833,32,5,0,0,0,1,1
370578,37,NORTH CAROLINA,NC,1,1,1,1,51,1670,CENTRAL,17,3,March,2010,4,Wednesday,20,11,0,16,6,99999,35.00363611,-78.97908333,8,3,0,0,0,1,0
370579,37,NORTH CAROLINA,NC,2,2,1,2,127,3930,BURNWELL,23,4,April,2010,6,Friday,22,16,0,14,3,99999,36.00113333,-77.80715000,8,3,0,0,0,1,1
370580,37,NORTH CAROLINA,NC,2,2,0,3,25,1040,BARLOW BEND,8,5,May,2010,7,Saturday,1,32,1,13,3,99999,35.35923611,-80.59724722,12,2,0,0,0,1,1
370581,37,NORTH CAROLINA,NC,2,2,1,5,45,2440,ARITON,21,5,May,2010,6,Friday,2,19,0,16,6,99999,35.25683333,-81.34526389,8,2,0,0,0,1,0
370582,37,NORTH CAROLINA,NC,1,1,0,1,51,1670,CENTRAL,4,5,May,2010,3,Tuesday,23,15,0,14,6,99999,35.08803056,-78.98655000,42,3,0,0,0,1,0
370583,37,NORTH CAROLINA,NC,1,1,0,2,183,800,FORT STEWART,20,5,May,2010,5,Thursday,3,50,0,14,6,99999,35.80061944,-78.76699444,1,3,0,0,0,1,1
370584,37,NORTH CAROLINA,NC,1,1,1,1,111,172,GRAHAM,16,6,June,2010,4,Wednesday,21,27,1,11,1,99999,99.99990000,999.99990000,8,2,0,0,0,1,0
370585,37,NORTH CAROLINA,NC,1,1,0,1,25,1040,BARLOW BEND,23,7,July,2010,6,Friday,23,16,0,14,6,99999,35.41444722,-80.61338333,30,3,0,0,0,1,0
370586,37,NORTH CAROLINA,NC,1,1,1,1,27,2590,ASHLAND,27,7,July,2010,3,Tuesday,4,46,0,15,6,99999,35.93916944,-81.54404722,8,3,0,0,0,1,0
370587,37,NORTH CAROLINA,NC,2,2,0,3,35,0,BROOKLYN,12,7,July,2010,2,Monday,11,3,0,2,3,99999,35.73174167,-81.33384722,12,1,2,0,0,2,0
370588,37,NORTH CAROLINA,NC,1,1,0,1,37,0,BRADFORD,15,7,July,2010,5,Thursday,10,17,0,6,4,99999,35.79365833,-79.31322222,30,1,0,0,0,1,1
370589,37,NORTH CAROLINA,NC,2,2,0,4,41,0,BRANTLEY,30,7,July,2010,6,Friday,16,34,0,6,4,99999,36.03105278,-76.52664167,12,1,0,0,0,1,0
370590,37,NORTH CAROLINA,NC,1,1,0,5,47,0,BROWNS,31,7,July,2010,7,Saturday,19,36,1,2,2,99999,34.34967222,-78.66271111,35,1,0,0,0,1,0
370591,37,NORTH CAROLINA,NC,1,1,0,1,51,2250,CENTRAL,21,7,July,2010,4,Wednesday,21,41,0,14,3,99999,34.98380833,-78.93136111,30,2,0,0,0,1,0
370592,37,NORTH CAROLINA,NC,1,1,1,3,59,0,FRANKLIN,31,7,July,2010,7,Saturday,18,21,0,3,2,99999,35.92485278,-80.59226944,9,1,0,0,0,1,0
370593,37,NORTH CAROLINA,NC,2,2,0,8,61,0,BELLWOOD,21,7,July,2010,4,Wednesday,11,5,0,4,2,99999,35.15788056,-78.11141944,12,1,0,0,0,1,0
370594,37,NORTH CAROLINA,NC,1,1,0,1,67,5120,ABBEVILLE,21,7,July,2010,4,Wednesday,0,9,1,1,1,99999,36.06658333,-80.30851389,7,2,0,0,0,1,1
370595,37,NORTH CAROLINA,NC,2,2,0,4,71,0,BRIDGEPORT,25,7,July,2010,1,Sunday,20,57,0,4,3,99999,35.31575556,-81.20072500,12,2,0,0,0,1,1
370596,37,NORTH CAROLINA,NC,1,1,0,1,71,0,BRIDGEPORT,25,7,July,2010,1,Sunday,11,55,0,6,4,99999,35.20179722,-81.21110833,42,1,0,0,0,1,1
370597,37,NORTH CAROLINA,NC,2,2,0,5,73,0,ARGO,23,7,July,2010,6,Friday,11,8,1,2,2,99999,36.43675278,-76.75907222,12,1,0,0,0,1,0
370598,37,NORTH CAROLINA,NC,1,1,0,1,81,3665,AUBURN,27,7,July,2010,3,Tuesday,19,51,0,16,4,99999,35.96210000,-79.75988333,53,5,0,0,0,1,0
370599,37,NORTH CAROLINA,NC,1,1,0,1,95,0,ALBERTVILLE,26,7,July,2010,2,Monday,12,2,0,6,4,99999,35.48003333,-76.01483333,1,1,0,0,0,1,0
370600,37,NORTH CAROLINA,NC,1,1,0,1,97,0,AXIS,24,7,July,2010,7,Saturday,23,26,0,6,4,99999,35.84863889,-80.77182778,35,2,0,0,0,1,0
370601,37,NORTH CAROLINA,NC,1,1,0,2,101,1700,BOYLSTON,25,7,July,2010,1,Sunday,15,36,1,11,1,99999,35.41990278,-78.45663056,32,1,0,0,0,1,0
370602,37,NORTH CAROLINA,NC,1,1,0,3,115,0,ASHVILLE,12,7,July,2010,2,Monday,22,49,0,4,3,99999,99.99990000,999.99990000,17,2,0,0,0,1,1
370603,37,NORTH CAROLINA,NC,1,1,1,1,121,0,BON AIR,25,7,July,2010,1,Sunday,23,11,1,2,2,99999,35.90337222,-82.11945556,8,2,0,0,0,1,0
370604,37,NORTH CAROLINA,NC,2,2,0,3,129,0,BIGBEE,27,7,July,2010,3,Tuesday,14,40,0,3,4,99999,34.25622222,-77.88946111,12,1,0,0,0,1,0
370605,37,NORTH CAROLINA,NC,1,1,1,1,137,1933,ALCO,13,7,July,2010,3,Tuesday,21,23,0,15,3,99999,35.14293333,-76.76851389,8,2,0,0,0,1,0
370606,37,NORTH CAROLINA,NC,4,4,0,4,141,0,BEE BRANCH,28,7,July,2010,4,Wednesday,17,32,1,2,2,99999,34.31912500,-77.76886944,12,1,0,0,0,1,0
370607,37,NORTH CAROLINA,NC,1,1,0,1,141,0,BEE BRANCH,30,7,July,2010,6,Friday,20,56,0,5,4,99999,34.55308333,-77.93941389,1,2,0,0,0,1,1
370608,37,NORTH CAROLINA,NC,2,2,0,2,147,0,AUGUSTA,28,7,July,2010,4,Wednesday,15,57,0,4,3,99999,35.68949722,-77.31955556,12,1,0,0,0,1,0
370609,37,NORTH CAROLINA,NC,2,2,0,4,147,0,AUGUSTA,29,7,July,2010,5,Thursday,9,27,0,4,3,99999,35.41619444,-77.25440000,12,1,0,0,0,1,0
370610,37,NORTH CAROLINA,NC,2,2,1,5,155,0,IRWIN,16,7,July,2010,6,Friday,21,22,0,4,4,99999,34.77279722,-79.31742778,15,2,0,0,0,1,0
370611,37,NORTH CAROLINA,NC,1,1,1,3,155,0,IRWIN,27,7,July,2010,3,Tuesday,23,49,1,2,2,99999,34.71988611,-79.31322222,8,2,0,0,0,1,0
370612,37,NORTH CAROLINA,NC,1,1,0,5,155,0,IRWIN,29,7,July,2010,5,Thursday,5,45,0,4,4,99999,34.54937222,-79.11982222,34,2,0,0,0,1,0
370613,37,NORTH CAROLINA,NC,1,1,0,1,163,0,AVERA,25,7,July,2010,1,Sunday,3,19,1,2,2,99999,35.20499722,-78.42930000,34,2,0,0,0,1,1
370614,37,NORTH CAROLINA,NC,1,1,0,2,165,0,HERNDON,5,7,July,2010,2,Monday,17,15,1,2,2,99999,34.80654444,-79.54341944,1,1,0,0,0,1,0
370615,37,NORTH CAROLINA,NC,1,1,0,2,167,0,ADRIAN,30,7,July,2010,6,Friday,20,3,0,6,4,99999,35.21201944,-80.46268611,42,1,0,0,0,1,0
370616,37,NORTH CAROLINA,NC,1,1,1,3,169,0,BRADLEY,1,7,July,2010,5,Thursday,1,56,0,5,4,99999,36.32499722,-80.04919722,8,3,0,0,0,1,1
370617,37,NORTH CAROLINA,NC,1,1,2,1,169,0,BRADLEY,23,7,July,2010,6,Friday,7,42,0,6,4,99999,36.28761944,-80.38666111,9,1,0,0,0,1,0
370618,37,NORTH CAROLINA,NC,1,1,0,2,179,0,ALLENHURST,27,7,July,2010,3,Tuesday,18,20,0,4,3,99999,34.89374444,-80.53991389,35,1,0,0,0,1,1
370619,37,NORTH CAROLINA,NC,1,1,0,1,183,3750,FORT STEWART,10,7,July,2010,7,Saturday,0,45,1,11,1,99999,35.78859444,-78.69709722,24,2,0,0,0,1,1
370620,37,NORTH CAROLINA,NC,2,1,1,1,183,0,FORT STEWART,23,7,July,2010,6,Friday,17,46,1,1,1,99999,35.67138333,-78.56340278,8,1,0,0,0,1,0
370621,37,NORTH CAROLINA,NC,1,1,0,1,197,0,BUENA VISTA,27,7,July,2010,3,Tuesday,15,26,0,5,4,99999,36.20296111,-80.50246944,42,1,0,0,0,1,1
370622,37,NORTH CAROLINA,NC,2,2,0,2,19,0,CEDAR BLUFF,2,8,August,2010,2,Monday,5,12,1,2,2,99999,34.28615556,-78.13922778,12,2,0,0,0,1,0
370623,37,NORTH CAROLINA,NC,1,1,0,4,21,0,CHILTON,1,8,August,2010,1,Sunday,0,51,0,6,4,99999,35.64210833,-82.65043611,42,2,0,0,0,1,0
370624,37,NORTH CAROLINA,NC,1,1,1,2,23,0,BLADON SPRINGS,5,8,August,2010,5,Thursday,2,57,1,11,1,99999,35.70576667,-81.78360000,8,2,0,0,0,1,0
370625,37,NORTH CAROLINA,NC,1,1,1,1,101,0,BOYLSTON,3,8,August,2010,3,Tuesday,20,53,1,1,1,99999,35.56932500,-78.16388333,8,2,0,0,0,1,0
370626,37,NORTH CAROLINA,NC,2,2,0,2,151,0,FLIPPEN,4,8,August,2010,4,Wednesday,16,30,0,6,4,99999,35.80907778,-79.94201667,12,1,0,0,0,1,0
370627,37,NORTH CAROLINA,NC,1,1,0,2,155,0,IRWIN,5,8,August,2010,5,Thursday,6,0,0,6,4,99999,99.99990000,999.99990000,34,4,0,0,0,1,1
370628,37,NORTH CAROLINA,NC,2,2,0,3,161,0,DENTON,2,8,August,2010,2,Monday,12,45,0,4,4,99999,35.33112778,-81.90097222,12,1,0,0,0,1,0
370629,37,NORTH CAROLINA,NC,2,2,0,2,181,0,LINCOLN,4,8,August,2010,4,Wednesday,19,49,0,5,4,99999,36.33103056,-78.33852778,12,1,0,0,0,1,1
370630,37,NORTH CAROLINA,NC,1,1,1,1,35,2150,BROOKLYN,7,1,January,2010,5,Thursday,10,35,0,6,4,99999,99.99990000,999.99990000,8,1,0,0,0,1,1
370631,37,NORTH CAROLINA,NC,1,1,0,1,57,0,BANKSTON,15,4,April,2010,5,Thursday,9,25,0,5,4,99999,35.72156944,-80.20843611,53,1,0,0,0,1,0
370632,37,NORTH CAROLINA,NC,1,1,0,2,19,0,CEDAR BLUFF,13,6,June,2010,1,Sunday,4,32,0,5,4,99999,33.91952222,-78.34402222,42,2,0,0,0,2,1
370633,37,NORTH CAROLINA,NC,3,3,0,3,47,0,BROWNS,23,7,July,2010,6,Friday,16,14,0,4,3,99999,34.38183889,-78.27393889,12,1,0,0,0,1,0
370634,37,NORTH CAROLINA,NC,1,1,0,1,67,5120,ABBEVILLE,24,7,July,2010,7,Saturday,20,39,0,4,3,99999,36.08515833,-80.30758056,33,3,0,0,0,1,0
370635,37,NORTH CAROLINA,NC,3,3,0,6,85,0,BENTON,30,7,July,2010,6,Friday,16,4,0,5,4,99999,35.35773056,-78.65898611,12,1,0,0,0,1,0
370636,37,NORTH CAROLINA,NC,1,1,0,1,91,0,DAYTON,30,7,July,2010,6,Friday,21,31,1,2,2,99999,36.51345556,-76.98682222,34,2,0,0,0,1,1
370637,37,NORTH CAROLINA,NC,1,1,0,1,97,0,AXIS,17,7,July,2010,7,Saturday,1,25,0,5,4,99999,35.88896389,-80.88115556,53,2,0,0,0,1,1
370638,37,NORTH CAROLINA,NC,1,1,0,1,97,0,AXIS,23,7,July,2010,6,Friday,2,25,0,5,4,99999,35.74712222,-80.99082500,1,2,0,0,0,1,1
370639,37,NORTH CAROLINA,NC,3,3,0,5,119,870,BELLAMY,15,7,July,2010,5,Thursday,99,99,0,16,6,99999,35.27990556,-80.89671111,12,2,0,0,0,1,1
370640,37,NORTH CAROLINA,NC,2,2,1,7,119,870,BELLAMY,17,7,July,2010,7,Saturday,21,34,0,16,6,99999,35.21071667,-80.75879722,8,3,0,0,0,1,0
370641,37,NORTH CAROLINA,NC,2,2,0,3,119,870,BELLAMY,29,7,July,2010,5,Thursday,13,38,0,16,6,99999,35.12148056,-80.94923056,12,1,0,0,0,1,0
370642,37,NORTH CAROLINA,NC,1,1,0,1,127,3930,BURNWELL,5,7,July,2010,2,Monday,0,46,0,16,6,99999,35.91189722,-77.83051667,1,2,0,0,0,1,1
370643,37,NORTH CAROLINA,NC,1,1,0,1,151,0,FLIPPEN,17,7,July,2010,7,Saturday,21,30,1,2,2,99999,35.91550278,-80.03083056,18,2,0,0,0,1,0
370644,37,NORTH CAROLINA,NC,2,2,0,4,151,0,FLIPPEN,28,7,July,2010,4,Wednesday,21,45,0,5,4,99999,35.81991944,-79.82876389,12,2,0,0,0,1,0
370645,37,NORTH CAROLINA,NC,1,1,1,4,155,2770,IRWIN,18,7,July,2010,1,Sunday,1,12,1,11,1,99999,34.64364167,-79.01476667,8,2,0,0,0,1,0
370646,37,NORTH CAROLINA,NC,1,1,0,1,179,0,ALLENHURST,31,7,July,2010,7,Saturday,16,10,0,5,4,99999,34.97558056,-80.30297778,52,1,0,0,0,1,1
370647,37,NORTH CAROLINA,NC,1,1,0,2,181,0,LINCOLN,25,7,July,2010,1,Sunday,2,20,0,5,4,99999,36.35336111,-78.32599722,42,2,0,0,0,1,0
370648,37,NORTH CAROLINA,NC,1,1,0,1,183,3750,FORT STEWART,28,7,July,2010,4,Wednesday,20,50,0,16,6,99999,35.87221667,-78.65867778,33,3,0,0,0,1,1
370649,37,NORTH CAROLINA,NC,1,1,1,1,191,0,CRESCENT,25,7,July,2010,1,Sunday,23,21,1,2,2,99999,99.99990000,999.99990000,8,2,0,0,0,1,0
370650,37,NORTH CAROLINA,NC,3,3,0,3,1,0,AUTAUGA,14,8,August,2010,7,Saturday,21,0,0,3,3,99999,36.16278056,-79.50903333,12,2,0,0,0,1,1
370651,37,NORTH CAROLINA,NC,3,3,0,7,51,1670,CENTRAL,27,7,July,2010,3,Tuesday,8,48,0,12,6,99999,35.10057222,-78.90649167,12,1,0,0,0,1,0
370652,37,NORTH CAROLINA,NC,2,2,0,5,133,2330,ARLEY,30,7,July,2010,6,Friday,22,18,0,14,6,99999,34.79960278,-77.43928056,12,3,0,0,0,1,1
370653,37,NORTH CAROLINA,NC,2,2,0,2,5,0,BAKER HILL,19,8,August,2010,5,Thursday,15,48,0,4,3,99999,36.54439722,-81.01052222,12,1,0,0,0,1,0
370654,37,NORTH CAROLINA,NC,2,2,0,2,13,0,BOLLING,9,8,August,2010,2,Monday,17,31,0,5,4,99999,35.56326667,-76.88878333,12,1,0,0,0,1,1
370655,37,NORTH CAROLINA,NC,1,1,0,2,13,0,BOLLING,15,8,August,2010,1,Sunday,4,8,0,6,4,99999,35.69055278,-77.07953611,34,2,0,0,0,1,1
370656,37,NORTH CAROLINA,NC,2,2,0,2,17,0,CHAMBERS,19,8,August,2010,5,Thursday,14,12,0,6,4,99999,34.51801389,-78.52651944,12,1,0,0,0,1,0
370657,37,NORTH CAROLINA,NC,2,2,0,2,19,0,CEDAR BLUFF,6,8,August,2010,6,Friday,7,19,0,6,4,99999,33.96636389,-78.33259444,12,1,0,0,0,1,0
370658,37,NORTH CAROLINA,NC,2,2,0,2,19,0,CEDAR BLUFF,19,8,August,2010,5,Thursday,2,49,1,2,2,99999,34.20207778,-78.04861389,12,2,0,0,0,1,1
370659,37,NORTH CAROLINA,NC,2,2,0,2,23,0,BLADON SPRINGS,6,8,August,2010,6,Friday,12,19,0,6,4,99999,35.68724444,-81.84131111,12,1,0,0,0,1,0
370660,37,NORTH CAROLINA,NC,2,2,1,1,35,0,BROOKLYN,6,8,August,2010,6,Friday,3,55,1,2,2,99999,35.67396111,-81.33633611,8,2,0,0,0,1,0
370661,37,NORTH CAROLINA,NC,2,2,0,6,35,0,BROOKLYN,22,8,August,2010,1,Sunday,1,45,0,3,4,99999,35.67922500,-81.27303611,12,2,0,0,0,2,0
370662,37,NORTH CAROLINA,NC,1,1,0,1,45,0,ARITON,7,8,August,2010,7,Saturday,8,4,0,4,4,99999,35.32370556,-81.61605833,1,1,0,0,0,1,0
370663,37,NORTH CAROLINA,NC,1,1,0,1,45,0,ARITON,15,8,August,2010,1,Sunday,3,44,0,4,4,99999,35.27347778,-81.44894722,23,2,0,0,0,1,0
370664,37,NORTH CAROLINA,NC,1,1,0,1,57,0,BANKSTON,20,8,August,2010,6,Friday,20,46,0,5,4,99999,35.79647778,-80.12041667,1,2,0,0,0,1,1
370665,37,NORTH CAROLINA,NC,2,2,0,2,61,0,BELLWOOD,7,8,August,2010,7,Saturday,21,29,0,4,3,99999,34.96300833,-77.79047778,12,2,0,0,0,1,1
370666,37,NORTH CAROLINA,NC,2,2,0,2,61,0,BELLWOOD,10,8,August,2010,3,Tuesday,8,10,1,2,2,99999,34.88196944,-78.04801111,12,1,0,0,0,1,0
370667,37,NORTH CAROLINA,NC,1,1,1,1,63,1360,BOLIGEE,7,8,August,2010,7,Saturday,23,45,0,13,6,99999,35.98993889,-78.85707778,8,3,0,0,0,1,0
370668,37,NORTH CAROLINA,NC,3,3,0,3,67,5120,ABBEVILLE,3,8,August,2010,3,Tuesday,13,29,0,14,6,99999,36.08135278,-80.29749444,12,1,0,0,0,1,0
370669,37,NORTH CAROLINA,NC,2,2,0,3,67,937,ABBEVILLE,17,8,August,2010,3,Tuesday,16,44,0,16,6,99999,36.02770556,-80.40350556,12,1,0,0,0,1,1
370670,37,NORTH CAROLINA,NC,1,1,0,2,69,0,ASHFORD,21,8,August,2010,7,Saturday,22,6,0,3,4,99999,36.08760278,-78.26853333,59,2,0,0,0,1,1
370671,37,NORTH CAROLINA,NC,1,1,0,1,77,0,ANDERSON,14,8,August,2010,7,Saturday,7,0,0,4,4,99999,36.44600278,-78.56155833,34,4,0,0,0,1,0
370672,37,NORTH CAROLINA,NC,2,2,0,2,81,1940,AUBURN,1,8,August,2010,1,Sunday,2,23,0,14,6,99999,36.05206111,-79.82619167,12,3,0,0,0,1,2
370673,37,NORTH CAROLINA,NC,1,1,0,1,81,1940,AUBURN,8,8,August,2010,1,Sunday,12,12,1,11,1,99999,36.06727778,-79.69078889,35,1,0,0,0,1,0
370674,37,NORTH CAROLINA,NC,1,1,0,2,81,2170,AUBURN,10,8,August,2010,3,Tuesday,0,39,0,13,6,99999,35.96995833,-79.98969444,30,3,0,0,0,2,1
370675,37,NORTH CAROLINA,NC,2,2,0,2,81,1940,AUBURN,12,8,August,2010,5,Thursday,8,11,1,11,1,99999,35.99842500,-79.77447500,57,1,0,0,0,1,1
370676,37,NORTH CAROLINA,NC,1,1,0,1,81,0,AUBURN,14,8,August,2010,7,Saturday,3,9,0,6,4,99999,35.90782222,-79.55399722,38,2,0,0,0,1,1
370677,37,NORTH CAROLINA,NC,1,1,0,1,89,0,BROWNSBORO,17,8,August,2010,3,Tuesday,21,1,0,6,4,99999,35.34241667,-82.35310833,35,2,0,0,0,1,0
370678,37,NORTH CAROLINA,NC,1,1,0,2,93,0,BEAR CREEK,14,8,August,2010,7,Saturday,20,25,0,4,3,99999,34.95271944,-79.17876667,42,5,0,0,0,1,0
370679,37,NORTH CAROLINA,NC,1,1,0,1,101,0,BOYLSTON,17,8,August,2010,3,Tuesday,7,20,0,4,3,99999,35.63956389,-78.16293889,53,1,0,0,0,1,0
370680,37,NORTH CAROLINA,NC,2,2,0,5,105,0,MARION,7,8,August,2010,7,Saturday,21,11,0,3,3,99999,35.40369167,-79.11418056,12,2,0,0,0,1,0
370681,37,NORTH CAROLINA,NC,1,1,0,1,111,0,GRAHAM,15,8,August,2010,1,Sunday,3,24,1,1,1,99999,35.63358056,-82.08366389,24,2,0,0,0,1,0
370682,37,NORTH CAROLINA,NC,2,2,0,2,119,870,BELLAMY,6,8,August,2010,6,Friday,20,49,0,14,6,99999,35.11525833,-80.95639167,12,2,0,0,0,1,0
370683,37,NORTH CAROLINA,NC,1,1,0,2,123,0,ALEXANDER CITY,20,8,August,2010,6,Friday,4,30,1,2,2,99999,35.44962222,-79.78130000,24,2,0,0,0,1,1
370684,37,NORTH CAROLINA,NC,1,1,0,2,123,0,ALEXANDER CITY,16,8,August,2010,2,Monday,17,35,0,6,4,99999,99.99990000,999.99990000,1,1,0,0,0,1,0
370685,37,NORTH CAROLINA,NC,1,1,0,1,127,0,BURNWELL,14,8,August,2010,7,Saturday,5,28,0,5,4,99999,35.84509167,-78.00691944,42,2,0,0,0,1,1
370686,37,NORTH CAROLINA,NC,1,1,0,1,127,0,BURNWELL,18,8,August,2010,4,Wednesday,11,39,1,1,1,99999,35.82700000,-77.98336111,1,1,0,0,0,1,0
370687,37,NORTH CAROLINA,NC,1,1,0,6,135,0,ASH FLAT,6,8,August,2010,6,Friday,8,43,0,4,4,99999,36.03771667,-79.13438333,1,1,0,0,0,1,0
370688,37,NORTH CAROLINA,NC,1,1,0,2,151,0,FLIPPEN,7,8,August,2010,7,Saturday,23,50,0,5,4,99999,35.83390556,-79.97688611,35,2,0,0,0,1,1
370689,37,NORTH CAROLINA,NC,1,1,0,1,155,0,IRWIN,6,8,August,2010,6,Friday,12,55,1,2,2,99999,34.70281111,-79.01062500,1,1,0,0,0,1,0
370690,37,NORTH CAROLINA,NC,1,1,1,2,157,1435,ARCADE,17,8,August,2010,3,Tuesday,3,41,0,16,6,99999,36.51529167,-79.69001667,9,3,0,0,0,1,0
370691,37,NORTH CAROLINA,NC,1,1,0,2,165,0,HERNDON,12,8,August,2010,5,Thursday,19,13,0,4,3,99999,34.75748056,-79.61809167,42,1,0,0,0,1,1