ST_CASE,STATE,State Name,State Abbreviation,# of Vehicle involved,VE_FORMS,Pedestrains,Total_Persons_in_accident,COUNTY,CITY,City_County_Name,Calendar_DAY,MONTH,Month_name,YEAR,DAY_WEEK,Day_Week_desc,HOUR,MINUTE,NHS_Desc,trafficway,Route,MILEPT,LATITUDE,LONGITUD,First_Crash_event,Light_cond_desc,Weather_condition,School_bus_involved,Crash_cause,FATALS,DRUNK_DR
371115,37,NORTH CAROLINA,NC,1,1,1,1,139,1460,CALION,23,11,November,2010,3,Tuesday,21,0,1,12,2,99999,36.28387500,-76.27455833,8,2,0,0,0,1,0
371116,37,NORTH CAROLINA,NC,1,1,0,1,183,3750,FORT STEWART,28,11,November,2010,1,Sunday,3,20,0,13,6,99999,35.79092500,-78.67995833,30,3,0,0,0,1,1
371117,37,NORTH CAROLINA,NC,2,2,0,3,1,700,AUTAUGA,10,12,December,2010,6,Friday,99,99,0,14,3,99999,36.06122500,-79.47082778,12,2,0,0,0,1,0
371118,37,NORTH CAROLINA,NC,2,2,0,2,1,700,AUTAUGA,13,12,December,2010,2,Monday,13,1,0,13,6,99999,36.09159167,-79.43286944,12,1,0,0,0,1,0
371119,37,NORTH CAROLINA,NC,1,1,2,1,3,0,BALDWIN,24,12,December,2010,6,Friday,6,45,0,3,3,99999,35.90992222,-81.12091667,8,2,0,0,0,1,1
371120,37,NORTH CAROLINA,NC,1,1,0,2,15,0,ANNISTON,17,12,December,2010,6,Friday,22,0,0,5,4,99999,36.05640278,-77.17490000,42,2,0,0,0,1,1
371121,37,NORTH CAROLINA,NC,1,1,1,1,17,0,CHAMBERS,19,12,December,2010,1,Sunday,4,35,0,6,4,99999,34.53012500,-78.51252778,8,2,0,0,0,1,0
371122,37,NORTH CAROLINA,NC,1,1,1,0,21,0,CHILTON,29,12,December,2010,4,Wednesday,16,1,0,6,4,99999,35.52505000,-82.32686389,8,1,0,0,0,1,0
371123,37,NORTH CAROLINA,NC,2,2,0,6,23,3130,BLADON SPRINGS,31,12,December,2010,6,Friday,19,3,0,16,6,99999,35.74507222,-81.68283056,12,3,0,0,0,1,0
371124,37,NORTH CAROLINA,NC,2,2,0,3,35,0,BROOKLYN,23,12,December,2010,5,Thursday,11,4,0,3,3,99999,35.60469444,-81.11118056,12,1,0,0,0,2,0
371125,37,NORTH CAROLINA,NC,1,1,1,1,47,0,BROWNS,25,12,December,2010,7,Saturday,9,8,0,5,4,99999,34.31334722,-78.92322778,8,1,0,0,0,1,0
371126,37,NORTH CAROLINA,NC,3,1,0,2,51,0,CENTRAL,5,12,December,2010,1,Sunday,1,51,0,6,4,99999,34.93770833,-78.88351944,34,2,0,0,0,1,1
371127,37,NORTH CAROLINA,NC,2,2,0,2,51,0,CENTRAL,16,12,December,2010,5,Thursday,7,59,0,5,4,99999,35.22904444,-78.87515833,12,1,0,0,0,1,0
371128,37,NORTH CAROLINA,NC,1,1,1,1,57,4590,BANKSTON,8,12,December,2010,4,Wednesday,11,39,0,14,6,99999,35.87895000,-80.09695278,8,1,0,0,0,1,0
371129,37,NORTH CAROLINA,NC,1,1,0,2,57,0,BANKSTON,26,12,December,2010,1,Sunday,10,0,1,1,1,99999,35.82421667,-80.16659167,42,1,0,0,0,1,0
371130,37,NORTH CAROLINA,NC,2,2,0,5,57,0,BANKSTON,28,12,December,2010,3,Tuesday,15,45,0,6,4,99999,35.70191667,-80.21053889,12,1,0,0,0,1,0
371131,37,NORTH CAROLINA,NC,1,1,0,1,59,0,FRANKLIN,17,12,December,2010,6,Friday,21,44,0,6,4,99999,35.90075000,-80.68503056,42,2,0,0,0,1,0
371132,37,NORTH CAROLINA,NC,2,2,0,2,61,0,BELLWOOD,16,12,December,2010,5,Thursday,9,20,0,4,3,99999,35.05562778,-77.75448333,12,1,0,0,0,1,0
371133,37,NORTH CAROLINA,NC,1,1,0,4,63,1360,BOLIGEE,11,12,December,2010,7,Saturday,3,32,1,11,1,99999,35.90458889,-78.88398056,59,2,0,0,0,1,1
371134,37,NORTH CAROLINA,NC,1,1,0,1,65,0,CYPRESS,3,12,December,2010,6,Friday,20,29,0,6,4,99999,35.90782222,-77.68949722,42,2,0,0,0,1,0
371135,37,NORTH CAROLINA,NC,1,1,0,1,65,0,CYPRESS,31,12,December,2010,6,Friday,21,54,0,4,4,99999,35.97121667,-77.72413056,59,2,0,0,0,1,1
371136,37,NORTH CAROLINA,NC,1,1,1,1,67,5120,ABBEVILLE,29,12,December,2010,4,Wednesday,19,23,0,16,6,99999,36.16406667,-80.27373056,8,2,0,0,0,1,0
371137,37,NORTH CAROLINA,NC,1,1,0,2,71,1800,BRIDGEPORT,10,12,December,2010,6,Friday,20,54,0,14,6,99999,35.25697500,-81.25853056,30,3,0,0,0,1,1
371138,37,NORTH CAROLINA,NC,1,1,1,1,73,0,ARGO,21,12,December,2010,3,Tuesday,17,50,0,6,4,99999,36.45482500,-76.62099167,8,2,0,0,0,1,1
371139,37,NORTH CAROLINA,NC,2,2,0,2,81,2170,AUBURN,3,12,December,2010,6,Friday,8,8,0,14,6,99999,35.99240556,-80.01213611,12,1,0,0,0,1,0
371140,37,NORTH CAROLINA,NC,2,2,0,2,81,2170,AUBURN,10,12,December,2010,6,Friday,17,0,0,3,6,99999,36.06307222,-80.00864722,12,5,0,0,0,1,0
371141,37,NORTH CAROLINA,NC,1,1,1,1,81,1940,AUBURN,28,12,December,2010,3,Tuesday,17,59,1,11,1,99999,36.04145556,-79.77818611,8,2,0,0,0,1,0
371142,37,NORTH CAROLINA,NC,1,1,0,1,85,0,BENTON,16,12,December,2010,5,Thursday,8,15,0,5,4,99999,35.25991667,-78.86956111,34,1,0,0,0,1,0
371143,37,NORTH CAROLINA,NC,2,2,0,2,85,0,BENTON,18,12,December,2010,7,Saturday,7,18,0,4,3,99999,35.39394722,-78.67120833,12,1,0,0,0,1,0
371144,37,NORTH CAROLINA,NC,1,1,0,1,101,0,BOYLSTON,21,12,December,2010,3,Tuesday,14,24,0,6,4,99999,35.40751944,-78.19295833,34,1,0,0,0,1,0
371145,37,NORTH CAROLINA,NC,1,1,0,2,101,0,BOYLSTON,26,12,December,2010,1,Sunday,21,9,1,1,2,99999,35.59115556,-78.39869444,57,2,0,0,0,1,0
371146,37,NORTH CAROLINA,NC,1,1,1,1,105,0,MARION,26,12,December,2010,1,Sunday,18,54,0,6,4,99999,35.33585278,-79.18953889,8,2,0,0,0,1,0
371147,37,NORTH CAROLINA,NC,2,2,0,3,105,0,MARION,31,12,December,2010,6,Friday,19,31,0,5,4,99999,35.39150000,-79.14507778,12,2,0,0,0,1,0
371148,37,NORTH CAROLINA,NC,2,2,0,2,107,0,CARROLLTON,24,12,December,2010,6,Friday,15,24,0,4,4,99999,35.30531944,-77.78938333,12,1,0,0,0,1,1
371149,37,NORTH CAROLINA,NC,1,1,0,1,111,0,GRAHAM,22,12,December,2010,4,Wednesday,13,50,1,2,2,99999,35.72540278,-82.04358056,43,1,0,0,0,1,0
371150,37,NORTH CAROLINA,NC,2,2,0,3,119,870,BELLAMY,23,12,December,2010,5,Thursday,2,10,0,14,6,99999,35.19850000,-80.85250833,12,3,0,0,0,1,2
371151,37,NORTH CAROLINA,NC,1,1,0,3,119,870,BELLAMY,26,12,December,2010,1,Sunday,3,16,1,11,1,99999,35.27645556,-80.80513056,30,3,0,0,0,1,1
371152,37,NORTH CAROLINA,NC,1,1,0,1,125,0,BROOKWOOD,16,12,December,2010,5,Thursday,17,20,0,6,4,99999,35.50511944,-79.54118611,42,5,0,0,0,1,1
371153,37,NORTH CAROLINA,NC,3,3,0,6,129,5060,BIGBEE,5,12,December,2010,1,Sunday,11,53,1,13,6,99999,34.25395278,-77.88954722,12,1,0,0,0,1,0
371154,37,NORTH CAROLINA,NC,1,1,1,1,129,5060,BIGBEE,24,12,December,2010,6,Friday,17,30,1,13,6,99999,34.19078889,-77.93495278,8,3,0,0,0,1,0
371155,37,NORTH CAROLINA,NC,1,1,0,2,133,0,ARLEY,26,12,December,2010,1,Sunday,8,45,0,4,3,99999,34.44691111,-77.51103333,34,1,0,0,0,1,0
371156,37,NORTH CAROLINA,NC,2,2,0,2,133,0,ARLEY,22,12,December,2010,4,Wednesday,13,7,1,2,2,99999,34.47635000,-77.57618056,59,1,0,0,0,1,0
371157,37,NORTH CAROLINA,NC,1,1,0,3,135,0,ASH FLAT,3,12,December,2010,6,Friday,4,6,1,1,1,99999,35.95188611,-79.00337222,1,2,0,0,0,1,0
371158,37,NORTH CAROLINA,NC,2,2,0,5,153,0,BONAIRE,11,12,December,2010,7,Saturday,0,55,0,6,4,99999,34.96910833,-79.74246111,12,2,0,0,0,1,0
371159,37,NORTH CAROLINA,NC,2,2,0,2,153,0,BONAIRE,19,12,December,2010,1,Sunday,15,36,1,2,2,99999,34.95525278,-79.71276389,12,1,0,0,0,2,0
371160,37,NORTH CAROLINA,NC,1,1,0,1,155,0,IRWIN,16,12,December,2010,5,Thursday,8,36,0,4,3,99999,34.82556944,-79.18061389,35,1,0,0,0,1,0
371161,37,NORTH CAROLINA,NC,1,1,0,1,155,0,IRWIN,18,12,December,2010,7,Saturday,21,10,0,5,4,99999,34.41703611,-79.07049167,34,2,0,0,0,1,1
371162,37,NORTH CAROLINA,NC,1,1,0,2,155,0,IRWIN,25,12,December,2010,7,Saturday,5,12,0,6,4,99999,34.72383611,-79.07040556,34,2,0,0,0,1,1
371163,37,NORTH CAROLINA,NC,1,1,0,1,155,0,IRWIN,28,12,December,2010,3,Tuesday,20,2,0,6,4,99999,34.67924167,-79.29845833,11,2,0,0,0,1,0
371164,37,NORTH CAROLINA,NC,2,2,0,3,159,0,FARRAR,17,12,December,2010,6,Friday,8,6,0,5,4,99999,35.53809444,-80.68385000,12,1,0,0,0,1,0
371165,37,NORTH CAROLINA,NC,1,1,0,1,163,0,AVERA,19,12,December,2010,1,Sunday,1,51,0,6,4,99999,35.18201667,-78.39655000,32,2,0,0,0,1,1
371166,37,NORTH CAROLINA,NC,1,1,0,3,163,0,AVERA,16,12,December,2010,5,Thursday,9,55,0,5,4,99999,34.77729167,-78.44504444,1,1,3,0,0,1,0
371167,37,NORTH CAROLINA,NC,1,1,0,3,163,0,AVERA,24,12,December,2010,6,Friday,22,50,0,6,4,99999,34.58411111,-78.24265556,34,2,0,0,0,1,1
371168,37,NORTH CAROLINA,NC,1,1,0,4,175,0,CADWELL,17,12,December,2010,6,Friday,22,55,0,4,4,99999,35.23776667,-82.59770278,5,2,0,0,0,1,0
371169,37,NORTH CAROLINA,NC,3,3,0,3,183,3750,FORT STEWART,9,12,December,2010,5,Thursday,7,51,1,11,1,99999,35.90796111,-78.76785278,12,1,0,0,0,1,0
371170,37,NORTH CAROLINA,NC,3,3,0,4,183,0,FORT STEWART,15,12,December,2010,4,Wednesday,10,50,0,3,4,99999,35.75466111,-78.53645278,12,1,0,0,0,1,0
371171,37,NORTH CAROLINA,NC,1,1,0,3,193,0,IDEAL,27,12,December,2010,2,Monday,12,13,0,5,4,99999,36.24510278,-81.21110833,1,1,0,0,0,1,0
371172,37,NORTH CAROLINA,NC,1,1,1,1,195,5070,CARLTON,30,12,December,2010,5,Thursday,17,59,0,14,6,99999,99.99990000,999.99990000,8,3,0,0,0,1,0
371173,37,NORTH CAROLINA,NC,1,1,0,1,65,0,CYPRESS,17,6,June,2010,5,Thursday,15,44,0,4,4,99999,35.71271944,-77.63008056,7,1,0,0,0,1,0
371174,37,NORTH CAROLINA,NC,2,2,0,4,123,740,ALEXANDER CITY,16,7,July,2010,6,Friday,11,27,0,16,6,99999,35.29978611,-79.74606389,12,1,0,0,0,1,0
371175,37,NORTH CAROLINA,NC,1,1,0,1,127,0,BURNWELL,4,7,July,2010,1,Sunday,2,38,0,4,4,99999,99.99990000,999.99990000,11,2,0,0,0,1,1
371176,37,NORTH CAROLINA,NC,1,1,0,1,39,0,ANDALUSIA,20,8,August,2010,6,Friday,23,35,0,4,2,99999,35.05726111,-84.06618056,42,2,0,0,0,1,0
371177,37,NORTH CAROLINA,NC,2,2,0,4,49,0,COLLINSVILLE,13,8,August,2010,6,Friday,16,16,0,4,3,99999,35.11008056,-77.09981944,12,1,2,0,0,2,0
371178,37,NORTH CAROLINA,NC,2,2,0,3,85,1350,BENTON,29,8,August,2010,1,Sunday,16,24,0,2,3,99999,35.31526389,-78.59541944,12,1,0,0,0,1,0
371179,37,NORTH CAROLINA,NC,1,1,0,1,119,870,BELLAMY,28,8,August,2010,7,Saturday,1,16,0,16,6,99999,35.23054722,-80.87954444,7,3,0,0,0,1,1
371180,37,NORTH CAROLINA,NC,1,1,1,1,51,1670,CENTRAL,2,9,September,2010,5,Thursday,20,18,0,16,6,99999,34.85086111,-78.73274722,8,3,0,0,0,1,0
371181,37,NORTH CAROLINA,NC,2,2,0,4,51,1670,CENTRAL,18,9,September,2010,7,Saturday,2,58,0,16,6,99999,35.04658056,-78.94157500,12,2,0,0,0,2,1
371182,37,NORTH CAROLINA,NC,1,1,1,1,77,4500,ANDERSON,26,9,September,2010,1,Sunday,2,21,1,2,2,99999,36.12255556,-78.68974722,8,2,0,0,0,1,1
371183,37,NORTH CAROLINA,NC,1,1,0,1,163,0,AVERA,12,9,September,2010,1,Sunday,7,43,0,4,4,99999,35.05691111,-78.20171389,34,2,0,0,0,1,0
371184,37,NORTH CAROLINA,NC,1,1,1,1,183,800,FORT STEWART,28,9,September,2010,3,Tuesday,13,29,0,16,6,99999,35.69522500,-78.79669167,8,1,0,0,0,1,0
371185,37,NORTH CAROLINA,NC,1,1,0,1,189,0,BONEVILLE,3,9,September,2010,6,Friday,18,30,0,4,4,99999,36.11936389,-81.54233056,1,1,0,0,0,1,0
371186,37,NORTH CAROLINA,NC,2,2,0,2,27,0,ASHLAND,14,10,October,2010,5,Thursday,6,25,1,2,2,99999,35.88272222,-81.51512222,12,2,0,0,0,1,0
371187,37,NORTH CAROLINA,NC,3,3,0,3,51,1670,CENTRAL,21,10,October,2010,5,Thursday,21,54,0,16,6,99999,35.06885278,-78.90784167,12,3,0,0,0,1,0
371188,37,NORTH CAROLINA,NC,1,1,1,1,55,1324,ATTALLA,13,10,October,2010,4,Wednesday,19,32,0,16,6,99999,36.17106944,-75.75631111,8,6,0,0,0,1,0
371189,37,NORTH CAROLINA,NC,2,2,0,2,71,890,BRIDGEPORT,12,10,October,2010,3,Tuesday,10,38,0,16,6,99999,35.38114167,-81.37667778,12,1,0,0,0,1,0
371190,37,NORTH CAROLINA,NC,1,1,0,4,81,2170,AUBURN,2,10,October,2010,7,Saturday,2,54,0,16,6,99999,35.97911667,-79.95351667,30,3,0,0,0,1,1
371191,37,NORTH CAROLINA,NC,1,1,1,1,97,4430,AXIS,13,10,October,2010,4,Wednesday,5,15,0,16,6,99999,35.76977500,-80.85671389,8,3,0,0,0,1,0
371192,37,NORTH CAROLINA,NC,1,1,1,1,119,870,BELLAMY,14,10,October,2010,5,Thursday,6,55,0,16,6,99999,35.24057222,-80.91954167,8,2,0,0,0,1,0
371193,37,NORTH CAROLINA,NC,1,1,0,4,121,0,BON AIR,15,10,October,2010,6,Friday,20,36,0,4,4,99999,35.86902222,-82.04658611,42,2,0,0,0,2,0
371194,37,NORTH CAROLINA,NC,1,1,1,2,161,1680,DENTON,15,10,October,2010,6,Friday,22,8,0,6,6,99999,35.33339722,-81.88129722,8,2,0,0,0,1,0
371195,37,NORTH CAROLINA,NC,2,2,0,3,167,2690,ADRIAN,20,10,October,2010,4,Wednesday,18,40,0,4,3,99999,35.28614167,-80.42684167,12,5,0,0,0,1,0
371196,37,NORTH CAROLINA,NC,2,2,0,2,171,3580,ALDORA,10,10,October,2010,1,Sunday,11,56,1,13,2,99999,36.39392778,-80.47515278,12,1,0,0,0,1,0
371197,37,NORTH CAROLINA,NC,2,2,0,2,171,0,ALDORA,16,10,October,2010,7,Saturday,9,28,0,4,4,99999,36.49411389,-80.52859444,12,1,0,0,0,1,0
371198,37,NORTH CAROLINA,NC,1,1,0,1,173,0,LAKELAND,15,10,October,2010,6,Friday,19,49,1,2,2,99999,35.42560278,-83.40897500,24,2,0,0,0,1,1
371199,37,NORTH CAROLINA,NC,2,2,0,2,193,3370,IDEAL,8,10,October,2010,6,Friday,13,0,0,4,3,99999,36.18711111,-81.14993611,12,1,0,0,0,1,0
371200,37,NORTH CAROLINA,NC,2,2,0,2,1,0,AUTAUGA,18,11,November,2010,5,Thursday,19,7,0,4,3,99999,36.20553333,-79.50887222,34,2,0,0,0,1,0
371201,37,NORTH CAROLINA,NC,1,1,1,2,51,1670,CENTRAL,17,11,November,2010,4,Wednesday,20,19,0,16,6,99999,35.03565278,-78.96520000,8,2,0,0,0,1,0
371202,37,NORTH CAROLINA,NC,1,1,0,1,81,0,AUBURN,13,11,November,2010,7,Saturday,23,19,0,6,4,99999,36.12255556,-79.67656389,53,2,0,0,0,1,1
371203,37,NORTH CAROLINA,NC,3,3,0,4,111,2900,GRAHAM,24,11,November,2010,4,Wednesday,19,37,1,13,2,99999,35.69280000,-81.99220556,12,2,0,0,0,1,1
371204,37,NORTH CAROLINA,NC,2,2,1,2,119,870,BELLAMY,23,11,November,2010,3,Tuesday,18,41,0,16,6,99999,35.26154167,-80.87774167,8,3,5,0,0,1,0
371205,37,NORTH CAROLINA,NC,1,1,0,1,125,4270,BROOKWOOD,5,11,November,2010,6,Friday,2,51,0,16,6,99999,35.16698611,-79.39756667,30,2,0,0,0,1,1
371206,37,NORTH CAROLINA,NC,3,3,0,3,135,0,ASH FLAT,22,11,November,2010,2,Monday,18,8,0,4,3,99999,36.15010833,-79.06276667,12,2,0,0,0,1,0
371207,37,NORTH CAROLINA,NC,2,2,0,2,147,1950,AUGUSTA,2,11,November,2010,3,Tuesday,15,52,1,13,2,99999,35.58075556,-77.37726667,12,1,0,0,0,1,0
371208,37,NORTH CAROLINA,NC,1,1,0,4,147,1950,AUGUSTA,20,11,November,2010,7,Saturday,6,31,1,13,2,99999,35.59047222,-77.36536944,43,4,0,0,0,2,0
371209,37,NORTH CAROLINA,NC,1,1,0,1,183,0,FORT STEWART,8,11,November,2010,2,Monday,16,16,0,6,4,99999,35.56787500,-78.72221111,1,1,0,0,0,1,0
371210,37,NORTH CAROLINA,NC,2,2,0,2,25,1040,BARLOW BEND,20,12,December,2010,2,Monday,18,31,1,11,1,99999,35.39667778,-80.70028889,12,2,0,0,0,1,0
371211,37,NORTH CAROLINA,NC,2,2,0,3,31,3120,COFFEE,3,12,December,2010,6,Friday,10,7,0,16,6,99999,34.72849444,-76.76851944,12,1,0,0,0,1,0
371212,37,NORTH CAROLINA,NC,2,2,0,2,47,0,BROWNS,30,12,December,2010,5,Thursday,18,3,0,5,4,99999,34.41020556,-78.80058056,12,2,0,0,0,1,0
371213,37,NORTH CAROLINA,NC,5,5,0,8,51,4374,CENTRAL,30,12,December,2010,5,Thursday,14,26,0,4,3,99999,35.18272778,-78.96446944,12,1,0,0,0,1,1
371214,37,NORTH CAROLINA,NC,1,1,0,1,57,0,BANKSTON,30,12,December,2010,5,Thursday,6,34,1,2,2,99999,35.85709167,-80.38614722,31,2,0,0,0,1,0
371215,37,NORTH CAROLINA,NC,1,1,0,1,59,0,FRANKLIN,16,12,December,2010,5,Thursday,7,40,0,6,4,99999,35.88329444,-80.50753889,42,1,0,0,0,1,0
371216,37,NORTH CAROLINA,NC,1,1,0,4,85,1350,BENTON,11,12,December,2010,7,Saturday,21,55,0,5,6,99999,35.33582778,-78.61051389,42,3,0,0,0,1,0
371217,37,NORTH CAROLINA,NC,2,2,0,3,117,0,BIRMINGHAM,30,12,December,2010,5,Thursday,18,12,0,4,3,99999,35.83295833,-77.09356389,12,2,0,0,0,2,0
371218,37,NORTH CAROLINA,NC,2,2,0,3,127,3930,BURNWELL,30,12,December,2010,5,Thursday,14,58,0,6,6,99999,35.98970833,-77.78217222,12,1,0,0,0,1,0
371219,37,NORTH CAROLINA,NC,1,1,0,3,133,0,ARLEY,17,12,December,2010,6,Friday,18,43,0,5,4,99999,34.68982778,-77.49752778,42,2,0,0,0,1,0
371220,37,NORTH CAROLINA,NC,1,1,1,1,133,2330,ARLEY,23,12,December,2010,5,Thursday,2,37,0,4,3,99999,34.74471667,-77.39121389,8,3,0,0,0,1,1
371221,37,NORTH CAROLINA,NC,2,2,0,2,165,2560,HERNDON,14,12,December,2010,3,Tuesday,16,35,1,13,2,99999,34.78577778,-79.46824167,12,1,0,0,0,1,1
371222,37,NORTH CAROLINA,NC,1,1,1,1,183,5230,FORT STEWART,6,12,December,2010,2,Monday,5,30,0,6,6,99999,35.82035278,-78.32803611,8,3,0,0,0,1,0
371223,37,NORTH CAROLINA,NC,1,1,0,1,37,0,BRADFORD,25,11,November,2010,5,Thursday,11,13,1,2,2,99999,35.55850278,-79.29193611,24,1,0,0,0,1,1
371224,37,NORTH CAROLINA,NC,2,2,0,3,71,430,BRIDGEPORT,27,5,May,2010,5,Thursday,15,30,0,16,6,99999,35.29276389,-81.26453056,12,1,0,0,0,1,0
380001,38,NORTH DAKOTA,ND,1,1,0,1,15,0,ANNISTON,10,1,January,2010,1,Sunday,7,43,1,1,1,163,46.83860000,-100.69910000,35,1,0,0,0,1,0
380002,38,NORTH DAKOTA,ND,2,2,0,4,17,0,CHAMBERS,14,1,January,2010,5,Thursday,0,1,1,1,1,315,46.87560000,-97.55820000,1,2,0,0,0,1,0
380003,38,NORTH DAKOTA,ND,2,2,0,4,61,0,BELLWOOD,14,1,January,2010,5,Thursday,7,52,0,2,3,5545,47.97780000,-102.36400000,12,4,0,0,0,1,0
380004,38,NORTH DAKOTA,ND,2,2,0,2,105,3350,MARION,29,1,January,2010,6,Friday,5,53,0,14,6,0,48.16873056,-103.62140000,12,2,0,0,0,1,0
380005,38,NORTH DAKOTA,ND,1,1,0,3,17,0,CHAMBERS,3,2,February,2010,4,Wednesday,23,7,1,1,1,540,46.72016944,-96.83023056,1,2,0,0,0,1,0
380006,38,NORTH DAKOTA,ND,1,1,0,3,101,0,BOYLSTON,6,2,February,2010,7,Saturday,16,41,1,2,2,1158,48.32740000,-101.83810000,1,1,0,0,0,1,1
380007,38,NORTH DAKOTA,ND,2,2,0,3,53,0,ATMORE,12,2,February,2010,6,Friday,10,0,0,2,3,422,47.98160000,-102.64530000,12,1,0,0,0,2,1
380008,38,NORTH DAKOTA,ND,2,2,0,2,53,0,ATMORE,18,2,February,2010,5,Thursday,7,40,0,4,3,20,47.89226111,-104.03348889,12,1,0,0,0,1,0
380009,38,NORTH DAKOTA,ND,1,1,0,1,89,0,BROWNSBORO,6,3,March,2010,7,Saturday,5,0,0,6,5,0,46.80367222,-102.74486944,1,4,0,0,0,1,1
380010,38,NORTH DAKOTA,ND,1,1,0,2,1,0,AUTAUGA,9,3,March,2010,3,Tuesday,16,38,1,2,2,768,46.00307222,-102.57526944,1,5,0,0,0,1,0
380011,38,NORTH DAKOTA,ND,1,1,0,1,77,0,ANDERSON,14,3,March,2010,1,Sunday,3,5,0,6,4,0,46.49068056,-96.75367222,35,2,0,0,0,1,1
380012,38,NORTH DAKOTA,ND,1,1,0,2,93,0,BEAR CREEK,16,3,March,2010,3,Tuesday,7,10,1,1,1,2637,46.89248889,-98.60186667,1,4,0,0,0,2,0
380013,38,NORTH DAKOTA,ND,1,1,0,1,77,0,ANDERSON,19,3,March,2010,6,Friday,18,30,0,6,4,0,46.38385556,-96.97048056,31,1,0,0,0,1,0
380014,38,NORTH DAKOTA,ND,2,2,0,2,53,0,ATMORE,23,3,March,2010,3,Tuesday,23,36,1,2,3,170,47.87735278,-103.68201389,12,2,0,0,0,1,1
380015,38,NORTH DAKOTA,ND,1,1,0,1,43,0,BAILEYTON,10,4,April,2010,7,Saturday,2,36,0,4,4,0,46.73580000,-99.91210000,35,2,0,0,0,1,1
380016,38,NORTH DAKOTA,ND,1,1,0,2,5,0,BAKER HILL,10,4,April,2010,7,Saturday,3,56,0,2,3,71,47.99480000,-98.98045000,1,2,0,0,0,1,1
380017,38,NORTH DAKOTA,ND,1,1,0,1,3,3160,BALDWIN,17,4,April,2010,7,Saturday,22,0,0,6,5,0,46.91636111,-97.96951944,1,3,0,0,0,1,1
380018,38,NORTH DAKOTA,ND,2,2,0,3,35,1280,BROOKLYN,18,4,April,2010,1,Sunday,12,30,1,13,2,9492,47.98700000,-97.09610000,12,1,0,0,0,1,0
380019,38,NORTH DAKOTA,ND,2,2,0,3,99,0,BEATRICE,18,4,April,2010,1,Sunday,14,35,0,3,3,2070,48.53480000,-97.62280000,12,1,0,0,0,1,0
380020,38,NORTH DAKOTA,ND,2,2,0,4,17,0,CHAMBERS,18,4,April,2010,1,Sunday,18,11,0,4,4,0,46.65920000,-96.82050000,12,1,0,0,0,2,0
380021,38,NORTH DAKOTA,ND,2,2,0,7,5,0,BAKER HILL,21,4,April,2010,4,Wednesday,21,30,0,6,4,0,47.97473056,-98.88895000,12,2,0,0,0,1,2
380022,38,NORTH DAKOTA,ND,1,1,0,1,49,0,COLLINSVILLE,24,4,April,2010,7,Saturday,1,30,0,4,4,0,48.39166111,-100.38551111,35,2,0,0,0,1,1
380023,38,NORTH DAKOTA,ND,1,1,0,4,79,0,COURTLAND,24,4,April,2010,7,Saturday,2,40,0,6,4,0,48.79746111,-99.86015000,1,2,0,0,0,1,1
380024,38,NORTH DAKOTA,ND,2,1,0,3,53,3280,ATMORE,27,4,April,2010,3,Tuesday,0,40,0,6,6,0,47.80320000,-103.27800000,33,3,0,0,0,1,1
380025,38,NORTH DAKOTA,ND,1,1,0,1,17,0,CHAMBERS,5,3,March,2010,6,Friday,11,8,0,4,4,0,46.77553056,-96.97930000,1,1,0,0,0,1,0
380026,38,NORTH DAKOTA,ND,3,3,0,4,5,0,BAKER HILL,19,5,May,2010,4,Wednesday,21,30,0,2,3,75,47.99560000,-98.97100000,12,2,0,0,0,1,0
380027,38,NORTH DAKOTA,ND,1,1,0,1,59,0,FRANKLIN,20,5,May,2010,5,Thursday,1,5,0,3,3,763,46.86140000,-100.89770000,1,2,0,0,0,1,1
380028,38,NORTH DAKOTA,ND,1,1,0,1,57,0,BANKSTON,31,5,May,2010,2,Monday,19,40,0,2,3,1761,47.50480000,-101.42870000,57,1,0,0,0,1,0
380029,38,NORTH DAKOTA,ND,1,1,0,4,5,0,BAKER HILL,28,5,May,2010,6,Friday,6,23,0,6,4,0,47.90778056,-98.80036111,1,4,0,0,0,1,1
380030,38,NORTH DAKOTA,ND,2,2,0,3,15,0,ANNISTON,3,6,June,2010,5,Thursday,15,5,0,4,3,692,46.69560000,-100.71130000,12,1,0,0,0,3,1
380031,38,NORTH DAKOTA,ND,3,3,0,7,35,1280,BROOKLYN,5,6,June,2010,7,Saturday,1,39,0,14,6,0,47.90400000,-97.06650000,12,3,0,0,0,2,1
380032,38,NORTH DAKOTA,ND,2,2,0,3,71,0,BRIDGEPORT,23,6,June,2010,4,Wednesday,6,50,0,3,3,1488,48.12180000,-99.00970000,12,1,0,0,0,1,0