ST_CASE,STATE,State Name,State Abbreviation,# of Vehicle involved,VE_FORMS,Pedestrains,Total_Persons_in_accident,COUNTY,CITY,City_County_Name,Calendar_DAY,MONTH,Month_name,YEAR,DAY_WEEK,Day_Week_desc,HOUR,MINUTE,NHS_Desc,trafficway,Route,MILEPT,LATITUDE,LONGITUD,First_Crash_event,Light_cond_desc,Weather_condition,School_bus_involved,Crash_cause,FATALS,DRUNK_DR
390443,39,OHIO,OH,2,2,0,4,49,0,COLLINSVILLE,3,6,June,2010,5,Thursday,12,9,0,5,4,0,39.97317500,-83.17440000,12,1,0,0,0,1,0
390444,39,OHIO,OH,2,2,0,6,65,0,CYPRESS,16,6,June,2010,4,Wednesday,17,42,0,4,3,34,40.52802500,-83.57535278,12,1,0,0,0,1,0
390445,39,OHIO,OH,1,1,0,1,83,0,ARDMORE,26,6,June,2010,7,Saturday,20,16,0,3,3,218,40.44165556,-82.44503333,32,1,0,0,0,1,1
390446,39,OHIO,OH,1,1,0,1,19,0,CEDAR BLUFF,28,6,June,2010,2,Monday,14,28,0,4,3,68,40.62057500,-81.14305833,42,1,0,0,0,1,1
390447,39,OHIO,OH,1,1,0,2,147,0,AUGUSTA,3,7,July,2010,7,Saturday,20,0,0,6,5,0,41.00669444,-83.40711111,42,1,0,0,0,1,0
390448,39,OHIO,OH,1,1,0,1,151,0,FLIPPEN,12,7,July,2010,2,Monday,6,28,0,3,3,133,40.84673611,-81.49478056,42,1,0,0,0,1,0
390449,39,OHIO,OH,1,1,1,1,49,3500,COLLINSVILLE,14,7,July,2010,4,Wednesday,3,15,1,11,1,128,40.03183611,-83.12330833,8,2,0,0,0,1,0
390450,39,OHIO,OH,1,1,0,2,169,0,BRADLEY,17,7,July,2010,7,Saturday,17,43,0,5,4,0,40.95661944,-81.84184722,35,1,0,0,0,1,1
390451,39,OHIO,OH,1,1,0,2,103,0,DANVILLE,17,7,July,2010,7,Saturday,5,25,0,4,3,1,40.99210556,-82.11010278,34,4,0,0,0,1,1
390452,39,OHIO,OH,1,1,0,1,165,0,HERNDON,18,7,July,2010,1,Sunday,10,15,0,4,3,98,39.35837778,-84.12873889,24,1,0,0,0,1,0
390453,39,OHIO,OH,1,1,0,3,59,0,FRANKLIN,3,7,July,2010,7,Saturday,23,35,0,4,3,129,39.97146944,-81.30885278,34,2,0,0,0,2,1
390454,39,OHIO,OH,1,1,0,1,133,0,ARLEY,3,7,July,2010,7,Saturday,2,18,0,4,3,197,41.23498611,-81.01958333,1,2,0,0,0,1,1
390455,39,OHIO,OH,1,1,0,1,87,0,ARMSTRONG,5,7,July,2010,2,Monday,3,47,0,4,4,0,38.43260833,-82.46449722,35,2,0,0,0,1,1
390456,39,OHIO,OH,2,2,0,3,109,6550,ANSLEY,6,7,July,2010,3,Tuesday,11,31,1,12,2,172,40.15158889,-84.22050556,12,1,0,0,0,1,0
390457,39,OHIO,OH,1,1,0,1,61,1610,BELLWOOD,8,7,July,2010,5,Thursday,12,30,1,12,3,124,39.21225556,-84.48818889,34,1,0,0,0,1,0
390458,39,OHIO,OH,1,1,0,1,153,70,BONAIRE,14,5,May,2010,6,Friday,20,21,1,12,2,111,41.02585556,-81.48224722,25,3,0,0,0,1,0
390459,39,OHIO,OH,1,1,1,1,95,8120,ALBERTVILLE,9,6,June,2010,4,Wednesday,15,30,0,13,6,0,41.60126667,-83.62699444,8,1,0,0,0,1,0
390460,39,OHIO,OH,1,1,0,1,35,1680,BROOKLYN,13,6,June,2010,1,Sunday,17,18,0,13,3,25,41.49259722,-81.67933056,21,1,0,0,0,1,0
390461,39,OHIO,OH,1,1,0,1,113,2090,COTTONTON,26,6,June,2010,7,Saturday,5,2,0,14,6,0,39.77758333,-84.25377778,33,3,0,0,0,1,1
390462,39,OHIO,OH,3,3,0,3,35,8540,BROOKLYN,29,6,June,2010,3,Tuesday,15,35,1,11,1,57,41.40781944,-81.50616944,12,1,0,0,0,1,0
390463,39,OHIO,OH,1,1,0,1,9,0,BLOUNT,11,7,July,2010,1,Sunday,15,38,0,3,3,66,39.39410000,-82.06466944,1,1,0,0,0,1,0
390464,39,OHIO,OH,2,2,0,3,93,0,BEAR CREEK,18,7,July,2010,1,Sunday,13,5,0,4,3,62,41.31308611,-81.95029722,12,1,0,0,0,1,0
390465,39,OHIO,OH,2,2,0,2,23,0,BLADON SPRINGS,21,7,July,2010,4,Wednesday,14,31,0,6,5,0,39.89289444,-84.02099444,7,1,0,0,0,1,0
390466,39,OHIO,OH,1,1,0,4,139,0,CALION,25,7,July,2010,1,Sunday,2,45,0,4,4,0,40.68196944,-82.46570278,42,2,0,0,0,1,1
390467,39,OHIO,OH,2,2,0,3,99,9230,BEATRICE,4,6,June,2010,6,Friday,1,6,0,13,6,0,41.09118333,-80.65618889,30,3,0,0,0,1,2
390468,39,OHIO,OH,2,2,0,5,49,1800,COLLINSVILLE,29,5,May,2010,7,Saturday,13,10,0,14,6,0,39.91638611,-83.09238889,12,1,0,0,0,1,0
390469,39,OHIO,OH,1,1,1,1,35,0,BROOKLYN,6,6,June,2010,1,Sunday,2,57,0,4,4,0,41.38243333,-81.92194722,8,2,0,0,0,1,0
390470,39,OHIO,OH,2,2,0,2,17,2535,CHAMBERS,10,6,June,2010,5,Thursday,9,59,1,13,3,1,39.30255833,-84.48572222,12,1,0,0,0,1,0
390471,39,OHIO,OH,2,2,0,2,123,0,ALEXANDER CITY,16,6,June,2010,4,Wednesday,14,33,0,3,3,74,41.53131389,-83.35920833,12,1,0,0,0,1,0
390472,39,OHIO,OH,1,1,1,1,17,5230,CHAMBERS,19,6,June,2010,7,Saturday,19,32,0,14,3,38,39.44430000,-84.35548889,8,1,0,0,0,1,1
390473,39,OHIO,OH,2,2,0,3,113,3622,COTTONTON,22,6,June,2010,3,Tuesday,10,45,0,15,3,22,39.86793611,-84.05605556,12,1,0,0,0,1,0
390474,39,OHIO,OH,3,2,0,2,151,1320,FLIPPEN,25,6,June,2010,6,Friday,19,33,0,15,6,0,40.82560556,-81.32027500,12,1,0,0,0,1,0
390475,39,OHIO,OH,1,1,0,1,93,0,BEAR CREEK,1,7,July,2010,5,Thursday,13,1,0,3,3,73,41.26033611,-82.03739167,34,1,0,0,0,1,0
390476,39,OHIO,OH,2,2,0,4,123,0,ALEXANDER CITY,4,7,July,2010,1,Sunday,21,55,1,2,3,283,41.48266667,-82.83465833,12,3,0,0,0,1,1
390477,39,OHIO,OH,1,1,1,1,103,1085,DANVILLE,5,7,July,2010,2,Monday,13,34,0,15,6,0,41.24770833,-81.82580833,9,1,0,0,0,1,0
390478,39,OHIO,OH,2,2,0,2,149,7550,BELLEVILLE,27,7,July,2010,3,Tuesday,16,41,0,14,3,152,40.31173611,-84.17316944,12,1,0,0,0,1,0
390479,39,OHIO,OH,1,1,0,1,133,0,ARLEY,7,7,July,2010,4,Wednesday,14,5,0,6,5,0,41.08793889,-81.09417222,34,1,0,0,0,1,1
390480,39,OHIO,OH,1,1,1,2,95,8120,ALBERTVILLE,11,7,July,2010,1,Sunday,17,35,0,16,6,0,41.65387222,-83.56253333,9,1,0,0,0,1,0
390481,39,OHIO,OH,1,1,1,1,49,1800,COLLINSVILLE,14,7,July,2010,4,Wednesday,1,29,1,11,1,175,39.93244722,-82.93085556,8,3,0,0,0,1,0
390482,39,OHIO,OH,2,2,0,3,5,0,BAKER HILL,15,7,July,2010,5,Thursday,19,58,0,4,3,89,40.92181389,-82.28411944,12,1,0,0,0,1,1
390483,39,OHIO,OH,2,2,0,2,25,0,BARLOW BEND,18,7,July,2010,1,Sunday,0,59,0,6,4,0,39.16435000,-84.12518056,12,2,0,0,0,1,2
390484,39,OHIO,OH,1,1,0,1,69,0,ASHFORD,6,7,July,2010,3,Tuesday,10,3,0,2,2,193,41.41788333,-83.88799444,30,1,0,0,0,1,0
390485,39,OHIO,OH,1,1,0,1,49,1800,COLLINSVILLE,11,7,July,2010,1,Sunday,5,41,0,16,6,0,39.97238333,-82.98085278,30,3,0,0,0,1,1
390486,39,OHIO,OH,1,1,0,4,49,1800,COLLINSVILLE,22,6,June,2010,3,Tuesday,16,39,1,11,1,280,40.11280556,-82.97630278,25,1,0,0,0,1,0
390487,39,OHIO,OH,2,2,0,3,131,0,ARLINGTON,14,7,July,2010,4,Wednesday,15,48,0,2,3,200,39.05331944,-82.93598056,12,1,0,0,0,2,0
390488,39,OHIO,OH,2,2,0,3,123,0,ALEXANDER CITY,16,7,July,2010,6,Friday,23,0,0,4,3,27,41.49774722,-83.14534722,12,2,0,0,0,1,0
390489,39,OHIO,OH,1,1,0,3,141,0,BEE BRANCH,16,7,July,2010,6,Friday,17,24,0,6,4,0,39.33992500,-82.83628056,35,1,0,0,0,1,0
390490,39,OHIO,OH,1,1,0,1,35,1680,BROOKLYN,16,7,July,2010,6,Friday,23,10,1,11,1,104,41.43257500,-81.81372778,24,3,0,0,0,1,1
390491,39,OHIO,OH,2,2,0,6,101,0,BOYLSTON,25,7,July,2010,1,Sunday,21,12,0,4,3,23,40.68786389,-83.16873611,12,2,0,0,0,1,0
390492,39,OHIO,OH,1,1,0,1,13,0,BOLLING,25,7,July,2010,1,Sunday,0,15,0,4,2,22,40.14118889,-80.82900556,42,2,0,0,0,1,0
390493,39,OHIO,OH,2,2,0,5,5,0,BAKER HILL,27,7,July,2010,3,Tuesday,21,13,0,3,3,82,40.74225000,-82.24797222,12,2,0,0,0,1,0
390494,39,OHIO,OH,1,1,0,6,153,460,BONAIRE,28,7,July,2010,4,Wednesday,19,34,0,14,6,0,41.02523333,-81.62081111,42,1,0,0,0,1,0
390496,39,OHIO,OH,1,1,0,2,147,0,AUGUSTA,11,7,July,2010,1,Sunday,2,50,0,6,5,0,41.21088611,-83.15391944,34,2,0,0,0,1,0
390497,39,OHIO,OH,1,1,0,1,17,0,CHAMBERS,18,7,July,2010,1,Sunday,12,5,0,6,4,0,39.41840833,-84.45497222,42,1,0,0,0,1,0
390498,39,OHIO,OH,1,1,2,1,85,4920,BENTON,9,1,January,2010,7,Saturday,16,26,0,13,2,97,41.66840833,-81.33470556,8,7,0,0,0,1,0
390499,39,OHIO,OH,2,2,0,2,93,0,BEAR CREEK,4,7,July,2010,1,Sunday,17,32,0,5,4,0,41.19990556,-82.13953889,12,1,0,0,0,1,0
390500,39,OHIO,OH,2,2,0,3,93,4360,BEAR CREEK,4,7,July,2010,1,Sunday,16,51,0,14,6,0,41.45587500,-82.16642500,12,1,0,0,0,1,1
390501,39,OHIO,OH,1,1,0,1,121,0,BON AIR,17,7,July,2010,7,Saturday,19,24,0,3,3,54,39.73748889,-81.55769444,38,1,0,0,0,1,1
390502,39,OHIO,OH,2,2,0,6,41,0,BRANTLEY,22,7,July,2010,5,Thursday,21,5,0,4,3,42,40.32160000,-83.17498611,12,2,0,0,0,1,0
390503,39,OHIO,OH,1,1,0,1,141,0,BEE BRANCH,24,7,July,2010,7,Saturday,22,12,0,4,3,127,39.45951111,-83.20808889,34,2,0,0,0,1,1
390504,39,OHIO,OH,1,1,0,1,99,0,BEATRICE,28,7,July,2010,4,Wednesday,0,10,0,5,4,0,41.10846944,-80.76961944,53,2,0,0,0,1,1
390505,39,OHIO,OH,2,2,0,5,89,0,BROWNSBORO,28,7,July,2010,4,Wednesday,4,51,1,1,1,159,39.94527778,-82.48000278,12,3,0,0,0,1,0
390506,39,OHIO,OH,1,1,0,1,67,0,ABBEVILLE,31,7,July,2010,7,Saturday,23,20,0,5,4,0,40.23888611,-80.95713889,1,2,0,0,0,1,1
390507,39,OHIO,OH,2,2,0,2,7,0,BIBB,2,8,August,2010,2,Monday,19,12,0,6,5,0,41.83208056,-80.88656944,12,1,0,0,0,1,1
390508,39,OHIO,OH,2,2,0,3,51,0,CENTRAL,2,8,August,2010,2,Monday,17,13,0,4,3,27,41.70064167,-84.12606389,12,1,0,0,0,3,1
390509,39,OHIO,OH,2,2,0,3,41,0,BRANTLEY,3,8,August,2010,3,Tuesday,16,5,0,3,3,5,40.42417500,-83.24442222,12,1,0,0,0,2,0
390511,39,OHIO,OH,2,2,0,2,35,6360,BROOKLYN,14,1,January,2010,5,Thursday,7,55,0,13,3,116,41.41931389,-81.68995833,48,1,0,0,0,1,0
390512,39,OHIO,OH,1,1,0,1,153,70,BONAIRE,23,4,April,2010,6,Friday,22,40,0,14,6,0,41.09764167,-81.48831111,33,3,0,0,0,1,1
390514,39,OHIO,OH,1,1,0,1,91,0,DAYTON,17,7,July,2010,7,Saturday,17,8,0,4,3,78,40.38336667,-83.62238056,34,1,0,0,0,1,0
390515,39,OHIO,OH,1,1,1,1,143,0,CANEHILL,29,7,July,2010,5,Thursday,23,4,0,6,4,0,41.40791111,-83.17436944,8,2,0,0,0,1,0
390516,39,OHIO,OH,1,1,1,1,117,0,BIRMINGHAM,6,8,August,2010,6,Friday,20,35,0,5,4,0,40.68061944,-82.62994444,8,5,0,0,0,1,1
390517,39,OHIO,OH,1,1,0,3,133,0,ARLEY,7,8,August,2010,7,Saturday,11,43,0,5,4,0,41.16319722,-81.19046667,43,1,0,0,0,2,0
390518,39,OHIO,OH,2,2,0,2,49,1800,COLLINSVILLE,11,8,August,2010,4,Wednesday,0,50,1,11,1,191,39.93188611,-82.92055556,12,3,0,0,0,1,1
390519,39,OHIO,OH,2,2,0,3,49,1800,COLLINSVILLE,13,8,August,2010,6,Friday,8,10,0,14,6,0,39.92119167,-83.12401667,12,1,0,0,0,1,0
390520,39,OHIO,OH,2,2,0,3,75,0,BEAVERTON,14,8,August,2010,7,Saturday,23,56,0,3,3,120,40.59364722,-81.91419722,18,2,0,0,0,1,0
390521,39,OHIO,OH,2,2,0,3,109,0,ANSLEY,18,8,August,2010,4,Wednesday,21,52,0,4,3,208,39.93771111,-84.06892778,12,2,0,0,0,2,0
390522,39,OHIO,OH,2,2,0,5,35,1680,BROOKLYN,10,7,July,2010,7,Saturday,22,37,1,11,1,129,41.47379444,-81.72575000,12,3,0,0,0,1,1
390523,39,OHIO,OH,1,1,0,1,83,0,ARDMORE,14,7,July,2010,4,Wednesday,16,30,0,4,4,0,40.43807778,-82.50820556,42,1,0,0,0,1,0
390524,39,OHIO,OH,3,3,0,5,25,0,BARLOW BEND,14,7,July,2010,4,Wednesday,8,48,1,13,3,4,39.07091111,-84.30511111,12,1,0,0,0,1,0
390525,39,OHIO,OH,2,2,0,3,35,1680,BROOKLYN,16,7,July,2010,6,Friday,19,36,0,14,2,33,41.47970278,-81.63831944,12,5,0,0,0,1,0
390526,39,OHIO,OH,1,1,1,1,127,0,BURNWELL,18,7,July,2010,1,Sunday,2,30,0,13,3,214,39.74066667,-82.09619444,8,2,0,0,0,1,0
390527,39,OHIO,OH,2,1,1,1,93,0,BEAR CREEK,18,7,July,2010,1,Sunday,1,40,0,5,4,0,41.32964722,-82.00130833,14,2,0,0,0,1,0
390528,39,OHIO,OH,1,1,0,1,141,0,BEE BRANCH,23,7,July,2010,6,Friday,3,40,0,4,3,63,39.24282222,-83.05687778,1,2,0,0,0,1,0
390529,39,OHIO,OH,2,2,0,2,129,0,BIGBEE,24,7,July,2010,7,Saturday,17,54,0,4,3,1,39.55891944,-82.99904722,12,1,0,0,0,1,0
390530,39,OHIO,OH,2,2,0,3,87,0,ARMSTRONG,25,7,July,2010,1,Sunday,19,29,0,3,3,29,38.56201667,-82.63706667,12,1,0,0,0,1,0
390531,39,OHIO,OH,2,2,0,2,173,0,LAKELAND,26,7,July,2010,2,Monday,15,40,0,6,5,0,41.58797222,-83.42571389,12,1,0,0,0,1,0
390532,39,OHIO,OH,2,2,0,2,101,0,BOYLSTON,26,7,July,2010,2,Monday,17,41,0,4,3,96,40.59531944,-83.03610556,12,1,0,0,0,1,0
390533,39,OHIO,OH,1,1,1,1,153,0,BONAIRE,27,7,July,2010,3,Tuesday,23,57,1,1,1,43,41.23075556,-81.61776944,8,3,0,0,0,1,0
390534,39,OHIO,OH,1,1,0,1,159,0,FARRAR,30,7,July,2010,6,Friday,6,15,0,4,3,40,40.22516667,-83.45210833,11,1,0,0,0,1,0
390535,39,OHIO,OH,2,2,0,3,133,0,ARLEY,30,7,July,2010,6,Friday,8,49,0,4,3,93,41.23862500,-81.22584722,12,1,0,0,0,1,0
390536,39,OHIO,OH,1,1,0,1,155,0,IRWIN,30,7,July,2010,6,Friday,9,16,1,2,3,210,41.36997778,-80.69803889,35,1,0,0,0,1,0
390537,39,OHIO,OH,1,1,1,1,53,2810,ATMORE,30,7,July,2010,6,Friday,7,57,1,13,3,245,38.82291389,-82.17370000,8,1,0,0,0,1,0
390538,39,OHIO,OH,1,1,1,1,113,0,COTTONTON,1,8,August,2010,1,Sunday,1,11,0,6,5,0,39.82189444,-84.19163333,8,2,0,0,0,1,1
390539,39,OHIO,OH,2,2,0,4,155,0,IRWIN,1,8,August,2010,1,Sunday,1,21,0,4,3,43,41.30846389,-80.92154722,12,2,0,0,0,2,1
390540,39,OHIO,OH,2,2,0,2,23,0,BLADON SPRINGS,4,8,August,2010,4,Wednesday,19,10,0,2,3,200,39.97902222,-83.74201944,12,1,0,0,0,1,1
390541,39,OHIO,OH,1,1,0,1,11,0,BULLOCK,4,8,August,2010,4,Wednesday,15,4,0,6,4,0,40.52804167,-84.31714722,34,1,0,0,0,1,0
390542,39,OHIO,OH,2,2,0,5,165,0,HERNDON,7,8,August,2010,7,Saturday,18,42,0,4,2,144,39.36943333,-84.06391667,12,1,0,0,0,1,0
390543,39,OHIO,OH,2,2,0,4,61,0,BELLWOOD,7,8,August,2010,7,Saturday,18,37,0,6,4,0,39.16032222,-84.66108333,12,1,0,0,0,2,0
390544,39,OHIO,OH,2,2,0,4,49,1800,COLLINSVILLE,15,8,August,2010,1,Sunday,22,21,0,14,6,0,39.96416111,-82.91441944,12,3,0,0,0,1,0
390545,39,OHIO,OH,1,1,0,1,89,5570,BROWNSBORO,7,7,July,2010,4,Wednesday,21,50,0,14,3,161,40.06943333,-82.38473611,59,3,0,0,0,1,1
390546,39,OHIO,OH,1,1,0,1,31,0,COFFEE,24,7,July,2010,7,Saturday,9,41,0,4,3,96,40.25673611,-82.03199444,35,1,0,0,0,1,0
390547,39,OHIO,OH,2,2,0,3,83,0,ARDMORE,4,8,August,2010,4,Wednesday,12,32,1,2,3,68,40.34133889,-82.46648056,12,1,0,0,0,1,1
390548,39,OHIO,OH,1,1,0,2,13,0,BOLLING,13,8,August,2010,6,Friday,14,10,0,6,4,0,39.96416111,-80.87271944,35,1,0,0,0,1,1
390549,39,OHIO,OH,2,2,0,2,77,0,ANDERSON,14,8,August,2010,7,Saturday,22,59,0,6,4,0,41.23304167,-82.36095278,12,2,0,0,0,1,1
390550,39,OHIO,OH,2,2,0,3,173,0,LAKELAND,17,8,August,2010,3,Tuesday,23,55,1,1,1,240,41.51028889,-83.62173611,12,2,0,0,0,1,1
390551,39,OHIO,OH,2,2,0,2,143,0,CANEHILL,17,8,August,2010,3,Tuesday,22,8,0,4,3,19,41.28303056,-82.97510556,12,2,0,0,0,1,1
390552,39,OHIO,OH,2,2,0,2,173,0,LAKELAND,18,8,August,2010,4,Wednesday,19,30,0,5,4,0,41.31307222,-83.70854444,12,1,0,0,0,1,1
390553,39,OHIO,OH,1,1,0,1,85,0,BENTON,19,8,August,2010,5,Thursday,16,36,0,6,4,0,41.74707778,-81.21716111,42,1,0,0,0,1,0
390554,39,OHIO,OH,1,1,0,1,61,1610,BELLWOOD,23,8,August,2010,2,Monday,7,0,0,13,2,20,39.11063333,-84.50413333,19,4,0,0,0,1,1
390555,39,OHIO,OH,1,1,0,1,35,570,BROOKLYN,11,2,February,2010,5,Thursday,8,58,0,13,3,21,41.38287222,-81.52678333,33,1,0,0,0,1,0
390556,39,OHIO,OH,1,1,0,1,155,0,IRWIN,17,7,July,2010,7,Saturday,9,17,0,5,4,0,41.16553889,-80.77938056,59,1,0,0,0,1,1
390557,39,OHIO,OH,2,2,0,5,63,2610,BOLIGEE,23,7,July,2010,6,Friday,13,56,1,13,2,118,41.05864444,-83.66809722,12,1,0,0,0,1,0
390558,39,OHIO,OH,4,1,2,2,49,1800,COLLINSVILLE,1,8,August,2010,1,Sunday,2,46,0,16,6,0,40.00720556,-83.00665556,14,3,0,0,0,1,0
390559,39,OHIO,OH,1,1,0,1,163,0,AVERA,3,8,August,2010,3,Tuesday,19,56,0,4,3,58,39.38488889,-82.39893889,35,1,0,0,0,1,1
390560,39,OHIO,OH,2,2,0,3,55,0,ATTALLA,6,8,August,2010,6,Friday,9,52,0,4,2,132,41.60695000,-81.05811111,12,1,0,0,0,1,0
390561,39,OHIO,OH,2,2,0,3,95,8590,ALBERTVILLE,31,5,May,2010,2,Monday,2,31,0,13,2,84,41.47501667,-83.75238333,12,2,0,0,0,1,0
390562,39,OHIO,OH,1,1,0,2,131,0,ARLINGTON,24,6,June,2010,5,Thursday,19,29,0,6,4,0,39.04718611,-83.12182778,42,1,0,0,0,1,1
390563,39,OHIO,OH,1,1,0,1,19,0,CEDAR BLUFF,24,6,June,2010,5,Thursday,6,55,0,3,3,201,40.60522222,-80.99983611,42,1,0,0,0,1,1
390564,39,OHIO,OH,1,1,0,1,3,0,BALDWIN,7,8,August,2010,7,Saturday,21,15,0,6,5,0,40.76762778,-83.90858056,11,2,0,0,0,1,0
390565,39,OHIO,OH,1,1,0,1,171,0,ALDORA,8,8,August,2010,1,Sunday,16,45,0,4,3,42,41.47438889,-84.55101944,34,1,0,0,0,1,1
390566,39,OHIO,OH,3,3,0,5,27,0,ASHLAND,10,8,August,2010,3,Tuesday,9,40,0,4,3,137,39.35474167,-83.75976667,12,1,0,0,0,1,0
390567,39,OHIO,OH,1,1,0,1,127,0,BURNWELL,12,8,August,2010,5,Thursday,23,0,0,5,3,12,39.85822500,-82.45445278,42,2,0,0,0,1,0
390568,39,OHIO,OH,1,1,0,1,45,0,ARITON,13,8,August,2010,6,Friday,6,15,0,4,4,0,39.78623333,-82.79364722,53,4,0,0,0,1,0
390569,39,OHIO,OH,1,1,0,1,119,0,BELLAMY,13,8,August,2010,6,Friday,13,25,0,6,4,0,39.91921111,-81.91812500,1,1,0,0,0,1,0
390570,39,OHIO,OH,1,1,0,1,155,2950,IRWIN,16,8,August,2010,2,Monday,16,57,0,15,6,0,41.15780833,-80.69804444,33,1,0,0,0,1,1
390571,39,OHIO,OH,2,2,0,2,17,0,CHAMBERS,7,8,August,2010,7,Saturday,13,25,0,6,5,0,39.53860278,-84.52906667,12,1,0,0,0,1,0
390572,39,OHIO,OH,2,2,0,3,45,0,ARITON,12,8,August,2010,5,Thursday,23,0,1,2,2,31,39.83500278,-82.74595556,12,2,0,0,0,1,1
390573,39,OHIO,OH,2,2,0,5,17,0,CHAMBERS,15,8,August,2010,1,Sunday,16,10,0,3,3,108,39.49437222,-84.55121111,12,1,0,0,0,1,0
390574,39,OHIO,OH,2,2,0,3,65,0,CYPRESS,15,8,August,2010,1,Sunday,2,58,0,6,4,0,40.76194444,-83.80416667,12,2,0,0,0,2,1
390575,39,OHIO,OH,1,1,0,1,151,0,FLIPPEN,18,8,August,2010,4,Wednesday,22,12,0,3,3,95,40.76698889,-81.60423611,38,2,0,0,0,1,1
390576,39,OHIO,OH,1,1,0,2,101,0,BOYLSTON,16,3,March,2010,3,Tuesday,1,50,0,4,4,0,40.65115556,-83.22096944,30,2,0,0,0,1,1
390577,39,OHIO,OH,1,1,0,2,115,0,ASHVILLE,2,5,May,2010,1,Sunday,20,15,0,6,4,0,39.58024167,-82.01637222,3,2,0,0,0,2,1
390578,39,OHIO,OH,2,2,0,2,35,1680,BROOKLYN,15,7,July,2010,5,Thursday,13,7,0,15,6,0,41.46408333,-81.79003611,12,1,0,0,0,1,1
390579,39,OHIO,OH,1,1,0,2,17,5010,CHAMBERS,16,7,July,2010,6,Friday,2,37,0,13,3,89,39.50212222,-84.38087500,33,3,0,0,0,1,0
390580,39,OHIO,OH,1,1,1,2,155,0,IRWIN,24,7,July,2010,7,Saturday,13,4,0,6,5,0,41.36362500,-80.84925833,9,1,0,0,0,1,0
390581,39,OHIO,OH,1,1,0,1,35,1680,BROOKLYN,8,8,August,2010,1,Sunday,0,30,0,14,6,0,41.42171667,-81.80162500,33,3,0,0,0,1,1
390582,39,OHIO,OH,2,2,0,4,25,0,BARLOW BEND,15,8,August,2010,1,Sunday,17,49,1,2,3,79,39.08430000,-84.15453889,12,1,0,0,0,1,0
390583,39,OHIO,OH,2,2,0,7,139,0,CALION,18,8,August,2010,4,Wednesday,0,53,0,3,2,155,40.79196944,-82.44716111,12,2,0,0,0,1,1
390584,39,OHIO,OH,2,2,0,2,27,0,ASHLAND,19,8,August,2010,5,Thursday,7,40,0,4,4,0,39.41410000,-83.95801944,12,1,0,0,0,1,1
390585,39,OHIO,OH,1,1,0,1,153,8000,BONAIRE,22,8,August,2010,1,Sunday,0,57,0,14,6,0,41.10456389,-81.44491111,30,2,0,0,0,1,1
390586,39,OHIO,OH,2,2,0,2,95,8120,ALBERTVILLE,17,8,August,2010,3,Tuesday,22,43,0,14,2,232,41.63596389,-83.59068056,12,3,0,0,0,1,1
390587,39,OHIO,OH,1,1,0,2,165,0,HERNDON,7,5,May,2010,6,Friday,19,36,0,6,4,0,39.54698611,-84.24909444,32,1,0,0,0,1,1
390588,39,OHIO,OH,2,2,0,4,35,1680,BROOKLYN,29,5,May,2010,7,Saturday,1,40,1,11,1,100,41.42108889,-81.82960556,12,3,0,0,0,1,1
390589,39,OHIO,OH,1,1,0,1,95,8120,ALBERTVILLE,14,6,June,2010,2,Monday,14,59,1,11,1,117,41.68821667,-83.63767222,1,1,0,0,0,1,1
390590,39,OHIO,OH,1,1,0,2,151,4820,FLIPPEN,11,8,August,2010,4,Wednesday,13,19,0,16,6,0,40.79681944,-81.51485278,33,1,0,0,0,1,0
390591,39,OHIO,OH,1,1,1,1,95,8120,ALBERTVILLE,13,8,August,2010,6,Friday,16,30,0,13,3,69,41.72173056,-83.55687222,8,1,0,0,0,1,1
390592,39,OHIO,OH,4,4,1,4,61,0,BELLWOOD,22,8,August,2010,1,Sunday,2,2,1,2,1,389,39.05798333,-84.38510556,7,2,0,0,0,1,1
390593,39,OHIO,OH,2,2,0,3,49,0,COLLINSVILLE,22,8,August,2010,1,Sunday,21,4,0,4,4,0,39.95746667,-83.14507778,12,3,0,0,0,1,0
390594,39,OHIO,OH,4,4,0,5,55,0,ATTALLA,23,8,August,2010,2,Monday,5,50,0,4,3,29,41.41375278,-81.06013056,12,2,0,0,0,1,0
390595,39,OHIO,OH,1,1,0,1,5,0,BAKER HILL,26,8,August,2010,5,Thursday,0,0,0,4,2,122,40.89114444,-82.27029722,34,2,0,0,0,1,1
390596,39,OHIO,OH,2,2,0,4,103,0,DANVILLE,26,8,August,2010,5,Thursday,10,35,0,4,4,0,41.02542778,-81.79933889,12,1,0,0,0,1,0
390597,39,OHIO,OH,1,1,0,1,159,4800,FARRAR,26,8,August,2010,5,Thursday,10,48,1,12,2,148,40.21478611,-83.30785278,35,1,0,0,0,1,0
390598,39,OHIO,OH,3,3,0,4,17,0,CHAMBERS,27,8,August,2010,6,Friday,13,43,0,3,2,206,39.55223611,-84.64519444,12,1,0,0,0,1,0
390599,39,OHIO,OH,1,1,0,1,49,0,COLLINSVILLE,29,8,August,2010,1,Sunday,18,58,1,1,1,518,39.87368056,-82.98683889,52,1,0,0,0,1,0
390600,39,OHIO,OH,1,1,0,1,49,0,COLLINSVILLE,11,7,July,2010,1,Sunday,13,50,0,3,2,23,39.83180556,-83.13560556,42,1,0,0,0,1,0
390601,39,OHIO,OH,2,2,0,2,151,0,FLIPPEN,12,7,July,2010,2,Monday,10,43,0,4,3,22,40.90034444,-81.21359722,12,1,0,0,0,1,0
390602,39,OHIO,OH,3,3,0,6,151,0,FLIPPEN,15,8,August,2010,1,Sunday,13,53,0,4,3,58,40.73514722,-81.36991667,12,1,0,0,0,4,0
390603,39,OHIO,OH,1,1,0,1,93,0,BEAR CREEK,16,8,August,2010,2,Monday,23,18,0,5,4,0,41.31049444,-82.08976389,59,2,0,0,0,1,1