ST_CASE,STATE,State Name,State Abbreviation,# of Vehicle involved,VE_FORMS,Pedestrains,Total_Persons_in_accident,COUNTY,CITY,City_County_Name,Calendar_DAY,MONTH,Month_name,YEAR,DAY_WEEK,Day_Week_desc,HOUR,MINUTE,NHS_Desc,trafficway,Route,MILEPT,LATITUDE,LONGITUD,First_Crash_event,Light_cond_desc,Weather_condition,School_bus_involved,Crash_cause,FATALS,DRUNK_DR
390604,39,OHIO,OH,1,1,0,1,89,5570,BROWNSBORO,18,8,August,2010,4,Wednesday,18,58,1,12,3,184,40.05705000,-82.45005278,35,1,0,0,0,1,0
390605,39,OHIO,OH,2,2,0,2,141,0,BEE BRANCH,19,8,August,2010,5,Thursday,21,35,0,9,4,0,39.19264444,-83.15303611,12,2,0,0,0,1,2
390606,39,OHIO,OH,2,2,0,3,95,8120,ALBERTVILLE,23,8,August,2010,2,Monday,13,9,0,13,3,148,41.62894722,-83.60664444,12,1,0,0,0,1,1
390607,39,OHIO,OH,1,1,1,1,29,0,BORDEN SPRINGS,28,8,August,2010,7,Saturday,20,52,0,6,5,0,40.77926389,-80.96870833,8,2,0,0,0,1,0
390608,39,OHIO,OH,2,2,0,3,113,0,COTTONTON,29,8,August,2010,1,Sunday,16,0,1,1,1,172,39.84096667,-83.99322500,12,1,0,0,0,1,0
390609,39,OHIO,OH,1,1,0,1,49,2270,COLLINSVILLE,1,9,September,2010,4,Wednesday,16,46,0,16,6,0,40.12863056,-83.10649722,33,1,0,0,0,1,0
390610,39,OHIO,OH,1,1,0,3,151,990,FLIPPEN,16,8,August,2010,2,Monday,0,30,0,16,6,0,40.72455556,-81.60126667,5,3,0,0,0,1,0
390611,39,OHIO,OH,2,2,0,2,151,5930,FLIPPEN,25,8,August,2010,4,Wednesday,22,10,0,14,6,0,40.92751944,-81.40272778,12,2,0,0,0,1,1
390612,39,OHIO,OH,1,1,8,2,55,0,ATTALLA,1,9,September,2010,4,Wednesday,18,20,0,3,3,41,41.38905000,-81.05033889,49,1,0,0,0,1,0
390613,39,OHIO,OH,2,2,0,3,123,0,ALEXANDER CITY,1,9,September,2010,4,Wednesday,13,26,0,12,3,53,41.50093056,-82.96767222,12,1,0,1,0,1,0
390614,39,OHIO,OH,2,2,0,2,173,0,LAKELAND,2,9,September,2010,5,Thursday,7,39,0,4,3,41,41.51515833,-83.42914722,12,1,0,0,0,1,0
390616,39,OHIO,OH,1,1,0,1,93,2480,BEAR CREEK,5,9,September,2010,1,Sunday,3,8,0,16,6,0,41.36289444,-82.11216111,42,3,0,0,0,1,1
390618,39,OHIO,OH,1,1,1,1,103,0,DANVILLE,8,9,September,2010,4,Wednesday,23,12,0,6,5,0,41.11580556,-82.16440833,8,2,0,0,0,1,0
390619,39,OHIO,OH,1,1,0,2,37,0,BRADFORD,12,9,September,2010,1,Sunday,14,2,0,4,3,93,40.21775000,-84.65772500,34,1,0,0,0,1,1
390620,39,OHIO,OH,2,2,0,2,61,1610,BELLWOOD,17,7,July,2010,7,Saturday,2,27,1,11,1,83,39.18831667,-84.48173333,12,3,0,0,0,1,1
390621,39,OHIO,OH,1,1,0,1,155,0,IRWIN,19,7,July,2010,2,Monday,14,10,0,6,5,0,41.21288889,-80.78095000,1,1,0,0,0,1,0
390622,39,OHIO,OH,2,1,0,1,61,1610,BELLWOOD,29,7,July,2010,5,Thursday,5,53,0,16,6,0,39.10638889,-84.39057778,14,4,0,0,0,1,1
390623,39,OHIO,OH,3,3,0,4,93,0,BEAR CREEK,1,8,August,2010,1,Sunday,9,15,0,14,3,88,41.36840556,-82.18135556,12,1,0,0,0,1,1
390624,39,OHIO,OH,2,2,0,4,113,0,COTTONTON,2,8,August,2010,2,Monday,21,2,0,5,5,0,39.62240000,-84.23606111,12,2,0,0,0,1,0
390625,39,OHIO,OH,1,1,1,1,113,1450,COTTONTON,4,8,August,2010,4,Wednesday,20,53,0,13,3,51,39.65570278,-84.15738333,9,5,0,0,0,1,0
390626,39,OHIO,OH,1,1,0,1,61,0,BELLWOOD,11,8,August,2010,4,Wednesday,0,49,0,15,6,0,39.24032222,-84.46103056,33,3,0,0,0,1,1
390627,39,OHIO,OH,1,1,0,2,133,0,ARLEY,11,8,August,2010,4,Wednesday,10,33,1,1,1,58,41.24816667,-81.28180278,34,1,0,0,0,1,0
390628,39,OHIO,OH,1,1,0,3,145,0,BALD KNOB,17,8,August,2010,3,Tuesday,14,25,0,6,5,0,38.79743056,-82.68141944,34,1,0,0,0,1,0
390629,39,OHIO,OH,2,2,0,2,33,1130,CHEROKEE,19,8,August,2010,5,Thursday,7,59,0,15,6,0,40.80992778,-82.97721111,12,1,0,0,0,1,0
390630,39,OHIO,OH,2,2,0,5,169,0,BRADLEY,19,8,August,2010,5,Thursday,11,44,0,5,4,0,40.69335833,-81.74598611,12,1,0,0,0,2,0
390631,39,OHIO,OH,2,2,0,3,107,0,CARROLLTON,4,7,July,2010,1,Sunday,18,42,0,4,3,82,40.47975556,-84.64778889,12,1,0,0,0,1,0
390632,39,OHIO,OH,1,1,0,1,167,0,ADRIAN,15,7,July,2010,5,Thursday,11,0,0,3,3,64,39.46256111,-81.46654167,35,1,0,0,0,1,0
390633,39,OHIO,OH,3,3,0,4,49,1800,COLLINSVILLE,13,8,August,2010,6,Friday,16,38,0,13,3,26,39.83174167,-82.95536111,12,1,0,0,0,1,0
390634,39,OHIO,OH,1,1,0,3,95,8120,ALBERTVILLE,24,8,August,2010,3,Tuesday,3,27,0,14,6,0,41.63291111,-83.55362222,33,3,0,0,0,3,1
390635,39,OHIO,OH,1,1,0,1,79,0,COURTLAND,9,9,September,2010,5,Thursday,11,12,0,2,3,210,39.10098056,-82.48390000,52,1,0,0,0,1,0
390636,39,OHIO,OH,1,1,1,2,25,0,BARLOW BEND,10,9,September,2010,6,Friday,23,54,0,6,4,0,39.23918333,-84.24092778,15,2,0,0,0,1,0
390637,39,OHIO,OH,1,1,0,1,157,0,ARCADE,10,9,September,2010,6,Friday,11,18,0,4,4,0,40.46186111,-81.58610000,35,1,0,0,0,1,0
390638,39,OHIO,OH,1,1,1,1,49,3500,COLLINSVILLE,14,9,September,2010,3,Tuesday,8,22,0,15,6,0,40.01083611,-83.11758056,8,1,0,0,0,1,0
390639,39,OHIO,OH,1,1,1,2,49,1800,COLLINSVILLE,16,9,September,2010,5,Thursday,7,13,0,14,6,0,39.94409444,-82.86721111,8,1,0,0,0,1,0
390641,39,OHIO,OH,3,3,0,3,151,0,FLIPPEN,19,8,August,2010,5,Thursday,16,18,0,13,3,132,40.84779167,-81.49284722,12,1,0,0,0,2,0
390642,39,OHIO,OH,2,2,0,2,49,6890,COLLINSVILLE,20,8,August,2010,6,Friday,13,39,0,14,6,0,39.97041111,-82.80895556,12,1,0,0,0,1,0
390643,39,OHIO,OH,1,1,1,1,73,0,ARGO,21,8,August,2010,7,Saturday,14,15,0,4,3,119,39.52759167,-82.55696389,9,1,0,0,0,1,0
390644,39,OHIO,OH,2,2,0,2,49,1800,COLLINSVILLE,21,8,August,2010,7,Saturday,19,3,0,14,6,0,39.91722222,-83.04055556,12,5,0,0,0,1,0
390645,39,OHIO,OH,2,2,0,2,49,1800,COLLINSVILLE,21,8,August,2010,7,Saturday,11,39,0,14,2,221,39.95472222,-82.83833333,12,1,0,0,0,1,0
390646,39,OHIO,OH,2,2,0,3,39,0,ANDALUSIA,22,8,August,2010,1,Sunday,16,50,0,3,3,282,41.28252500,-84.30384444,12,1,0,0,0,1,2
390647,39,OHIO,OH,2,2,0,2,17,0,CHAMBERS,22,8,August,2010,1,Sunday,18,40,0,6,5,0,39.52613889,-84.41716389,12,1,0,0,0,1,1
390648,39,OHIO,OH,5,2,0,2,99,0,BEATRICE,23,8,August,2010,2,Monday,13,47,0,3,3,40,40.95066944,-80.95485556,12,1,0,0,0,1,0
390649,39,OHIO,OH,1,1,0,2,27,0,ASHLAND,23,8,August,2010,2,Monday,18,15,0,3,3,209,39.35361667,-83.72057500,53,1,0,0,0,1,1
390650,39,OHIO,OH,1,1,0,1,17,0,CHAMBERS,23,8,August,2010,2,Monday,14,0,0,3,3,112,39.49370833,-84.54348611,34,1,0,0,0,1,1
390651,39,OHIO,OH,1,1,0,1,59,0,FRANKLIN,25,8,August,2010,4,Wednesday,9,25,0,5,4,0,40.00965833,-81.56056389,35,1,0,0,0,1,1
390652,39,OHIO,OH,1,1,0,3,67,1210,ABBEVILLE,26,8,August,2010,5,Thursday,23,50,0,16,6,0,40.26865556,-80.99406111,33,3,0,0,0,1,1
390653,39,OHIO,OH,1,1,0,8,119,0,BELLAMY,2,6,June,2010,4,Wednesday,8,13,0,3,3,266,40.06173611,-82.06074444,30,1,0,1,0,1,0
390654,39,OHIO,OH,2,2,0,2,151,0,FLIPPEN,31,8,August,2010,3,Tuesday,13,33,0,3,3,103,40.83237778,-81.18336944,12,1,0,0,0,1,1
390655,39,OHIO,OH,1,1,0,1,67,0,ABBEVILLE,4,9,September,2010,7,Saturday,6,26,0,5,3,99,40.18755278,-80.93221944,42,4,0,0,0,1,0
390656,39,OHIO,OH,2,2,0,2,91,0,DAYTON,7,9,September,2010,3,Tuesday,10,19,1,2,2,48,40.31026667,-83.75980556,12,1,0,0,0,1,0
390657,39,OHIO,OH,1,1,0,1,119,9260,BELLAMY,9,9,September,2010,5,Thursday,1,34,0,14,6,0,39.90223056,-82.02180278,33,3,0,0,0,1,1
390658,39,OHIO,OH,1,1,0,1,127,0,BURNWELL,12,9,September,2010,1,Sunday,11,0,0,4,3,183,39.82096111,-82.28788056,32,1,0,0,0,1,0
390659,39,OHIO,OH,1,1,0,1,59,0,FRANKLIN,12,9,September,2010,1,Sunday,5,20,0,5,4,0,40.15241111,-81.47146944,52,2,0,0,0,1,1
390660,39,OHIO,OH,2,2,0,4,93,0,BEAR CREEK,15,9,September,2010,4,Wednesday,12,8,0,4,3,177,41.23751111,-82.00288889,12,1,0,0,0,1,0
390661,39,OHIO,OH,2,2,0,2,49,1800,COLLINSVILLE,23,9,September,2010,5,Thursday,17,21,0,14,6,0,39.97376667,-83.13543333,12,1,0,0,0,1,1
390662,39,OHIO,OH,3,3,0,6,47,0,BROWNS,25,9,September,2010,7,Saturday,8,27,1,2,2,229,39.49768333,-83.32074167,12,1,0,0,0,1,1
390663,39,OHIO,OH,1,1,0,1,113,6990,COTTONTON,2,7,July,2010,6,Friday,23,42,0,14,3,33,39.79456667,-84.15429167,35,3,0,0,0,1,1
390664,39,OHIO,OH,1,1,0,1,85,6320,BENTON,5,9,September,2010,1,Sunday,5,11,0,12,3,149,41.73049722,-81.25863056,52,3,0,0,0,1,0
390665,39,OHIO,OH,2,2,0,4,125,0,BROOKWOOD,17,9,September,2010,6,Friday,16,7,0,2,2,99,41.20933333,-84.63130556,12,1,0,0,0,1,1
390666,39,OHIO,OH,1,1,0,1,45,0,ARITON,18,9,September,2010,7,Saturday,2,55,0,4,4,0,39.89910556,-82.73979722,42,2,0,0,0,1,1
390667,39,OHIO,OH,1,1,1,1,145,0,BALD KNOB,18,9,September,2010,7,Saturday,3,20,0,6,4,0,38.59946111,-82.78443889,8,2,0,0,0,1,0
390668,39,OHIO,OH,1,1,0,1,147,0,AUGUSTA,18,9,September,2010,7,Saturday,14,15,0,6,5,0,41.13456667,-83.23760556,1,1,0,0,0,1,0
390669,39,OHIO,OH,3,3,0,3,123,0,ALEXANDER CITY,20,9,September,2010,2,Monday,9,45,1,2,3,268,41.50530833,-82.84267500,12,1,0,0,0,1,0
390670,39,OHIO,OH,1,1,1,1,25,0,BARLOW BEND,20,9,September,2010,2,Monday,20,14,1,2,3,159,38.96240000,-84.06700000,9,2,0,0,0,1,0
390671,39,OHIO,OH,1,1,0,2,95,8120,ALBERTVILLE,22,9,September,2010,4,Wednesday,0,7,0,13,3,138,41.67751944,-83.61089167,1,3,0,0,0,1,1
390672,39,OHIO,OH,1,1,0,1,143,0,CANEHILL,23,9,September,2010,5,Thursday,15,35,0,5,3,59,41.33386111,-83.27268333,1,1,0,0,0,1,0
390673,39,OHIO,OH,1,1,1,2,167,4730,ADRIAN,12,5,May,2010,4,Wednesday,22,5,1,13,3,218,39.42213889,-81.45937500,9,3,0,0,0,1,0
390674,39,OHIO,OH,1,1,1,2,137,0,ALCO,24,5,May,2010,2,Monday,19,57,0,6,8,0,40.91801944,-84.05647222,8,1,0,0,0,1,0
390675,39,OHIO,OH,1,1,0,1,35,4040,BROOKLYN,12,8,August,2010,5,Thursday,9,23,1,11,1,79,41.47154444,-81.81853333,25,1,0,0,0,1,0
390677,39,OHIO,OH,1,1,0,1,49,1800,COLLINSVILLE,25,8,August,2010,4,Wednesday,1,47,1,11,1,273,40.10591111,-82.95098333,20,3,0,0,0,1,1
390678,39,OHIO,OH,3,3,0,7,17,3260,CHAMBERS,26,8,August,2010,5,Thursday,18,24,0,14,6,0,39.39097778,-84.54592222,12,1,0,0,0,1,0
390679,39,OHIO,OH,1,1,1,1,43,0,BAILEYTON,26,8,August,2010,5,Thursday,1,15,1,2,2,87,41.33259444,-82.62431944,8,3,0,0,0,1,0
390680,39,OHIO,OH,2,2,0,2,49,1800,COLLINSVILLE,13,7,July,2010,3,Tuesday,12,30,0,13,2,154,40.01783611,-83.01222778,12,1,0,0,0,1,0
390681,39,OHIO,OH,2,2,0,3,155,0,IRWIN,27,8,August,2010,6,Friday,13,17,0,5,4,0,41.23921667,-80.88092222,12,1,0,0,0,1,0
390682,39,OHIO,OH,1,1,1,1,89,0,BROWNSBORO,27,8,August,2010,6,Friday,15,31,0,5,4,0,40.01150833,-82.29056389,9,1,0,0,0,1,0
390683,39,OHIO,OH,2,2,0,2,153,0,BONAIRE,27,8,August,2010,6,Friday,14,51,0,3,4,0,40.99459722,-81.40560278,12,1,0,0,0,1,0
390684,39,OHIO,OH,1,1,0,1,175,0,CADWELL,28,8,August,2010,7,Saturday,21,58,0,4,3,28,40.77585278,-83.46454444,42,2,0,0,0,1,1
390685,39,OHIO,OH,2,2,0,3,69,0,ASHFORD,28,8,August,2010,7,Saturday,2,44,1,2,2,147,41.42039722,-83.97185278,12,2,0,0,0,1,1
390686,39,OHIO,OH,1,1,0,1,91,0,DAYTON,29,8,August,2010,1,Sunday,20,21,0,4,3,103,40.38127778,-83.91082778,1,5,0,0,0,1,1
390687,39,OHIO,OH,2,2,0,2,65,0,CYPRESS,30,8,August,2010,2,Monday,16,59,0,6,4,0,40.67468889,-83.80838056,12,1,0,0,0,1,0
390688,39,OHIO,OH,1,1,0,1,61,0,BELLWOOD,30,8,August,2010,2,Monday,12,16,0,4,3,54,39.15297778,-84.67298889,53,1,0,0,0,1,0
390689,39,OHIO,OH,8,8,0,15,133,7875,ARLEY,16,8,August,2010,2,Monday,11,45,1,11,1,48,41.24837778,-81.30019722,12,1,0,0,0,1,0
390690,39,OHIO,OH,1,1,1,2,21,0,CHILTON,1,9,September,2010,4,Wednesday,7,30,0,5,4,0,40.07009722,-83.78717778,9,4,0,0,0,1,0
390691,39,OHIO,OH,2,2,0,2,113,0,COTTONTON,3,9,September,2010,6,Friday,5,39,0,3,4,0,39.81960833,-84.19822500,12,3,0,0,0,1,2
390692,39,OHIO,OH,1,1,1,1,23,0,BLADON SPRINGS,4,9,September,2010,7,Saturday,23,30,0,6,6,0,39.88493333,-84.02163056,8,2,0,0,0,1,0
390693,39,OHIO,OH,2,2,0,2,35,6360,BROOKLYN,9,7,July,2010,6,Friday,14,18,0,13,3,88,41.40188889,-81.73460000,12,1,0,0,0,1,0
390694,39,OHIO,OH,2,2,0,5,95,8120,ALBERTVILLE,12,8,August,2010,5,Thursday,21,4,0,13,3,24,41.72027222,-83.64573889,12,3,0,0,0,2,1
390695,39,OHIO,OH,1,1,0,1,155,0,IRWIN,9,9,September,2010,5,Thursday,22,56,0,4,3,172,41.37191389,-80.73683056,42,2,0,0,0,1,1
390696,39,OHIO,OH,2,2,0,3,35,1680,BROOKLYN,14,9,September,2010,3,Tuesday,15,10,1,11,1,226,41.42469167,-81.56679167,12,1,0,0,0,1,0
390697,39,OHIO,OH,1,1,0,1,95,8120,ALBERTVILLE,22,9,September,2010,4,Wednesday,16,10,1,13,2,122,41.65553611,-83.66702500,33,1,0,0,0,1,0
390698,39,OHIO,OH,2,2,0,2,141,0,BEE BRANCH,24,9,September,2010,6,Friday,13,30,0,4,4,0,39.38808056,-83.12516111,12,1,0,0,0,1,0
390699,39,OHIO,OH,2,2,0,2,145,0,BALD KNOB,25,9,September,2010,7,Saturday,15,37,0,4,4,0,38.74751389,-82.87084722,12,1,0,0,0,1,0
390700,39,OHIO,OH,2,2,0,3,99,0,BEATRICE,26,9,September,2010,1,Sunday,2,5,0,5,4,0,40.91030556,-80.61475556,34,2,0,0,0,1,0
390701,39,OHIO,OH,2,2,0,2,49,1800,COLLINSVILLE,28,9,September,2010,3,Tuesday,16,32,0,15,6,0,40.00587222,-82.79078056,12,1,0,0,0,1,0
390702,39,OHIO,OH,1,1,0,1,7,0,BIBB,2,10,October,2010,7,Saturday,1,0,0,4,3,33,41.75126389,-80.70481667,35,2,0,0,0,1,1
390703,39,OHIO,OH,1,1,0,4,151,0,FLIPPEN,5,9,September,2010,1,Sunday,2,35,1,2,2,111,40.77517778,-81.45323611,1,2,0,0,0,1,1
390704,39,OHIO,OH,1,1,0,1,89,0,BROWNSBORO,5,9,September,2010,1,Sunday,1,45,0,6,4,0,39.92870556,-82.25357222,34,2,0,0,0,1,1
390705,39,OHIO,OH,1,1,0,2,173,0,LAKELAND,5,9,September,2010,1,Sunday,14,45,1,1,1,178,41.41781111,-83.61600000,24,1,0,0,0,2,1
390706,39,OHIO,OH,1,1,0,2,37,0,BRADFORD,6,9,September,2010,2,Monday,18,30,0,6,4,0,40.16690278,-84.50124167,42,1,0,0,0,1,0
390707,39,OHIO,OH,2,2,0,2,51,0,CENTRAL,7,9,September,2010,3,Tuesday,6,31,0,4,3,118,41.62749444,-84.03455278,12,2,0,0,0,1,0
390708,39,OHIO,OH,1,1,0,2,145,0,BALD KNOB,11,9,September,2010,7,Saturday,4,18,0,9,4,0,38.84201389,-82.95990556,1,2,0,0,0,1,1
390709,39,OHIO,OH,1,1,0,1,167,0,ADRIAN,11,9,September,2010,7,Saturday,11,0,0,4,3,7,39.56906389,-81.38891667,35,1,0,0,0,1,0
390710,39,OHIO,OH,2,2,0,2,175,0,CADWELL,12,9,September,2010,1,Sunday,21,40,0,4,3,68,40.73758611,-83.36893889,12,2,0,0,0,1,1
390711,39,OHIO,OH,2,2,0,2,171,0,ALDORA,13,9,September,2010,2,Monday,20,5,0,2,3,43,41.58645000,-84.55584167,12,2,0,0,0,1,0
390712,39,OHIO,OH,2,2,0,3,151,0,FLIPPEN,14,9,September,2010,3,Tuesday,19,7,0,14,6,0,40.87233333,-81.26643611,12,1,0,0,0,1,0
390713,39,OHIO,OH,1,1,0,2,99,9230,BEATRICE,9,7,July,2010,6,Friday,10,25,0,12,2,187,41.07281667,-80.64634444,25,1,0,0,0,1,0
390714,39,OHIO,OH,1,1,0,1,157,5770,ARCADE,6,9,September,2010,2,Monday,20,44,0,15,6,0,40.47760556,-81.44911667,30,2,0,0,0,1,0
390715,39,OHIO,OH,2,1,0,1,151,0,FLIPPEN,27,9,September,2010,2,Monday,5,18,0,4,4,0,40.79368056,-81.44591944,40,3,0,0,0,1,1
390716,39,OHIO,OH,4,3,0,3,61,5070,BELLWOOD,30,9,September,2010,5,Thursday,20,40,0,15,3,257,39.17716111,-84.29951111,1,2,0,0,0,1,1
390717,39,OHIO,OH,2,2,0,3,23,0,BLADON SPRINGS,1,10,October,2010,6,Friday,16,10,0,6,4,0,39.96975556,-83.54090556,12,1,0,0,0,1,0
390718,39,OHIO,OH,1,1,1,1,63,2610,BOLIGEE,3,10,October,2010,1,Sunday,2,20,0,16,6,0,41.04412222,-83.64633056,8,3,0,0,0,1,0
390719,39,OHIO,OH,2,2,0,5,49,0,COLLINSVILLE,8,10,October,2010,6,Friday,14,33,1,1,1,29,39.97961944,-83.19663056,12,1,0,0,0,1,0
390720,39,OHIO,OH,1,1,0,1,113,8180,COTTONTON,9,10,October,2010,7,Saturday,22,10,0,16,6,0,39.77339722,-84.26723333,38,2,0,0,0,1,0
390721,39,OHIO,OH,2,2,0,2,73,0,ARGO,9,10,October,2010,7,Saturday,18,22,0,4,3,57,39.49781389,-82.65278889,12,1,0,0,0,1,1
390722,39,OHIO,OH,1,1,0,1,35,1680,BROOKLYN,9,9,September,2010,5,Thursday,1,0,0,14,6,0,41.47003333,-81.77872778,33,3,0,0,0,1,1
390723,39,OHIO,OH,2,2,0,3,55,0,ATTALLA,9,9,September,2010,5,Thursday,17,6,0,13,3,135,41.54372500,-81.33779444,12,1,0,0,0,1,0
390724,39,OHIO,OH,3,3,0,4,95,0,ALBERTVILLE,10,9,September,2010,6,Friday,15,50,0,4,3,26,41.60086111,-83.79091944,12,1,0,0,0,1,0
390725,39,OHIO,OH,1,1,0,1,73,0,ARGO,10,9,September,2010,6,Friday,10,40,0,4,4,0,39.49472222,-82.39944444,34,1,0,0,0,1,0
390726,39,OHIO,OH,2,2,0,2,25,0,BARLOW BEND,12,9,September,2010,1,Sunday,12,59,0,4,3,10,39.01239722,-84.28878333,12,1,0,0,0,1,1
390727,39,OHIO,OH,1,1,0,3,85,6320,BENTON,13,6,June,2010,1,Sunday,12,50,0,16,6,0,41.73037778,-81.25574167,5,1,0,0,0,1,0
390728,39,OHIO,OH,1,1,0,2,99,9230,BEATRICE,23,8,August,2010,2,Monday,5,43,0,14,6,0,41.09108333,-80.65597778,31,3,0,0,0,2,1
390729,39,OHIO,OH,1,1,1,1,11,0,BULLOCK,8,9,September,2010,4,Wednesday,19,13,0,6,4,0,40.54237500,-84.41804167,8,1,0,0,0,1,0
390730,39,OHIO,OH,2,2,0,2,95,0,ALBERTVILLE,8,9,September,2010,4,Wednesday,15,24,1,2,2,23,41.67246944,-83.83238333,12,1,0,0,0,1,0
390731,39,OHIO,OH,2,2,0,3,133,0,ARLEY,9,9,September,2010,5,Thursday,16,43,0,4,3,2,41.23626944,-81.14838889,12,1,0,0,0,1,0
390732,39,OHIO,OH,2,2,0,8,139,0,CALION,12,9,September,2010,1,Sunday,0,3,1,2,2,165,40.77917778,-82.42707222,1,2,0,0,0,1,1
390733,39,OHIO,OH,1,1,0,1,33,0,CHEROKEE,14,9,September,2010,3,Tuesday,7,2,0,5,4,0,40.73401667,-82.95358889,1,2,0,0,0,1,1
390734,39,OHIO,OH,2,2,0,3,103,0,DANVILLE,15,9,September,2010,4,Wednesday,15,40,1,2,2,106,41.04640278,-81.99144722,12,1,0,0,0,1,0
390735,39,OHIO,OH,2,2,0,5,9,0,BLOUNT,17,9,September,2010,6,Friday,12,50,1,2,2,287,39.23901111,-81.88603333,12,1,0,0,0,1,0
390736,39,OHIO,OH,3,3,0,6,71,0,BRIDGEPORT,17,9,September,2010,6,Friday,16,0,0,4,3,131,39.18598056,-83.65303056,12,1,0,0,0,1,0
390737,39,OHIO,OH,2,1,1,2,79,0,COURTLAND,18,9,September,2010,7,Saturday,20,44,1,2,2,141,39.06641944,-82.57910000,14,2,0,0,0,1,0
390738,39,OHIO,OH,2,2,0,2,35,7880,BROOKLYN,18,9,September,2010,7,Saturday,5,48,0,14,3,11,41.31262778,-81.85604167,12,2,0,0,0,1,0
390739,39,OHIO,OH,1,1,0,1,141,0,BEE BRANCH,18,9,September,2010,7,Saturday,15,10,0,6,4,0,39.24155833,-83.03518056,32,1,0,0,0,1,1
390740,39,OHIO,OH,1,1,0,1,109,0,ANSLEY,19,9,September,2010,1,Sunday,9,35,0,6,4,0,39.97958333,-84.30727778,53,1,0,0,0,1,0
390741,39,OHIO,OH,1,1,0,1,41,0,BRANTLEY,20,9,September,2010,2,Monday,13,38,0,4,3,11,40.26143889,-82.85696111,42,1,0,0,0,1,0
390742,39,OHIO,OH,2,2,0,3,109,0,ANSLEY,21,9,September,2010,3,Tuesday,13,15,0,4,3,52,40.03372778,-84.24745556,12,1,0,0,0,1,0
390743,39,OHIO,OH,1,1,0,1,157,0,ARCADE,23,9,September,2010,5,Thursday,22,52,0,6,4,0,40.41910278,-81.34770000,34,2,0,0,0,1,1
390744,39,OHIO,OH,1,1,0,2,113,0,COTTONTON,24,9,September,2010,6,Friday,4,45,0,5,4,0,39.72402500,-84.30840556,42,2,0,0,0,1,1
390745,39,OHIO,OH,1,1,0,2,115,0,ASHVILLE,24,9,September,2010,6,Friday,22,43,0,3,3,14,39.51319722,-82.03063889,34,2,0,0,0,1,1
390747,39,OHIO,OH,2,2,0,2,165,4120,HERNDON,14,10,October,2010,5,Thursday,18,43,0,12,2,106,39.43660833,-84.20805833,12,5,0,0,0,1,0
390748,39,OHIO,OH,1,1,0,1,89,0,BROWNSBORO,16,10,October,2010,7,Saturday,0,2,0,4,3,189,40.09397500,-82.37150278,59,2,0,0,0,1,1
390749,39,OHIO,OH,1,1,0,1,57,0,BANKSTON,16,10,October,2010,7,Saturday,3,20,0,4,3,15,39.80626111,-83.86041667,35,2,0,0,0,1,1
390750,39,OHIO,OH,1,1,0,1,29,0,BORDEN SPRINGS,17,10,October,2010,1,Sunday,15,50,0,6,4,0,40.86380000,-80.54479444,42,1,0,0,0,1,0
390751,39,OHIO,OH,1,1,0,1,165,0,HERNDON,18,10,October,2010,2,Monday,18,20,0,4,3,101,39.36463056,-84.12677778,42,1,0,0,0,1,0
390752,39,OHIO,OH,1,1,0,1,7,0,BIBB,19,10,October,2010,3,Tuesday,14,58,0,4,2,49,41.60570000,-80.90362778,34,1,0,0,0,1,0
390753,39,OHIO,OH,2,2,0,5,95,8120,ALBERTVILLE,21,10,October,2010,5,Thursday,1,54,0,13,2,294,41.71375278,-83.54725000,12,3,0,0,0,3,2
390754,39,OHIO,OH,1,1,0,1,5,0,BAKER HILL,22,10,October,2010,6,Friday,21,52,0,6,4,0,41.06093889,-82.32666944,34,2,0,0,0,1,1
390755,39,OHIO,OH,2,2,0,6,13,0,BOLLING,23,10,October,2010,7,Saturday,15,50,0,4,2,144,40.07234444,-80.97910833,12,1,0,0,0,1,0
390756,39,OHIO,OH,1,1,0,2,117,0,BIRMINGHAM,24,10,October,2010,1,Sunday,2,44,0,4,4,0,40.48013333,-82.79969722,59,2,0,0,0,1,1
390757,39,OHIO,OH,1,1,0,1,145,0,BALD KNOB,26,10,October,2010,3,Tuesday,10,45,0,2,2,339,38.64482500,-82.84965833,31,1,0,0,0,1,0
390758,39,OHIO,OH,1,1,0,1,153,0,BONAIRE,9,9,September,2010,5,Thursday,1,59,0,6,4,0,41.33920000,-81.57597500,34,2,0,0,0,1,0
390759,39,OHIO,OH,2,2,0,3,151,0,FLIPPEN,21,9,September,2010,3,Tuesday,16,5,0,3,3,46,40.83227778,-81.28922222,12,1,0,0,0,1,0
390760,39,OHIO,OH,1,1,0,3,153,0,BONAIRE,2,10,October,2010,7,Saturday,3,42,1,1,1,233,41.13781944,-81.64972778,42,3,0,0,0,1,1
390761,39,OHIO,OH,1,1,0,3,97,0,AXIS,7,10,October,2010,5,Thursday,20,42,0,6,5,0,39.74515833,-83.32595556,34,2,0,0,0,1,0
390762,39,OHIO,OH,2,2,0,3,7,0,BIBB,8,10,October,2010,6,Friday,18,48,0,3,2,204,41.53362778,-80.60927500,12,5,0,0,0,1,0
390763,39,OHIO,OH,1,1,0,2,155,0,IRWIN,9,10,October,2010,7,Saturday,17,30,0,4,4,0,41.21170833,-80.85875833,35,1,0,0,0,1,0
390764,39,OHIO,OH,1,1,0,1,97,0,AXIS,11,10,October,2010,2,Monday,20,24,0,4,4,0,39.99481667,-83.26361389,52,2,0,0,0,1,0