ST_CASE,STATE,State Name,State Abbreviation,# of Vehicle involved,VE_FORMS,Pedestrains,Total_Persons_in_accident,COUNTY,CITY,City_County_Name,Calendar_DAY,MONTH,Month_name,YEAR,DAY_WEEK,Day_Week_desc,HOUR,MINUTE,NHS_Desc,trafficway,Route,MILEPT,LATITUDE,LONGITUD,First_Crash_event,Light_cond_desc,Weather_condition,School_bus_involved,Crash_cause,FATALS,DRUNK_DR
390924,39,OHIO,OH,2,2,0,2,123,0,ALEXANDER CITY,10,12,December,2010,6,Friday,23,35,0,4,3,47,41.51593056,-83.32484722,12,2,0,0,0,1,1
390925,39,OHIO,OH,2,2,0,4,21,0,CHILTON,10,12,December,2010,6,Friday,16,54,0,4,3,331,40.04860556,-83.52092222,43,5,0,0,0,1,1
390926,39,OHIO,OH,2,2,0,5,131,0,ARLINGTON,17,12,December,2010,6,Friday,16,54,0,6,4,0,39.00034167,-83.12425556,12,5,0,0,0,1,0
390927,39,OHIO,OH,2,2,0,3,131,0,ARLINGTON,18,12,December,2010,7,Saturday,12,32,0,2,2,15,38.97974444,-83.02316667,12,1,0,0,0,1,0
390928,39,OHIO,OH,1,1,0,1,35,1680,BROOKLYN,19,12,December,2010,1,Sunday,2,40,1,11,1,150,41.49024167,-81.66689167,25,3,0,0,0,1,1
390929,39,OHIO,OH,1,1,0,1,61,855,BELLWOOD,19,12,December,2010,1,Sunday,14,15,1,11,1,305,39.27896111,-84.36199722,24,1,0,0,0,1,0
390930,39,OHIO,OH,1,1,0,1,147,0,AUGUSTA,22,12,December,2010,4,Wednesday,12,27,0,6,5,0,41.05071389,-83.26848333,42,1,0,0,0,1,1
390931,39,OHIO,OH,2,2,0,3,101,4740,BOYLSTON,25,12,December,2010,7,Saturday,17,0,0,14,3,168,40.58085278,-83.09954444,12,1,0,0,0,1,0
390932,39,OHIO,OH,1,1,0,1,153,70,BONAIRE,24,10,October,2010,1,Sunday,5,0,0,15,6,0,41.07046667,-81.51783333,33,3,0,0,0,1,1
390933,39,OHIO,OH,1,1,1,1,35,1680,BROOKLYN,10,11,November,2010,4,Wednesday,17,2,0,14,2,175,41.50035000,-81.69424722,8,5,0,0,0,1,0
390934,39,OHIO,OH,2,2,0,5,93,2480,BEAR CREEK,27,11,November,2010,7,Saturday,1,31,0,16,6,0,41.38149444,-82.08925278,12,3,0,0,0,1,1
390935,39,OHIO,OH,1,1,0,2,93,0,BEAR CREEK,5,12,December,2010,1,Sunday,19,30,0,4,4,0,41.40388889,-82.17742500,30,2,0,0,0,1,1
390936,39,OHIO,OH,2,2,0,4,91,0,DAYTON,18,12,December,2010,7,Saturday,23,30,0,4,4,0,40.39770278,-83.79717222,12,2,0,0,0,1,1
390937,39,OHIO,OH,2,2,0,2,95,8120,ALBERTVILLE,22,12,December,2010,4,Wednesday,11,19,0,13,6,0,41.70645000,-83.62063333,12,1,0,0,0,1,0
390938,39,OHIO,OH,2,2,0,5,23,0,BLADON SPRINGS,22,12,December,2010,4,Wednesday,3,51,0,4,3,19,39.91293333,-84.03796667,12,2,0,0,0,2,0
390939,39,OHIO,OH,2,2,0,5,61,1610,BELLWOOD,25,12,December,2010,7,Saturday,7,15,0,15,6,0,39.20175000,-84.47081667,12,3,0,0,0,1,1
390940,39,OHIO,OH,1,1,0,1,165,0,HERNDON,27,12,December,2010,2,Monday,13,20,0,4,3,36,39.39475000,-84.28640000,42,1,0,0,0,1,0
390941,39,OHIO,OH,2,2,0,6,173,0,LAKELAND,28,12,December,2010,3,Tuesday,17,57,0,4,3,11,41.18146944,-83.43050000,12,2,0,0,0,2,0
390942,39,OHIO,OH,2,2,0,2,153,0,BONAIRE,22,9,September,2010,4,Wednesday,8,28,0,3,4,0,41.13704444,-81.60245556,12,1,0,0,0,1,0
390943,39,OHIO,OH,1,1,0,2,61,5940,BELLWOOD,4,11,November,2010,5,Thursday,10,40,1,12,3,99,39.22121667,-84.53447222,34,1,0,0,0,1,0
390944,39,OHIO,OH,1,1,0,1,151,0,FLIPPEN,19,11,November,2010,6,Friday,3,45,0,5,4,0,40.88970278,-81.37856389,30,2,0,0,0,1,1
390945,39,OHIO,OH,3,3,0,6,53,2810,ATMORE,14,11,November,2010,1,Sunday,10,56,1,13,3,233,38.81589444,-82.19298056,12,1,0,0,0,1,0
390946,39,OHIO,OH,3,3,0,4,49,1800,COLLINSVILLE,15,11,November,2010,2,Monday,12,30,0,13,2,41,39.86284444,-83.00454167,12,1,0,0,0,1,0
390947,39,OHIO,OH,2,2,0,5,93,0,BEAR CREEK,16,11,November,2010,3,Tuesday,13,10,0,4,4,0,41.26451667,-82.27463611,12,1,0,0,0,3,0
390948,39,OHIO,OH,2,2,0,2,139,4680,CALION,18,11,November,2010,5,Thursday,11,49,0,14,3,40,40.81770000,-82.48811667,53,1,0,0,0,1,0
390949,39,OHIO,OH,1,1,0,1,85,0,BENTON,20,11,November,2010,7,Saturday,0,12,0,4,3,13,41.73350000,-81.04448889,24,2,0,0,0,1,1
390950,39,OHIO,OH,1,1,0,1,79,0,COURTLAND,20,11,November,2010,7,Saturday,21,38,0,6,4,0,38.98972222,-82.63666667,30,2,0,0,0,1,1
390951,39,OHIO,OH,1,1,0,1,99,0,BEATRICE,21,11,November,2010,1,Sunday,20,26,0,6,5,0,41.10837778,-80.76927500,34,2,0,0,0,1,1
390952,39,OHIO,OH,2,2,0,3,67,0,ABBEVILLE,22,11,November,2010,2,Monday,14,51,0,4,4,0,40.37544444,-80.91251111,12,1,0,0,0,1,0
390953,39,OHIO,OH,1,1,0,1,143,0,CANEHILL,24,11,November,2010,4,Wednesday,18,30,0,5,4,0,41.34350000,-82.93572222,59,2,0,0,0,1,1
390954,39,OHIO,OH,2,2,0,4,119,0,BELLAMY,26,11,November,2010,6,Friday,21,28,0,4,3,248,39.90141389,-81.83932778,12,2,0,0,0,1,0
390955,39,OHIO,OH,1,1,0,3,61,0,BELLWOOD,26,11,November,2010,6,Friday,7,10,0,6,4,0,39.18242222,-84.59418889,1,2,0,0,0,1,0
390956,39,OHIO,OH,1,1,0,1,173,0,LAKELAND,28,11,November,2010,1,Sunday,1,5,1,1,1,50,41.23885833,-83.65259722,34,2,0,0,0,1,1
390957,39,OHIO,OH,1,1,0,1,155,8530,IRWIN,10,11,November,2010,4,Wednesday,7,9,0,4,4,0,41.21794444,-80.84968611,34,2,0,0,0,1,0
390958,39,OHIO,OH,2,2,0,2,81,0,AUBURN,26,12,December,2010,1,Sunday,16,35,0,4,3,224,40.49408611,-80.67015556,12,1,0,0,0,1,0
390959,39,OHIO,OH,2,2,1,2,49,1800,COLLINSVILLE,30,12,December,2010,5,Thursday,18,45,0,15,6,0,39.94666111,-82.98280556,8,3,0,0,0,1,0
390960,39,OHIO,OH,1,1,1,1,151,0,FLIPPEN,31,12,December,2010,6,Friday,19,17,0,6,5,0,40.87205278,-81.45117778,8,2,0,0,0,1,0
390961,39,OHIO,OH,1,1,0,1,7,0,BIBB,31,12,December,2010,6,Friday,3,0,0,6,5,0,41.84438889,-80.68430000,42,2,0,0,0,1,0
390962,39,OHIO,OH,1,1,0,2,9,0,BLOUNT,31,12,December,2010,6,Friday,2,10,0,6,5,0,39.32985833,-81.99954722,42,2,0,0,0,1,1
390963,39,OHIO,OH,1,1,0,1,55,0,ATTALLA,5,10,October,2010,3,Tuesday,18,53,0,4,2,43,41.52181667,-81.30449167,34,3,0,0,0,1,0
390964,39,OHIO,OH,2,2,0,5,77,6070,ANDERSON,27,11,November,2010,7,Saturday,19,56,1,13,2,103,41.22961389,-82.65720833,12,2,0,0,0,3,0
390965,39,OHIO,OH,1,1,0,2,61,1610,BELLWOOD,28,11,November,2010,1,Sunday,5,20,0,13,2,254,39.10368611,-84.49626667,42,3,0,0,0,1,1
390966,39,OHIO,OH,2,1,0,1,29,0,BORDEN SPRINGS,30,11,November,2010,3,Tuesday,21,15,0,6,5,0,40.88337778,-81.08676944,14,2,0,0,0,1,0
390967,39,OHIO,OH,1,1,0,1,9,0,BLOUNT,30,11,November,2010,3,Tuesday,11,14,0,5,4,0,39.31827500,-82.07508611,1,1,0,0,0,1,0
390968,39,OHIO,OH,2,2,0,2,109,0,ANSLEY,1,12,December,2010,4,Wednesday,10,12,0,4,3,8,40.01090278,-84.05318056,12,1,0,0,0,1,0
390969,39,OHIO,OH,2,2,0,2,137,0,ALCO,2,12,December,2010,5,Thursday,18,1,0,3,2,254,41.02195000,-83.95745000,12,2,0,0,0,1,1
390970,39,OHIO,OH,2,2,0,3,33,0,CHEROKEE,3,12,December,2010,6,Friday,13,32,0,6,4,0,40.90674444,-83.05518611,12,1,0,0,0,1,0
390971,39,OHIO,OH,1,1,0,1,165,0,HERNDON,3,12,December,2010,6,Friday,10,45,0,13,3,242,39.57808611,-84.16364444,42,1,0,0,0,1,0
390972,39,OHIO,OH,2,2,0,4,35,1680,BROOKLYN,5,12,December,2010,1,Sunday,2,40,0,14,6,0,41.47750000,-81.62067222,12,3,0,0,0,2,1
390973,39,OHIO,OH,1,1,0,1,153,7855,BONAIRE,6,12,December,2010,2,Monday,7,1,1,13,3,112,41.15843056,-81.41993611,33,2,0,0,0,1,0
390974,39,OHIO,OH,2,2,0,2,81,7830,AUBURN,6,12,December,2010,2,Monday,12,5,0,13,3,1,40.37410833,-80.62173889,12,1,0,0,0,1,0
390976,39,OHIO,OH,1,1,1,1,49,1800,COLLINSVILLE,7,12,December,2010,3,Tuesday,4,15,1,12,3,80,39.97805556,-82.85250000,8,3,0,0,0,1,0
390977,39,OHIO,OH,2,2,0,2,13,0,BOLLING,8,12,December,2010,4,Wednesday,10,50,1,2,3,114,39.95762778,-80.76237222,12,1,0,0,0,1,0
390978,39,OHIO,OH,1,1,0,1,61,0,BELLWOOD,10,12,December,2010,6,Friday,22,28,1,1,1,105,39.22057222,-84.73862500,43,2,0,0,0,1,1
390979,39,OHIO,OH,2,2,0,6,33,0,CHEROKEE,10,12,December,2010,6,Friday,17,36,0,4,3,51,40.77570556,-82.98293611,12,2,0,0,0,1,0
390980,39,OHIO,OH,2,2,1,2,49,1800,COLLINSVILLE,11,12,December,2010,7,Saturday,23,27,0,14,6,0,39.95725278,-83.09380556,8,3,0,0,0,1,0
390981,39,OHIO,OH,3,3,0,3,165,0,HERNDON,12,11,November,2010,6,Friday,13,3,0,6,4,0,39.54252778,-84.25364167,1,1,0,0,0,1,0
390982,39,OHIO,OH,2,2,0,3,89,0,BROWNSBORO,12,12,December,2010,1,Sunday,10,42,0,4,3,234,39.95893889,-82.53243056,12,1,0,0,0,1,0
390983,39,OHIO,OH,1,1,0,5,7,0,BIBB,12,12,December,2010,1,Sunday,16,25,0,6,4,0,41.54974444,-80.92700278,34,1,0,0,0,2,0
390984,39,OHIO,OH,2,2,0,5,107,0,CARROLLTON,14,12,December,2010,3,Tuesday,10,44,1,2,2,104,40.65117778,-84.58030833,12,1,0,0,0,3,0
390985,39,OHIO,OH,1,1,0,1,123,0,ALEXANDER CITY,16,12,December,2010,5,Thursday,16,35,0,5,4,0,41.53776389,-83.18337222,10,1,0,0,0,1,1
390986,39,OHIO,OH,1,1,0,1,69,3270,ASHFORD,17,12,December,2010,6,Friday,21,30,0,14,3,41,41.34777778,-84.03805556,21,3,0,0,0,1,1
390987,39,OHIO,OH,4,4,0,7,79,0,COURTLAND,18,12,December,2010,7,Saturday,10,0,0,3,3,100,38.97201389,-82.58119722,12,1,0,0,0,1,0
390988,39,OHIO,OH,2,2,0,3,85,8960,BENTON,19,12,December,2010,1,Sunday,4,10,1,11,1,17,41.58996111,-81.47555278,12,3,0,0,0,1,1
390991,39,OHIO,OH,2,2,0,4,85,4920,BENTON,1,12,December,2010,4,Wednesday,8,19,0,14,3,113,41.72076111,-81.34527222,12,4,0,0,0,1,0
390992,39,OHIO,OH,1,1,0,1,113,0,COTTONTON,20,12,December,2010,2,Monday,22,55,0,16,4,0,39.81250000,-84.22750000,59,3,0,0,0,1,0
390993,39,OHIO,OH,2,2,0,5,107,0,CARROLLTON,13,12,December,2010,2,Monday,18,24,0,3,2,113,40.51697222,-84.57738889,12,2,0,0,0,1,0
390994,39,OHIO,OH,1,1,1,1,31,1920,COFFEE,27,11,November,2010,7,Saturday,2,3,0,16,6,0,40.26925278,-81.86708056,8,2,0,0,0,1,0
390995,39,OHIO,OH,2,2,0,3,145,5610,BALD KNOB,11,12,December,2010,7,Saturday,7,0,1,2,2,217,38.74390278,-82.95056944,12,4,0,0,0,1,2
390996,39,OHIO,OH,1,1,0,5,107,0,CARROLLTON,18,12,December,2010,7,Saturday,19,4,0,6,5,0,40.40387222,-84.80418889,34,2,0,0,0,1,0
390997,39,OHIO,OH,1,1,0,1,35,2520,BROOKLYN,18,12,December,2010,7,Saturday,12,36,1,11,1,291,41.60138889,-81.50327778,1,1,0,0,0,1,0
390998,39,OHIO,OH,1,1,1,1,55,0,ATTALLA,19,12,December,2010,1,Sunday,2,9,0,5,4,0,41.42142500,-81.38448611,8,3,0,0,0,1,1
390999,39,OHIO,OH,2,2,0,8,129,0,BIGBEE,21,12,December,2010,3,Tuesday,11,49,1,2,2,89,39.60991944,-82.94930833,12,1,0,0,0,2,0
391000,39,OHIO,OH,1,1,1,1,103,0,DANVILLE,21,12,December,2010,3,Tuesday,6,46,1,2,3,179,41.13611667,-81.74755833,8,2,0,0,0,1,0
391001,39,OHIO,OH,1,1,0,1,127,0,BURNWELL,22,12,December,2010,4,Wednesday,17,5,0,3,2,9,39.77502778,-82.38393333,43,1,0,0,0,1,1
391002,39,OHIO,OH,1,1,0,1,31,0,COFFEE,23,12,December,2010,5,Thursday,15,20,0,3,2,90,40.34183333,-82.02770278,42,1,0,0,0,1,1
391003,39,OHIO,OH,1,1,0,1,17,0,CHAMBERS,23,12,December,2010,5,Thursday,2,30,0,6,4,0,39.54257222,-84.39096389,24,2,0,0,0,1,1
391004,39,OHIO,OH,2,2,0,2,95,8120,ALBERTVILLE,24,12,December,2010,6,Friday,7,19,0,13,3,53,41.65303333,-83.56146389,12,3,0,0,0,1,0
391005,39,OHIO,OH,1,1,0,3,91,0,DAYTON,25,12,December,2010,7,Saturday,5,40,0,6,4,0,40.42805556,-83.81430833,53,2,0,0,0,1,0
391006,39,OHIO,OH,2,2,0,6,49,1800,COLLINSVILLE,26,12,December,2010,1,Sunday,21,20,0,14,4,0,39.90416667,-83.14611111,12,2,0,0,0,1,0
391007,39,OHIO,OH,2,2,1,3,147,3170,AUGUSTA,26,12,December,2010,1,Sunday,13,53,0,4,3,197,41.24988333,-83.05403611,12,1,0,0,0,1,0
391008,39,OHIO,OH,1,1,1,1,165,0,HERNDON,27,12,December,2010,2,Monday,23,26,1,2,2,13,39.30644167,-84.27990000,8,3,0,0,0,1,0
391009,39,OHIO,OH,1,1,0,1,119,0,BELLAMY,27,12,December,2010,2,Monday,4,0,0,6,4,0,39.96306111,-82.05019722,1,2,0,0,0,1,0
391010,39,OHIO,OH,1,1,1,1,153,70,BONAIRE,2,11,November,2010,3,Tuesday,8,37,0,14,6,0,41.07339722,-81.49065833,8,1,0,0,0,1,0
391011,39,OHIO,OH,2,2,0,9,153,70,BONAIRE,1,12,December,2010,4,Wednesday,18,2,0,14,6,0,41.09535278,-81.55040833,12,3,0,0,0,1,0
391012,39,OHIO,OH,1,1,1,1,99,9230,BEATRICE,31,12,December,2010,6,Friday,20,25,0,14,6,0,41.08616111,-80.67318611,8,3,0,0,0,1,0
391013,39,OHIO,OH,1,1,0,1,41,0,BRANTLEY,28,12,December,2010,3,Tuesday,3,45,0,5,5,0,40.28438056,-82.89226111,34,2,0,0,0,1,1
391014,39,OHIO,OH,1,1,0,2,151,0,FLIPPEN,28,12,December,2010,3,Tuesday,23,35,0,2,3,102,40.80893889,-81.28010556,30,2,0,0,0,1,0
391015,39,OHIO,OH,2,2,0,2,93,0,BEAR CREEK,28,12,December,2010,3,Tuesday,12,49,0,3,3,25,41.23695000,-82.02323889,12,1,0,0,0,1,1
391016,39,OHIO,OH,1,1,1,1,49,9150,COLLINSVILLE,28,12,December,2010,3,Tuesday,18,50,0,14,3,1,40.02192778,-82.87813333,8,3,0,0,0,1,0
391017,39,OHIO,OH,1,1,1,1,169,0,BRADLEY,28,12,December,2010,3,Tuesday,19,23,0,3,3,183,40.94561944,-81.74366944,8,2,0,0,0,1,0
391018,39,OHIO,OH,2,2,0,2,35,2040,BROOKLYN,25,12,December,2010,7,Saturday,2,25,1,11,1,111,41.43436111,-81.64936111,12,3,0,0,0,1,1
391019,39,OHIO,OH,2,2,0,3,153,70,BONAIRE,29,8,August,2010,1,Sunday,4,0,0,14,3,72,41.08418611,-81.55711389,12,3,0,0,0,1,2
391020,39,OHIO,OH,2,2,0,2,29,0,BORDEN SPRINGS,29,12,December,2010,4,Wednesday,12,49,1,2,2,132,40.92613611,-80.85637222,12,1,0,0,0,1,0
391021,39,OHIO,OH,1,1,1,1,95,8120,ALBERTVILLE,30,12,December,2010,5,Thursday,18,45,0,14,3,19,41.65284167,-83.62835833,15,3,0,0,0,1,0
391022,39,OHIO,OH,2,2,0,3,175,0,CADWELL,30,12,December,2010,5,Thursday,7,54,0,4,3,168,40.94947500,-83.19561667,12,1,0,0,0,1,0
391023,39,OHIO,OH,2,2,0,3,65,0,CYPRESS,30,12,December,2010,5,Thursday,16,38,0,5,3,86,40.70737778,-83.78530278,12,1,0,0,0,1,0
391024,39,OHIO,OH,1,1,0,1,129,0,BIGBEE,20,12,December,2010,2,Monday,7,54,0,4,3,1,39.47761111,-82.90759444,43,1,0,0,0,1,0
391025,39,OHIO,OH,1,1,1,1,35,1680,BROOKLYN,8,12,December,2010,4,Wednesday,12,45,0,13,3,108,41.45578611,-81.78791389,8,1,0,0,0,1,0
391026,39,OHIO,OH,2,1,1,2,49,1800,COLLINSVILLE,10,12,December,2010,6,Friday,15,38,0,13,2,176,39.95678611,-82.92146667,33,1,0,0,0,1,0
391027,39,OHIO,OH,1,1,1,1,151,1320,FLIPPEN,1,10,October,2010,6,Friday,2,22,0,6,6,0,40.77837222,-81.40066667,8,2,0,0,0,1,0
391028,39,OHIO,OH,1,1,1,1,35,1680,BROOKLYN,17,10,October,2010,1,Sunday,19,45,0,14,3,99,41.44203333,-81.81924167,8,3,0,0,0,1,0
391029,39,OHIO,OH,1,1,0,1,85,0,BENTON,21,10,October,2010,5,Thursday,9,28,0,4,2,185,41.74222222,-81.21694444,24,1,0,0,0,1,1
391030,39,OHIO,OH,2,2,0,4,35,1680,BROOKLYN,2,7,July,2010,6,Friday,18,13,0,16,6,0,41.53926944,-81.59454722,12,1,0,0,0,1,0
391031,39,OHIO,OH,1,1,1,2,35,1680,BROOKLYN,17,7,July,2010,7,Saturday,15,25,0,16,6,0,41.52779167,-81.61726111,8,1,0,0,0,1,0
400001,40,OKLAHOMA,OK,1,1,0,1,75,0,BEAVERTON,2,1,January,2010,7,Saturday,8,0,1,2,2,59,35.10073056,-99.06083611,34,1,0,0,0,1,1
400002,40,OKLAHOMA,OK,1,1,0,6,125,0,BROOKWOOD,2,1,January,2010,7,Saturday,21,0,0,4,4,0,35.40555556,-96.95799167,38,2,0,0,0,1,1
400003,40,OKLAHOMA,OK,1,1,0,4,109,3550,ANSLEY,3,1,January,2010,1,Sunday,17,53,1,11,1,200,35.38414444,-97.14571111,1,2,0,0,0,2,0
400004,40,OKLAHOMA,OK,1,1,0,2,109,3550,ANSLEY,4,1,January,2010,2,Monday,5,57,0,4,3,100,35.64833889,-97.58501111,42,2,0,0,0,1,1
400005,40,OKLAHOMA,OK,1,1,1,1,125,0,BROOKWOOD,5,1,January,2010,3,Tuesday,18,48,0,3,2,16,35.36780833,-96.98107222,8,2,0,0,0,1,0
400006,40,OKLAHOMA,OK,2,2,1,3,31,2750,COFFEE,7,1,January,2010,5,Thursday,7,8,1,13,3,22,34.59417222,-98.33988333,8,3,0,0,0,1,0
400007,40,OKLAHOMA,OK,1,1,0,1,5,0,BAKER HILL,7,1,January,2010,5,Thursday,11,45,0,4,3,9,34.53412222,-96.06963611,34,1,0,0,0,1,0
400009,40,OKLAHOMA,OK,1,1,0,2,87,0,ARMSTRONG,11,1,January,2010,2,Monday,16,2,0,4,3,1,34.85669444,-97.40595833,1,1,0,0,0,1,0
400010,40,OKLAHOMA,OK,1,1,0,1,109,3550,ANSLEY,13,1,January,2010,4,Wednesday,0,40,0,14,6,0,35.59087778,-97.62082222,42,3,0,0,0,1,1
400011,40,OKLAHOMA,OK,2,2,0,4,13,0,BOLLING,13,1,January,2010,4,Wednesday,14,50,1,2,2,63,33.99758333,-96.26317222,12,1,0,0,0,1,0
400012,40,OKLAHOMA,OK,1,1,0,1,87,3870,ARMSTRONG,14,1,January,2010,5,Thursday,10,4,0,3,3,33,35.00102500,-97.43827778,30,1,0,0,0,1,0
400013,40,OKLAHOMA,OK,1,1,0,2,85,0,BENTON,14,1,January,2010,5,Thursday,13,41,0,4,2,41,33.99953333,-97.12623889,34,1,0,0,0,1,0
400014,40,OKLAHOMA,OK,2,2,0,7,11,0,BULLOCK,16,1,January,2010,7,Saturday,11,50,0,6,4,0,35.87008333,-98.61435833,12,1,0,0,0,1,0
400015,40,OKLAHOMA,OK,1,1,0,1,145,0,BALD KNOB,3,1,January,2010,1,Sunday,1,44,0,16,4,0,35.96339722,-95.40410833,34,2,0,0,0,1,1
400016,40,OKLAHOMA,OK,1,1,0,1,19,210,CEDAR BLUFF,16,1,January,2010,7,Saturday,21,18,0,15,6,0,34.19031111,-97.12550278,30,2,0,0,0,1,1
400017,40,OKLAHOMA,OK,1,1,0,1,97,0,AXIS,17,1,January,2010,1,Sunday,99,99,0,6,4,0,36.15179444,-95.27895833,42,2,0,0,0,1,1
400018,40,OKLAHOMA,OK,1,1,0,2,87,0,ARMSTRONG,20,1,January,2010,4,Wednesday,3,25,0,4,2,25,34.88701944,-97.30083056,32,2,0,0,0,1,1
400019,40,OKLAHOMA,OK,2,2,0,2,125,0,BROOKWOOD,20,1,January,2010,4,Wednesday,8,0,0,4,3,29,35.07259444,-96.87956667,12,1,0,0,0,1,0
400020,40,OKLAHOMA,OK,2,2,0,2,81,0,AUBURN,2,2,February,2010,3,Tuesday,13,28,0,4,2,35,35.49453333,-97.08377778,12,1,0,0,0,1,0
400021,40,OKLAHOMA,OK,2,2,0,2,109,3550,ANSLEY,3,2,February,2010,4,Wednesday,2,47,0,16,6,0,35.41462222,-97.72471944,12,2,0,0,0,1,1
400022,40,OKLAHOMA,OK,2,2,0,6,73,3510,ARGO,3,2,February,2010,4,Wednesday,7,20,1,2,2,15,35.74480000,-97.96606111,12,1,0,0,0,1,0
400023,40,OKLAHOMA,OK,1,1,0,1,71,0,BRIDGEPORT,7,1,January,2010,5,Thursday,6,22,0,3,2,118,36.85033056,-97.06718333,52,2,0,0,0,1,1
400024,40,OKLAHOMA,OK,1,1,0,1,73,0,ARGO,8,1,January,2010,6,Friday,4,0,0,6,4,0,35.72330278,-97.69179167,21,2,0,0,0,1,1
400025,40,OKLAHOMA,OK,2,2,0,6,31,0,COFFEE,21,1,January,2010,5,Thursday,13,5,0,6,4,0,34.73103333,-98.40481944,12,1,0,0,0,1,0
400026,40,OKLAHOMA,OK,1,1,0,1,111,0,GRAHAM,22,1,January,2010,6,Friday,11,7,0,4,4,0,35.38618056,-95.91090278,1,1,0,0,0,1,0
400027,40,OKLAHOMA,OK,1,1,0,2,27,3220,ASHLAND,25,1,January,2010,2,Monday,0,15,1,11,1,121,35.35806111,-97.49462778,20,3,0,0,0,1,1
400028,40,OKLAHOMA,OK,2,2,0,4,143,4780,CANEHILL,25,1,January,2010,2,Monday,9,12,0,16,6,0,36.04062222,-95.96064167,12,1,0,0,0,1,0
400029,40,OKLAHOMA,OK,1,1,0,2,63,0,BOLIGEE,31,1,January,2010,1,Sunday,4,52,0,4,3,6,35.10589722,-96.40563889,35,2,0,0,0,1,1
400030,40,OKLAHOMA,OK,1,1,0,3,57,0,BANKSTON,3,2,February,2010,4,Wednesday,12,1,1,2,2,62,34.68143611,-99.80408889,21,1,0,0,0,1,0
400031,40,OKLAHOMA,OK,1,1,0,1,135,0,ASH FLAT,5,2,February,2010,6,Friday,4,0,0,4,3,88,35.60980833,-94.97002500,42,2,0,0,0,1,1
400032,40,OKLAHOMA,OK,1,1,1,1,81,0,AUBURN,7,2,February,2010,1,Sunday,1,0,0,4,3,134,35.69560833,-96.91293333,8,2,0,0,0,1,0
400033,40,OKLAHOMA,OK,2,2,0,2,79,0,COURTLAND,11,2,February,2010,5,Thursday,4,49,0,2,2,92,35.01356667,-94.64535000,12,2,0,0,0,1,1
400034,40,OKLAHOMA,OK,3,3,0,3,131,0,ARLINGTON,11,2,February,2010,5,Thursday,6,43,0,4,3,77,36.24988889,-95.69081111,12,4,0,0,0,1,0
400035,40,OKLAHOMA,OK,2,2,0,3,97,0,AXIS,11,2,February,2010,5,Thursday,8,29,1,1,1,93,36.47662778,-95.31730556,12,1,0,0,0,1,0
400036,40,OKLAHOMA,OK,1,1,0,1,63,5150,BOLIGEE,13,1,January,2010,4,Wednesday,11,29,0,3,2,99999,35.23938056,-96.23484722,59,1,0,0,0,1,0
400037,40,OKLAHOMA,OK,2,2,0,3,123,0,ALEXANDER CITY,9,1,January,2010,7,Saturday,19,17,0,3,3,128,34.83980000,-96.47591667,12,2,0,0,0,2,2
400038,40,OKLAHOMA,OK,1,1,0,5,109,3550,ANSLEY,26,1,January,2010,3,Tuesday,17,14,0,16,6,0,35.38928611,-97.56245556,5,1,0,0,0,1,0
400039,40,OKLAHOMA,OK,2,2,0,3,143,0,CANEHILL,3,2,February,2010,4,Wednesday,13,2,0,13,4,0,36.09793889,-96.05638611,12,1,0,0,0,2,0
400040,40,OKLAHOMA,OK,2,2,0,2,19,0,CEDAR BLUFF,12,2,February,2010,6,Friday,17,35,0,4,3,40,34.40195278,-97.50700000,12,1,0,0,0,1,0
400041,40,OKLAHOMA,OK,1,1,0,1,109,3550,ANSLEY,15,2,February,2010,2,Monday,20,51,0,13,6,0,35.41164722,-97.60125278,24,2,0,0,0,1,1
400042,40,OKLAHOMA,OK,1,1,0,1,109,3550,ANSLEY,17,2,February,2010,4,Wednesday,19,35,0,16,6,0,35.41238333,-97.62588611,1,2,0,0,0,1,1
400043,40,OKLAHOMA,OK,1,1,1,1,131,870,ARLINGTON,11,2,February,2010,5,Thursday,14,45,0,15,6,0,36.17439722,-95.75477500,8,1,0,0,0,1,0
400044,40,OKLAHOMA,OK,1,1,1,1,91,0,DAYTON,11,2,February,2010,5,Thursday,22,30,1,2,2,103,35.36504722,-95.57375833,8,2,0,0,0,1,0
400045,40,OKLAHOMA,OK,2,2,0,2,87,3378,ARMSTRONG,23,1,January,2010,7,Saturday,10,32,1,11,1,38,35.27131944,-97.61574722,12,1,0,0,0,1,0
400046,40,OKLAHOMA,OK,1,1,1,1,3,940,BALDWIN,18,2,February,2010,5,Thursday,7,35,0,4,2,29,36.75730556,-98.35709722,8,1,0,0,0,1,0
400047,40,OKLAHOMA,OK,1,1,1,1,109,1300,ANSLEY,19,2,February,2010,6,Friday,21,45,0,14,6,0,35.44089167,-97.45921389,8,2,0,0,0,1,0
400048,40,OKLAHOMA,OK,2,2,0,2,23,0,BLADON SPRINGS,20,2,February,2010,7,Saturday,18,48,1,2,2,5,33.99712222,-95.46718333,12,2,0,0,0,1,0
400049,40,OKLAHOMA,OK,2,2,0,2,97,0,AXIS,25,2,February,2010,5,Thursday,12,17,0,3,3,32,36.32620278,-95.11810000,12,1,0,0,0,1,0