ST_CASE,STATE,State Name,State Abbreviation,# of Vehicle involved,VE_FORMS,Pedestrains,Total_Persons_in_accident,COUNTY,CITY,City_County_Name,Calendar_DAY,MONTH,Month_name,YEAR,DAY_WEEK,Day_Week_desc,HOUR,MINUTE,NHS_Desc,trafficway,Route,MILEPT,LATITUDE,LONGITUD,First_Crash_event,Light_cond_desc,Weather_condition,School_bus_involved,Crash_cause,FATALS,DRUNK_DR
400050,40,OKLAHOMA,OK,1,1,0,1,11,0,BULLOCK,25,2,February,2010,5,Thursday,14,35,0,4,3,76,36.15793333,-98.53740278,1,1,0,0,0,1,0
400051,40,OKLAHOMA,OK,1,1,0,1,83,0,ARDMORE,23,2,February,2010,3,Tuesday,19,26,0,4,4,0,35.89851389,-97.67454444,38,2,0,0,0,1,0
400052,40,OKLAHOMA,OK,1,1,0,1,93,0,BEAR CREEK,24,2,February,2010,4,Wednesday,2,10,1,2,2,112,36.39133611,-98.24064722,31,2,0,0,0,1,1
400053,40,OKLAHOMA,OK,2,2,0,3,17,3550,CHAMBERS,27,2,February,2010,7,Saturday,16,18,0,16,6,0,35.44902778,-97.72469722,1,1,0,0,0,1,0
400054,40,OKLAHOMA,OK,2,2,0,4,143,4780,CANEHILL,7,1,January,2010,5,Thursday,18,9,1,12,8,0,36.02560833,-95.88653333,12,1,0,0,0,1,0
400055,40,OKLAHOMA,OK,1,1,0,1,117,0,BIRMINGHAM,16,1,January,2010,7,Saturday,1,10,0,6,4,0,36.21732778,-96.58358889,1,2,0,0,0,1,1
400056,40,OKLAHOMA,OK,2,2,0,2,143,4780,CANEHILL,22,1,January,2010,6,Friday,23,35,0,14,6,0,36.11860278,-95.95870833,12,3,0,0,0,1,1
400057,40,OKLAHOMA,OK,1,1,1,1,143,4780,CANEHILL,13,2,February,2010,7,Saturday,22,50,0,14,6,0,36.16081389,-95.89468056,8,2,0,0,0,1,0
400058,40,OKLAHOMA,OK,1,1,0,3,131,0,ARLINGTON,18,2,February,2010,5,Thursday,17,39,0,6,4,0,36.26388056,-95.51262222,42,5,0,0,0,1,0
400059,40,OKLAHOMA,OK,1,1,0,1,41,0,BRANTLEY,20,2,February,2010,7,Saturday,7,46,1,2,8,148,36.20235833,-94.75471389,1,1,0,0,0,1,0
400060,40,OKLAHOMA,OK,2,2,0,3,143,4780,CANEHILL,22,2,February,2010,2,Monday,11,58,1,11,1,133,36.15768056,-95.83402778,12,1,0,0,0,1,0
400061,40,OKLAHOMA,OK,1,1,0,1,51,0,CENTRAL,1,3,March,2010,2,Monday,13,1,0,6,4,0,34.84246111,-97.70338056,38,1,0,0,0,1,0
400062,40,OKLAHOMA,OK,2,2,0,3,19,0,CEDAR BLUFF,1,3,March,2010,2,Monday,16,50,0,3,2,33,34.23586111,-96.97631944,23,1,0,0,0,1,0
400063,40,OKLAHOMA,OK,1,1,0,1,71,0,BRIDGEPORT,1,3,March,2010,2,Monday,20,6,0,6,4,0,36.94128333,-97.04858056,59,3,0,0,0,1,1
400064,40,OKLAHOMA,OK,2,2,0,2,109,3550,ANSLEY,2,3,March,2010,3,Tuesday,16,12,0,14,6,0,35.43521111,-97.63689167,12,1,0,0,0,1,0
400065,40,OKLAHOMA,OK,1,1,0,1,109,3550,ANSLEY,26,2,February,2010,6,Friday,2,32,1,11,1,61,35.52430833,-97.53678056,25,3,0,0,0,1,0
400066,40,OKLAHOMA,OK,1,1,0,1,101,0,BOYLSTON,3,3,March,2010,4,Wednesday,15,35,0,6,4,0,35.79840556,-95.38137778,34,1,0,0,0,1,0
400067,40,OKLAHOMA,OK,1,1,0,1,19,2858,CEDAR BLUFF,2,3,March,2010,3,Tuesday,23,49,0,6,4,0,34.15848056,-97.27844167,42,2,0,0,0,1,1
400068,40,OKLAHOMA,OK,1,1,1,3,27,0,ASHLAND,4,3,March,2010,5,Thursday,2,12,0,3,3,80,35.01495000,-97.20258333,8,2,0,0,0,1,0
400069,40,OKLAHOMA,OK,2,2,0,2,109,3550,ANSLEY,5,3,March,2010,6,Friday,12,50,1,11,1,8,35.38896667,-97.49494722,12,1,0,0,0,1,1
400070,40,OKLAHOMA,OK,2,2,0,7,19,0,CEDAR BLUFF,1,3,March,2010,2,Monday,21,40,1,2,2,68,34.11436389,-97.03485556,12,2,0,0,0,1,0
400071,40,OKLAHOMA,OK,1,1,0,1,21,0,CHILTON,5,3,March,2010,6,Friday,14,30,0,4,3,74,35.88355556,-95.19803611,1,1,0,0,0,1,0
400072,40,OKLAHOMA,OK,3,3,0,4,143,4780,CANEHILL,6,3,March,2010,7,Saturday,14,5,1,12,2,11,36.15556667,-95.86058333,12,1,0,0,0,1,0
400073,40,OKLAHOMA,OK,1,1,0,1,17,3550,CHAMBERS,7,3,March,2010,1,Sunday,7,31,0,6,6,0,35.35001389,-97.76001667,34,2,0,0,0,1,1
400074,40,OKLAHOMA,OK,1,1,0,1,27,3430,ASHLAND,5,3,March,2010,6,Friday,15,54,0,16,6,0,35.26156389,-97.27535278,42,1,0,0,0,1,0
400075,40,OKLAHOMA,OK,2,2,0,2,123,0,ALEXANDER CITY,8,3,March,2010,2,Monday,13,51,0,3,3,40,34.78080556,-96.60016667,12,1,0,0,0,1,0
400076,40,OKLAHOMA,OK,1,1,0,1,1,0,AUTAUGA,8,3,March,2010,2,Monday,16,45,0,4,3,43,35.82587500,-94.55116111,35,1,0,0,0,1,0
400077,40,OKLAHOMA,OK,1,1,1,3,51,960,CENTRAL,8,3,March,2010,2,Monday,19,37,0,14,6,0,35.05446944,-97.94418889,15,2,0,0,0,1,0
400078,40,OKLAHOMA,OK,1,1,1,2,119,0,BELLAMY,19,3,March,2010,6,Friday,18,26,0,4,4,0,36.06690000,-96.99803611,8,1,0,0,0,1,0
400079,40,OKLAHOMA,OK,2,2,0,4,93,0,BEAR CREEK,26,2,February,2010,6,Friday,22,15,0,4,4,0,36.30397500,-98.17616389,12,2,0,0,0,1,0
400080,40,OKLAHOMA,OK,1,1,0,6,111,0,GRAHAM,28,2,February,2010,1,Sunday,1,12,0,4,4,0,35.84214167,-95.97796667,33,3,0,0,0,1,1
400081,40,OKLAHOMA,OK,2,2,0,2,133,0,ARLEY,8,3,March,2010,2,Monday,14,39,0,3,2,7,35.25247500,-96.76489444,12,1,0,0,0,1,0
400082,40,OKLAHOMA,OK,2,2,0,2,59,0,FRANKLIN,8,3,March,2010,2,Monday,23,13,1,2,2,12,36.62224444,-99.98084167,12,2,0,0,0,1,0
400083,40,OKLAHOMA,OK,2,2,0,2,101,0,BOYLSTON,10,3,March,2010,4,Wednesday,10,29,1,2,2,9,35.56391111,-95.49245278,12,1,0,0,0,1,0
400084,40,OKLAHOMA,OK,1,1,0,1,95,0,ALBERTVILLE,17,3,March,2010,4,Wednesday,6,12,0,5,4,0,33.97351944,-96.72638056,23,2,0,0,0,1,0
400085,40,OKLAHOMA,OK,1,1,0,2,89,0,BROWNSBORO,17,3,March,2010,4,Wednesday,22,10,0,4,3,128,34.10066944,-94.91049167,1,2,0,0,0,1,1
400086,40,OKLAHOMA,OK,1,1,0,1,143,0,CANEHILL,18,3,March,2010,5,Thursday,19,52,0,4,4,0,36.09037778,-96.10488056,1,5,0,0,0,1,1
400087,40,OKLAHOMA,OK,1,1,0,1,137,0,ALCO,21,3,March,2010,1,Sunday,3,0,0,4,4,0,34.59416667,-97.58181111,42,2,0,0,0,1,1
400088,40,OKLAHOMA,OK,1,1,0,1,85,0,BENTON,21,3,March,2010,1,Sunday,9,42,0,4,3,41,33.94031389,-97.05636111,38,1,0,0,0,1,0
400089,40,OKLAHOMA,OK,2,2,0,6,31,2750,COFFEE,20,3,March,2010,7,Saturday,21,0,1,11,1,37,34.55701667,-98.40043056,24,2,0,0,0,1,0
400090,40,OKLAHOMA,OK,1,1,0,4,127,0,BURNWELL,21,3,March,2010,1,Sunday,16,23,0,3,2,178,34.35105278,-95.44986111,42,1,0,0,0,2,0
400091,40,OKLAHOMA,OK,2,2,0,2,13,0,BOLLING,23,3,March,2010,3,Tuesday,8,52,1,2,2,56,33.99818056,-96.53705556,12,1,0,0,0,1,1
400092,40,OKLAHOMA,OK,2,2,0,2,143,0,CANEHILL,24,3,March,2010,4,Wednesday,12,58,0,13,3,30,36.07595000,-96.11955556,12,1,0,0,0,1,0
400093,40,OKLAHOMA,OK,4,4,0,6,111,3560,GRAHAM,25,3,March,2010,5,Thursday,10,30,0,16,6,0,35.62100556,-95.96044167,12,1,0,0,0,1,0
400094,40,OKLAHOMA,OK,2,2,0,5,109,3550,ANSLEY,26,3,March,2010,6,Friday,19,43,0,16,6,0,35.39913056,-97.53013056,12,5,0,0,0,2,0
400096,40,OKLAHOMA,OK,1,1,0,1,113,4780,COTTONTON,26,3,March,2010,6,Friday,20,55,0,14,6,0,36.18863333,-96.01166667,11,2,0,0,0,1,0
400097,40,OKLAHOMA,OK,1,1,0,1,119,0,BELLAMY,28,3,March,2010,1,Sunday,1,49,0,16,4,0,36.07872500,-97.10472222,42,2,0,0,0,1,1
400098,40,OKLAHOMA,OK,1,1,0,1,15,0,ANNISTON,28,3,March,2010,1,Sunday,20,20,0,3,2,17,34.87024444,-98.37339444,24,2,0,0,0,1,1
400099,40,OKLAHOMA,OK,2,2,0,2,109,3550,ANSLEY,6,3,March,2010,7,Saturday,11,41,1,11,1,56,35.46028889,-97.57138333,12,1,0,0,0,1,0
400100,40,OKLAHOMA,OK,1,1,1,2,31,2750,COFFEE,29,3,March,2010,2,Monday,21,23,0,15,6,0,34.59963889,-98.43101944,8,2,0,0,0,1,0
400101,40,OKLAHOMA,OK,2,2,0,2,131,0,ARLINGTON,30,3,March,2010,3,Tuesday,6,8,1,4,3,5,36.22550556,-95.80654167,12,2,0,0,0,1,0
400102,40,OKLAHOMA,OK,1,1,0,1,111,0,GRAHAM,30,3,March,2010,3,Tuesday,9,34,0,4,4,0,35.71972222,-96.06561111,52,1,0,0,0,1,0
400103,40,OKLAHOMA,OK,2,2,0,2,85,0,BENTON,30,3,March,2010,3,Tuesday,15,50,1,1,1,42,33.77922778,-97.13476389,12,1,0,0,0,1,0
400104,40,OKLAHOMA,OK,1,1,0,5,45,0,ARITON,30,3,March,2010,3,Tuesday,19,30,0,4,4,0,36.47887500,-99.75211667,35,1,0,0,0,2,0
400105,40,OKLAHOMA,OK,3,3,0,5,87,1877,ARMSTRONG,30,3,March,2010,3,Tuesday,14,21,0,4,3,111,35.09540278,-97.47692500,12,1,0,0,0,1,0
400106,40,OKLAHOMA,OK,2,2,0,2,77,0,ANDERSON,3,4,April,2010,7,Saturday,19,55,0,4,3,81,34.90360000,-95.08598333,12,5,0,0,0,1,2
400107,40,OKLAHOMA,OK,2,2,0,4,1,0,AUTAUGA,5,4,April,2010,2,Monday,16,10,0,3,2,57,36.06996389,-94.58031667,12,1,0,0,0,1,0
400108,40,OKLAHOMA,OK,3,2,0,4,37,0,BRADFORD,8,4,April,2010,5,Thursday,7,52,0,3,3,116,36.13096944,-96.37987500,12,1,0,1,0,1,0
400109,40,OKLAHOMA,OK,1,1,0,3,115,0,ASHVILLE,9,4,April,2010,6,Friday,19,24,0,4,3,16,36.87175833,-94.68584167,1,1,0,0,0,1,0
400110,40,OKLAHOMA,OK,2,2,0,2,109,3550,ANSLEY,10,4,April,2010,7,Saturday,11,25,0,16,6,0,35.46409444,-97.46355833,12,1,0,0,0,1,0
400111,40,OKLAHOMA,OK,2,2,0,4,25,0,BARLOW BEND,11,4,April,2010,1,Sunday,15,15,0,5,4,0,36.70447222,-102.55534444,12,1,0,0,0,1,0
400112,40,OKLAHOMA,OK,4,4,0,4,109,3550,ANSLEY,14,4,April,2010,4,Wednesday,6,24,1,11,1,97,35.50232500,-97.46315000,24,4,0,0,0,1,0
400113,40,OKLAHOMA,OK,3,3,0,4,51,3416,CENTRAL,14,4,April,2010,4,Wednesday,14,30,0,14,3,103,34.99319444,-97.91866111,12,1,0,0,0,1,0
400114,40,OKLAHOMA,OK,1,1,0,2,69,0,ASHFORD,27,2,February,2010,7,Saturday,9,52,0,4,4,0,34.20149722,-96.87558333,32,1,0,0,0,1,1
400115,40,OKLAHOMA,OK,2,2,0,3,143,4780,CANEHILL,8,3,March,2010,2,Monday,10,36,0,16,6,0,36.03195556,-95.86468333,12,1,0,0,0,2,0
400116,40,OKLAHOMA,OK,2,1,1,1,83,0,ARDMORE,2,4,April,2010,6,Friday,22,3,1,1,1,45,35.79030000,-97.41585278,8,2,0,0,0,1,1
400117,40,OKLAHOMA,OK,1,1,0,1,49,3670,COLLINSVILLE,11,4,April,2010,1,Sunday,21,55,0,16,6,0,34.73015000,-97.21936944,39,2,0,0,0,1,1
400118,40,OKLAHOMA,OK,1,1,0,1,135,0,ASH FLAT,12,4,April,2010,2,Monday,1,30,0,4,3,24,35.61527778,-95.09369444,38,2,0,0,0,1,1
400119,40,OKLAHOMA,OK,1,1,0,5,143,4780,CANEHILL,14,4,April,2010,4,Wednesday,16,4,1,12,8,66,36.02541944,-95.90097778,35,1,0,0,0,1,1
400120,40,OKLAHOMA,OK,2,1,0,2,31,0,COFFEE,15,4,April,2010,5,Thursday,19,25,0,4,4,0,34.62364444,-98.70849167,45,5,0,0,0,1,1
400121,40,OKLAHOMA,OK,2,2,0,3,117,0,BIRMINGHAM,16,4,April,2010,6,Friday,14,1,1,2,8,124,36.22515833,-96.59767500,12,1,0,0,0,1,0
400122,40,OKLAHOMA,OK,1,1,0,1,55,0,ATTALLA,16,4,April,2010,6,Friday,17,10,0,4,4,0,34.83648611,-99.40580278,32,1,0,0,0,1,0
400123,40,OKLAHOMA,OK,1,1,0,1,51,0,CENTRAL,17,4,April,2010,7,Saturday,1,30,0,4,4,0,34.81191667,-98.03324167,38,2,0,0,0,1,1
400124,40,OKLAHOMA,OK,1,1,0,1,135,0,ASH FLAT,17,4,April,2010,7,Saturday,7,4,1,1,1,186,35.41692778,-94.50613056,1,1,0,0,0,1,0
400125,40,OKLAHOMA,OK,1,1,0,1,131,0,ARLINGTON,18,4,April,2010,1,Sunday,1,0,0,4,3,44,36.22030556,-95.75906944,42,2,0,0,0,1,1
400126,40,OKLAHOMA,OK,2,2,0,2,17,0,CHAMBERS,17,4,April,2010,7,Saturday,22,59,0,3,2,11,35.56586667,-98.29760833,12,2,0,0,0,2,2
400127,40,OKLAHOMA,OK,1,1,0,1,103,0,DANVILLE,19,4,April,2010,2,Monday,23,36,0,4,4,0,36.46796389,-97.17515278,52,2,0,0,0,1,1
400128,40,OKLAHOMA,OK,1,1,0,1,79,0,COURTLAND,23,4,April,2010,6,Friday,0,30,0,4,3,22,34.72405833,-95.01287500,38,2,0,0,0,1,1
400129,40,OKLAHOMA,OK,1,1,0,1,13,0,BOLLING,14,4,April,2010,4,Wednesday,1,48,0,4,3,120,33.83974167,-96.41323333,42,2,0,0,0,1,1
400130,40,OKLAHOMA,OK,2,2,0,3,5,4510,BAKER HILL,23,4,April,2010,6,Friday,12,52,1,2,2,80,34.46767778,-96.05655278,12,1,0,0,0,1,1
400131,40,OKLAHOMA,OK,3,3,0,7,131,0,ARLINGTON,23,4,April,2010,6,Friday,23,8,1,1,1,39,36.20914444,-95.70062778,12,2,0,0,0,1,0
400132,40,OKLAHOMA,OK,2,2,0,3,43,0,BAILEYTON,25,4,April,2010,1,Sunday,15,10,1,2,2,76,35.92182500,-98.97354444,12,1,0,0,0,1,0
400133,40,OKLAHOMA,OK,2,2,0,2,121,4205,BON AIR,28,4,April,2010,4,Wednesday,6,44,1,2,2,134,34.84750000,-95.82749444,12,1,0,0,0,1,0
400134,40,OKLAHOMA,OK,1,1,0,3,81,0,AUBURN,30,4,April,2010,6,Friday,19,33,0,4,4,0,35.70961389,-96.75502778,1,5,0,0,0,2,1
400135,40,OKLAHOMA,OK,1,1,1,3,83,2000,ARDMORE,26,4,April,2010,2,Monday,11,9,0,13,3,1,35.88013889,-97.42186389,8,1,0,0,0,1,0
400136,40,OKLAHOMA,OK,1,1,1,1,125,4300,BROOKWOOD,27,4,April,2010,3,Tuesday,16,22,0,16,6,0,35.33553889,-96.93613889,8,1,0,0,0,1,0
400137,40,OKLAHOMA,OK,1,1,0,2,57,0,BANKSTON,26,4,April,2010,2,Monday,13,0,0,4,3,32,34.54728611,-99.77146111,1,1,0,0,0,1,1
400138,40,OKLAHOMA,OK,1,1,0,1,135,0,ASH FLAT,1,5,May,2010,7,Saturday,17,10,0,5,4,40,35.55602500,-94.98530000,1,1,0,0,0,1,1
400139,40,OKLAHOMA,OK,1,1,0,1,115,0,ASHVILLE,2,5,May,2010,1,Sunday,18,29,0,14,3,66,36.84297222,-94.85547222,1,1,0,0,0,1,0
400140,40,OKLAHOMA,OK,1,1,0,1,41,0,BRANTLEY,7,5,May,2010,6,Friday,23,24,0,3,3,15,36.61215278,-94.93669167,35,2,0,0,0,1,0
400141,40,OKLAHOMA,OK,2,2,0,2,105,0,MARION,10,5,May,2010,2,Monday,6,46,0,3,2,58,36.78406389,-95.62953056,12,4,0,0,0,1,0
400142,40,OKLAHOMA,OK,1,1,0,3,113,0,COTTONTON,13,5,May,2010,5,Thursday,18,56,0,5,4,0,36.48191111,-96.09389722,32,1,0,0,0,1,1
400143,40,OKLAHOMA,OK,1,1,0,3,129,0,BIGBEE,10,5,May,2010,2,Monday,23,36,0,3,3,0,35.67551944,-99.68001944,34,2,0,0,0,1,1
400144,40,OKLAHOMA,OK,1,1,0,2,41,0,BRANTLEY,8,5,May,2010,7,Saturday,22,5,0,3,3,79,36.41489167,-94.87457778,35,2,0,0,0,1,1
400145,40,OKLAHOMA,OK,1,1,0,1,15,0,ANNISTON,20,5,May,2010,5,Thursday,22,12,0,4,4,0,35.10547500,-98.23190000,34,2,0,0,0,1,1
400146,40,OKLAHOMA,OK,1,1,0,2,147,300,AUGUSTA,4,5,May,2010,3,Tuesday,2,14,0,6,6,0,36.75647222,-95.95682222,52,3,0,0,0,1,1
400147,40,OKLAHOMA,OK,1,1,0,1,47,1550,BROWNS,7,5,May,2010,6,Friday,18,47,0,6,6,0,36.41984167,-97.92215000,34,1,0,0,0,1,1
400148,40,OKLAHOMA,OK,2,2,0,2,13,0,BOLLING,21,5,May,2010,6,Friday,6,37,0,6,6,0,33.92478889,-96.21980833,12,1,0,0,0,1,0
400149,40,OKLAHOMA,OK,1,1,0,1,131,0,ARLINGTON,21,5,May,2010,6,Friday,12,43,0,3,3,202,36.53897778,-95.40583056,25,1,0,0,0,1,1
400150,40,OKLAHOMA,OK,2,2,0,2,13,0,BOLLING,26,5,May,2010,4,Wednesday,16,58,1,2,2,233,34.02670000,-95.99038056,12,1,0,0,0,1,0
400151,40,OKLAHOMA,OK,1,1,1,1,109,3550,ANSLEY,9,5,May,2010,1,Sunday,1,36,0,14,6,145,35.48702222,-97.61906111,8,2,0,0,0,1,0
400152,40,OKLAHOMA,OK,1,1,1,1,143,4780,CANEHILL,16,4,April,2010,6,Friday,7,0,0,2,6,465,36.19919722,-95.99387222,9,4,0,0,0,1,0
400153,40,OKLAHOMA,OK,1,1,0,2,31,0,COFFEE,22,5,May,2010,7,Saturday,11,13,0,5,4,48,34.76080833,-98.42238333,38,1,0,0,0,1,0
400154,40,OKLAHOMA,OK,1,1,0,1,135,0,ASH FLAT,6,5,May,2010,5,Thursday,20,1,0,6,4,0,35.52924167,-95.02961389,1,5,0,0,0,1,0
400155,40,OKLAHOMA,OK,1,1,0,3,125,367,BROOKWOOD,28,5,May,2010,6,Friday,19,13,0,6,6,0,35.27540556,-97.07764167,24,1,0,0,0,1,1
400156,40,OKLAHOMA,OK,1,1,0,1,89,0,BROWNSBORO,28,5,May,2010,6,Friday,18,31,0,3,3,175,33.81776111,-94.57429722,53,1,0,0,0,1,0
400157,40,OKLAHOMA,OK,2,2,1,2,109,3550,ANSLEY,9,4,April,2010,6,Friday,23,55,1,1,1,105,35.38832222,-97.38951944,8,2,0,0,0,1,0
400158,40,OKLAHOMA,OK,1,1,0,1,29,2770,BORDEN SPRINGS,4,5,May,2010,3,Tuesday,21,45,0,6,6,0,34.46903889,-96.21311111,58,3,0,0,0,1,1
400159,40,OKLAHOMA,OK,1,1,0,1,79,0,COURTLAND,3,5,May,2010,2,Monday,18,16,0,4,2,133,34.79790000,-94.95273889,24,1,0,0,0,1,0
400160,40,OKLAHOMA,OK,1,1,0,1,109,3550,ANSLEY,4,5,May,2010,3,Tuesday,5,39,1,1,1,160,35.40290278,-97.29395833,42,2,0,0,0,1,0
400161,40,OKLAHOMA,OK,2,2,0,2,143,4780,CANEHILL,7,5,May,2010,6,Friday,2,15,0,16,6,0,36.15222222,-95.97570556,12,3,0,0,0,1,1
400162,40,OKLAHOMA,OK,4,4,0,5,109,3550,ANSLEY,17,4,April,2010,7,Saturday,2,6,1,1,1,60,35.46200556,-97.48976111,12,3,0,0,0,1,1
400163,40,OKLAHOMA,OK,1,1,0,6,83,0,ARDMORE,20,3,March,2010,7,Saturday,11,50,1,1,1,32,35.77173056,-97.41570833,42,1,0,0,0,1,0
400164,40,OKLAHOMA,OK,1,1,0,1,81,0,AUBURN,7,4,April,2010,4,Wednesday,0,4,0,3,3,13,35.40559722,-96.66953889,1,2,0,0,0,1,0
400165,40,OKLAHOMA,OK,2,2,0,4,47,1550,BROWNS,5,5,May,2010,4,Wednesday,18,55,0,6,6,0,36.41985556,-97.99716389,12,1,0,0,0,3,0
400166,40,OKLAHOMA,OK,3,3,0,7,41,0,BRANTLEY,30,4,April,2010,6,Friday,13,18,0,3,2,87,36.51518611,-94.77791111,12,1,0,0,0,3,1
400167,40,OKLAHOMA,OK,2,2,0,3,75,0,BEAVERTON,8,5,May,2010,7,Saturday,10,20,0,6,6,0,34.95495278,-99.31630278,12,1,0,0,0,1,1
400168,40,OKLAHOMA,OK,2,2,0,2,151,0,FLIPPEN,26,4,April,2010,2,Monday,1,30,0,3,2,83,36.79773333,-98.78231111,12,3,0,0,0,1,1
400169,40,OKLAHOMA,OK,1,1,0,2,135,0,ASH FLAT,11,5,May,2010,3,Tuesday,20,17,0,3,3,104,35.60378333,-95.00286944,1,2,0,0,0,1,1
400170,40,OKLAHOMA,OK,2,2,0,2,61,0,BELLWOOD,19,6,June,2010,7,Saturday,8,13,0,4,3,101,35.24088056,-95.12371389,12,1,0,0,0,1,0
400171,40,OKLAHOMA,OK,2,2,0,4,115,0,ASHVILLE,10,5,May,2010,2,Monday,15,33,0,3,2,134,36.80658056,-94.92715000,12,1,0,0,0,1,0
400172,40,OKLAHOMA,OK,3,3,0,3,23,0,BLADON SPRINGS,18,5,May,2010,3,Tuesday,6,20,0,3,2,153,34.02236389,-95.22429444,12,1,0,0,0,1,0
400173,40,OKLAHOMA,OK,2,2,0,5,115,0,ASHVILLE,14,5,May,2010,6,Friday,17,47,0,3,3,19,36.83047778,-94.69808889,12,1,0,0,0,1,0
400174,40,OKLAHOMA,OK,1,1,0,2,123,0,ALEXANDER CITY,21,5,May,2010,6,Friday,1,11,0,6,6,0,34.75117500,-96.58261667,32,2,0,0,0,1,0
400175,40,OKLAHOMA,OK,2,2,0,3,51,0,CENTRAL,24,5,May,2010,2,Monday,21,32,1,2,8,319,35.22045833,-97.71161667,12,3,0,0,0,1,1
400176,40,OKLAHOMA,OK,2,2,0,4,39,0,ANDALUSIA,25,5,May,2010,3,Tuesday,17,52,0,6,6,0,35.56582778,-99.02212500,12,1,0,0,0,1,0
400177,40,OKLAHOMA,OK,1,1,0,5,15,0,ANNISTON,26,5,May,2010,4,Wednesday,17,19,0,6,6,0,35.11684444,-98.17054167,5,1,0,0,0,1,0
400178,40,OKLAHOMA,OK,2,2,0,4,121,0,BON AIR,7,6,June,2010,2,Monday,10,33,1,2,2,44,34.73450833,-95.89950000,12,1,0,0,0,1,0
400179,40,OKLAHOMA,OK,1,1,0,2,145,4910,BALD KNOB,26,5,May,2010,4,Wednesday,10,8,1,2,2,23,35.88421667,-95.73589167,35,1,0,0,0,1,0
400180,40,OKLAHOMA,OK,2,2,0,3,77,0,ANDERSON,28,5,May,2010,6,Friday,17,43,0,3,3,127,34.75343889,-95.06276667,12,1,0,0,0,1,0
400181,40,OKLAHOMA,OK,1,1,0,1,137,0,ALCO,28,5,May,2010,6,Friday,20,28,0,6,6,0,34.37647222,-98.02744444,53,1,0,0,0,1,1
400182,40,OKLAHOMA,OK,1,1,0,1,99,0,BEATRICE,29,5,May,2010,7,Saturday,12,46,0,3,3,136,34.50721111,-96.88855556,35,1,0,0,0,1,1
400183,40,OKLAHOMA,OK,1,1,1,2,127,170,BURNWELL,27,5,May,2010,5,Thursday,12,3,0,6,6,0,34.23667500,-95.62121944,9,1,0,0,0,1,0
400184,40,OKLAHOMA,OK,2,1,2,1,103,0,DANVILLE,16,6,June,2010,4,Wednesday,14,40,1,1,1,5,36.16560278,-97.32740556,14,1,0,0,0,1,0
400185,40,OKLAHOMA,OK,2,2,0,3,139,0,CALION,16,6,June,2010,4,Wednesday,16,30,0,4,3,100,36.90550000,-101.90211667,12,1,0,0,0,1,0
400186,40,OKLAHOMA,OK,1,1,0,4,111,0,GRAHAM,24,5,May,2010,2,Monday,0,54,0,4,3,119,35.61010000,-96.05133611,38,2,0,0,0,1,1
400187,40,OKLAHOMA,OK,1,1,0,1,9,0,BLOUNT,14,6,June,2010,2,Monday,3,40,0,4,3,56,35.40757500,-99.74638333,32,2,0,0,0,1,0
400188,40,OKLAHOMA,OK,1,1,0,1,79,0,COURTLAND,15,6,June,2010,3,Tuesday,11,48,0,5,4,0,35.11047778,-94.69614167,42,1,0,0,0,1,0
400189,40,OKLAHOMA,OK,2,2,0,3,47,1550,BROWNS,3,6,June,2010,5,Thursday,15,9,1,13,2,20,36.39729167,-97.80267500,12,1,0,0,0,2,0
400190,40,OKLAHOMA,OK,1,1,0,1,21,0,CHILTON,31,5,May,2010,2,Monday,11,37,0,4,4,11,35.72423889,-94.99595278,34,1,0,0,0,1,0
400191,40,OKLAHOMA,OK,1,1,0,2,81,0,AUBURN,26,6,June,2010,7,Saturday,0,30,0,5,4,0,35.93625833,-96.76717778,35,2,0,0,0,1,1
400192,40,OKLAHOMA,OK,1,1,0,2,137,0,ALCO,15,6,June,2010,3,Tuesday,3,30,0,6,4,0,34.51002778,-98.10694167,1,2,0,0,0,1,1
400193,40,OKLAHOMA,OK,1,1,0,1,109,3550,ANSLEY,20,6,June,2010,1,Sunday,19,9,0,16,6,0,35.38093333,-97.26539722,52,1,0,0,0,1,1
400194,40,OKLAHOMA,OK,2,2,0,3,123,0,ALEXANDER CITY,2,7,July,2010,6,Friday,20,33,0,5,4,32,34.73866389,-96.76955000,21,1,0,0,0,1,1
400195,40,OKLAHOMA,OK,2,2,0,8,143,4780,CANEHILL,16,4,April,2010,6,Friday,14,45,0,16,6,5,36.20606111,-95.96650278,12,1,0,1,0,1,0
400196,40,OKLAHOMA,OK,2,2,0,2,31,0,COFFEE,16,6,June,2010,4,Wednesday,0,28,0,3,2,31,34.76392222,-98.38722778,12,2,0,0,0,1,1
400197,40,OKLAHOMA,OK,1,1,0,1,117,0,BIRMINGHAM,30,6,June,2010,4,Wednesday,18,15,0,3,2,73,36.29271111,-96.45478611,34,1,0,0,0,1,0
400198,40,OKLAHOMA,OK,1,1,1,1,131,870,ARLINGTON,4,6,June,2010,6,Friday,5,14,0,6,6,0,36.17703056,-95.76895833,8,2,0,0,0,1,0
400199,40,OKLAHOMA,OK,1,1,0,2,9,0,BLOUNT,5,6,June,2010,7,Saturday,22,44,0,5,4,0,35.23299444,-99.62778056,35,2,0,0,0,1,1
400200,40,OKLAHOMA,OK,1,1,0,1,89,0,BROWNSBORO,12,7,July,2010,2,Monday,17,15,0,4,4,101,34.37163056,-94.83724167,23,1,0,0,0,1,0
400201,40,OKLAHOMA,OK,1,1,0,1,13,0,BOLLING,14,7,July,2010,4,Wednesday,5,30,0,4,4,39,33.96170556,-96.50051667,32,4,0,0,0,1,0
400202,40,OKLAHOMA,OK,1,1,0,2,111,0,GRAHAM,13,7,July,2010,3,Tuesday,14,16,0,4,3,4,35.59552500,-96.18538056,35,1,0,0,0,1,0
400203,40,OKLAHOMA,OK,1,1,0,1,91,0,DAYTON,14,7,July,2010,4,Wednesday,12,47,0,4,3,33,35.39710000,-95.60357500,1,1,0,0,0,1,0
400204,40,OKLAHOMA,OK,1,1,0,2,89,0,BROWNSBORO,20,6,June,2010,1,Sunday,11,22,0,4,3,99,34.43305833,-94.49981944,1,1,0,0,0,1,0
400205,40,OKLAHOMA,OK,1,1,0,1,97,0,AXIS,4,7,July,2010,1,Sunday,18,29,0,5,4,27,36.27392500,-95.11472500,1,1,0,0,0,1,1