ST_CASE,STATE,State Name,State Abbreviation,# of Vehicle involved,VE_FORMS,Pedestrains,Total_Persons_in_accident,COUNTY,CITY,City_County_Name,Calendar_DAY,MONTH,Month_name,YEAR,DAY_WEEK,Day_Week_desc,HOUR,MINUTE,NHS_Desc,trafficway,Route,MILEPT,LATITUDE,LONGITUD,First_Crash_event,Light_cond_desc,Weather_condition,School_bus_involved,Crash_cause,FATALS,DRUNK_DR
400514,40,OKLAHOMA,OK,1,1,0,1,143,4780,CANEHILL,29,7,July,2010,5,Thursday,0,1,0,16,6,0,36.07694722,-95.88658056,35,2,0,0,0,1,1
400515,40,OKLAHOMA,OK,1,1,0,1,143,4780,CANEHILL,24,8,August,2010,3,Tuesday,12,5,0,15,3,7,36.22048889,-95.84030000,35,1,0,0,0,1,0
400516,40,OKLAHOMA,OK,1,1,0,5,109,3550,ANSLEY,17,8,August,2010,3,Tuesday,5,24,0,16,6,0,35.44636389,-97.54371944,33,2,0,0,0,1,1
400517,40,OKLAHOMA,OK,2,2,0,3,109,3550,ANSLEY,16,10,October,2010,7,Saturday,23,0,0,16,6,0,35.47847778,-97.44283056,12,2,0,0,0,1,1
400518,40,OKLAHOMA,OK,1,1,0,1,109,3550,ANSLEY,24,10,October,2010,1,Sunday,1,58,1,11,1,74,35.52936944,-97.51598333,1,2,0,0,0,1,1
400519,40,OKLAHOMA,OK,2,2,0,2,131,0,ARLINGTON,5,11,November,2010,6,Friday,22,17,0,4,3,69,36.39402222,-95.54933333,12,2,0,0,0,1,1
400520,40,OKLAHOMA,OK,1,1,0,1,111,0,GRAHAM,8,12,December,2010,4,Wednesday,0,35,0,6,4,0,35.50741944,-96.05052222,1,2,0,0,0,1,1
400521,40,OKLAHOMA,OK,1,1,0,1,127,0,BURNWELL,9,12,December,2010,5,Thursday,6,10,0,6,4,0,34.21486944,-95.15135556,42,4,0,0,0,1,0
400522,40,OKLAHOMA,OK,1,1,2,4,143,0,CANEHILL,14,12,December,2010,3,Tuesday,20,11,1,2,2,36,36.15318056,-96.19208611,8,2,0,0,0,1,0
400523,40,OKLAHOMA,OK,1,1,0,1,89,0,BROWNSBORO,15,12,December,2010,4,Wednesday,0,39,1,2,2,139,34.04100278,-94.63847500,1,2,0,0,0,1,1
400524,40,OKLAHOMA,OK,1,1,0,2,129,0,BIGBEE,17,12,December,2010,6,Friday,7,37,0,4,3,57,35.81301944,-99.89864722,1,4,0,0,0,1,0
400525,40,OKLAHOMA,OK,2,2,0,4,125,4300,BROOKWOOD,13,9,September,2010,2,Monday,19,19,0,16,6,0,35.33009167,-96.89864444,12,5,0,0,0,1,0
400526,40,OKLAHOMA,OK,1,1,0,2,141,0,BEE BRANCH,27,11,November,2010,7,Saturday,16,24,0,6,4,0,34.37901389,-98.97577222,1,1,0,0,0,1,1
400527,40,OKLAHOMA,OK,1,1,0,3,63,0,BOLIGEE,2,12,December,2010,5,Thursday,19,25,0,4,3,16,35.22855556,-96.21441111,1,2,0,0,0,1,1
400528,40,OKLAHOMA,OK,1,1,0,1,21,0,CHILTON,18,12,December,2010,7,Saturday,23,16,0,4,3,5,35.81992222,-95.25335278,24,2,0,0,0,1,1
400529,40,OKLAHOMA,OK,3,3,0,5,143,4780,CANEHILL,25,7,July,2010,1,Sunday,1,47,0,16,6,0,36.07351667,-96.01389167,12,6,0,0,0,2,1
400530,40,OKLAHOMA,OK,2,2,0,6,143,4780,CANEHILL,8,8,August,2010,1,Sunday,2,17,0,16,6,0,36.10449444,-95.83932500,12,3,0,0,0,1,1
400531,40,OKLAHOMA,OK,1,1,0,1,143,4780,CANEHILL,12,7,July,2010,2,Monday,21,9,1,13,2,89,36.13724444,-95.85986111,20,3,0,0,0,1,1
400532,40,OKLAHOMA,OK,1,1,0,1,109,3550,ANSLEY,8,8,August,2010,1,Sunday,5,30,0,16,6,0,35.56569444,-97.41497778,42,2,0,0,0,1,1
400533,40,OKLAHOMA,OK,2,2,0,3,145,1150,BALD KNOB,13,8,August,2010,6,Friday,15,55,0,4,3,82,35.97355000,-95.66142778,12,1,0,0,0,1,0
400534,40,OKLAHOMA,OK,2,2,0,2,115,3160,ASHVILLE,4,12,December,2010,7,Saturday,13,40,0,13,2,0,36.87780000,-94.87756111,12,1,0,0,0,1,0
400535,40,OKLAHOMA,OK,1,1,0,1,79,0,COURTLAND,23,12,December,2010,5,Thursday,6,35,0,4,3,43,35.12597778,-94.56731389,35,2,0,0,0,1,0
400536,40,OKLAHOMA,OK,1,1,0,1,109,1480,ANSLEY,27,10,October,2010,4,Wednesday,22,6,0,16,6,0,35.67286389,-97.51408056,30,1,0,0,0,1,0
400537,40,OKLAHOMA,OK,3,3,0,3,101,0,BOYLSTON,15,12,December,2010,4,Wednesday,6,5,0,4,3,186,35.76790000,-95.20758056,12,2,0,0,0,1,0
400538,40,OKLAHOMA,OK,1,1,0,1,129,0,BIGBEE,19,12,December,2010,1,Sunday,14,8,0,3,2,62,35.69702500,-99.69465833,32,1,0,0,0,1,1
400539,40,OKLAHOMA,OK,1,1,1,1,39,1030,ANDALUSIA,30,11,November,2010,3,Tuesday,18,20,1,13,2,12,35.48264722,-98.97340000,8,2,0,0,0,1,0
400540,40,OKLAHOMA,OK,1,1,0,1,31,3123,COFFEE,30,3,March,2010,3,Tuesday,6,33,0,6,6,0,34.73707222,-98.50207778,17,3,0,0,0,1,0
400541,40,OKLAHOMA,OK,1,1,1,1,119,4460,BELLAMY,22,8,August,2010,1,Sunday,20,14,0,16,6,0,36.11512222,-97.02842500,8,1,0,0,0,1,0
400542,40,OKLAHOMA,OK,1,1,1,3,135,0,ASH FLAT,22,7,July,2010,5,Thursday,18,15,1,1,1,57,35.42756944,-94.71473333,8,1,0,0,0,1,0
400543,40,OKLAHOMA,OK,1,1,0,2,91,0,DAYTON,23,12,December,2010,5,Thursday,4,24,1,1,1,118,35.45416389,-95.67208333,1,2,0,0,0,1,0
400544,40,OKLAHOMA,OK,2,2,0,2,109,3550,ANSLEY,30,11,November,2010,3,Tuesday,11,15,0,16,6,0,35.60507500,-97.60296111,12,1,0,0,0,1,0
400546,40,OKLAHOMA,OK,1,1,0,1,141,0,BEE BRANCH,24,12,December,2010,6,Friday,13,19,0,6,4,0,34.50889167,-98.84332500,38,1,0,0,0,1,0
400547,40,OKLAHOMA,OK,2,2,0,4,49,0,COLLINSVILLE,18,8,August,2010,4,Wednesday,15,13,0,4,3,5,34.82629444,-97.30040000,12,1,0,1,0,1,0
400548,40,OKLAHOMA,OK,1,1,0,4,109,3550,ANSLEY,25,11,November,2010,5,Thursday,2,6,1,11,1,59,35.46146667,-97.49080000,1,3,0,0,0,2,1
400549,40,OKLAHOMA,OK,4,3,2,4,109,3550,ANSLEY,7,12,December,2010,3,Tuesday,19,13,1,11,1,78,35.47213889,-97.46632222,12,3,0,0,14,1,0
400550,40,OKLAHOMA,OK,2,2,0,5,87,0,ARMSTRONG,8,12,December,2010,4,Wednesday,7,48,0,4,3,31,35.08464444,-97.65306944,12,4,0,0,0,2,0
400551,40,OKLAHOMA,OK,1,1,1,1,17,3550,CHAMBERS,29,12,December,2010,4,Wednesday,18,59,1,11,1,345,35.46573056,-97.72067500,8,2,0,0,0,1,0
400552,40,OKLAHOMA,OK,2,2,0,2,143,4780,CANEHILL,15,7,July,2010,5,Thursday,0,3,1,12,2,43,36.11806944,-95.91937778,12,2,0,0,0,1,1
400553,40,OKLAHOMA,OK,2,2,0,2,27,3550,ASHLAND,19,2,February,2010,6,Friday,15,15,0,16,6,0,35.36215833,-97.56545000,12,1,0,0,0,1,0
400554,40,OKLAHOMA,OK,2,2,0,2,109,3550,ANSLEY,29,7,July,2010,5,Thursday,5,31,0,16,6,0,35.43524444,-97.54128889,12,3,0,0,0,1,1
400555,40,OKLAHOMA,OK,1,1,1,1,143,4780,CANEHILL,20,8,August,2010,6,Friday,0,24,1,11,1,38,36.08972500,-95.97313056,8,2,0,0,0,1,0
400556,40,OKLAHOMA,OK,2,2,0,3,87,0,ARMSTRONG,9,12,December,2010,5,Thursday,6,38,0,4,3,9,34.86888611,-97.40637500,12,1,0,0,0,2,0
400557,40,OKLAHOMA,OK,1,1,0,4,79,0,COURTLAND,17,12,December,2010,6,Friday,12,15,0,6,6,0,35.04236667,-94.73441944,38,1,0,0,0,1,0
400558,40,OKLAHOMA,OK,1,1,0,1,95,0,ALBERTVILLE,25,12,December,2010,7,Saturday,17,56,0,6,4,0,33.90242222,-96.74895833,42,2,0,0,0,1,0
400559,40,OKLAHOMA,OK,1,1,0,1,143,0,CANEHILL,2,9,September,2010,5,Thursday,6,41,1,12,8,80,36.01664444,-95.96130833,38,2,0,0,0,1,1
400560,40,OKLAHOMA,OK,1,1,0,1,97,0,AXIS,26,11,November,2010,6,Friday,16,25,0,6,4,0,36.36447222,-95.09529722,42,1,0,0,0,1,0
400561,40,OKLAHOMA,OK,2,2,0,5,125,0,BROOKWOOD,7,12,December,2010,3,Tuesday,18,2,0,3,2,74,35.07299444,-96.93117222,12,2,0,0,0,3,0
400562,40,OKLAHOMA,OK,1,1,0,2,143,4780,CANEHILL,25,12,December,2010,7,Saturday,18,8,1,13,2,68,36.04369444,-96.00728889,35,2,0,0,0,1,1
400563,40,OKLAHOMA,OK,1,1,0,1,127,0,BURNWELL,29,12,December,2010,4,Wednesday,0,30,0,2,3,168,34.20046111,-95.32590000,42,2,0,0,0,1,1
400564,40,OKLAHOMA,OK,1,1,0,1,13,0,BOLLING,31,12,December,2010,6,Friday,23,5,0,6,4,0,33.73664444,-96.35672500,42,2,0,0,0,1,1
400565,40,OKLAHOMA,OK,1,1,0,1,111,0,GRAHAM,10,9,September,2010,6,Friday,18,52,0,4,4,0,35.40868056,-96.01673333,42,1,0,0,0,1,1
400566,40,OKLAHOMA,OK,1,1,0,2,109,1300,ANSLEY,31,7,July,2010,7,Saturday,20,7,1,11,1,10,35.46006667,-97.45799167,33,1,0,0,0,1,0
400567,40,OKLAHOMA,OK,3,3,0,6,115,0,ASHVILLE,20,8,August,2010,6,Friday,18,55,0,4,3,88,36.87129722,-94.77153611,12,1,0,0,0,1,1
400568,40,OKLAHOMA,OK,2,2,0,3,97,0,AXIS,9,8,August,2010,2,Monday,11,10,0,4,3,36,36.14143611,-95.15443611,12,1,0,0,0,1,0
400569,40,OKLAHOMA,OK,2,2,0,3,81,0,AUBURN,3,8,August,2010,3,Tuesday,13,24,0,4,3,115,35.86952222,-96.87663611,12,1,0,0,0,2,0
400570,40,OKLAHOMA,OK,1,1,0,1,113,0,COTTONTON,30,12,December,2010,5,Thursday,13,55,0,4,4,0,36.58653333,-96.71031111,1,1,0,0,0,1,1
400571,40,OKLAHOMA,OK,2,2,0,2,19,210,CEDAR BLUFF,14,9,September,2010,3,Tuesday,7,24,0,16,6,0,34.21978611,-97.12557778,12,1,0,0,0,1,0
400572,40,OKLAHOMA,OK,2,2,0,6,25,0,BARLOW BEND,4,7,July,2010,1,Sunday,11,23,1,2,2,148,36.94068333,-102.52201111,12,1,0,0,0,3,0
400573,40,OKLAHOMA,OK,1,1,1,2,139,2010,CALION,27,9,September,2010,2,Monday,19,5,0,16,6,0,36.69312222,-101.48638889,8,1,0,0,0,1,0
400574,40,OKLAHOMA,OK,2,2,0,2,125,2950,BROOKWOOD,1,10,October,2010,6,Friday,23,29,0,4,2,40,35.42726667,-97.07458889,12,2,0,0,0,1,1
400575,40,OKLAHOMA,OK,2,2,0,7,109,1300,ANSLEY,13,10,October,2010,4,Wednesday,18,22,0,16,6,0,35.44977778,-97.45921389,12,1,0,0,0,1,0
400576,40,OKLAHOMA,OK,2,2,0,2,109,1300,ANSLEY,24,10,October,2010,1,Sunday,10,48,0,16,6,0,35.43523611,-97.42990556,12,1,0,0,0,1,0
400577,40,OKLAHOMA,OK,2,2,0,3,15,0,ANNISTON,18,12,December,2010,7,Saturday,19,40,0,3,2,8,34.86677778,-98.38716111,12,2,0,0,0,2,1
400578,40,OKLAHOMA,OK,2,2,0,3,27,3550,ASHLAND,21,12,December,2010,3,Tuesday,7,45,0,16,6,0,35.34278611,-97.21282500,12,1,0,0,0,1,0
400579,40,OKLAHOMA,OK,2,2,0,2,109,3550,ANSLEY,26,12,December,2010,1,Sunday,2,14,0,12,3,40,35.42311667,-97.62775278,12,2,0,0,0,2,1
400580,40,OKLAHOMA,OK,3,3,0,6,109,3550,ANSLEY,26,2,February,2010,6,Friday,19,21,1,11,7,25,35.39131667,-97.53044722,12,3,0,0,0,1,1
400581,40,OKLAHOMA,OK,2,2,0,2,37,1410,BRADFORD,25,3,March,2010,5,Thursday,19,21,0,6,6,0,35.98848056,-96.60181667,12,1,0,0,0,1,1
400582,40,OKLAHOMA,OK,1,1,1,1,89,2370,BROWNSBORO,7,5,May,2010,6,Friday,16,12,0,16,6,0,33.90280278,-94.83436111,15,1,0,0,0,1,0
400583,40,OKLAHOMA,OK,2,2,0,2,101,4980,BOYLSTON,13,5,May,2010,5,Thursday,12,30,0,3,3,174,35.49563056,-95.31020278,12,1,0,0,0,1,0
400584,40,OKLAHOMA,OK,2,2,0,2,49,0,COLLINSVILLE,27,5,May,2010,5,Thursday,5,0,0,3,3,46,34.62311944,-97.48404167,12,2,0,0,0,1,1
400585,40,OKLAHOMA,OK,1,1,1,1,143,4780,CANEHILL,20,6,June,2010,1,Sunday,5,47,0,16,6,0,36.10449722,-95.83962222,8,2,0,0,0,1,0
400586,40,OKLAHOMA,OK,2,2,0,5,51,960,CENTRAL,23,6,June,2010,4,Wednesday,15,15,0,16,6,0,35.02959722,-97.94376389,12,1,0,0,0,1,0
400587,40,OKLAHOMA,OK,1,1,2,2,17,3550,CHAMBERS,30,6,June,2010,4,Wednesday,18,10,1,11,1,290,35.50097500,-97.80550556,8,1,0,0,0,2,0
400588,40,OKLAHOMA,OK,3,3,0,7,81,0,AUBURN,11,7,July,2010,1,Sunday,12,54,0,3,2,60,35.55081667,-96.99958611,12,1,0,0,0,1,0
400589,40,OKLAHOMA,OK,2,2,0,4,147,0,AUGUSTA,20,7,July,2010,3,Tuesday,18,7,0,14,3,27,36.76589167,-95.96143056,12,1,0,0,0,1,1
400590,40,OKLAHOMA,OK,1,1,1,1,97,0,AXIS,20,7,July,2010,3,Tuesday,19,10,0,4,4,0,36.14788611,-95.32383056,8,1,0,0,0,1,0
400591,40,OKLAHOMA,OK,2,2,0,5,81,0,AUBURN,21,7,July,2010,4,Wednesday,3,13,0,3,2,10,35.47800833,-97.00053056,12,2,0,0,0,1,1
400592,40,OKLAHOMA,OK,1,1,1,1,71,0,BRIDGEPORT,22,7,July,2010,5,Thursday,22,1,0,4,4,0,36.66609722,-97.27401944,8,3,0,0,0,1,1
400593,40,OKLAHOMA,OK,1,1,0,1,89,0,BROWNSBORO,24,7,July,2010,7,Saturday,17,0,0,3,3,100,33.86338889,-94.65254722,1,1,0,0,0,1,0
400594,40,OKLAHOMA,OK,1,1,0,6,41,0,BRANTLEY,24,7,July,2010,7,Saturday,17,35,1,2,8,144,36.20554444,-94.76183056,59,1,0,0,0,2,0
400595,40,OKLAHOMA,OK,2,2,0,5,139,0,CALION,25,7,July,2010,1,Sunday,14,0,1,2,2,65,36.76222500,-101.91405833,12,1,0,0,0,1,0
400596,40,OKLAHOMA,OK,2,2,0,4,121,2630,BON AIR,6,10,October,2010,4,Wednesday,23,30,0,4,3,2,34.71971944,-95.89596667,12,3,0,0,0,1,1
400597,40,OKLAHOMA,OK,1,1,1,1,109,3550,ANSLEY,31,12,December,2010,6,Friday,18,11,0,16,6,0,35.52123333,-97.56570556,8,3,0,0,0,1,0
400598,40,OKLAHOMA,OK,2,2,0,3,23,0,BLADON SPRINGS,20,12,December,2010,2,Monday,20,30,1,2,2,184,34.04027500,-95.62575833,12,2,0,0,0,1,0
400599,40,OKLAHOMA,OK,2,2,0,2,109,1480,ANSLEY,1,11,November,2010,2,Monday,15,49,0,16,6,0,35.62359722,-97.49498333,12,1,0,0,0,1,0
400600,40,OKLAHOMA,OK,1,1,0,1,55,0,ATTALLA,27,12,December,2010,2,Monday,17,23,0,6,4,0,34.79084167,-99.47568611,34,2,0,0,0,1,0
400601,40,OKLAHOMA,OK,2,2,0,2,27,3430,ASHLAND,6,10,October,2010,4,Wednesday,5,44,1,13,2,0,35.26180833,-97.42370000,12,3,0,0,0,1,1
400602,40,OKLAHOMA,OK,1,1,0,2,109,1480,ANSLEY,5,11,November,2010,6,Friday,6,42,1,11,1,79,35.65084444,-97.42438333,33,1,0,0,0,1,0
400603,40,OKLAHOMA,OK,4,4,0,8,47,1550,BROWNS,13,11,November,2010,7,Saturday,2,9,0,14,6,0,36.41971944,-97.91545556,12,3,0,0,0,1,1
400605,40,OKLAHOMA,OK,1,1,0,1,19,0,CEDAR BLUFF,17,12,December,2010,6,Friday,16,30,1,1,1,20,34.09984722,-97.15072500,1,1,0,0,0,1,1
400606,40,OKLAHOMA,OK,1,1,0,1,143,4780,CANEHILL,18,12,December,2010,7,Saturday,17,46,0,16,6,0,36.16065000,-95.81496389,34,3,0,0,0,1,1
400607,40,OKLAHOMA,OK,1,1,0,2,47,1550,BROWNS,25,12,December,2010,7,Saturday,16,35,0,16,6,0,36.42712500,-97.89418889,5,1,0,0,0,1,0
400608,40,OKLAHOMA,OK,2,2,0,5,39,5080,ANDALUSIA,14,12,December,2010,3,Tuesday,18,30,0,14,3,12,35.53798889,-98.72085000,12,3,0,0,0,1,0
400609,40,OKLAHOMA,OK,1,1,0,1,101,3310,BOYLSTON,14,11,November,2010,1,Sunday,19,14,0,13,2,124,35.75494444,-95.42691389,33,3,0,0,0,1,0
400610,40,OKLAHOMA,OK,1,1,1,1,109,4990,ANSLEY,1,12,December,2010,4,Wednesday,20,36,1,13,3,37,35.54801944,-97.61580833,9,3,0,0,0,1,0
400611,40,OKLAHOMA,OK,2,2,0,6,109,2080,ANSLEY,17,12,December,2010,6,Friday,16,30,0,16,6,0,35.43502500,-97.21617222,12,1,0,0,0,1,0
400612,40,OKLAHOMA,OK,1,1,1,2,31,2750,COFFEE,10,11,November,2010,4,Wednesday,18,48,0,16,6,0,34.62317222,-98.41302778,8,3,0,0,0,1,0
400613,40,OKLAHOMA,OK,1,1,0,2,125,4300,BROOKWOOD,20,11,November,2010,7,Saturday,23,51,0,14,6,0,35.36868056,-96.94749444,53,2,0,0,0,1,0
400614,40,OKLAHOMA,OK,2,2,0,4,101,3310,BOYLSTON,5,11,November,2010,6,Friday,20,47,1,13,2,9,35.76963889,-95.38564444,12,3,0,0,0,1,1
400615,40,OKLAHOMA,OK,2,2,0,2,137,1420,ALCO,15,10,October,2010,6,Friday,8,45,1,13,3,38,34.52163056,-97.99637222,12,1,0,0,0,1,0
400616,40,OKLAHOMA,OK,2,2,0,2,137,1420,ALCO,28,10,October,2010,5,Thursday,11,58,0,16,6,0,34.53611111,-97.93179167,12,1,0,0,0,1,0
400617,40,OKLAHOMA,OK,2,2,0,3,111,2180,GRAHAM,17,12,December,2010,6,Friday,11,29,0,13,2,11,35.43976389,-96.00273611,12,1,0,0,0,2,0
400618,40,OKLAHOMA,OK,2,2,0,3,97,0,AXIS,18,3,March,2010,5,Thursday,13,37,0,3,3,146,36.40888056,-95.04640000,12,1,0,0,0,1,0
400619,40,OKLAHOMA,OK,1,1,0,1,109,2080,ANSLEY,31,12,December,2010,6,Friday,19,0,0,13,2,157,35.49309167,-97.18725000,30,2,0,0,0,1,0
400620,40,OKLAHOMA,OK,2,2,0,3,109,3550,ANSLEY,21,12,December,2010,3,Tuesday,19,21,1,11,1,187,35.38413611,-97.16864167,12,2,0,0,0,1,0
400621,40,OKLAHOMA,OK,1,1,0,1,83,2730,ARDMORE,22,11,November,2010,2,Monday,20,45,0,6,6,0,35.94326944,-97.26363333,30,3,0,0,0,1,0
400622,40,OKLAHOMA,OK,1,1,1,2,15,820,ANNISTON,30,10,October,2010,7,Saturday,22,30,0,3,3,16,35.10179167,-98.59853333,8,3,0,0,0,1,0
400623,40,OKLAHOMA,OK,2,2,0,3,115,1080,ASHVILLE,7,4,April,2010,4,Wednesday,9,35,0,13,3,99999,36.94358611,-94.84194444,12,1,0,0,0,1,0
410001,41,OREGON,OR,1,1,1,1,51,1650,CENTRAL,13,1,January,2010,4,Wednesday,5,12,1,13,2,94,45.61182222,-122.79746944,8,3,0,0,0,1,0
410002,41,OREGON,OR,1,1,0,1,39,0,ANDALUSIA,14,1,January,2010,5,Thursday,14,51,0,4,4,24,44.23616389,-123.28512778,42,1,0,0,0,1,0
410003,41,OREGON,OR,1,1,1,1,67,700,ABBEVILLE,15,1,January,2010,6,Friday,18,8,1,13,3,174,45.52071944,-123.07316667,8,2,0,0,0,1,0
410004,41,OREGON,OR,2,2,3,1,67,0,ABBEVILLE,22,1,January,2010,6,Friday,7,0,0,14,3,199,45.50244444,-123.11570000,8,2,0,0,0,1,0
410005,41,OREGON,OR,1,1,1,1,51,1650,CENTRAL,23,1,January,2010,7,Saturday,19,20,0,14,6,0,45.47659444,-122.53517778,8,3,0,0,0,1,0
410006,41,OREGON,OR,2,2,0,2,65,0,CYPRESS,25,1,January,2010,2,Monday,7,44,1,2,2,655,45.19141389,-121.68760556,12,1,0,0,0,1,0
410007,41,OREGON,OR,1,1,1,1,51,880,CENTRAL,26,1,January,2010,3,Tuesday,18,34,0,13,6,0,45.49865278,-122.47557778,8,3,0,0,0,1,0
410008,41,OREGON,OR,1,1,0,1,39,0,ANDALUSIA,9,1,January,2010,7,Saturday,99,99,0,4,4,24,43.91426389,-122.99580000,3,2,0,0,0,1,1
410009,41,OREGON,OR,2,2,0,3,39,0,ANDALUSIA,11,1,January,2010,2,Monday,16,45,0,4,4,8,44.04086389,-123.33024444,12,5,10,0,0,1,0
410010,41,OREGON,OR,1,1,1,1,11,140,BULLOCK,11,1,January,2010,2,Monday,6,22,0,3,3,1,43.11899444,-124.39772778,8,2,0,0,0,1,0
410011,41,OREGON,OR,2,2,0,2,45,0,ARITON,27,1,January,2010,4,Wednesday,10,5,0,3,3,240,44.06175278,-116.98004722,12,1,0,0,0,1,0
410012,41,OREGON,OR,1,1,1,1,47,0,BROWNS,28,1,January,2010,5,Thursday,18,35,0,4,4,7,45.10904722,-122.77383611,9,2,0,0,0,1,0
410013,41,OREGON,OR,1,1,1,1,39,660,ANDALUSIA,29,1,January,2010,6,Friday,18,28,1,13,3,1206,44.07057500,-123.14333889,8,3,0,0,0,1,0
410014,41,OREGON,OR,2,2,0,3,39,0,ANDALUSIA,1,2,February,2010,2,Monday,10,5,0,4,4,50,44.07043889,-123.23465833,12,1,0,0,0,1,0
410015,41,OREGON,OR,1,1,2,1,43,2052,BAILEYTON,1,2,February,2010,2,Monday,10,0,0,3,3,76,44.55910278,-123.11005278,15,1,0,0,0,1,0
410016,41,OREGON,OR,1,1,0,1,39,0,ANDALUSIA,4,2,February,2010,5,Thursday,10,45,1,2,3,320,44.12587222,-122.46992778,35,1,0,0,0,1,0
410017,41,OREGON,OR,1,1,1,1,15,0,ANNISTON,3,2,February,2010,4,Wednesday,20,41,1,2,2,3587,42.04905833,-124.25823333,8,2,0,0,0,1,0
410018,41,OREGON,OR,1,1,1,1,43,0,BAILEYTON,5,2,February,2010,6,Friday,22,26,0,2,3,108,44.55566944,-123.04930000,8,2,0,0,0,1,0
410019,41,OREGON,OR,1,1,1,1,51,1650,CENTRAL,24,2,February,2010,4,Wednesday,18,18,0,13,6,0,45.49677778,-122.62265556,8,3,0,0,0,1,0
410020,41,OREGON,OR,2,2,1,6,39,0,ANDALUSIA,10,2,February,2010,4,Wednesday,21,23,0,4,3,91,43.87294444,-123.02939722,12,2,0,0,0,1,0
410021,41,OREGON,OR,2,2,0,3,41,0,BRANTLEY,11,2,February,2010,5,Thursday,16,58,1,2,2,52,44.62899167,-123.95666944,12,5,0,0,0,2,0
410022,41,OREGON,OR,2,2,0,3,19,1780,CEDAR BLUFF,14,2,February,2010,1,Sunday,22,48,0,13,6,0,43.24310278,-123.35286944,12,3,0,0,0,1,0
410024,41,OREGON,OR,2,2,0,6,41,0,BRANTLEY,18,2,February,2010,5,Thursday,9,29,1,2,2,1311,44.78326389,-124.07249722,12,1,0,0,0,1,0
410025,41,OREGON,OR,1,1,0,1,69,0,ASHFORD,22,2,February,2010,2,Monday,99,99,1,2,2,654,44.57212500,-120.16957500,35,1,0,0,0,1,0
410026,41,OREGON,OR,1,1,0,1,33,0,CHEROKEE,13,2,February,2010,7,Saturday,13,50,0,6,8,0,42.35256111,-123.50557222,1,1,0,0,0,1,0
410027,41,OREGON,OR,2,2,0,3,47,0,BROWNS,22,2,February,2010,2,Monday,18,55,0,4,4,14,45.16347500,-122.83057500,12,2,0,0,0,1,0
410028,41,OREGON,OR,1,1,0,1,31,0,COFFEE,23,2,February,2010,3,Tuesday,99,99,0,6,4,23,44.78349722,-120.90363333,58,9,0,0,0,1,0
410029,41,OREGON,OR,2,1,0,2,51,880,CENTRAL,28,2,February,2010,1,Sunday,5,36,0,13,6,0,45.53470278,-122.48660278,30,3,0,0,0,1,1
410030,41,OREGON,OR,2,2,0,9,39,0,ANDALUSIA,16,1,January,2010,7,Saturday,15,40,1,2,2,1743,44.13863333,-124.11823611,12,1,0,0,0,1,0
410031,41,OREGON,OR,1,1,1,3,43,0,BAILEYTON,22,3,March,2010,2,Monday,20,55,1,1,1,2358,44.66978611,-123.05839444,8,2,0,0,0,1,0
410032,41,OREGON,OR,1,1,0,1,39,0,ANDALUSIA,4,3,March,2010,5,Thursday,6,47,0,4,4,64,43.55170556,-123.09306667,42,2,0,0,0,1,1
410033,41,OREGON,OR,2,2,0,2,39,0,ANDALUSIA,4,3,March,2010,5,Thursday,5,25,1,2,3,265,43.81132500,-122.57760000,54,2,0,0,0,1,0
410034,41,OREGON,OR,1,1,0,1,3,0,BALDWIN,6,3,March,2010,7,Saturday,14,24,0,5,4,13,44.30969444,-123.32336111,34,1,0,0,0,1,0
410035,41,OREGON,OR,1,1,0,1,39,0,ANDALUSIA,6,3,March,2010,7,Saturday,13,0,0,5,4,32,43.61417500,-123.13277222,34,1,0,0,0,1,0
410036,41,OREGON,OR,1,1,0,2,47,0,BROWNS,15,3,March,2010,2,Monday,15,43,0,4,4,19,45.08884722,-122.83727778,42,1,0,0,0,2,1
410037,41,OREGON,OR,5,5,1,5,47,0,BROWNS,18,3,March,2010,5,Thursday,5,44,1,11,1,2595,44.99598333,-122.98199722,8,3,0,0,0,1,0
410038,41,OREGON,OR,1,1,1,1,51,1650,CENTRAL,18,3,March,2010,5,Thursday,11,5,0,14,6,0,45.52325000,-122.69469722,15,1,0,0,0,1,0
410039,41,OREGON,OR,2,2,0,4,29,0,BORDEN SPRINGS,19,3,March,2010,6,Friday,4,49,1,1,1,385,42.41870000,-123.01453611,12,3,0,0,0,1,0
410040,41,OREGON,OR,1,1,0,2,39,0,ANDALUSIA,20,3,March,2010,7,Saturday,20,0,1,2,3,331,44.12359167,-122.38609722,42,2,0,0,0,2,1
410041,41,OREGON,OR,1,1,0,1,51,880,CENTRAL,20,3,March,2010,7,Saturday,18,11,0,13,2,161,45.47683333,-122.39696111,24,5,0,0,0,1,0
410042,41,OREGON,OR,3,3,0,6,53,0,ATMORE,22,3,March,2010,2,Monday,19,30,0,3,3,165,44.99969167,-123.07794444,12,5,0,0,0,1,1
410043,41,OREGON,OR,1,1,0,1,29,0,BORDEN SPRINGS,28,3,March,2010,1,Sunday,1,35,0,3,3,407,42.72666944,-122.52718056,1,2,0,0,0,1,1
410044,41,OREGON,OR,1,1,0,1,9,0,BLOUNT,27,3,March,2010,7,Saturday,13,45,1,2,2,377,45.99504167,-122.87696667,24,1,0,0,0,1,0