ST_CASE,STATE,State Name,State Abbreviation,# of Vehicle involved,VE_FORMS,Pedestrains,Total_Persons_in_accident,COUNTY,CITY,City_County_Name,Calendar_DAY,MONTH,Month_name,YEAR,DAY_WEEK,Day_Week_desc,HOUR,MINUTE,NHS_Desc,trafficway,Route,MILEPT,LATITUDE,LONGITUD,First_Crash_event,Light_cond_desc,Weather_condition,School_bus_involved,Crash_cause,FATALS,DRUNK_DR
410206,41,OREGON,OR,2,2,0,2,15,0,ANNISTON,15,9,September,2010,4,Wednesday,17,35,1,2,2,3420,42.23760000,-124.39223611,12,1,0,0,0,1,0
410207,41,OREGON,OR,2,2,0,3,7,0,BIBB,17,9,September,2010,6,Friday,16,20,0,4,3,55,46.13799167,-123.80778333,12,1,0,0,0,1,0
410208,41,OREGON,OR,2,2,0,4,19,0,CEDAR BLUFF,17,9,September,2010,6,Friday,12,53,1,13,3,764,43.15237500,-123.37185278,12,1,0,0,0,1,0
410209,41,OREGON,OR,1,1,0,3,39,0,ANDALUSIA,18,9,September,2010,7,Saturday,2,36,0,4,4,26,43.93963333,-124.05827778,35,2,5,0,0,2,1
410210,41,OREGON,OR,1,1,0,2,5,0,BAKER HILL,18,9,September,2010,7,Saturday,3,30,0,16,4,5,45.14603611,-122.59549167,1,2,0,0,0,1,1
410211,41,OREGON,OR,3,3,0,6,7,0,BIBB,20,9,September,2010,2,Monday,14,47,1,2,2,865,46.16821389,-123.58094722,12,1,0,0,0,1,0
410212,41,OREGON,OR,2,2,3,3,47,0,BROWNS,23,9,September,2010,5,Thursday,14,24,0,13,4,42,44.97339167,-122.98340000,43,1,0,0,0,2,0
410213,41,OREGON,OR,1,1,0,1,65,0,CYPRESS,23,9,September,2010,5,Thursday,2,26,1,2,2,727,45.13764722,-121.61961389,11,2,0,0,0,1,0
410214,41,OREGON,OR,1,1,1,1,51,1650,CENTRAL,23,9,September,2010,5,Thursday,20,46,0,13,3,62,45.48065000,-122.68027500,8,3,0,0,0,1,0
410215,41,OREGON,OR,2,2,0,2,19,0,CEDAR BLUFF,24,9,September,2010,6,Friday,19,20,1,13,3,748,43.14517222,-123.38222222,12,5,0,0,0,1,0
410216,41,OREGON,OR,1,1,0,2,59,0,FRANKLIN,25,9,September,2010,7,Saturday,12,27,1,2,2,470,45.17575000,-118.95052222,1,1,0,0,0,1,0
410217,41,OREGON,OR,2,2,0,2,47,1810,BROWNS,25,9,September,2010,7,Saturday,12,35,1,11,1,2550,44.94463056,-122.99015833,12,1,0,0,0,1,1
410218,41,OREGON,OR,1,1,0,2,71,0,BRIDGEPORT,26,9,September,2010,1,Sunday,3,20,0,3,3,346,45.23426944,-123.15219444,30,2,0,0,0,1,1
410219,41,OREGON,OR,2,2,0,2,5,0,BAKER HILL,27,9,September,2010,2,Monday,17,15,0,13,3,115,45.36641111,-122.60088611,12,1,0,0,0,1,0
410220,41,OREGON,OR,3,2,0,3,25,0,BARLOW BEND,28,9,September,2010,3,Tuesday,19,11,1,2,2,1549,43.64242500,-118.62860833,12,5,0,0,0,1,0
410221,41,OREGON,OR,2,2,0,6,31,0,COFFEE,29,9,September,2010,4,Wednesday,22,14,1,2,2,1059,44.75144444,-121.22434722,12,2,0,0,0,4,1
410222,41,OREGON,OR,1,1,0,1,31,0,COFFEE,29,9,September,2010,4,Wednesday,18,30,0,5,4,15,44.63863611,-121.14274722,1,1,0,0,0,1,0
410223,41,OREGON,OR,2,2,0,3,19,530,CEDAR BLUFF,30,9,September,2010,5,Thursday,15,7,0,3,6,15,43.64866111,-123.30419444,12,1,0,0,0,1,0
410224,41,OREGON,OR,1,1,0,1,59,0,FRANKLIN,30,9,September,2010,5,Thursday,99,99,0,6,8,0,44.99776389,-118.94447778,1,2,0,0,0,1,1
410225,41,OREGON,OR,1,1,0,1,37,0,BRADFORD,2,10,October,2010,7,Saturday,14,10,1,2,2,1514,42.08023889,-120.31768611,31,1,0,0,0,1,1
410226,41,OREGON,OR,5,5,1,5,51,1650,CENTRAL,5,10,October,2010,3,Tuesday,1,52,1,11,1,3025,45.53303056,-122.66573889,8,3,0,0,0,1,0
410227,41,OREGON,OR,1,1,0,1,19,0,CEDAR BLUFF,7,10,October,2010,5,Thursday,1,30,0,4,4,40,43.25389167,-123.40007500,1,2,0,0,0,1,1
410228,41,OREGON,OR,1,1,0,1,35,0,BROOKLYN,7,10,October,2010,5,Thursday,16,55,0,2,3,190,42.01692500,-121.50520833,1,1,0,0,0,1,1
410229,41,OREGON,OR,3,3,0,5,31,0,COFFEE,9,10,October,2010,7,Saturday,16,17,1,2,2,1110,44.41573333,-121.19897222,12,1,0,0,0,1,0
410230,41,OREGON,OR,1,1,0,1,5,0,BAKER HILL,9,10,October,2010,7,Saturday,1,0,0,4,4,15,45.30616944,-122.33891667,1,3,2,0,0,1,1
410231,41,OREGON,OR,1,1,0,1,11,0,BULLOCK,11,10,October,2010,2,Monday,11,50,1,2,2,2404,43.34471944,-124.19763889,1,1,0,0,0,1,0
410232,41,OREGON,OR,2,2,0,2,53,0,ATMORE,15,10,October,2010,6,Friday,18,12,0,3,3,16,44.92837500,-123.28510556,12,2,0,0,0,1,0
410233,41,OREGON,OR,1,1,0,1,29,0,BORDEN SPRINGS,18,10,October,2010,2,Monday,10,20,0,4,4,35,42.71902778,-122.54960833,42,1,0,0,0,1,0
410235,41,OREGON,OR,2,2,0,2,51,1650,CENTRAL,20,10,October,2010,4,Wednesday,17,51,1,11,1,20,45.53008333,-122.61449444,25,1,0,0,0,1,0
410236,41,OREGON,OR,1,1,0,1,29,0,BORDEN SPRINGS,22,10,October,2010,6,Friday,10,22,0,3,3,302,42.29487500,-122.99570833,42,1,0,0,0,1,0
410237,41,OREGON,OR,2,2,0,2,51,1650,CENTRAL,22,10,October,2010,6,Friday,12,15,0,14,6,0,45.51098889,-122.53768611,12,1,0,0,0,1,0
410238,41,OREGON,OR,3,3,0,3,41,0,BRANTLEY,25,10,October,2010,2,Monday,15,37,1,13,2,55,44.63250556,-123.94914444,12,1,0,0,0,1,0
410239,41,OREGON,OR,2,2,1,2,51,1650,CENTRAL,25,10,October,2010,2,Monday,2,44,1,11,1,3004,45.49986667,-122.67366111,8,3,0,0,0,1,0
410241,41,OREGON,OR,2,2,0,3,51,0,CENTRAL,19,9,September,2010,1,Sunday,17,27,0,4,4,0,45.46818333,-122.30581111,12,1,10,0,0,1,1
410243,41,OREGON,OR,2,2,0,2,5,0,BAKER HILL,1,10,October,2010,6,Friday,10,5,0,4,4,0,45.28796389,-122.55378611,12,1,0,0,0,1,0
410244,41,OREGON,OR,1,1,2,1,17,190,CHAMBERS,9,10,October,2010,7,Saturday,12,25,1,13,2,1391,44.03254167,-121.31305556,9,1,0,0,0,1,0
410245,41,OREGON,OR,2,2,0,2,53,1810,ATMORE,9,10,October,2010,7,Saturday,12,5,0,14,3,195,44.96403611,-123.05679722,12,1,0,0,0,1,0
410246,41,OREGON,OR,2,1,3,1,45,1530,ARITON,9,10,October,2010,7,Saturday,21,32,0,6,6,0,43.87766667,-116.98938333,8,3,0,0,0,1,1
410247,41,OREGON,OR,1,1,0,1,47,1810,BROWNS,13,10,October,2010,4,Wednesday,0,10,0,15,6,0,44.88701944,-123.08386389,42,3,0,0,0,1,1
410248,41,OREGON,OR,1,1,1,1,39,660,ANDALUSIA,26,10,October,2010,3,Tuesday,19,24,0,14,6,0,44.04787500,-123.13193889,8,3,0,0,0,1,0
410249,41,OREGON,OR,1,1,1,2,47,1810,BROWNS,30,10,October,2010,7,Saturday,18,15,0,14,3,453,44.99305833,-122.98485556,8,3,10,0,0,1,0
410250,41,OREGON,OR,1,1,1,3,29,0,BORDEN SPRINGS,30,10,October,2010,7,Saturday,20,50,0,3,3,66,42.43107500,-122.84727500,8,3,10,0,0,1,0
410251,41,OREGON,OR,1,1,0,10,43,0,BAILEYTON,1,11,November,2010,2,Monday,8,0,0,6,4,0,44.22987500,-122.33958611,1,4,0,0,0,1,0
410252,41,OREGON,OR,1,1,1,1,5,0,BAKER HILL,4,11,November,2010,5,Thursday,18,36,1,2,2,395,45.35353889,-121.97990278,8,2,0,0,0,1,0
410253,41,OREGON,OR,2,2,0,2,43,0,BAILEYTON,7,11,November,2010,1,Sunday,10,6,0,3,3,60,44.71198889,-123.02417778,24,1,0,0,0,1,0
410254,41,OREGON,OR,1,1,1,1,39,430,ANDALUSIA,8,11,November,2010,2,Monday,18,5,1,11,1,1734,43.80427222,-123.04287778,8,2,0,0,0,1,1
410255,41,OREGON,OR,1,1,3,1,51,1650,CENTRAL,8,11,November,2010,2,Monday,11,21,0,14,6,0,45.57713333,-122.68198333,8,1,0,0,0,1,0
410256,41,OREGON,OR,1,1,0,2,53,0,ATMORE,9,11,November,2010,3,Tuesday,6,20,0,3,3,670,44.78547778,-123.22886944,11,3,0,0,0,1,0
410257,41,OREGON,OR,1,1,1,1,59,0,FRANKLIN,3,11,November,2010,4,Wednesday,7,4,0,4,4,21,45.96931111,-118.41753611,8,4,0,0,0,1,0
410258,41,OREGON,OR,2,2,1,2,39,0,ANDALUSIA,3,11,November,2010,4,Wednesday,18,36,0,4,4,31,44.01378611,-123.02871667,8,2,0,0,0,1,0
410259,41,OREGON,OR,2,2,0,3,51,2090,CENTRAL,7,11,November,2010,1,Sunday,16,6,0,15,6,0,45.51920278,-122.39846111,12,5,0,0,0,1,0
410260,41,OREGON,OR,2,2,0,2,15,215,ANNISTON,11,11,November,2010,5,Thursday,14,13,1,13,2,3553,42.07568333,-124.31201111,12,1,0,0,0,2,0
410261,41,OREGON,OR,3,3,0,4,5,0,BAKER HILL,13,11,November,2010,7,Saturday,12,48,0,3,3,10,45.26666111,-122.76906667,12,1,0,0,0,1,1
410262,41,OREGON,OR,2,2,0,6,51,1650,CENTRAL,13,11,November,2010,7,Saturday,22,23,0,19,6,0,45.51779167,-122.66955833,12,2,0,0,0,1,0
410263,41,OREGON,OR,1,1,0,1,19,0,CEDAR BLUFF,16,11,November,2010,3,Tuesday,7,49,1,2,2,2137,43.68927500,-124.14194444,1,1,10,0,0,1,0
410264,41,OREGON,OR,2,2,0,3,51,1650,CENTRAL,16,11,November,2010,3,Tuesday,1,31,0,15,6,0,45.59215833,-122.70966389,12,3,0,0,0,1,1
410265,41,OREGON,OR,1,1,0,1,23,0,BLADON SPRINGS,16,11,November,2010,3,Tuesday,14,25,1,2,3,935,44.68515278,-119.10435833,1,1,0,0,0,1,0
410266,41,OREGON,OR,1,1,1,1,19,2257,CEDAR BLUFF,17,11,November,2010,4,Wednesday,17,5,1,13,3,744,43.12244722,-123.41273889,8,2,0,0,0,1,0
410267,41,OREGON,OR,2,2,0,12,31,0,COFFEE,20,11,November,2010,7,Saturday,19,10,0,4,3,82,44.53491111,-121.21007222,12,3,0,0,0,1,0
410268,41,OREGON,OR,1,1,0,1,5,0,BAKER HILL,22,11,November,2010,2,Monday,18,46,0,4,4,0,45.45054444,-122.37283611,53,2,0,0,0,1,0
410269,41,OREGON,OR,1,1,0,1,39,660,ANDALUSIA,22,11,November,2010,2,Monday,1,49,1,13,3,105,44.09065278,-123.09807222,30,3,0,0,0,1,1
410270,41,OREGON,OR,2,2,0,2,59,0,FRANKLIN,22,11,November,2010,2,Monday,4,30,1,2,2,95,45.57741944,-118.79411944,12,2,0,0,0,1,0
410271,41,OREGON,OR,1,1,0,2,53,0,ATMORE,24,11,November,2010,4,Wednesday,7,48,0,3,3,675,44.75032222,-123.22333333,42,1,0,0,0,1,0
410272,41,OREGON,OR,1,1,0,2,59,0,FRANKLIN,28,11,November,2010,1,Sunday,3,10,1,2,2,72,45.61578889,-118.80233611,35,2,0,0,0,1,1
410273,41,OREGON,OR,1,1,0,2,45,0,ARITON,28,11,November,2010,1,Sunday,9,42,1,2,2,856,42.53425556,-117.87880833,1,1,6,0,0,1,0
410274,41,OREGON,OR,1,1,0,5,45,0,ARITON,28,11,November,2010,1,Sunday,15,10,1,2,2,1819,43.76708889,-118.20255000,42,1,0,0,0,1,0
410275,41,OREGON,OR,2,2,0,2,43,0,BAILEYTON,29,11,November,2010,2,Monday,6,25,1,1,1,2150,44.37387500,-123.06143056,12,1,0,0,0,1,0
410276,41,OREGON,OR,2,2,0,2,9,0,BLOUNT,30,11,November,2010,3,Tuesday,6,6,1,2,2,439,46.05821389,-122.89554444,12,3,0,0,0,1,0
410277,41,OREGON,OR,1,1,1,1,47,0,BROWNS,30,11,November,2010,3,Tuesday,7,1,0,4,4,8,44.91376111,-122.94525000,8,2,10,0,0,1,0
410278,41,OREGON,OR,2,1,0,1,19,0,CEDAR BLUFF,8,12,December,2010,4,Wednesday,19,54,1,1,1,1504,43.55772500,-123.28288889,14,2,0,0,0,1,1
410279,41,OREGON,OR,2,2,0,2,55,0,ATTALLA,10,12,December,2010,6,Friday,5,30,1,2,2,62,45.61132500,-120.72835000,12,2,0,0,0,1,0
410280,41,OREGON,OR,1,1,0,1,47,1810,BROWNS,10,12,December,2010,6,Friday,16,38,0,5,4,38,44.83510000,-123.11517778,42,1,0,0,0,1,0
410281,41,OREGON,OR,1,1,1,2,51,1650,CENTRAL,15,12,December,2010,4,Wednesday,22,47,0,14,3,23,45.48526389,-122.68198611,8,3,0,0,0,1,1
410282,41,OREGON,OR,2,2,0,3,17,1205,CHAMBERS,16,12,December,2010,5,Thursday,20,25,1,2,2,1650,43.70616389,-121.47580556,12,3,0,0,0,1,1
410283,41,OREGON,OR,1,1,0,2,5,0,BAKER HILL,16,12,December,2010,5,Thursday,7,21,0,5,4,15,45.17240278,-122.62206667,1,2,0,0,0,1,0
410284,41,OREGON,OR,2,2,0,2,29,0,BORDEN SPRINGS,17,12,December,2010,6,Friday,14,27,0,3,3,60,42.43621389,-122.84121111,12,1,0,0,0,1,0
410285,41,OREGON,OR,1,1,1,1,19,1780,CEDAR BLUFF,18,12,December,2010,7,Saturday,18,14,0,15,6,0,43.21418333,-123.38003889,8,3,0,0,0,1,0
410286,41,OREGON,OR,2,2,0,5,25,0,BARLOW BEND,1,10,October,2010,6,Friday,19,40,0,5,4,5,43.56416389,-119.05967500,12,2,0,0,0,2,0
410287,41,OREGON,OR,1,1,0,2,1,0,AUTAUGA,4,12,December,2010,7,Saturday,10,16,1,1,1,3345,44.50640000,-117.37001944,25,1,0,0,0,1,0
410288,41,OREGON,OR,2,2,0,3,43,2030,BAILEYTON,10,12,December,2010,6,Friday,13,9,1,2,2,277,44.39886389,-122.72305278,12,1,0,1,0,2,0
410289,41,OREGON,OR,1,1,1,1,5,2253,BAKER HILL,19,12,December,2010,1,Sunday,3,12,1,11,1,2830,45.30646389,-122.76909444,8,2,0,0,0,1,0
410290,41,OREGON,OR,2,2,0,7,59,0,FRANKLIN,19,12,December,2010,1,Sunday,22,43,1,2,2,18,45.89010000,-119.29836111,12,2,0,0,0,1,0
410291,41,OREGON,OR,1,1,1,2,33,860,CHEROKEE,20,12,December,2010,2,Monday,18,48,1,13,2,12,42.42123056,-123.35212778,8,2,0,0,0,1,0
410294,41,OREGON,OR,1,1,1,4,5,0,BAKER HILL,24,12,December,2010,6,Friday,17,40,1,2,3,146,45.38930833,-122.40766667,8,3,0,0,0,1,0
410295,41,OREGON,OR,1,1,0,4,51,1650,CENTRAL,26,12,December,2010,1,Sunday,5,13,0,16,6,0,45.52984167,-122.67761667,23,3,0,0,0,1,1
410296,41,OREGON,OR,3,1,0,1,67,0,ABBEVILLE,27,12,December,2010,2,Monday,0,12,0,4,4,0,45.53160833,-122.85769722,42,3,0,0,0,1,1
410297,41,OREGON,OR,3,3,0,4,71,0,BRIDGEPORT,29,12,December,2010,4,Wednesday,3,35,1,2,3,490,45.21039722,-123.10959444,12,2,10,0,0,1,0
410298,41,OREGON,OR,2,2,0,4,17,0,CHAMBERS,30,12,December,2010,5,Thursday,12,21,1,2,2,1330,44.12482222,-121.28451111,12,1,0,0,0,1,0
410299,41,OREGON,OR,1,1,0,4,65,0,CYPRESS,11,10,October,2010,2,Monday,2,46,0,6,4,99999,99.99990000,999.99990000,1,2,0,0,0,1,1
410300,41,OREGON,OR,2,2,1,2,71,1490,BRIDGEPORT,8,11,November,2010,2,Monday,17,28,0,13,3,208,45.30038333,-122.96070000,8,3,2,0,0,1,0
410301,41,OREGON,OR,1,1,0,1,51,0,CENTRAL,5,10,October,2010,3,Tuesday,19,58,0,4,3,20,45.51619167,-122.34335833,34,2,0,0,0,1,0
410302,41,OREGON,OR,2,2,0,4,33,0,CHEROKEE,25,10,October,2010,2,Monday,15,15,0,4,4,18,42.50559722,-123.39940278,12,1,0,0,0,1,0
410303,41,OREGON,OR,2,2,0,2,15,0,ANNISTON,19,11,November,2010,6,Friday,10,59,1,2,2,3590,42.04493056,-124.25327778,12,1,0,0,0,1,0
420001,42,PENNSYLVANIA,PA,1,1,0,1,89,0,BROWNSBORO,3,1,January,2010,1,Sunday,7,44,0,6,5,0,40.93572500,-75.44170000,42,4,0,0,0,1,1
420002,42,PENNSYLVANIA,PA,1,1,0,1,27,0,ASHLAND,8,1,January,2010,6,Friday,13,15,0,4,3,54,40.78745000,-78.02490833,30,1,0,0,0,1,0
420003,42,PENNSYLVANIA,PA,1,1,1,3,41,0,BRANTLEY,19,1,January,2010,3,Tuesday,1,9,0,13,3,313,40.22013333,-76.98493889,8,2,0,0,0,1,0
420004,42,PENNSYLVANIA,PA,2,2,0,2,39,0,ANDALUSIA,1,1,January,2010,6,Friday,1,8,0,5,3,21,41.78391389,-80.42861389,12,2,0,0,0,1,1
420005,42,PENNSYLVANIA,PA,2,2,0,4,5,0,BAKER HILL,7,1,January,2010,5,Thursday,5,44,0,15,3,15,40.83139444,-79.53297500,12,2,0,0,0,1,1
420006,42,PENNSYLVANIA,PA,1,1,0,1,67,0,ABBEVILLE,15,1,January,2010,6,Friday,8,10,0,5,3,1,40.59556944,-77.10679722,42,1,0,0,0,1,1
420007,42,PENNSYLVANIA,PA,1,1,0,1,63,0,BOLIGEE,19,1,January,2010,3,Tuesday,12,40,0,3,3,153,40.57967222,-79.23141667,34,1,5,0,0,1,0
420008,42,PENNSYLVANIA,PA,4,4,0,11,121,0,BON AIR,6,1,January,2010,4,Wednesday,20,55,1,1,1,360,41.19226389,-79.84539722,12,2,3,0,0,3,0
420009,42,PENNSYLVANIA,PA,1,1,0,4,129,0,BIGBEE,16,1,January,2010,7,Saturday,21,49,0,15,3,19,40.19781111,-79.49190833,30,2,0,0,0,1,0
420010,42,PENNSYLVANIA,PA,1,1,0,1,109,0,ANSLEY,10,1,January,2010,1,Sunday,2,30,0,4,3,13,40.82820833,-76.87263333,42,2,0,0,0,1,1
420011,42,PENNSYLVANIA,PA,1,1,0,1,53,0,ATMORE,23,1,January,2010,7,Saturday,19,10,0,3,3,16,41.43643056,-79.18559444,34,2,0,0,0,1,0
420012,42,PENNSYLVANIA,PA,1,1,0,1,51,0,CENTRAL,3,1,January,2010,1,Sunday,20,36,1,12,2,122,39.89885000,-79.75017222,42,2,0,0,0,1,0
420013,42,PENNSYLVANIA,PA,3,2,0,3,17,910,CHAMBERS,25,1,January,2010,2,Monday,16,18,1,13,2,74,40.10808333,-74.85740833,12,1,10,0,0,1,1
420014,42,PENNSYLVANIA,PA,1,1,0,1,129,0,BIGBEE,4,1,January,2010,2,Monday,8,37,1,11,1,830,40.16181389,-79.48432500,31,1,0,0,0,1,0
420015,42,PENNSYLVANIA,PA,3,2,0,2,1,0,AUTAUGA,13,1,January,2010,4,Wednesday,21,20,0,3,3,75,39.92804722,-77.05736667,12,3,0,0,0,1,0
420016,42,PENNSYLVANIA,PA,2,2,0,3,79,0,COURTLAND,7,1,January,2010,5,Thursday,7,33,1,13,3,135,41.22751667,-75.80135833,12,1,0,0,0,1,0
420017,42,PENNSYLVANIA,PA,3,3,0,5,49,2640,COLLINSVILLE,22,1,January,2010,6,Friday,23,11,1,11,1,1816,42.08875833,-80.11842222,12,2,0,0,0,1,1
420018,42,PENNSYLVANIA,PA,2,2,0,3,29,0,BORDEN SPRINGS,6,1,January,2010,4,Wednesday,8,8,0,3,3,199,40.03576389,-75.92982778,12,1,0,0,0,2,0
420019,42,PENNSYLVANIA,PA,1,1,0,1,1,0,AUTAUGA,8,1,January,2010,6,Friday,22,38,1,2,2,192,39.94402500,-77.13677778,1,2,0,0,0,1,1
420020,42,PENNSYLVANIA,PA,1,1,0,1,19,0,CEDAR BLUFF,21,1,January,2010,5,Thursday,5,15,0,3,3,98,40.98872500,-79.83293611,11,2,0,0,0,1,0
420021,42,PENNSYLVANIA,PA,3,3,0,4,79,0,COURTLAND,12,1,January,2010,3,Tuesday,16,33,1,13,3,133,41.22582222,-75.80078889,12,1,10,0,0,1,0
420022,42,PENNSYLVANIA,PA,2,2,0,4,95,0,ALBERTVILLE,28,1,January,2010,5,Thursday,0,11,0,13,3,24,40.65352778,-75.33521111,12,3,0,0,0,3,1
420023,42,PENNSYLVANIA,PA,2,2,0,5,97,8650,AXIS,27,1,January,2010,4,Wednesday,10,45,0,5,3,17,41.10713611,-76.76813889,12,1,0,0,0,1,0
420024,42,PENNSYLVANIA,PA,1,1,0,1,65,0,CYPRESS,28,1,January,2010,5,Thursday,23,47,0,3,3,373,41.28074722,-79.11609444,30,2,0,0,0,1,1
420025,42,PENNSYLVANIA,PA,1,1,0,1,49,0,COLLINSVILLE,12,1,January,2010,3,Tuesday,21,10,0,6,5,0,42.24098889,-79.79491944,48,2,0,0,0,1,1
420026,42,PENNSYLVANIA,PA,1,1,0,3,119,0,BELLAMY,29,1,January,2010,6,Friday,21,55,0,5,3,17,41.05293611,-76.90504722,30,2,0,0,0,1,0
420027,42,PENNSYLVANIA,PA,2,1,0,2,49,0,COLLINSVILLE,5,1,January,2010,3,Tuesday,16,25,1,11,1,157,42.00610833,-80.23579722,14,1,10,0,0,1,0
420028,42,PENNSYLVANIA,PA,1,1,0,2,1,0,AUTAUGA,4,1,January,2010,2,Monday,20,40,0,3,3,123,39.89747222,-76.98610833,42,3,0,0,0,2,1
420029,42,PENNSYLVANIA,PA,2,2,0,3,71,0,BRIDGEPORT,12,1,January,2010,3,Tuesday,14,56,0,3,3,65,40.12424444,-76.47058611,12,1,0,0,0,1,0
420030,42,PENNSYLVANIA,PA,1,1,0,1,99,0,BEATRICE,19,1,January,2010,3,Tuesday,1,25,0,3,3,193,40.35181944,-77.21098611,42,2,0,0,0,1,1
420031,42,PENNSYLVANIA,PA,1,1,0,1,99,0,BEATRICE,11,1,January,2010,2,Monday,14,40,1,2,2,78,40.49341111,-77.08282500,42,1,0,0,0,1,0
420032,42,PENNSYLVANIA,PA,2,2,0,3,69,2120,ASHFORD,25,1,January,2010,2,Monday,14,7,0,14,3,19,41.41963889,-75.63265000,12,1,10,0,0,1,0
420033,42,PENNSYLVANIA,PA,2,2,0,4,81,0,AUBURN,10,1,January,2010,1,Sunday,15,16,0,14,3,25,41.27108333,-77.02294444,12,1,0,0,0,1,1
420034,42,PENNSYLVANIA,PA,2,2,0,2,39,3840,ANDALUSIA,14,1,January,2010,5,Thursday,15,15,0,14,3,34,41.64627500,-79.71607500,12,1,0,0,0,1,0
420035,42,PENNSYLVANIA,PA,1,1,1,1,45,3250,ARITON,19,1,January,2010,3,Tuesday,12,27,0,14,3,0,39.89478056,-75.29540278,9,1,0,0,0,1,0
420036,42,PENNSYLVANIA,PA,2,2,0,3,81,0,AUBURN,25,1,January,2010,2,Monday,20,15,0,4,3,33,41.29295556,-76.94046389,12,2,0,0,0,1,0
420037,42,PENNSYLVANIA,PA,1,1,0,2,33,0,CHEROKEE,26,1,January,2010,3,Tuesday,5,25,1,2,2,293,41.00788056,-78.63821111,42,2,1,0,0,1,0
420038,42,PENNSYLVANIA,PA,1,1,0,2,91,0,DAYTON,26,1,January,2010,3,Tuesday,10,26,0,15,3,24,40.13719167,-75.03108333,33,1,0,0,0,1,0
420039,42,PENNSYLVANIA,PA,1,1,0,2,121,0,BON AIR,24,1,January,2010,1,Sunday,14,0,0,3,3,53,41.39056667,-79.58335000,43,1,0,0,0,1,0
420040,42,PENNSYLVANIA,PA,1,1,0,1,11,0,BULLOCK,1,1,January,2010,6,Friday,1,17,1,13,2,259,40.28474444,-75.81081944,30,2,0,0,0,1,1
420041,42,PENNSYLVANIA,PA,2,2,0,2,79,6615,COURTLAND,10,1,January,2010,1,Sunday,2,59,1,11,1,1706,41.25805278,-75.81807222,1,3,0,0,0,1,1
420042,42,PENNSYLVANIA,PA,1,1,0,2,43,0,BAILEYTON,31,1,January,2010,1,Sunday,3,57,0,3,3,87,40.48079722,-76.93089167,35,2,0,0,0,1,1
420043,42,PENNSYLVANIA,PA,2,2,0,2,105,0,MARION,28,1,January,2010,5,Thursday,8,0,1,2,2,73,41.74478333,-78.08844722,12,1,10,0,0,1,0
420044,42,PENNSYLVANIA,PA,2,2,0,3,95,0,ALBERTVILLE,14,1,January,2010,5,Thursday,6,56,0,15,3,14,40.71006389,-75.49923611,12,4,0,0,0,2,0
420045,42,PENNSYLVANIA,PA,2,2,0,2,89,0,BROWNSBORO,13,1,January,2010,4,Wednesday,20,16,0,14,3,32,40.97068333,-75.29043889,12,2,0,0,0,1,1
420046,42,PENNSYLVANIA,PA,2,2,0,2,71,0,BRIDGEPORT,8,1,January,2010,6,Friday,0,23,0,6,5,0,40.21305278,-76.19271111,12,2,0,0,0,1,1
420047,42,PENNSYLVANIA,PA,2,2,0,2,115,0,ASHVILLE,28,1,January,2010,5,Thursday,16,54,0,3,3,149,41.83925833,-75.81190556,12,5,0,0,0,1,0
420048,42,PENNSYLVANIA,PA,1,1,0,1,107,0,CARROLLTON,17,1,January,2010,1,Sunday,12,56,0,3,3,54,40.59838333,-76.21923056,34,1,0,0,0,1,0
420049,42,PENNSYLVANIA,PA,1,1,0,2,123,0,ALEXANDER CITY,26,1,January,2010,3,Tuesday,16,50,0,16,3,26,41.95058889,-79.13251667,35,5,0,0,0,1,1
420050,42,PENNSYLVANIA,PA,1,1,0,2,111,0,GRAHAM,28,1,January,2010,5,Thursday,12,25,0,3,3,109,39.91013333,-79.26441944,16,1,0,0,0,1,0
420051,42,PENNSYLVANIA,PA,1,1,0,2,35,0,BROOKLYN,17,1,January,2010,1,Sunday,14,20,0,3,3,313,41.29021111,-77.60834722,24,1,0,0,0,2,1
420052,42,PENNSYLVANIA,PA,3,3,0,5,101,6540,BOYLSTON,1,1,January,2010,6,Friday,3,3,1,11,1,268,40.00384722,-75.07690556,12,3,10,0,0,2,1
420053,42,PENNSYLVANIA,PA,1,1,0,2,29,0,BORDEN SPRINGS,9,1,January,2010,7,Saturday,12,16,0,15,3,82,39.95721111,-75.65201389,35,1,0,0,0,1,0
420054,42,PENNSYLVANIA,PA,1,1,0,2,41,0,BRANTLEY,11,1,January,2010,2,Monday,1,34,0,6,5,0,40.28793889,-77.13392500,42,2,0,0,0,1,1
420055,42,PENNSYLVANIA,PA,1,1,0,1,3,5413,BALDWIN,6,1,January,2010,4,Wednesday,23,11,0,15,3,24,40.43136667,-79.80203611,30,2,0,0,0,1,0
420056,42,PENNSYLVANIA,PA,2,2,0,4,27,0,ASHLAND,30,1,January,2010,7,Saturday,17,20,0,3,3,8,40.74784167,-78.20978056,12,1,0,0,0,1,0