ST_CASE,STATE,State Name,State Abbreviation,# of Vehicle involved,VE_FORMS,Pedestrains,Total_Persons_in_accident,COUNTY,CITY,City_County_Name,Calendar_DAY,MONTH,Month_name,YEAR,DAY_WEEK,Day_Week_desc,HOUR,MINUTE,NHS_Desc,trafficway,Route,MILEPT,LATITUDE,LONGITUD,First_Crash_event,Light_cond_desc,Weather_condition,School_bus_involved,Crash_cause,FATALS,DRUNK_DR
420804,42,PENNSYLVANIA,PA,3,3,0,3,31,0,COFFEE,27,8,August,2010,6,Friday,13,17,0,3,3,195,41.26850833,-79.39070556,12,1,0,0,0,1,0
420805,42,PENNSYLVANIA,PA,1,1,0,4,89,0,BROWNSBORO,5,9,September,2010,1,Sunday,2,36,0,5,3,54,41.11305278,-75.14974722,35,2,0,0,0,1,1
420806,42,PENNSYLVANIA,PA,1,1,0,2,81,0,AUBURN,22,9,September,2010,4,Wednesday,16,45,0,14,3,188,41.19242778,-76.78551389,16,1,0,0,0,2,0
420807,42,PENNSYLVANIA,PA,3,3,0,3,39,0,ANDALUSIA,1,8,August,2010,1,Sunday,21,25,0,3,3,129,41.73178333,-79.92316944,12,2,0,0,0,1,0
420808,42,PENNSYLVANIA,PA,1,1,0,1,57,0,BANKSTON,19,9,September,2010,1,Sunday,2,26,0,6,3,7,39.72783889,-78.15537222,35,2,0,0,0,1,1
420809,42,PENNSYLVANIA,PA,3,2,0,3,89,8475,BROWNSBORO,8,8,August,2010,1,Sunday,16,45,0,14,3,92,41.10790278,-75.45502778,12,1,0,0,0,1,1
420810,42,PENNSYLVANIA,PA,1,1,1,1,49,0,COLLINSVILLE,28,9,September,2010,3,Tuesday,20,8,1,1,1,402,42.18378333,-79.83557500,8,2,0,0,0,1,0
420811,42,PENNSYLVANIA,PA,1,1,0,2,73,0,ARGO,25,9,September,2010,7,Saturday,1,10,0,3,3,37,40.88685556,-80.26015833,24,2,0,0,0,1,0
420812,42,PENNSYLVANIA,PA,2,2,0,3,101,6540,BOYLSTON,28,8,August,2010,7,Saturday,18,30,0,14,3,2,39.97067500,-75.21453611,12,1,0,0,0,1,0
420813,42,PENNSYLVANIA,PA,3,3,0,4,17,0,CHAMBERS,27,8,August,2010,6,Friday,20,24,0,14,3,6,40.12748333,-74.89451111,12,3,0,0,0,2,0
420814,42,PENNSYLVANIA,PA,1,1,0,2,57,0,BANKSTON,27,9,September,2010,2,Monday,9,10,0,3,2,46,39.81549444,-78.18389167,30,1,0,0,0,2,0
420815,42,PENNSYLVANIA,PA,2,2,0,3,101,6540,BOYLSTON,9,8,August,2010,2,Monday,21,36,0,16,6,0,40.01810556,-75.13451111,12,3,0,0,0,1,0
420816,42,PENNSYLVANIA,PA,1,1,0,2,61,8427,BELLWOOD,17,9,September,2010,6,Friday,14,15,0,5,3,3,40.19795278,-77.98728056,23,1,0,0,0,2,0
420817,42,PENNSYLVANIA,PA,2,2,0,2,101,6540,BOYLSTON,29,8,August,2010,1,Sunday,9,15,0,16,6,0,39.92061389,-75.21434167,12,1,0,0,0,2,0
420818,42,PENNSYLVANIA,PA,1,1,0,4,29,0,BORDEN SPRINGS,30,9,September,2010,5,Thursday,9,5,1,1,1,3058,40.11420556,-75.76185833,35,1,0,0,0,1,0
420819,42,PENNSYLVANIA,PA,2,2,0,3,101,6540,BOYLSTON,8,8,August,2010,1,Sunday,1,45,0,16,6,0,39.99146944,-75.12260833,12,3,0,0,0,1,0
420820,42,PENNSYLVANIA,PA,3,3,0,8,85,0,BENTON,29,8,August,2010,1,Sunday,18,28,0,3,3,19,41.39278056,-80.48250278,12,1,0,0,0,1,0
420821,42,PENNSYLVANIA,PA,4,4,0,6,73,0,ARGO,12,8,August,2010,5,Thursday,11,33,1,2,2,153,40.97550278,-80.27826667,12,1,0,0,0,1,0
420822,42,PENNSYLVANIA,PA,1,1,0,1,95,0,ALBERTVILLE,4,9,September,2010,7,Saturday,3,58,0,15,3,35,40.70231389,-75.47209444,35,2,0,0,0,1,1
420823,42,PENNSYLVANIA,PA,2,1,0,1,101,6540,BOYLSTON,2,8,August,2010,2,Monday,22,55,0,16,6,0,39.93061111,-75.23007500,14,3,0,0,0,1,0
420824,42,PENNSYLVANIA,PA,4,4,1,4,17,615,CHAMBERS,14,8,August,2010,7,Saturday,2,18,1,13,3,135,40.10321944,-74.94994444,8,2,0,0,0,1,0
420825,42,PENNSYLVANIA,PA,1,1,0,1,35,0,BROOKLYN,5,9,September,2010,1,Sunday,12,0,0,4,3,83,41.24036667,-77.76893333,34,1,0,0,0,1,0
420826,42,PENNSYLVANIA,PA,1,1,0,1,33,0,CHEROKEE,9,9,September,2010,5,Thursday,23,15,0,6,5,0,41.01339444,-78.12896111,42,2,0,0,0,1,1
420827,42,PENNSYLVANIA,PA,1,1,0,1,43,0,BAILEYTON,5,9,September,2010,1,Sunday,3,30,0,14,3,100,40.35224444,-76.71723611,18,2,0,0,0,1,1
420828,42,PENNSYLVANIA,PA,1,1,0,1,89,0,BROWNSBORO,14,9,September,2010,3,Tuesday,0,0,0,5,3,13,41.19634722,-75.27708889,23,2,0,0,0,1,1
420829,42,PENNSYLVANIA,PA,2,2,0,3,41,8709,BRANTLEY,21,8,August,2010,7,Saturday,12,42,1,12,2,381,40.18455556,-76.98307500,12,1,0,0,0,1,0
420830,42,PENNSYLVANIA,PA,1,1,1,2,11,0,BULLOCK,23,9,September,2010,5,Thursday,11,43,0,6,5,0,40.30295556,-75.82955833,9,1,0,0,0,1,0
420831,42,PENNSYLVANIA,PA,2,2,0,2,17,0,CHAMBERS,7,8,August,2010,7,Saturday,10,17,0,14,3,32,40.17370833,-74.86593056,12,1,0,0,0,1,0
420832,42,PENNSYLVANIA,PA,1,1,0,3,77,110,ANDERSON,12,9,September,2010,1,Sunday,2,40,0,16,6,0,40.62042778,-75.45648333,30,3,0,0,0,1,0
420833,42,PENNSYLVANIA,PA,1,1,0,1,101,6540,BOYLSTON,15,9,September,2010,4,Wednesday,12,50,0,16,6,0,39.90987500,-75.17613889,39,1,0,0,0,1,0
420834,42,PENNSYLVANIA,PA,2,2,0,4,63,0,BOLIGEE,18,8,August,2010,4,Wednesday,22,30,1,2,2,254,40.55308333,-78.92229722,12,2,0,0,0,1,0
420835,42,PENNSYLVANIA,PA,2,2,0,3,35,0,BROOKLYN,16,8,August,2010,2,Monday,10,20,0,14,3,68,41.11528333,-77.47906111,12,1,0,0,0,1,0
420836,42,PENNSYLVANIA,PA,1,1,2,1,101,6540,BOYLSTON,25,9,September,2010,7,Saturday,20,23,0,16,6,0,39.93512500,-75.15386389,8,3,0,0,0,1,0
420837,42,PENNSYLVANIA,PA,1,1,1,1,101,6540,BOYLSTON,30,9,September,2010,5,Thursday,17,30,0,13,3,11,39.99561389,-75.16753889,8,1,0,0,0,1,0
420838,42,PENNSYLVANIA,PA,1,1,0,1,127,0,BURNWELL,10,10,October,2010,1,Sunday,0,22,0,3,3,88,41.61956389,-75.08652500,42,2,0,0,0,1,1
420839,42,PENNSYLVANIA,PA,1,1,0,2,63,0,BOLIGEE,22,10,October,2010,6,Friday,22,30,0,6,5,0,40.52675556,-79.05646944,34,2,0,0,0,1,1
420840,42,PENNSYLVANIA,PA,1,1,0,1,37,0,BRADFORD,11,9,September,2010,7,Saturday,19,48,0,4,3,18,40.81790278,-76.36335833,1,2,0,0,0,1,1
420841,42,PENNSYLVANIA,PA,1,1,0,1,47,0,BROWNS,23,9,September,2010,5,Thursday,15,22,0,3,3,44,41.29518056,-78.50411389,35,1,0,0,0,1,0
420842,42,PENNSYLVANIA,PA,1,1,0,2,7,0,BIBB,11,9,September,2010,7,Saturday,4,24,0,14,3,13,40.73063889,-80.28575000,31,3,0,0,0,1,1
420843,42,PENNSYLVANIA,PA,1,1,0,4,17,6480,CHAMBERS,14,8,August,2010,7,Saturday,1,20,0,16,3,0,40.15998333,-74.91211944,33,3,0,0,0,2,1
420844,42,PENNSYLVANIA,PA,1,1,0,2,3,6600,BALDWIN,20,8,August,2010,6,Friday,16,32,0,16,6,0,40.45780000,-80.05149167,33,1,0,0,0,1,1
420845,42,PENNSYLVANIA,PA,1,1,0,2,3,860,BALDWIN,21,8,August,2010,7,Saturday,19,3,0,16,6,0,40.38488611,-79.97372500,33,3,0,0,0,1,0
420846,42,PENNSYLVANIA,PA,1,1,0,2,49,0,COLLINSVILLE,1,8,August,2010,1,Sunday,15,15,1,1,1,1678,41.91249444,-80.17647778,35,1,0,0,0,1,1
420847,42,PENNSYLVANIA,PA,1,1,0,1,129,5645,BIGBEE,23,8,August,2010,2,Monday,12,46,0,16,6,0,40.42106111,-79.58274722,24,1,0,0,0,1,0
420848,42,PENNSYLVANIA,PA,1,1,0,2,21,0,CHILTON,23,8,August,2010,2,Monday,23,44,0,6,5,0,40.25650556,-78.82361111,42,2,0,0,0,1,0
420849,42,PENNSYLVANIA,PA,1,1,0,2,21,0,CHILTON,21,8,August,2010,7,Saturday,23,15,0,15,3,92,40.36267222,-78.63496111,41,2,0,0,0,1,1
420850,42,PENNSYLVANIA,PA,1,1,0,1,133,0,ARLEY,27,8,August,2010,6,Friday,22,44,0,4,3,80,39.96204444,-76.48787500,30,2,0,0,0,1,1
420851,42,PENNSYLVANIA,PA,1,1,0,1,81,0,AUBURN,15,10,October,2010,6,Friday,9,40,0,6,5,0,41.40881111,-76.91618333,42,1,0,0,0,1,0
420852,42,PENNSYLVANIA,PA,1,1,0,1,9,0,BLOUNT,15,10,October,2010,6,Friday,16,15,0,4,2,28,39.98603056,-78.52759167,42,1,0,0,0,1,0
420853,42,PENNSYLVANIA,PA,1,1,0,1,3,0,BALDWIN,2,10,October,2010,7,Saturday,13,45,1,11,1,672,40.54114444,-80.12219167,1,1,0,0,0,1,0
420854,42,PENNSYLVANIA,PA,1,1,0,1,19,0,CEDAR BLUFF,2,10,October,2010,7,Saturday,13,30,1,2,3,295,41.05412778,-80.00276944,30,1,0,0,0,1,0
420855,42,PENNSYLVANIA,PA,1,1,0,1,13,0,BOLLING,25,10,October,2010,2,Monday,3,52,0,4,2,6,40.26302778,-78.46017778,35,2,0,0,0,1,0
420856,42,PENNSYLVANIA,PA,1,1,1,1,19,0,CEDAR BLUFF,23,10,October,2010,7,Saturday,22,48,0,4,3,41,41.01240000,-79.74336389,8,2,0,0,0,1,0
420857,42,PENNSYLVANIA,PA,1,1,0,1,41,4400,BRANTLEY,18,8,August,2010,4,Wednesday,23,53,0,13,3,48,40.24784722,-76.89067222,21,3,0,0,0,1,1
420858,42,PENNSYLVANIA,PA,1,1,0,2,43,3500,BAILEYTON,24,8,August,2010,3,Tuesday,0,1,0,16,6,0,40.29137778,-76.89948056,42,3,0,0,0,1,0
420859,42,PENNSYLVANIA,PA,1,1,1,2,71,0,BRIDGEPORT,16,10,October,2010,7,Saturday,12,2,0,3,3,59,40.03861389,-76.16031944,15,1,0,0,0,1,0
420860,42,PENNSYLVANIA,PA,1,1,0,1,133,0,ARLEY,24,10,October,2010,1,Sunday,13,0,0,15,3,31,39.98313889,-76.61393056,1,1,0,0,0,1,0
420861,42,PENNSYLVANIA,PA,2,2,0,2,55,0,ATTALLA,1,9,September,2010,4,Wednesday,9,13,0,3,3,316,40.14229167,-77.77151111,12,1,0,0,0,1,0
420862,42,PENNSYLVANIA,PA,2,2,0,2,129,5942,BIGBEE,7,9,September,2010,3,Tuesday,17,30,0,14,3,48,40.20208889,-79.60343889,12,1,0,0,0,1,1
420863,42,PENNSYLVANIA,PA,1,1,0,2,97,0,AXIS,31,10,October,2010,1,Sunday,13,2,0,6,5,0,40.80118611,-76.83114167,42,1,0,0,0,1,0
420864,42,PENNSYLVANIA,PA,1,1,0,1,133,0,ARLEY,11,10,October,2010,2,Monday,21,30,0,6,3,9,39.83630278,-76.47219444,11,2,0,0,0,1,1
420865,42,PENNSYLVANIA,PA,2,2,0,3,43,0,BAILEYTON,1,10,October,2010,6,Friday,15,15,0,3,3,151,40.17803889,-76.66178889,12,1,0,0,0,1,0
420866,42,PENNSYLVANIA,PA,1,1,0,1,133,0,ARLEY,7,10,October,2010,5,Thursday,5,2,0,3,3,0,39.79501667,-76.36307500,35,2,0,0,0,1,1
420867,42,PENNSYLVANIA,PA,1,1,0,3,71,0,BRIDGEPORT,24,10,October,2010,1,Sunday,2,47,0,6,5,0,39.85104167,-76.22920000,38,2,0,0,0,1,1
420868,42,PENNSYLVANIA,PA,2,2,0,2,1,0,AUTAUGA,10,10,October,2010,1,Sunday,20,6,1,2,2,171,39.84825000,-77.18286111,12,3,0,0,0,1,0
420869,42,PENNSYLVANIA,PA,1,1,1,2,71,0,BRIDGEPORT,23,10,October,2010,7,Saturday,13,35,0,3,3,58,40.03858889,-76.16173056,49,1,0,0,0,1,0
420870,42,PENNSYLVANIA,PA,1,1,0,2,101,6540,BOYLSTON,23,10,October,2010,7,Saturday,22,41,0,16,6,0,40.09246389,-75.01248611,33,3,0,0,0,1,1
420871,42,PENNSYLVANIA,PA,1,1,1,1,101,6540,BOYLSTON,12,10,October,2010,3,Tuesday,20,47,0,13,3,5,40.05671944,-75.18311389,8,3,0,0,0,1,0
420872,42,PENNSYLVANIA,PA,1,1,1,1,91,0,DAYTON,12,10,October,2010,3,Tuesday,10,35,0,13,3,6,40.15395278,-75.11302778,33,1,0,0,0,1,0
420873,42,PENNSYLVANIA,PA,1,1,0,1,73,0,ARGO,2,10,October,2010,7,Saturday,6,0,0,3,3,163,41.01945000,-80.20828889,59,2,0,0,0,1,0
420874,42,PENNSYLVANIA,PA,2,2,0,4,71,0,BRIDGEPORT,11,10,October,2010,2,Monday,15,2,0,14,2,167,39.92550833,-76.19505278,12,1,0,0,0,1,0
420875,42,PENNSYLVANIA,PA,1,1,0,1,17,0,CHAMBERS,10,9,September,2010,6,Friday,17,46,0,6,5,0,40.30769444,-74.97482222,42,1,0,0,0,1,1
420876,42,PENNSYLVANIA,PA,1,1,0,2,125,0,BROOKWOOD,3,10,October,2010,1,Sunday,21,0,0,4,3,83,40.08495833,-80.01786944,52,2,0,0,0,2,0
420877,42,PENNSYLVANIA,PA,1,1,0,1,63,0,BOLIGEE,15,10,October,2010,6,Friday,16,30,0,4,3,9,40.67648611,-79.18113056,35,1,0,0,0,1,1
420878,42,PENNSYLVANIA,PA,2,1,1,1,95,0,ALBERTVILLE,2,9,September,2010,5,Thursday,6,36,1,11,1,651,40.59267500,-75.36351667,14,1,0,0,0,1,0
420879,42,PENNSYLVANIA,PA,2,2,0,2,67,0,ABBEVILLE,9,9,September,2010,5,Thursday,15,57,0,3,3,409,40.68135000,-77.13699444,12,1,0,0,0,1,0
420880,42,PENNSYLVANIA,PA,2,2,0,2,11,0,BULLOCK,7,10,October,2010,5,Thursday,15,19,1,13,3,12,40.35075278,-75.62759444,12,1,0,0,0,1,0
420881,42,PENNSYLVANIA,PA,1,1,0,2,121,0,BON AIR,11,10,October,2010,2,Monday,13,5,0,5,3,25,41.54909722,-79.68052222,35,1,0,0,0,1,0
420882,42,PENNSYLVANIA,PA,2,1,1,1,71,0,BRIDGEPORT,30,9,September,2010,5,Thursday,6,45,1,1,1,2745,40.23527222,-76.29048889,8,2,10,0,0,1,0
420883,42,PENNSYLVANIA,PA,2,2,0,2,99,0,BEATRICE,22,9,September,2010,4,Wednesday,7,30,1,2,2,275,40.62027500,-76.95382500,12,1,0,0,0,1,0
420884,42,PENNSYLVANIA,PA,2,2,0,3,43,0,BAILEYTON,22,10,October,2010,6,Friday,21,40,0,14,3,151,40.29426389,-76.67765278,12,2,0,0,0,1,0
420885,42,PENNSYLVANIA,PA,2,2,0,2,11,0,BULLOCK,26,10,October,2010,3,Tuesday,2,35,1,1,1,184,40.49795278,-76.19431944,12,2,0,0,0,1,1
420886,42,PENNSYLVANIA,PA,2,2,0,2,115,0,ASHVILLE,14,9,September,2010,3,Tuesday,17,50,0,15,2,226,41.93260278,-75.73403889,12,1,0,0,0,1,0
420887,42,PENNSYLVANIA,PA,1,1,0,1,121,0,BON AIR,14,10,October,2010,5,Thursday,13,15,1,2,2,180,41.35692222,-79.73871944,32,1,0,0,0,1,0
420888,42,PENNSYLVANIA,PA,2,2,0,2,133,0,ARLEY,31,10,October,2010,1,Sunday,16,0,0,4,3,114,39.86479444,-76.61967500,12,1,0,0,0,1,0
420889,42,PENNSYLVANIA,PA,1,1,0,1,115,0,ASHVILLE,2,10,October,2010,7,Saturday,22,0,0,3,3,35,41.68637778,-75.47911944,24,2,0,0,0,1,1
420890,42,PENNSYLVANIA,PA,1,1,0,1,41,0,BRANTLEY,2,10,October,2010,7,Saturday,21,45,0,15,3,4,40.15443611,-77.02185278,1,2,0,0,0,1,1
420891,42,PENNSYLVANIA,PA,2,2,0,7,107,0,CARROLLTON,27,10,October,2010,4,Wednesday,17,9,0,3,3,96,40.57494444,-76.33746944,12,1,0,0,0,1,0
420892,42,PENNSYLVANIA,PA,1,1,1,1,3,6600,BALDWIN,18,10,October,2010,2,Monday,18,38,0,16,6,0,40.43839444,-80.00198611,8,3,0,0,0,1,0
420893,42,PENNSYLVANIA,PA,1,1,0,1,79,0,COURTLAND,12,10,October,2010,3,Tuesday,22,31,0,13,3,315,41.30639444,-75.93335556,24,3,0,0,0,1,1
420894,42,PENNSYLVANIA,PA,2,2,0,3,41,0,BRANTLEY,13,10,October,2010,4,Wednesday,8,25,0,6,5,0,40.20882778,-77.02811667,12,1,0,0,0,1,0
420895,42,PENNSYLVANIA,PA,1,1,0,1,107,0,CARROLLTON,6,10,October,2010,4,Wednesday,11,27,0,5,3,101,40.78748889,-76.13379722,18,1,0,0,0,1,0
420896,42,PENNSYLVANIA,PA,2,2,0,2,109,0,ANSLEY,17,10,October,2010,1,Sunday,17,29,0,6,3,2,40.72522500,-77.26540556,12,1,0,0,0,1,2
420897,42,PENNSYLVANIA,PA,2,2,0,2,133,0,ARLEY,13,9,September,2010,2,Monday,16,33,0,4,3,19,39.86784722,-76.74672222,12,1,0,0,0,1,0
420898,42,PENNSYLVANIA,PA,2,2,0,2,125,0,BROOKWOOD,13,10,October,2010,4,Wednesday,23,15,1,11,1,200,40.17132778,-80.20759722,12,2,0,0,0,1,0
420899,42,PENNSYLVANIA,PA,2,2,0,3,25,6410,BARLOW BEND,14,9,September,2010,3,Tuesday,10,19,1,13,3,16,40.81632500,-75.67284167,12,1,0,0,0,1,0
420900,42,PENNSYLVANIA,PA,2,2,0,3,31,0,COFFEE,14,9,September,2010,3,Tuesday,16,40,0,4,3,71,41.29007778,-79.31579722,12,1,0,0,0,3,0
420901,42,PENNSYLVANIA,PA,1,1,0,2,95,0,ALBERTVILLE,22,10,October,2010,6,Friday,20,5,1,12,2,44,40.67921111,-75.33766389,42,2,0,0,0,1,0
420902,42,PENNSYLVANIA,PA,2,2,0,2,9,0,BLOUNT,27,9,September,2010,2,Monday,6,57,1,2,3,74,40.16776389,-78.59357500,12,4,5,0,0,1,1
420903,42,PENNSYLVANIA,PA,2,2,0,3,41,0,BRANTLEY,2,9,September,2010,5,Thursday,12,7,0,16,5,0,40.29006944,-76.94719722,33,1,0,0,0,1,0
420904,42,PENNSYLVANIA,PA,2,2,0,4,95,660,ALBERTVILLE,29,10,October,2010,6,Friday,20,28,0,16,6,0,40.62763056,-75.37820000,12,3,0,0,0,1,1
420905,42,PENNSYLVANIA,PA,1,1,0,1,49,0,COLLINSVILLE,26,10,October,2010,3,Tuesday,7,20,0,6,3,57,41.96454722,-79.68993889,58,1,0,0,0,1,0
420906,42,PENNSYLVANIA,PA,2,2,0,3,15,0,ANNISTON,29,10,October,2010,6,Friday,10,18,0,3,3,256,41.82534444,-76.35636667,12,1,0,0,0,1,1
420907,42,PENNSYLVANIA,PA,2,2,0,2,107,0,CARROLLTON,21,9,September,2010,3,Tuesday,9,5,0,3,2,363,40.77950278,-76.01478611,12,1,0,0,0,1,0
420908,42,PENNSYLVANIA,PA,2,2,0,2,61,0,BELLWOOD,26,9,September,2010,1,Sunday,23,45,0,5,3,125,40.39005556,-77.98560556,12,2,0,0,0,1,1
420909,42,PENNSYLVANIA,PA,2,2,0,3,55,0,ATTALLA,30,9,September,2010,5,Thursday,15,10,1,2,2,53,39.90690833,-77.89113056,12,1,0,0,0,1,0
420910,42,PENNSYLVANIA,PA,2,2,0,2,3,7180,BALDWIN,25,9,September,2010,7,Saturday,10,50,1,11,1,646,40.41874722,-80.08910833,12,1,0,0,0,1,0
420911,42,PENNSYLVANIA,PA,1,1,0,1,49,0,COLLINSVILLE,10,10,October,2010,1,Sunday,5,35,0,5,3,80,41.90307222,-80.21152500,11,2,0,0,0,1,1
420912,42,PENNSYLVANIA,PA,2,2,0,2,51,0,CENTRAL,9,10,October,2010,7,Saturday,19,44,0,14,3,180,40.12412222,-79.84349722,12,5,0,0,0,1,1
420913,42,PENNSYLVANIA,PA,1,1,0,2,75,0,BEAVERTON,10,10,October,2010,1,Sunday,12,58,0,4,3,47,40.28812778,-76.36481667,42,1,0,0,0,1,0
420914,42,PENNSYLVANIA,PA,2,2,0,5,45,0,ARITON,9,10,October,2010,7,Saturday,7,49,1,13,3,51,39.98304444,-75.36999444,12,1,0,0,0,1,0
420915,42,PENNSYLVANIA,PA,1,1,0,2,13,0,BOLLING,14,10,October,2010,5,Thursday,18,34,0,6,5,0,40.42527500,-78.45338056,35,1,0,0,0,1,1
420916,42,PENNSYLVANIA,PA,2,2,0,4,37,0,BRADFORD,21,9,September,2010,3,Tuesday,17,10,0,3,3,245,41.07498333,-76.50788056,12,1,0,0,0,1,0
420917,42,PENNSYLVANIA,PA,2,2,0,8,29,4565,BORDEN SPRINGS,10,9,September,2010,6,Friday,22,12,0,6,5,0,39.82396389,-75.80554722,12,2,0,0,0,2,1
420918,42,PENNSYLVANIA,PA,2,2,0,2,89,2330,BROWNSBORO,14,9,September,2010,3,Tuesday,17,48,1,11,1,3081,40.98833056,-75.17998889,12,1,0,0,0,1,0
420919,42,PENNSYLVANIA,PA,1,1,0,1,39,0,ANDALUSIA,21,10,October,2010,5,Thursday,1,20,0,6,3,24,41.73570556,-80.42644167,43,2,0,0,0,1,1
420920,42,PENNSYLVANIA,PA,2,2,0,2,89,0,BROWNSBORO,15,9,September,2010,4,Wednesday,14,5,0,14,3,26,41.02386667,-75.18828333,12,1,0,0,0,1,0
420921,42,PENNSYLVANIA,PA,2,2,0,2,75,4340,BEAVERTON,15,10,October,2010,6,Friday,16,25,0,16,6,0,40.34031667,-76.41953333,12,1,0,0,0,1,0
420922,42,PENNSYLVANIA,PA,2,2,0,4,85,0,BENTON,2,9,September,2010,5,Thursday,13,9,0,4,3,10,41.35715000,-80.39318611,12,1,0,0,0,1,0
420923,42,PENNSYLVANIA,PA,2,2,0,2,7,0,BIBB,30,9,September,2010,5,Thursday,21,17,1,11,1,322,40.74904722,-80.36507500,12,2,0,0,0,1,0
420924,42,PENNSYLVANIA,PA,2,2,0,2,63,0,BOLIGEE,30,9,September,2010,5,Thursday,11,38,1,2,2,190,40.60210556,-79.01388333,12,1,0,0,0,1,0
420925,42,PENNSYLVANIA,PA,2,2,0,3,45,3547,ARITON,29,9,September,2010,4,Wednesday,0,3,0,14,3,29,40.01280000,-75.31654722,12,3,0,0,0,1,1
420926,42,PENNSYLVANIA,PA,2,2,0,5,17,0,CHAMBERS,24,10,October,2010,1,Sunday,2,26,0,15,3,31,40.16068333,-74.96492222,12,3,0,0,0,1,2
420927,42,PENNSYLVANIA,PA,1,1,0,1,51,0,CENTRAL,23,10,October,2010,7,Saturday,4,20,0,4,3,3,39.95524444,-79.89048889,59,2,0,0,0,1,1
420928,42,PENNSYLVANIA,PA,2,2,0,5,75,0,BEAVERTON,16,10,October,2010,7,Saturday,18,40,0,15,3,13,40.36505000,-76.52737500,12,5,0,0,0,1,0
420929,42,PENNSYLVANIA,PA,2,2,0,4,11,0,BULLOCK,31,10,October,2010,1,Sunday,13,37,0,3,3,74,40.35369167,-75.76574167,12,1,0,0,0,1,0
420930,42,PENNSYLVANIA,PA,1,1,0,1,11,0,BULLOCK,16,10,October,2010,7,Saturday,1,39,0,15,3,142,40.26395556,-75.75478056,32,2,0,0,0,1,1
420931,42,PENNSYLVANIA,PA,1,1,0,2,11,0,BULLOCK,2,10,October,2010,7,Saturday,2,38,0,6,5,0,40.31495000,-76.05981389,40,2,0,0,0,1,1
420932,42,PENNSYLVANIA,PA,2,2,0,2,49,2640,COLLINSVILLE,31,10,October,2010,1,Sunday,4,59,1,13,3,261,42.13085556,-80.06109167,12,3,0,0,0,1,1
420933,42,PENNSYLVANIA,PA,2,2,0,2,127,6815,BURNWELL,25,9,September,2010,7,Saturday,23,15,0,3,2,80,41.58240000,-75.32033889,35,2,0,0,0,1,0
420934,42,PENNSYLVANIA,PA,2,2,0,2,41,4400,BRANTLEY,14,9,September,2010,3,Tuesday,5,40,1,11,1,411,40.23689444,-76.89408611,12,4,0,0,0,1,0
420935,42,PENNSYLVANIA,PA,1,1,2,1,83,0,ARDMORE,1,10,October,2010,6,Friday,9,5,0,4,3,147,41.97933056,-78.55586389,8,1,0,0,0,1,1
420936,42,PENNSYLVANIA,PA,1,1,0,1,113,0,COTTONTON,15,10,October,2010,6,Friday,5,35,0,3,3,159,41.50833333,-76.54560833,24,2,0,0,0,1,0
420937,42,PENNSYLVANIA,PA,1,1,0,1,17,0,CHAMBERS,31,10,October,2010,1,Sunday,2,24,1,12,2,53,40.30268333,-75.14877222,21,2,0,0,0,1,1
420938,42,PENNSYLVANIA,PA,1,1,0,1,131,0,ARLINGTON,21,10,October,2010,5,Thursday,16,10,0,6,5,0,41.41952778,-76.04890833,41,1,0,0,0,1,1
420939,42,PENNSYLVANIA,PA,2,2,0,2,43,0,BAILEYTON,15,9,September,2010,4,Wednesday,21,37,1,11,1,20,40.24430833,-76.80770000,12,2,0,0,0,1,1
420940,42,PENNSYLVANIA,PA,1,1,0,1,131,0,ARLINGTON,24,10,October,2010,1,Sunday,0,40,1,2,2,55,41.60427222,-76.09003056,24,2,0,0,0,1,1
420941,42,PENNSYLVANIA,PA,2,2,0,3,43,0,BAILEYTON,8,9,September,2010,4,Wednesday,5,56,0,3,2,173,40.57169444,-76.64842222,12,3,0,0,0,1,0
420942,42,PENNSYLVANIA,PA,1,1,1,1,81,3990,AUBURN,13,10,October,2010,4,Wednesday,6,20,0,14,3,0,41.20290833,-77.27529444,8,4,0,0,0,1,0
420943,42,PENNSYLVANIA,PA,1,1,1,1,75,0,BEAVERTON,18,10,October,2010,2,Monday,5,49,1,13,2,60,40.33140556,-76.50437500,8,3,0,0,0,1,0
420944,42,PENNSYLVANIA,PA,1,1,0,1,95,0,ALBERTVILLE,2,10,October,2010,7,Saturday,11,20,0,6,3,17,40.75894167,-75.41866389,42,1,0,0,0,1,0
420945,42,PENNSYLVANIA,PA,2,2,0,3,91,0,DAYTON,25,9,September,2010,7,Saturday,19,50,0,15,3,50,40.26164167,-75.45957778,1,2,0,0,0,1,0
420946,42,PENNSYLVANIA,PA,2,2,0,2,3,5413,BALDWIN,29,9,September,2010,4,Wednesday,19,45,0,13,3,3,40.42789167,-79.72176667,12,3,0,0,0,1,0
420947,42,PENNSYLVANIA,PA,2,2,0,2,71,0,BRIDGEPORT,27,9,September,2010,2,Monday,14,8,0,3,3,147,39.91734722,-76.09317222,12,1,0,0,0,1,0
420948,42,PENNSYLVANIA,PA,2,1,1,1,133,0,ARLEY,1,9,September,2010,4,Wednesday,1,35,0,14,3,11,39.88774167,-76.62641389,8,2,0,0,0,1,1