ST_CASE,STATE,State Name,State Abbreviation,# of Vehicle involved,VE_FORMS,Pedestrains,Total_Persons_in_accident,COUNTY,CITY,City_County_Name,Calendar_DAY,MONTH,Month_name,YEAR,DAY_WEEK,Day_Week_desc,HOUR,MINUTE,NHS_Desc,trafficway,Route,MILEPT,LATITUDE,LONGITUD,First_Crash_event,Light_cond_desc,Weather_condition,School_bus_involved,Crash_cause,FATALS,DRUNK_DR
470118,47,TENNESSEE,TN,2,2,0,2,43,640,BAILEYTON,24,2,February,2010,4,Wednesday,18,5,0,13,2,118,36.08209722,-87.34055833,12,3,0,0,0,1,0
470119,47,TENNESSEE,TN,1,1,0,5,37,1760,BRADFORD,17,2,February,2010,4,Wednesday,20,5,0,3,3,87,36.06145833,-86.90893611,11,2,0,0,0,1,0
470120,47,TENNESSEE,TN,1,1,0,2,65,400,CYPRESS,5,3,March,2010,6,Friday,22,48,1,12,3,2,35.02879167,-85.17666944,24,3,0,0,0,1,1
470121,47,TENNESSEE,TN,1,1,0,1,93,0,BEAR CREEK,5,3,March,2010,6,Friday,15,29,0,6,4,1,35.99732222,-83.72421111,42,1,0,0,0,1,1
470122,47,TENNESSEE,TN,1,1,0,1,19,760,CEDAR BLUFF,13,3,March,2010,7,Saturday,16,50,0,14,3,20,36.32732778,-82.27715556,34,1,0,0,0,1,0
470123,47,TENNESSEE,TN,1,1,0,1,93,1300,BEAR CREEK,13,3,March,2010,7,Saturday,1,35,0,13,2,48,35.92080000,-83.86165278,32,3,0,0,0,1,1
470124,47,TENNESSEE,TN,1,1,0,2,173,0,LAKELAND,17,3,March,2010,4,Wednesday,9,22,0,5,4,2,36.20430833,-83.78898611,42,1,0,0,0,1,0
470125,47,TENNESSEE,TN,1,1,0,1,85,2530,BENTON,11,3,March,2010,5,Thursday,16,31,0,3,2,152,36.08598333,-87.75498056,53,1,0,0,0,1,1
470126,47,TENNESSEE,TN,1,1,0,1,73,0,ARGO,18,3,March,2010,5,Thursday,3,25,0,15,4,120,36.55030278,-82.74870278,42,2,0,0,0,1,1
470127,47,TENNESSEE,TN,2,2,0,3,31,1550,COFFEE,10,3,March,2010,4,Wednesday,17,27,0,14,2,170,35.45625278,-86.04848056,12,1,0,0,0,1,0
470128,47,TENNESSEE,TN,1,1,0,2,63,0,BOLIGEE,12,3,March,2010,6,Friday,17,10,1,1,1,65,36.19670278,-83.15884444,42,1,0,0,0,1,0
470129,47,TENNESSEE,TN,2,2,0,2,159,0,FARRAR,12,3,March,2010,6,Friday,11,55,1,1,1,129,36.17217778,-85.91059722,24,1,0,0,0,1,0
470130,47,TENNESSEE,TN,1,1,0,1,7,0,BIBB,13,3,March,2010,7,Saturday,1,57,0,2,2,115,35.58483611,-85.21409167,34,2,0,0,0,1,1
470131,47,TENNESSEE,TN,2,2,0,2,143,0,CANEHILL,13,3,March,2010,7,Saturday,15,35,0,3,3,128,35.62269722,-84.81290833,12,1,0,0,0,1,0
470132,47,TENNESSEE,TN,2,2,0,5,157,0,ARCADE,18,3,March,2010,5,Thursday,23,38,0,3,3,266,35.27194722,-89.85883889,12,2,0,0,0,1,0
470133,47,TENNESSEE,TN,1,1,0,1,123,0,ALEXANDER CITY,10,3,March,2010,4,Wednesday,14,50,0,3,2,72,35.64933611,-84.42478056,35,1,0,0,0,1,0
470134,47,TENNESSEE,TN,1,1,0,5,163,0,AVERA,14,3,March,2010,1,Sunday,14,45,0,14,3,58,36.54284722,-82.17189722,1,1,0,0,0,1,0
470135,47,TENNESSEE,TN,2,2,0,2,157,1620,ARCADE,17,3,March,2010,4,Wednesday,15,24,0,13,3,146,35.02041944,-89.85248889,12,1,0,0,0,1,1
470136,47,TENNESSEE,TN,2,2,0,4,115,0,ASHVILLE,19,3,March,2010,6,Friday,11,15,1,1,1,253,35.02673333,-85.56334444,1,1,0,0,0,1,0
470137,47,TENNESSEE,TN,1,1,0,7,129,0,BIGBEE,15,3,March,2010,2,Monday,14,25,1,2,2,52,36.05921389,-84.53443056,24,1,0,0,0,3,0
470139,47,TENNESSEE,TN,2,2,0,3,123,0,ALEXANDER CITY,19,3,March,2010,6,Friday,15,45,0,3,3,380,35.22267778,-84.33435833,12,1,0,0,0,1,0
470140,47,TENNESSEE,TN,1,1,1,1,125,410,BROOKWOOD,19,3,March,2010,6,Friday,20,14,0,13,3,174,36.52481667,-87.22545278,8,2,0,0,0,1,0
470141,47,TENNESSEE,TN,1,1,0,1,167,0,ADRIAN,19,3,March,2010,6,Friday,18,5,0,5,4,1,35.48746389,-89.68514167,42,1,0,0,0,1,0
470142,47,TENNESSEE,TN,2,2,0,2,133,0,ARLEY,19,3,March,2010,6,Friday,15,41,0,4,3,68,36.37940000,-85.44070000,12,1,0,0,0,1,0
470143,47,TENNESSEE,TN,1,1,0,1,3,0,BALDWIN,20,3,March,2010,7,Saturday,14,0,0,5,4,19,35.55960278,-86.46729444,21,1,0,0,0,1,0
470144,47,TENNESSEE,TN,1,1,0,2,157,0,ARCADE,19,3,March,2010,6,Friday,22,0,1,11,1,234,35.21984444,-89.74262500,42,2,0,0,0,1,1
470145,47,TENNESSEE,TN,1,1,0,1,79,0,COURTLAND,20,3,March,2010,7,Saturday,0,40,1,2,2,5,36.18175000,-88.16702222,35,2,0,0,0,1,1
470146,47,TENNESSEE,TN,2,2,0,2,187,0,DAHLONEGA,22,3,March,2010,2,Monday,17,53,0,3,3,13,35.98814722,-86.99574444,12,1,0,0,0,1,0
470147,47,TENNESSEE,TN,1,1,0,1,25,0,BARLOW BEND,23,3,March,2010,3,Tuesday,14,0,0,4,3,206,36.58390000,-83.62202778,17,1,0,0,0,1,0
470148,47,TENNESSEE,TN,2,2,0,2,113,0,COTTONTON,24,3,March,2010,4,Wednesday,22,20,0,3,2,308,35.77813333,-88.66190000,12,2,0,0,0,1,1
470149,47,TENNESSEE,TN,1,1,0,1,47,0,BROWNS,21,3,March,2010,1,Sunday,8,2,1,1,1,65,35.33350833,-89.55183611,1,1,0,0,0,1,0
470150,47,TENNESSEE,TN,2,2,0,2,55,0,ATTALLA,25,3,March,2010,5,Thursday,22,15,1,2,2,70,35.21218333,-87.10958889,12,2,0,0,0,1,1
470151,47,TENNESSEE,TN,2,2,0,3,165,352,HERNDON,20,3,March,2010,7,Saturday,20,43,0,3,3,240,36.38947500,-86.29159444,12,2,0,0,0,1,1
470152,47,TENNESSEE,TN,2,2,0,2,93,1300,BEAR CREEK,22,3,March,2010,2,Monday,8,59,0,13,2,135,36.05799444,-83.92434722,12,1,0,0,0,1,0
470153,47,TENNESSEE,TN,1,1,0,2,125,0,BROOKWOOD,25,3,March,2010,5,Thursday,13,0,0,6,4,2,36.43481389,-87.48415833,42,1,0,0,0,1,0
470154,47,TENNESSEE,TN,1,1,0,1,21,0,CHILTON,26,3,March,2010,6,Friday,0,30,0,6,4,2,36.27400000,-87.00824167,1,2,0,0,0,1,0
470155,47,TENNESSEE,TN,2,2,0,4,23,0,BLADON SPRINGS,27,3,March,2010,7,Saturday,15,5,0,5,4,32,35.46133889,-88.43273611,12,1,0,0,0,1,0
470156,47,TENNESSEE,TN,2,2,0,2,149,0,BELLEVILLE,27,3,March,2010,7,Saturday,10,48,0,4,3,79,35.74422778,-86.55851667,12,1,0,0,0,1,0
470157,47,TENNESSEE,TN,1,1,0,1,85,0,BENTON,28,3,March,2010,1,Sunday,17,50,0,5,4,40,36.19971667,-87.73231111,34,1,0,0,0,1,1
470158,47,TENNESSEE,TN,3,3,0,3,165,1085,HERNDON,15,3,March,2010,2,Monday,4,41,1,12,3,2,36.31329167,-86.65896389,12,2,0,0,0,1,0
470159,47,TENNESSEE,TN,2,2,0,3,157,0,ARCADE,27,3,March,2010,7,Saturday,17,45,0,3,2,251,35.26933333,-89.71257500,12,1,0,0,0,1,0
470160,47,TENNESSEE,TN,1,1,1,1,167,0,ADRIAN,28,3,March,2010,1,Sunday,4,50,0,3,3,238,35.50494722,-89.60670278,8,2,0,0,0,1,0
470161,47,TENNESSEE,TN,1,1,0,1,165,0,HERNDON,29,3,March,2010,2,Monday,20,21,0,6,4,1,36.39222500,-86.62643889,42,2,0,0,0,1,0
470162,47,TENNESSEE,TN,1,1,0,2,139,0,CALION,30,3,March,2010,3,Tuesday,2,10,0,6,4,0,34.98931667,-84.73860278,42,2,0,0,0,1,1
470163,47,TENNESSEE,TN,2,2,0,2,79,1910,COURTLAND,30,3,March,2010,3,Tuesday,10,20,0,14,3,106,36.28431389,-88.28368611,12,1,0,0,0,1,0
470164,47,TENNESSEE,TN,1,1,0,1,135,0,ASH FLAT,31,3,March,2010,4,Wednesday,5,20,0,3,3,275,35.79915833,-87.78385278,42,2,0,0,0,1,0
470165,47,TENNESSEE,TN,2,2,0,2,73,0,ARGO,31,3,March,2010,4,Wednesday,10,5,0,3,3,89,36.35961667,-83.01883333,12,1,0,0,0,1,0
470166,47,TENNESSEE,TN,2,2,0,2,165,1085,HERNDON,31,3,March,2010,4,Wednesday,21,0,0,12,3,65,36.33042500,-86.57309167,12,1,0,0,0,1,0
470167,47,TENNESSEE,TN,1,1,0,1,37,1760,BRADFORD,1,3,March,2010,2,Monday,20,4,0,16,6,1,36.24391667,-86.75676944,40,3,0,0,0,1,0
470168,47,TENNESSEE,TN,2,2,0,3,37,1760,BRADFORD,12,3,March,2010,6,Friday,19,18,0,3,2,132,36.35236667,-86.87989444,12,2,0,0,0,1,1
470169,47,TENNESSEE,TN,1,1,0,1,61,1033,BELLWOOD,26,3,March,2010,6,Friday,19,50,0,16,6,2,35.36583056,-85.62973611,42,2,0,0,0,1,0
470170,47,TENNESSEE,TN,1,1,0,1,37,1760,BRADFORD,19,1,January,2010,3,Tuesday,18,0,0,16,6,0,36.07921111,-86.88546111,23,3,0,0,0,1,0
470171,47,TENNESSEE,TN,1,1,0,1,19,760,CEDAR BLUFF,12,3,March,2010,6,Friday,18,55,1,13,2,196,36.31925000,-82.19971111,32,3,0,0,0,1,0
470172,47,TENNESSEE,TN,1,1,0,1,157,1620,ARCADE,15,3,March,2010,2,Monday,15,7,0,13,3,132,35.19245000,-89.92127222,42,1,0,0,0,1,0
470173,47,TENNESSEE,TN,2,2,0,2,25,1795,BARLOW BEND,29,3,March,2010,2,Monday,10,35,0,3,3,112,36.44499722,-83.59540278,12,1,0,0,0,1,0
470174,47,TENNESSEE,TN,1,1,0,2,85,0,BENTON,31,3,March,2010,4,Wednesday,0,48,0,5,4,32,35.85410833,-87.89742778,42,2,0,0,0,1,0
470175,47,TENNESSEE,TN,1,1,0,1,93,0,BEAR CREEK,18,3,March,2010,5,Thursday,17,58,0,6,4,1,36.08311389,-84.05517778,34,1,0,0,0,1,0
470176,47,TENNESSEE,TN,1,1,0,1,185,0,ANAKTUVUK PASS,30,3,March,2010,3,Tuesday,5,40,0,3,2,43,35.95669722,-85.58773611,34,4,0,0,0,1,0
470177,47,TENNESSEE,TN,1,1,0,1,93,0,BEAR CREEK,13,3,March,2010,7,Saturday,18,57,0,15,4,5,35.90995278,-84.07729722,42,2,0,0,0,1,0
470178,47,TENNESSEE,TN,1,1,0,1,9,30,BLOUNT,15,5,May,2010,7,Saturday,8,37,1,13,2,187,35.84954444,-83.96383889,33,1,0,0,0,1,0
470179,47,TENNESSEE,TN,2,2,0,2,79,0,COURTLAND,2,4,April,2010,6,Friday,11,0,1,2,2,63,36.21535556,-88.39789167,12,1,0,0,0,1,0
470180,47,TENNESSEE,TN,1,1,0,1,107,0,CARROLLTON,2,4,April,2010,6,Friday,20,55,0,5,4,32,35.31886389,-84.55630556,43,2,0,0,0,1,1
470181,47,TENNESSEE,TN,1,1,0,2,123,0,ALEXANDER CITY,5,4,April,2010,2,Monday,18,5,0,5,4,5,35.34194444,-84.22994722,35,1,0,0,0,1,0
470182,47,TENNESSEE,TN,1,1,0,1,143,0,CANEHILL,6,4,April,2010,3,Tuesday,16,15,0,5,4,28,35.52941389,-84.95465556,42,1,0,0,0,1,0
470183,47,TENNESSEE,TN,2,2,0,2,65,400,CYPRESS,5,3,March,2010,6,Friday,6,48,1,11,1,47,35.02928611,-85.35653889,24,1,0,0,0,1,0
470184,47,TENNESSEE,TN,1,1,0,2,145,0,BALD KNOB,6,4,April,2010,3,Tuesday,19,40,0,14,4,2,35.88317500,-84.68649167,42,1,0,0,0,1,0
470185,47,TENNESSEE,TN,1,1,0,1,185,0,ANAKTUVUK PASS,6,4,April,2010,3,Tuesday,14,50,0,5,4,1,36.06564722,-85.55265000,1,1,0,0,0,1,0
470186,47,TENNESSEE,TN,1,1,1,2,89,0,BROWNSBORO,8,4,April,2010,5,Thursday,20,40,0,4,3,3,36.06178056,-83.67508889,15,2,0,0,0,1,0
470187,47,TENNESSEE,TN,2,2,0,2,149,0,BELLEVILLE,15,3,March,2010,2,Monday,17,45,0,14,4,74,35.91375833,-86.47007222,12,1,0,0,0,1,0
470188,47,TENNESSEE,TN,2,2,0,5,65,0,CYPRESS,28,3,March,2010,1,Sunday,9,38,0,15,3,159,35.17742222,-85.03499444,12,1,0,0,0,1,0
470189,47,TENNESSEE,TN,1,1,0,2,157,1620,ARCADE,31,3,March,2010,4,Wednesday,23,39,0,13,6,47,35.10899167,-89.99635278,42,2,0,0,0,2,0
470190,47,TENNESSEE,TN,1,1,1,1,161,0,DENTON,27,3,March,2010,7,Saturday,14,30,0,5,4,34,36.55030556,-87.82911667,8,1,0,0,0,1,0
470191,47,TENNESSEE,TN,3,3,0,5,59,2473,FRANKLIN,2,4,April,2010,6,Friday,19,5,1,13,2,188,36.17827500,-82.78363333,59,1,0,0,0,3,0
470192,47,TENNESSEE,TN,3,3,0,3,5,0,BAKER HILL,6,4,April,2010,3,Tuesday,12,30,1,2,2,66,35.93565278,-88.10816389,12,1,0,0,0,1,0
470193,47,TENNESSEE,TN,1,1,0,1,183,0,FORT STEWART,8,4,April,2010,5,Thursday,21,25,0,4,3,40,36.24475833,-88.91213889,34,2,0,0,0,1,0
470194,47,TENNESSEE,TN,1,1,0,1,47,0,BROWNS,9,4,April,2010,6,Friday,12,9,0,6,4,0,35.37239444,-89.52919722,34,1,0,0,0,1,0
470195,47,TENNESSEE,TN,1,1,0,2,133,0,ARLEY,11,4,April,2010,1,Sunday,15,5,0,6,4,1,36.41916667,-85.47971667,42,1,0,0,0,1,1
470196,47,TENNESSEE,TN,1,1,0,1,37,1760,BRADFORD,29,3,March,2010,2,Monday,13,35,1,13,3,88,36.26366944,-86.67517778,24,1,0,0,0,1,0
470197,47,TENNESSEE,TN,3,3,0,7,59,0,FRANKLIN,4,4,April,2010,1,Sunday,16,20,0,3,3,3,35.98703611,-82.79072778,12,1,0,0,0,1,0
470198,47,TENNESSEE,TN,2,2,0,5,185,0,ANAKTUVUK PASS,6,4,April,2010,3,Tuesday,15,30,0,3,2,52,35.95430833,-85.57115278,12,1,0,0,0,1,0
470199,47,TENNESSEE,TN,1,1,0,1,55,0,ATTALLA,12,4,April,2010,2,Monday,6,30,1,1,1,161,35.21865833,-86.88637222,1,1,0,0,0,1,0
470200,47,TENNESSEE,TN,2,2,0,4,105,1370,MARION,7,4,April,2010,4,Wednesday,19,43,1,13,2,42,35.83275278,-84.28621389,12,1,0,0,0,1,0
470201,47,TENNESSEE,TN,2,2,0,3,9,30,BLOUNT,9,4,April,2010,6,Friday,14,49,1,13,2,199,35.86654444,-83.95966667,12,1,0,0,0,2,0
470202,47,TENNESSEE,TN,1,1,0,1,43,0,BAILEYTON,10,4,April,2010,7,Saturday,99,99,0,3,2,133,36.08916389,-87.31677222,35,2,0,0,0,1,0
470203,47,TENNESSEE,TN,2,2,0,2,85,0,BENTON,10,4,April,2010,7,Saturday,3,29,1,1,1,84,35.87878333,-87.79739167,1,2,0,0,0,1,0
470204,47,TENNESSEE,TN,3,3,0,4,167,0,ADRIAN,13,4,April,2010,3,Tuesday,9,38,0,4,3,167,35.56587500,-89.67267222,12,1,0,0,0,1,0
470205,47,TENNESSEE,TN,2,2,0,3,19,1050,CEDAR BLUFF,14,4,April,2010,4,Wednesday,16,25,1,2,2,104,36.30133611,-82.13019444,12,1,0,0,0,1,1
470206,47,TENNESSEE,TN,1,1,0,1,15,0,ANNISTON,23,4,April,2010,6,Friday,17,19,0,4,3,89,35.86800833,-85.92078333,1,1,0,0,0,1,0
470207,47,TENNESSEE,TN,2,2,0,6,17,0,CHAMBERS,13,4,April,2010,3,Tuesday,17,12,0,3,2,74,35.93035556,-88.49466944,12,1,0,0,0,1,0
470208,47,TENNESSEE,TN,1,1,0,1,37,1760,BRADFORD,24,1,January,2010,1,Sunday,23,24,0,16,6,1,36.12261111,-86.85888611,38,2,0,0,0,1,1
470209,47,TENNESSEE,TN,1,1,0,1,37,1760,BRADFORD,27,1,January,2010,4,Wednesday,23,42,0,14,6,53,36.14338611,-86.62669167,32,2,0,0,0,1,1
470210,47,TENNESSEE,TN,2,2,0,3,163,1280,AVERA,22,1,January,2010,6,Friday,14,11,1,12,3,92,36.51865556,-82.51736667,12,1,0,0,0,1,0
470211,47,TENNESSEE,TN,1,1,0,1,163,1280,AVERA,12,2,February,2010,6,Friday,11,0,1,13,2,98,36.56665556,-82.45072500,52,1,0,0,0,1,0
470212,47,TENNESSEE,TN,1,1,0,1,37,1760,BRADFORD,9,2,February,2010,3,Tuesday,5,20,1,1,1,15,36.07730278,-87.01244722,42,2,4,0,0,1,0
470213,47,TENNESSEE,TN,1,1,1,1,37,1760,BRADFORD,9,2,February,2010,3,Tuesday,11,42,0,16,6,0,36.04221389,-86.70328056,8,1,0,0,0,1,1
470215,47,TENNESSEE,TN,1,1,0,2,37,1105,BRADFORD,28,2,February,2010,1,Sunday,1,27,0,14,3,8,36.17211111,-86.59252222,1,2,0,0,0,2,1
470216,47,TENNESSEE,TN,1,1,0,1,37,1760,BRADFORD,12,3,March,2010,6,Friday,7,0,1,13,3,128,36.04395000,-86.69326944,30,1,0,0,0,1,0
470217,47,TENNESSEE,TN,2,2,0,2,93,1973,BEAR CREEK,13,4,April,2010,3,Tuesday,23,48,0,13,2,11,36.01891944,-84.05234722,12,2,0,0,0,1,1
470218,47,TENNESSEE,TN,1,1,0,1,163,290,AVERA,15,3,March,2010,2,Monday,12,36,1,13,2,79,36.55631389,-82.48304444,59,1,0,0,0,1,0
470219,47,TENNESSEE,TN,1,1,0,1,125,410,BROOKWOOD,3,4,April,2010,7,Saturday,19,19,0,14,2,134,36.52499722,-87.34315278,42,3,0,0,0,1,1
470220,47,TENNESSEE,TN,1,1,1,2,31,1550,COFFEE,10,4,April,2010,7,Saturday,20,52,0,14,2,156,35.46639444,-86.06972778,8,3,0,0,0,1,0
470221,47,TENNESSEE,TN,1,1,0,1,65,400,CYPRESS,10,4,April,2010,7,Saturday,2,40,0,16,6,1,35.07267222,-85.26697222,34,3,0,0,0,1,1
470222,47,TENNESSEE,TN,2,2,0,3,53,0,ATMORE,14,4,April,2010,4,Wednesday,7,30,0,4,3,78,35.89809167,-88.84224167,12,1,0,0,0,1,0
470223,47,TENNESSEE,TN,2,2,0,2,125,410,BROOKWOOD,14,4,April,2010,4,Wednesday,4,51,1,13,3,127,36.55269722,-87.28961667,12,2,0,0,0,1,1
470224,47,TENNESSEE,TN,1,1,1,2,147,0,AUGUSTA,14,4,April,2010,4,Wednesday,23,20,1,1,1,23,36.44436944,-86.70036389,8,2,0,0,0,1,0
470225,47,TENNESSEE,TN,1,1,0,5,65,400,CYPRESS,7,3,March,2010,1,Sunday,1,53,0,16,6,1,35.16348889,-85.26334722,34,2,0,0,0,1,0
470226,47,TENNESSEE,TN,1,1,0,1,93,1300,BEAR CREEK,11,4,April,2010,1,Sunday,5,9,0,15,6,30,36.04585556,-83.94766111,1,2,0,0,0,1,1
470227,47,TENNESSEE,TN,2,2,0,2,11,0,BULLOCK,15,4,April,2010,5,Thursday,15,41,1,11,1,77,35.18068333,-84.91150556,12,1,0,0,0,1,0
470228,47,TENNESSEE,TN,1,1,1,1,93,1300,BEAR CREEK,15,4,April,2010,5,Thursday,20,22,0,16,6,0,36.04614167,-83.91981944,8,1,0,0,0,1,0
470229,47,TENNESSEE,TN,1,1,0,2,43,0,BAILEYTON,16,4,April,2010,6,Friday,23,46,0,6,4,1,36.22751944,-87.44635556,35,2,0,0,0,1,1
470230,47,TENNESSEE,TN,1,1,0,1,77,0,ANDERSON,17,4,April,2010,7,Saturday,0,45,0,3,3,2,35.49554722,-88.37803611,35,2,0,0,0,1,1
470231,47,TENNESSEE,TN,1,1,0,1,125,410,BROOKWOOD,18,4,April,2010,1,Sunday,4,30,1,11,1,86,36.54838056,-87.24328056,42,2,0,0,0,1,1
470232,47,TENNESSEE,TN,2,2,0,2,149,1750,BELLEVILLE,4,3,March,2010,5,Thursday,11,22,0,13,2,141,35.87647222,-86.42466944,12,1,0,0,0,1,0
470233,47,TENNESSEE,TN,2,2,0,3,103,0,DANVILLE,15,4,April,2010,5,Thursday,23,5,1,2,2,23,35.02372222,-86.57589722,12,3,0,0,0,1,0
470234,47,TENNESSEE,TN,2,2,0,3,113,1200,COTTONTON,15,4,April,2010,5,Thursday,16,20,1,13,2,139,35.61753889,-88.84243333,12,1,0,0,0,1,0
470235,47,TENNESSEE,TN,2,2,0,3,107,0,CARROLLTON,13,4,April,2010,3,Tuesday,17,35,0,5,4,25,35.40192500,-84.63583889,12,1,0,0,0,1,0
470236,47,TENNESSEE,TN,2,2,0,2,171,0,ALDORA,18,4,April,2010,1,Sunday,12,0,0,6,4,4,36.10164444,-82.48233333,12,1,0,0,0,1,0
470237,47,TENNESSEE,TN,1,1,0,1,1,0,AUTAUGA,19,4,April,2010,2,Monday,13,35,0,3,2,173,36.02556944,-84.08006944,43,1,0,0,0,1,0
470238,47,TENNESSEE,TN,1,1,0,2,11,0,BULLOCK,19,4,April,2010,2,Monday,5,10,1,11,1,169,35.33014722,-84.75939167,1,2,0,0,0,2,0
470239,47,TENNESSEE,TN,1,1,0,1,109,0,ANSLEY,19,4,April,2010,2,Monday,1,30,0,4,3,47,35.21195556,-88.39580833,23,2,0,0,0,1,0
470240,47,TENNESSEE,TN,1,1,0,1,17,0,CHAMBERS,17,4,April,2010,7,Saturday,13,12,0,4,3,262,36.14130556,-88.33141944,31,1,0,0,0,1,0
470241,47,TENNESSEE,TN,2,2,0,3,65,0,CYPRESS,18,4,April,2010,1,Sunday,15,22,0,14,2,226,35.07900556,-85.03461111,12,1,0,0,0,1,0
470242,47,TENNESSEE,TN,2,2,0,3,37,1760,BRADFORD,4,1,January,2010,2,Monday,9,25,1,11,1,214,36.14075000,-86.72643889,12,1,0,0,0,1,0
470243,47,TENNESSEE,TN,1,1,1,1,37,1760,BRADFORD,22,1,January,2010,6,Friday,11,30,0,14,6,5,36.17598889,-86.75717778,8,1,0,0,0,1,0
470244,47,TENNESSEE,TN,1,1,0,1,37,1760,BRADFORD,5,4,April,2010,2,Monday,14,18,0,14,3,14,36.11118611,-86.74888611,40,1,0,0,0,1,0
470245,47,TENNESSEE,TN,3,3,0,5,157,1620,ARCADE,18,4,April,2010,1,Sunday,18,27,1,11,1,61,35.07211944,-90.02521389,12,1,0,0,0,1,0
470246,47,TENNESSEE,TN,2,2,0,2,37,960,BRADFORD,19,3,March,2010,6,Friday,10,28,0,14,6,31,36.30863056,-86.70425000,12,1,0,0,0,1,0
470247,47,TENNESSEE,TN,1,1,0,1,73,0,ARGO,20,4,April,2010,3,Tuesday,16,45,0,4,3,157,36.40638056,-82.77131667,38,1,0,0,0,1,0
470248,47,TENNESSEE,TN,1,1,0,1,89,0,BROWNSBORO,20,4,April,2010,3,Tuesday,99,99,0,3,3,210,36.13811667,-83.52450278,42,1,0,0,0,1,0
470249,47,TENNESSEE,TN,5,5,0,5,63,1700,BOLIGEE,16,4,April,2010,6,Friday,15,44,0,15,6,1,36.19610833,-83.35381389,12,1,0,0,0,1,0
470250,47,TENNESSEE,TN,1,1,0,1,25,1065,BARLOW BEND,22,4,April,2010,5,Thursday,20,30,1,2,2,155,36.53536944,-83.62803889,32,2,0,0,0,1,0
470251,47,TENNESSEE,TN,1,1,0,2,125,0,BROOKWOOD,22,4,April,2010,5,Thursday,13,15,1,1,1,156,36.48145833,-87.15082778,1,1,0,0,0,1,0
470252,47,TENNESSEE,TN,1,1,0,1,65,0,CYPRESS,25,4,April,2010,1,Sunday,5,0,0,3,3,256,35.29418056,-84.96530000,35,2,0,0,0,1,1
470253,47,TENNESSEE,TN,1,1,0,2,19,0,CEDAR BLUFF,30,4,April,2010,6,Friday,18,21,0,3,2,36,36.35515833,-82.20662778,32,1,0,0,0,1,1
470254,47,TENNESSEE,TN,1,1,0,4,173,0,LAKELAND,7,4,April,2010,4,Wednesday,19,55,0,5,4,21,36.25447500,-83.71415833,30,5,0,0,0,1,1
470255,47,TENNESSEE,TN,1,1,0,2,123,0,ALEXANDER CITY,24,4,April,2010,7,Saturday,15,35,0,5,4,37,35.41422222,-84.27986667,17,1,0,0,0,1,0
470256,47,TENNESSEE,TN,1,1,0,1,157,1620,ARCADE,18,4,April,2010,1,Sunday,99,99,0,14,3,25,35.08120833,-89.65143056,23,9,0,0,0,1,1
470258,47,TENNESSEE,TN,1,1,0,1,179,1260,ALLENHURST,17,4,April,2010,7,Saturday,18,41,0,13,3,148,36.30757778,-82.51621111,31,1,0,0,0,1,0
470259,47,TENNESSEE,TN,1,1,0,2,93,1300,BEAR CREEK,27,4,April,2010,3,Tuesday,10,13,0,13,2,126,36.04677500,-83.92878889,30,1,0,0,0,1,0
470260,47,TENNESSEE,TN,1,1,0,1,73,0,ARGO,27,4,April,2010,3,Tuesday,21,15,0,6,4,7,36.56578056,-82.75258611,42,2,0,0,0,1,1
470261,47,TENNESSEE,TN,1,1,0,1,177,0,LEE,20,4,April,2010,3,Tuesday,15,0,0,3,3,60,35.62701389,-85.65884444,35,1,0,0,0,1,0
470262,47,TENNESSEE,TN,1,1,0,1,1,0,AUTAUGA,28,4,April,2010,4,Wednesday,11,17,1,1,1,55,36.18192222,-84.09485833,24,1,0,0,0,1,0
470263,47,TENNESSEE,TN,1,1,0,1,21,0,CHILTON,29,4,April,2010,5,Thursday,16,10,0,5,4,44,36.14302222,-86.99695556,42,1,0,0,0,1,0
470264,47,TENNESSEE,TN,1,1,0,2,151,1880,FLIPPEN,29,4,April,2010,5,Thursday,8,50,1,2,2,208,36.52851944,-84.49298611,24,1,0,0,0,1,0
470265,47,TENNESSEE,TN,2,1,0,1,185,0,ANAKTUVUK PASS,30,4,April,2010,6,Friday,13,0,0,6,4,0,35.91259444,-85.49160833,19,1,0,0,0,1,0
470266,47,TENNESSEE,TN,2,1,1,1,59,1010,FRANKLIN,24,4,April,2010,7,Saturday,4,30,1,13,2,132,36.17069722,-82.87576944,14,2,0,0,0,1,0
470267,47,TENNESSEE,TN,3,3,0,4,47,2270,BROWNS,1,5,May,2010,7,Saturday,21,20,1,2,2,113,35.23330833,-89.44296944,12,2,0,0,0,1,0
470268,47,TENNESSEE,TN,2,2,0,2,11,420,BULLOCK,4,5,May,2010,3,Tuesday,7,6,0,13,3,184,35.21352778,-84.88249722,12,1,0,0,0,1,0
470269,47,TENNESSEE,TN,1,1,0,1,111,0,GRAHAM,4,5,May,2010,3,Tuesday,12,12,0,2,3,25,36.53043333,-86.18208056,52,1,0,0,0,1,0
470270,47,TENNESSEE,TN,2,2,0,2,15,2610,ANNISTON,5,5,May,2010,4,Wednesday,14,50,0,4,3,4,35.83110556,-86.08569167,12,1,0,0,0,1,0
470271,47,TENNESSEE,TN,1,1,0,1,17,0,CHAMBERS,5,5,May,2010,4,Wednesday,11,48,1,2,3,187,36.07387778,-88.46586667,1,1,0,0,0,1,0
470272,47,TENNESSEE,TN,1,1,0,1,145,0,BALD KNOB,3,5,May,2010,2,Monday,17,25,0,6,4,1,35.88331389,-84.68643611,42,1,0,0,0,1,0