ST_CASE,STATE,State Name,State Abbreviation,# of Vehicle involved,VE_FORMS,Pedestrains,Total_Persons_in_accident,COUNTY,CITY,City_County_Name,Calendar_DAY,MONTH,Month_name,YEAR,DAY_WEEK,Day_Week_desc,HOUR,MINUTE,NHS_Desc,trafficway,Route,MILEPT,LATITUDE,LONGITUD,First_Crash_event,Light_cond_desc,Weather_condition,School_bus_involved,Crash_cause,FATALS,DRUNK_DR
480535,48,TEXAS,TX,1,1,0,2,215,2110,BIBB CITY,18,2,February,2010,5,Thursday,21,45,1,12,2,321,26.31080833,-98.14643611,1,3,0,0,0,1,1
480536,48,TEXAS,TX,1,1,0,1,339,1510,CONROE,14,4,April,2010,4,Wednesday,20,20,1,11,1,153,30.32675000,-95.47546111,1,2,0,0,0,1,0
480537,48,TEXAS,TX,1,1,0,1,121,3960,BON AIR,21,2,February,2010,1,Sunday,11,50,1,11,1,67,33.04390833,-97.00755000,24,1,0,0,0,1,0
480538,48,TEXAS,TX,2,2,0,2,121,0,BON AIR,26,2,February,2010,6,Friday,3,28,1,2,2,40,33.23877778,-97.32364167,12,2,0,0,0,1,1
480539,48,TEXAS,TX,1,1,1,1,245,490,AUGUSTA,27,2,February,2010,7,Saturday,12,53,0,16,5,0,30.09337222,-94.14473056,9,1,0,0,0,1,0
480540,48,TEXAS,TX,1,1,0,3,97,0,AXIS,2,3,March,2010,3,Tuesday,17,32,1,1,1,215,33.72391111,-97.16161944,25,1,0,0,0,1,1
480541,48,TEXAS,TX,3,3,0,3,257,6830,AVALON,2,3,March,2010,3,Tuesday,1,41,1,12,8,37,32.71885278,-96.31462500,12,3,0,0,0,1,1
480542,48,TEXAS,TX,2,2,0,4,491,3360,ANDERSON MILL,3,3,March,2010,4,Wednesday,21,42,0,14,8,17,30.53030833,-97.56470833,12,2,0,0,0,1,0
480543,48,TEXAS,TX,1,1,1,1,223,6670,BRASWELL,5,3,March,2010,6,Friday,6,22,0,15,8,1,33.13734167,-95.57309722,9,4,0,0,0,1,0
480544,48,TEXAS,TX,2,2,0,2,453,330,ANDERSON MILL,12,3,March,2010,6,Friday,14,37,1,13,8,144,30.43507778,-97.84043889,12,1,0,0,0,1,0
480545,48,TEXAS,TX,1,1,0,4,201,3280,ANNETTE,13,3,March,2010,7,Saturday,6,0,1,12,7,123,29.68353056,-95.53366389,52,4,0,0,0,1,1
480546,48,TEXAS,TX,2,2,0,5,201,3280,ANNETTE,14,3,March,2010,1,Sunday,0,47,0,16,5,0,29.70392500,-95.50881667,12,3,0,0,0,1,0
480547,48,TEXAS,TX,1,1,1,1,291,0,BLAIRSVILLE,16,3,March,2010,3,Tuesday,17,20,0,6,4,0,29.95927500,-94.97114167,8,1,0,0,0,1,0
480548,48,TEXAS,TX,2,2,0,4,27,0,ASHLAND,17,3,March,2010,4,Wednesday,16,58,0,4,8,148,30.99633333,-97.53397778,12,1,0,0,0,3,0
480549,48,TEXAS,TX,2,2,0,3,29,1512,BORDEN SPRINGS,19,3,March,2010,6,Friday,13,32,1,12,8,418,29.52809444,-98.29754722,12,1,0,0,0,1,0
480550,48,TEXAS,TX,1,1,1,1,201,3280,ANNETTE,22,3,March,2010,2,Monday,21,20,0,16,5,0,29.82286667,-95.60799722,8,3,0,0,0,1,0
480551,48,TEXAS,TX,3,3,0,3,381,150,AMARILLO,23,3,March,2010,3,Tuesday,7,59,0,16,5,0,35.14665000,-101.89307500,12,1,0,0,0,1,0
480552,48,TEXAS,TX,1,1,1,1,113,5730,COTTONTON,24,3,March,2010,4,Wednesday,20,4,0,16,5,0,32.93996111,-96.76404444,8,3,0,0,0,1,0
480553,48,TEXAS,TX,1,1,0,2,245,490,AUGUSTA,30,3,March,2010,3,Tuesday,16,48,1,12,7,3,30.13612222,-94.17123611,33,1,0,0,0,1,1
480554,48,TEXAS,TX,1,1,0,2,375,150,AMARILLO,31,3,March,2010,4,Wednesday,1,41,1,11,7,204,35.19297778,-101.80680556,1,3,0,0,0,1,1
480555,48,TEXAS,TX,4,2,0,11,325,0,CASTROVILLE,1,4,April,2010,5,Thursday,17,0,0,4,3,68,29.17359722,-98.87832778,12,1,0,0,0,2,0
480556,48,TEXAS,TX,4,4,0,6,91,1012,DAYTON,2,4,April,2010,6,Friday,15,12,0,3,3,69,29.79817500,-98.42508333,12,1,0,0,0,1,0
480557,48,TEXAS,TX,1,1,0,1,201,3280,ANNETTE,2,4,April,2010,6,Friday,20,22,1,11,1,92,29.61125278,-95.21031667,23,3,0,0,0,1,1
480558,48,TEXAS,TX,1,1,1,1,303,4140,DAVISBORO,2,4,April,2010,6,Friday,5,6,1,13,2,70,33.52711389,-101.80901389,8,2,0,0,0,1,0
480559,48,TEXAS,TX,1,1,0,1,453,330,ANDERSON MILL,6,4,April,2010,3,Tuesday,0,54,1,13,8,2,30.44198333,-97.66591667,46,3,0,0,0,1,1
480560,48,TEXAS,TX,2,2,0,2,99,0,BEATRICE,7,4,April,2010,4,Wednesday,20,50,0,3,3,116,31.51076389,-97.76978056,12,2,0,0,0,1,1
480561,48,TEXAS,TX,1,1,0,2,29,6090,BORDEN SPRINGS,8,4,April,2010,5,Thursday,1,42,0,16,5,0,29.47665556,-98.49926667,30,3,0,0,0,1,1
480562,48,TEXAS,TX,1,1,1,1,25,0,BARLOW BEND,10,4,April,2010,7,Saturday,21,50,1,2,7,85,28.43990278,-97.74888056,8,2,0,0,0,1,0
480563,48,TEXAS,TX,1,1,0,2,113,4530,COTTONTON,11,4,April,2010,1,Sunday,19,16,1,13,3,77,32.76769444,-96.62196111,59,3,0,0,0,1,0
480564,48,TEXAS,TX,1,1,0,2,157,0,ARCADE,11,4,April,2010,1,Sunday,2,0,1,13,8,58,29.55770556,-95.69190556,42,2,0,0,0,2,1
480565,48,TEXAS,TX,3,3,0,6,265,3670,CRAWFORDVILLE,12,4,April,2010,2,Monday,15,37,1,13,3,29,30.01596944,-99.11912500,12,1,0,0,0,4,0
480566,48,TEXAS,TX,2,2,0,2,135,5030,ASH FLAT,15,4,April,2010,5,Thursday,10,47,1,13,2,5,31.83884167,-102.36278056,12,1,0,0,0,1,0
480567,48,TEXAS,TX,1,1,0,1,29,6090,BORDEN SPRINGS,16,4,April,2010,6,Friday,1,27,1,12,8,63,29.59020278,-98.60553056,34,3,0,0,0,1,1
480568,48,TEXAS,TX,4,4,0,5,251,1370,DOVER,16,4,April,2010,6,Friday,10,34,1,12,2,129,32.32909444,-97.43866389,12,1,0,0,0,1,0
480569,48,TEXAS,TX,1,1,0,1,37,6850,BRADFORD,17,4,April,2010,7,Saturday,23,34,0,16,5,0,33.49788889,-94.10255556,3,3,0,0,0,1,1
480570,48,TEXAS,TX,3,3,0,3,157,0,ARCADE,17,4,April,2010,7,Saturday,7,40,1,13,3,29,29.60142222,-95.68476389,12,1,0,0,0,1,1
480571,48,TEXAS,TX,2,2,0,2,215,0,BIBB CITY,17,4,April,2010,7,Saturday,9,46,0,6,4,0,26.27257500,-98.34716111,12,1,0,0,0,1,0
480572,48,TEXAS,TX,2,2,0,5,455,0,APPLE SPRINGS,17,4,April,2010,7,Saturday,2,30,0,3,3,166,31.23416944,-94.95722778,12,2,0,0,0,1,2
480573,48,TEXAS,TX,2,2,0,7,133,0,ARLEY,18,4,April,2010,1,Sunday,11,30,1,1,1,163,32.37541389,-98.83623889,12,1,0,0,0,2,0
480574,48,TEXAS,TX,3,3,0,4,339,0,CONROE,18,4,April,2010,1,Sunday,11,8,0,15,8,230,30.20216389,-95.25530278,12,1,0,0,0,1,0
480575,48,TEXAS,TX,1,1,0,1,385,0,CAMP WOOD,18,4,April,2010,1,Sunday,13,5,0,4,8,287,29.72851389,-99.65475000,1,1,0,0,0,1,0
480576,48,TEXAS,TX,2,2,0,2,419,1270,CENTER,19,4,April,2010,2,Monday,14,29,0,16,5,0,31.79075000,-94.18328333,12,1,0,0,0,1,0
480577,48,TEXAS,TX,2,2,0,3,27,570,ASHLAND,23,4,April,2010,6,Friday,18,22,1,11,7,149,31.04736111,-97.46711667,1,1,0,0,0,1,0
480578,48,TEXAS,TX,1,1,0,1,201,0,ANNETTE,23,4,April,2010,6,Friday,2,35,0,3,8,3,30.06469167,-95.90695278,1,2,0,0,0,1,1
480579,48,TEXAS,TX,1,1,0,1,219,0,BISHOP,23,4,April,2010,6,Friday,17,2,0,4,3,105,33.60192778,-102.44033889,1,1,0,0,0,1,0
480580,48,TEXAS,TX,1,1,0,4,401,0,EASTON,23,4,April,2010,6,Friday,19,49,0,3,3,19,32.34621667,-94.57233056,32,2,0,0,0,1,0
480581,48,TEXAS,TX,1,1,0,1,201,0,ANNETTE,24,4,April,2010,7,Saturday,17,38,0,6,4,0,29.86645278,-95.07188611,1,1,0,0,0,1,0
480582,48,TEXAS,TX,1,1,0,5,203,0,BENSON,24,4,April,2010,7,Saturday,23,5,0,4,3,93,32.58030000,-94.26765556,43,2,0,0,0,1,1
480583,48,TEXAS,TX,1,1,0,1,215,7330,BIBB CITY,24,4,April,2010,7,Saturday,2,17,0,16,5,0,26.17094444,-98.00696389,33,3,0,0,0,1,1
480584,48,TEXAS,TX,1,1,0,2,245,490,AUGUSTA,24,4,April,2010,7,Saturday,1,39,0,16,5,0,30.07974722,-94.16505556,33,3,0,0,0,1,1
480585,48,TEXAS,TX,1,1,0,3,451,0,CARLSBAD,24,4,April,2010,7,Saturday,12,53,0,4,8,127,31.47109444,-100.36881944,42,1,0,0,0,1,0
480586,48,TEXAS,TX,1,1,0,1,113,1730,COTTONTON,25,4,April,2010,1,Sunday,1,58,0,16,5,0,32.63112500,-96.94320833,1,3,0,0,0,1,1
480587,48,TEXAS,TX,1,1,0,1,371,0,COYANOSA,25,4,April,2010,1,Sunday,21,25,1,1,1,245,30.86566944,-102.59376389,32,2,0,0,0,1,0
480588,48,TEXAS,TX,2,2,0,3,1,0,AUTAUGA,27,4,April,2010,3,Tuesday,17,26,0,5,8,27,31.87930556,-95.91364722,12,1,0,0,0,1,0
480589,48,TEXAS,TX,3,2,0,2,441,30,ABILENE,29,4,April,2010,5,Thursday,11,49,0,16,5,0,32.43460000,-99.74796389,12,1,0,0,0,1,0
480590,48,TEXAS,TX,6,1,0,2,113,4530,COTTONTON,29,4,April,2010,5,Thursday,0,26,0,16,5,0,32.75464167,-96.56944722,53,3,0,0,0,1,1
480591,48,TEXAS,TX,1,1,0,1,469,0,BLOOMINGTON,29,4,April,2010,5,Thursday,2,15,1,2,2,294,28.68339167,-96.81678889,1,2,0,0,0,1,0
480592,48,TEXAS,TX,1,1,1,2,201,3280,ANNETTE,30,4,April,2010,6,Friday,5,50,0,16,5,0,29.68176944,-95.27745278,8,1,0,0,0,1,0
480593,48,TEXAS,TX,2,2,0,4,439,260,ARLINGTON,30,4,April,2010,6,Friday,19,39,1,11,1,99999,32.67823333,-97.06374722,12,5,0,0,0,1,1
480594,48,TEXAS,TX,3,3,0,3,181,7130,LINCOLN,1,2,February,2010,2,Monday,21,10,1,2,2,272,33.46009722,-96.60992778,12,2,0,0,0,1,1
480595,48,TEXAS,TX,1,1,0,1,453,3541,ANDERSON MILL,31,3,March,2010,4,Wednesday,8,26,0,3,8,221,30.51688889,-97.90776389,52,9,0,0,0,1,0
480596,48,TEXAS,TX,1,1,0,1,491,6780,ANDERSON MILL,23,4,April,2010,6,Friday,2,41,0,14,8,125,30.57220000,-97.39995833,34,3,0,0,0,1,1
480597,48,TEXAS,TX,2,2,0,5,29,6090,BORDEN SPRINGS,25,4,April,2010,1,Sunday,3,2,1,13,8,43,29.35674722,-98.48879444,12,3,0,0,0,3,1
480598,48,TEXAS,TX,2,2,0,5,29,6090,BORDEN SPRINGS,1,5,May,2010,7,Saturday,3,5,1,11,1,181,29.51237500,-98.55285556,12,3,0,0,0,1,1
480599,48,TEXAS,TX,1,1,0,4,203,0,BENSON,1,5,May,2010,7,Saturday,12,20,0,4,3,53,32.67812500,-94.62355000,35,1,0,0,0,1,0
480600,48,TEXAS,TX,1,1,0,1,473,0,BROOKSHIRE,1,5,May,2010,7,Saturday,10,8,0,4,8,37,29.83543333,-96.03329722,1,1,0,0,0,1,0
480601,48,TEXAS,TX,1,1,1,2,201,0,ANNETTE,2,5,May,2010,1,Sunday,6,26,1,13,8,53,29.58869167,-95.42951667,8,2,0,0,0,1,0
480602,48,TEXAS,TX,1,1,0,2,209,0,AILEY,2,5,May,2010,1,Sunday,18,19,0,6,4,0,30.15076667,-98.05112778,1,1,0,0,0,1,1
480603,48,TEXAS,TX,1,1,0,1,309,0,ALAMO,2,5,May,2010,1,Sunday,99,99,0,4,8,22,31.80374444,-97.15599444,42,2,0,0,0,1,1
480604,48,TEXAS,TX,1,1,0,1,375,0,AMARILLO,2,5,May,2010,1,Sunday,6,56,1,2,2,230,35.44922500,-101.86706111,1,1,0,0,0,1,1
480605,48,TEXAS,TX,1,1,0,1,451,0,CARLSBAD,2,5,May,2010,1,Sunday,22,50,1,2,2,27,31.35450833,-100.43427222,42,2,0,0,0,1,1
480606,48,TEXAS,TX,1,1,0,1,503,0,ELIASVILLE,2,5,May,2010,1,Sunday,19,28,0,3,2,126,33.14502500,-98.46754167,30,1,0,0,0,1,0
480607,48,TEXAS,TX,2,2,0,2,27,0,ASHLAND,3,5,May,2010,2,Monday,4,55,1,1,1,56,30.92901111,-97.54262778,12,2,0,0,0,1,0
480608,48,TEXAS,TX,1,1,0,1,355,0,AGUA DULCE,3,5,May,2010,2,Monday,2,34,0,4,8,288,27.58492778,-97.62535833,1,2,0,0,0,1,1
480609,48,TEXAS,TX,1,1,0,1,441,0,ABILENE,3,5,May,2010,2,Monday,13,54,1,2,2,28,32.22571944,-99.76013611,43,1,0,0,0,1,0
480610,48,TEXAS,TX,3,3,0,6,397,0,DALLAS,5,5,May,2010,4,Wednesday,11,37,0,4,3,25,32.90455556,-96.37743611,12,1,0,0,0,1,0
480611,48,TEXAS,TX,2,2,0,2,15,0,ANNISTON,7,5,May,2010,6,Friday,12,47,1,2,3,126,29.69554722,-96.13356944,12,1,0,0,0,1,0
480612,48,TEXAS,TX,1,1,1,1,29,6090,BORDEN SPRINGS,7,5,May,2010,6,Friday,23,8,0,16,5,0,29.32798333,-98.50383611,8,3,0,0,0,1,0
480613,48,TEXAS,TX,1,1,1,2,99,1540,BEATRICE,7,5,May,2010,6,Friday,22,3,1,12,2,37,31.12010833,-97.89068333,8,3,0,0,0,1,0
480614,48,TEXAS,TX,1,1,0,4,317,0,DANBURG,7,5,May,2010,6,Friday,8,35,1,1,1,73,32.14156944,-101.79000278,1,1,0,0,0,1,0
480615,48,TEXAS,TX,1,1,0,1,361,0,BRIDGE CITY,7,5,May,2010,6,Friday,23,12,1,13,8,19,30.08758889,-93.99473056,34,2,0,0,0,1,1
480616,48,TEXAS,TX,1,1,0,2,401,0,EASTON,7,5,May,2010,6,Friday,19,18,0,6,4,0,32.30369167,-94.89859444,1,1,0,0,0,1,1
480618,48,TEXAS,TX,1,1,0,1,419,0,CENTER,7,5,May,2010,6,Friday,2,10,1,2,2,20,31.89122222,-94.42094444,1,2,0,0,0,1,0
480619,48,TEXAS,TX,1,1,0,4,309,0,ALAMO,8,5,May,2010,7,Saturday,13,13,0,5,8,56,31.58848056,-96.98678889,32,1,0,0,0,1,0
480620,48,TEXAS,TX,2,2,0,2,467,0,BEN WHEELER,8,5,May,2010,7,Saturday,4,10,1,1,1,76,32.60899444,-95.95406389,12,2,0,0,0,1,1
480621,48,TEXAS,TX,2,2,0,2,477,880,BRENHAM,8,5,May,2010,7,Saturday,19,1,1,13,2,167,30.14852222,-96.40886944,12,1,0,0,0,1,1
480622,48,TEXAS,TX,1,1,0,1,201,0,ANNETTE,9,5,May,2010,1,Sunday,2,10,1,13,8,42,29.96266944,-95.08542500,24,2,0,0,0,1,1
480623,48,TEXAS,TX,1,1,1,1,201,0,ANNETTE,10,5,May,2010,2,Monday,23,25,0,14,8,126,30.07328056,-95.55159444,8,2,0,0,0,1,0
480624,48,TEXAS,TX,1,1,0,1,83,0,ARDMORE,11,5,May,2010,3,Tuesday,11,45,0,6,4,0,32.04305833,-99.30698611,38,1,0,0,0,1,0
480625,48,TEXAS,TX,2,2,0,2,347,0,APPLEBY,13,5,May,2010,5,Thursday,8,36,1,2,2,86,31.75309722,-94.58205833,12,1,0,0,0,1,0
480626,48,TEXAS,TX,1,1,1,2,361,0,BRIDGE CITY,14,5,May,2010,6,Friday,2,55,1,11,1,129,30.11065000,-94.04713056,8,2,0,0,0,1,0
480627,48,TEXAS,TX,2,2,0,2,53,4310,ATMORE,17,5,May,2010,2,Monday,13,18,1,2,2,342,30.55590833,-98.27381944,12,1,0,0,0,1,0
480628,48,TEXAS,TX,4,4,0,4,201,3280,ANNETTE,5,2,February,2010,6,Friday,5,0,1,11,1,224,29.69341389,-95.32266944,12,3,0,0,0,1,1
480629,48,TEXAS,TX,1,1,0,2,303,4140,DAVISBORO,6,4,April,2010,3,Tuesday,9,42,0,16,5,0,33.51978333,-101.97908056,30,1,0,0,0,1,0
480630,48,TEXAS,TX,2,2,0,2,219,0,BISHOP,28,4,April,2010,4,Wednesday,21,47,1,2,2,18,33.80723889,-102.16734167,12,2,0,0,0,1,1
480631,48,TEXAS,TX,2,2,0,2,501,0,DENVER CITY,5,5,May,2010,4,Wednesday,5,10,0,4,8,120,33.05111111,-102.61208056,12,2,0,0,0,1,0
480632,48,TEXAS,TX,2,2,0,3,179,0,ALLENHURST,10,5,May,2010,2,Monday,9,10,0,3,3,251,35.51762778,-100.59305278,12,1,0,0,0,1,0
480633,48,TEXAS,TX,1,1,0,5,359,0,ADRIAN,10,5,May,2010,2,Monday,7,18,1,1,1,18,35.26907222,-102.72680278,1,4,0,0,0,2,0
480635,48,TEXAS,TX,2,2,0,4,369,0,BLACK,12,5,May,2010,4,Wednesday,7,58,0,6,4,0,34.31743333,-102.94946944,12,1,0,0,0,1,0
480636,48,TEXAS,TX,1,1,0,1,225,0,BYRON,13,5,May,2010,5,Thursday,14,50,0,4,2,109,31.41456389,-95.47456389,32,1,0,0,0,1,0
480637,48,TEXAS,TX,2,2,0,7,113,5730,COTTONTON,15,3,March,2010,2,Monday,19,33,0,16,5,0,32.94531944,-96.70240000,12,5,0,0,0,1,0
480638,48,TEXAS,TX,1,1,0,1,201,0,ANNETTE,3,4,April,2010,7,Saturday,1,53,0,6,4,0,29.98046667,-95.43671944,42,2,0,0,0,1,1
480639,48,TEXAS,TX,1,1,0,1,61,0,BELLWOOD,8,4,April,2010,5,Thursday,17,0,0,15,8,5,26.18925556,-97.57039444,43,2,0,0,0,1,1
480640,48,TEXAS,TX,1,1,2,1,41,970,BRANTLEY,4,1,January,2010,2,Monday,14,21,1,12,2,15,30.70082500,-96.35440000,8,1,0,0,0,2,0
480641,48,TEXAS,TX,1,1,0,2,423,7070,ARP,21,1,January,2010,5,Thursday,20,30,0,16,5,0,32.35617500,-95.26835278,30,3,0,0,0,1,1
480642,48,TEXAS,TX,1,1,0,1,29,0,BORDEN SPRINGS,4,2,February,2010,5,Thursday,10,33,0,6,4,0,29.73686667,-98.49289167,3,9,0,0,0,1,0
480643,48,TEXAS,TX,2,2,0,2,37,0,BRADFORD,24,3,March,2010,4,Wednesday,6,32,0,4,2,57,33.46461667,-94.32026667,12,2,0,0,0,1,0
480644,48,TEXAS,TX,2,2,0,3,29,6090,BORDEN SPRINGS,26,3,March,2010,6,Friday,15,14,0,16,5,0,29.42475833,-98.42495833,12,1,0,0,0,2,0
480645,48,TEXAS,TX,1,1,1,1,13,4181,BOLLING,4,4,April,2010,1,Sunday,5,12,0,4,3,28,29.23430278,-98.79305278,8,2,0,0,0,1,0
480646,48,TEXAS,TX,2,2,0,2,47,9997,BROWNS,7,4,April,2010,4,Wednesday,23,10,1,2,2,31,26.89007778,-98.13571944,12,3,0,0,0,1,0
480647,48,TEXAS,TX,2,2,0,4,439,260,ARLINGTON,26,4,April,2010,2,Monday,6,8,1,11,1,256,32.75970278,-97.12482222,12,3,0,0,0,1,0
480648,48,TEXAS,TX,1,1,0,1,291,0,BLAIRSVILLE,27,4,April,2010,3,Tuesday,8,1,0,4,8,120,30.41207778,-94.92590833,1,1,0,0,0,1,0
480649,48,TEXAS,TX,1,1,0,1,27,0,ASHLAND,28,4,April,2010,4,Wednesday,22,10,0,6,4,0,31.25595556,-97.29766944,32,2,0,0,0,1,1
480650,48,TEXAS,TX,1,1,0,1,187,4870,DAHLONEGA,30,4,April,2010,6,Friday,0,18,0,16,5,0,29.66607222,-98.11851111,1,3,0,0,0,1,0
480651,48,TEXAS,TX,2,2,0,3,329,4560,MIDLAND,30,4,April,2010,6,Friday,12,25,1,13,3,147,31.99404722,-102.07791944,12,1,0,0,0,2,0
480652,48,TEXAS,TX,1,1,0,3,299,3699,BEACH,1,5,May,2010,7,Saturday,19,7,0,16,5,0,30.64687222,-98.45061389,5,1,0,0,0,1,0
480653,48,TEXAS,TX,1,1,1,1,347,0,APPLEBY,2,5,May,2010,1,Sunday,7,0,0,14,3,24,31.60272222,-94.59351111,8,2,0,0,0,1,0
480654,48,TEXAS,TX,2,2,0,3,495,0,KERMIT,3,5,May,2010,2,Monday,8,5,0,3,3,256,31.89423889,-103.03970833,12,1,0,0,0,1,0
480655,48,TEXAS,TX,2,2,0,2,55,0,ATTALLA,7,5,May,2010,6,Friday,6,55,0,5,8,38,29.88028611,-97.60941111,12,4,0,0,0,1,0
480656,48,TEXAS,TX,2,2,0,2,453,0,ANDERSON MILL,10,5,May,2010,2,Monday,15,46,0,14,8,23,30.43735000,-97.48118056,12,1,0,0,0,1,0
480657,48,TEXAS,TX,1,1,0,3,355,0,AGUA DULCE,11,5,May,2010,3,Tuesday,8,15,0,4,8,93,27.64411111,-97.91358889,38,1,0,0,0,1,0
480658,48,TEXAS,TX,1,1,0,1,339,6884,CONROE,12,5,May,2010,4,Wednesday,0,15,1,11,7,37,30.15467222,-95.44939444,33,3,0,0,0,1,1
480659,48,TEXAS,TX,3,3,0,4,21,0,CHILTON,13,5,May,2010,5,Thursday,17,17,1,13,3,75,30.16959444,-97.19525000,12,1,0,0,0,2,0
480660,48,TEXAS,TX,1,1,0,1,61,0,BELLWOOD,13,5,May,2010,5,Thursday,14,30,0,4,8,18,26.31641389,-97.82303333,1,1,0,0,0,1,0
480661,48,TEXAS,TX,2,2,0,3,203,0,BENSON,13,5,May,2010,5,Thursday,7,30,0,6,4,0,32.59516667,-94.30209167,12,1,0,0,0,1,1
480663,48,TEXAS,TX,1,1,0,2,19,0,CEDAR BLUFF,15,5,May,2010,7,Saturday,10,28,0,4,8,199,29.68715833,-99.54900833,11,1,0,0,0,1,0
480664,48,TEXAS,TX,1,1,0,1,201,0,ANNETTE,15,5,May,2010,7,Saturday,0,5,0,6,4,0,29.86523611,-95.67680833,33,3,0,0,0,1,1
480665,48,TEXAS,TX,1,1,0,1,401,0,EASTON,15,5,May,2010,7,Saturday,15,0,1,2,2,78,32.05585278,-94.74119167,7,1,0,0,0,1,0
480666,48,TEXAS,TX,1,1,0,1,321,0,BRIDGEBORO,16,5,May,2010,1,Sunday,20,0,0,6,4,0,29.01285000,-95.98059722,1,5,0,0,0,1,1
480667,48,TEXAS,TX,1,1,0,2,215,5330,BIBB CITY,17,5,May,2010,2,Monday,14,10,1,12,7,278,26.20547500,-98.17513056,30,1,0,0,0,2,0
480668,48,TEXAS,TX,2,2,0,2,469,7190,BLOOMINGTON,17,5,May,2010,2,Monday,0,37,0,14,3,75,28.77199444,-96.98089444,12,3,0,0,0,1,1
480669,48,TEXAS,TX,2,2,0,2,459,0,BETTIE,18,5,May,2010,3,Tuesday,6,30,1,2,2,13,32.89875000,-94.95268889,12,1,0,0,0,1,0
480670,48,TEXAS,TX,1,1,1,1,113,3420,COTTONTON,19,5,May,2010,4,Wednesday,5,48,1,12,3,18,32.83690833,-97.02062222,8,4,0,0,0,1,0
480671,48,TEXAS,TX,1,1,0,1,1,0,AUTAUGA,22,5,May,2010,7,Saturday,7,45,0,4,8,240,32.01626389,-95.54013611,1,1,0,0,0,1,0
480672,48,TEXAS,TX,1,1,0,2,201,0,ANNETTE,22,5,May,2010,7,Saturday,1,40,1,13,8,73,29.99833611,-95.17301667,43,3,0,0,0,1,1
480673,48,TEXAS,TX,1,1,0,1,201,0,ANNETTE,22,5,May,2010,7,Saturday,3,10,0,6,4,0,30.01757222,-95.40128333,43,2,0,0,0,1,1
480674,48,TEXAS,TX,2,2,0,2,201,7286,ANNETTE,23,5,May,2010,1,Sunday,3,5,1,11,1,30,29.54332500,-95.14428889,12,2,0,0,0,1,1
480675,48,TEXAS,TX,2,2,0,2,469,0,BLOOMINGTON,23,5,May,2010,1,Sunday,17,8,1,2,2,60,28.92298611,-97.09955556,12,1,0,0,0,1,0
480676,48,TEXAS,TX,1,1,0,1,7,0,BIBB,29,5,May,2010,7,Saturday,10,39,0,4,8,119,28.00771111,-97.12723056,1,1,0,0,0,1,0
480677,48,TEXAS,TX,2,2,0,3,39,0,ANDALUSIA,13,1,January,2010,4,Wednesday,8,35,0,4,8,30,29.18645000,-95.49196111,12,1,0,0,0,2,0
480678,48,TEXAS,TX,2,2,0,3,201,0,ANNETTE,13,2,February,2010,7,Saturday,5,8,0,6,4,0,29.93806944,-95.46046389,12,3,0,0,0,2,1
480679,48,TEXAS,TX,1,1,0,1,141,0,BEE BRANCH,24,3,March,2010,4,Wednesday,22,40,0,6,4,0,31.72926111,-106.14844444,35,2,0,0,0,1,0
480680,48,TEXAS,TX,2,2,0,2,373,0,ACE,28,3,March,2010,1,Sunday,20,7,0,15,8,127,30.65993611,-94.97691389,11,2,0,0,0,1,0
480681,48,TEXAS,TX,2,2,0,6,233,0,ARAGON,30,3,March,2010,3,Tuesday,17,45,0,3,3,28,35.84314167,-101.57255278,12,1,0,0,0,3,0
480682,48,TEXAS,TX,2,2,0,2,355,5850,AGUA DULCE,30,3,March,2010,3,Tuesday,11,25,1,12,2,11,27.81256667,-97.63839444,24,1,0,0,0,1,0
480683,48,TEXAS,TX,1,1,0,2,29,6090,BORDEN SPRINGS,3,4,April,2010,7,Saturday,20,29,0,16,5,0,29.30922778,-98.54968056,1,2,0,0,0,1,1
480684,48,TEXAS,TX,1,1,0,1,143,0,CANEHILL,3,4,April,2010,7,Saturday,3,46,0,6,4,0,32.40074444,-98.03890278,1,2,0,0,0,1,0
480685,48,TEXAS,TX,2,2,0,3,201,6970,ANNETTE,6,4,April,2010,3,Tuesday,12,12,0,14,8,69,30.08940833,-95.63814167,12,1,0,0,0,2,0
480686,48,TEXAS,TX,2,2,0,3,395,0,BREMOND,7,4,April,2010,4,Wednesday,12,35,0,3,3,3,31.27782222,-96.47227222,12,1,0,0,0,1,0
480687,48,TEXAS,TX,2,2,0,5,183,4080,FORT STEWART,10,4,April,2010,7,Saturday,22,22,0,16,5,0,32.46149722,-94.71636389,12,3,0,0,0,1,1
480688,48,TEXAS,TX,1,1,0,1,113,1730,COTTONTON,15,4,April,2010,5,Thursday,1,49,1,11,1,174,32.79451111,-96.81457500,24,3,0,0,0,1,1
480689,48,TEXAS,TX,1,1,0,2,201,3280,ANNETTE,17,4,April,2010,7,Saturday,19,40,1,12,3,5,29.73421667,-95.37150000,24,1,0,0,0,1,1
480690,48,TEXAS,TX,1,1,1,1,201,3280,ANNETTE,22,4,April,2010,5,Thursday,10,40,0,16,5,0,29.75910556,-95.36461111,8,1,0,0,0,1,0
480692,48,TEXAS,TX,1,1,0,1,265,0,CRAWFORDVILLE,29,4,April,2010,5,Thursday,19,10,0,4,8,120,30.06226111,-99.44704167,1,1,0,0,0,1,0
480693,48,TEXAS,TX,3,3,0,6,215,0,BIBB CITY,1,5,May,2010,7,Saturday,13,17,0,6,4,0,26.31363056,-98.09491944,12,1,0,0,0,1,0
480694,48,TEXAS,TX,1,1,1,1,113,2590,COTTONTON,2,5,May,2010,1,Sunday,6,54,1,11,1,109,32.85788333,-96.65209444,8,4,0,0,0,1,0
480695,48,TEXAS,TX,2,2,1,1,201,0,ANNETTE,4,5,May,2010,3,Tuesday,19,40,0,6,4,0,29.91325278,-95.44114444,12,1,0,0,0,1,0