ST_CASE,STATE,State Name,State Abbreviation,# of Vehicle involved,VE_FORMS,Pedestrains,Total_Persons_in_accident,COUNTY,CITY,City_County_Name,Calendar_DAY,MONTH,Month_name,YEAR,DAY_WEEK,Day_Week_desc,HOUR,MINUTE,NHS_Desc,trafficway,Route,MILEPT,LATITUDE,LONGITUD,First_Crash_event,Light_cond_desc,Weather_condition,School_bus_involved,Crash_cause,FATALS,DRUNK_DR
481179,48,TEXAS,TX,2,2,0,2,29,6090,BORDEN SPRINGS,17,6,June,2010,5,Thursday,23,39,0,16,5,0,29.44447222,-98.47627222,12,3,0,0,0,1,1
481180,48,TEXAS,TX,7,7,0,13,29,6090,BORDEN SPRINGS,18,6,June,2010,6,Friday,16,0,0,3,3,66,29.27255000,-98.57378889,12,1,0,0,0,2,0
481181,48,TEXAS,TX,1,1,0,2,29,6090,BORDEN SPRINGS,19,6,June,2010,7,Saturday,20,45,1,11,1,143,29.54951111,-98.58495833,25,3,0,0,0,2,1
481182,48,TEXAS,TX,2,2,0,6,121,1645,BON AIR,19,6,June,2010,7,Saturday,14,42,1,2,2,243,33.22384444,-96.97625278,12,1,0,0,0,1,0
481183,48,TEXAS,TX,1,1,0,2,123,0,ALEXANDER CITY,19,6,June,2010,7,Saturday,23,25,1,2,2,121,29.08463889,-97.35543333,1,2,0,0,0,2,1
481184,48,TEXAS,TX,2,2,0,4,113,1730,COTTONTON,20,6,June,2010,1,Sunday,5,21,1,11,1,84,32.79448889,-96.72483333,12,3,0,0,0,1,1
481185,48,TEXAS,TX,2,2,0,2,379,0,EAST TAWAKONI,21,6,June,2010,2,Monday,1,53,0,3,3,28,32.83791389,-95.78395833,12,2,0,0,0,1,0
481186,48,TEXAS,TX,2,2,0,2,29,6090,BORDEN SPRINGS,23,6,June,2010,4,Wednesday,1,12,1,12,2,73,29.63075278,-98.45973056,12,3,0,0,0,1,2
481187,48,TEXAS,TX,1,1,0,2,97,0,AXIS,24,6,June,2010,5,Thursday,22,10,0,4,8,85,33.59395833,-97.08223333,31,2,0,0,0,1,1
481188,48,TEXAS,TX,2,2,0,4,113,3420,COTTONTON,26,6,June,2010,7,Saturday,0,45,1,12,3,29,32.83692778,-96.99079722,12,3,0,0,0,1,1
481189,48,TEXAS,TX,2,2,0,7,287,0,ASHBURN,26,6,June,2010,7,Saturday,17,3,1,2,3,155,30.34643333,-96.89784167,12,1,0,0,0,1,0
481190,48,TEXAS,TX,1,1,0,5,121,1645,BON AIR,27,6,June,2010,1,Sunday,2,31,0,3,2,7,33.23756944,-97.02411667,1,2,0,0,0,1,1
481191,48,TEXAS,TX,2,2,0,2,27,3690,ASHLAND,28,6,June,2010,2,Monday,17,23,0,16,5,0,31.10893333,-97.66799444,12,1,0,0,0,1,1
481192,48,TEXAS,TX,1,1,1,1,453,330,ANDERSON MILL,28,6,June,2010,2,Monday,9,40,1,11,1,140,30.21693611,-97.75121389,9,1,0,0,0,1,0
481194,48,TEXAS,TX,1,1,0,1,201,7286,ANNETTE,2,7,July,2010,6,Friday,20,10,9,99,3,99999,29.53085000,-95.10964167,25,1,0,0,0,1,1
481195,48,TEXAS,TX,2,2,0,3,299,0,BEACH,2,7,July,2010,6,Friday,9,25,0,3,3,256,30.51298889,-98.37471389,24,1,0,0,0,1,0
481196,48,TEXAS,TX,1,1,0,3,135,5030,ASH FLAT,3,7,July,2010,7,Saturday,1,2,0,3,2,209,31.86558611,-102.37933889,30,3,0,0,0,1,0
481197,48,TEXAS,TX,2,2,0,4,201,3280,ANNETTE,3,7,July,2010,7,Saturday,23,46,0,16,5,0,29.61394722,-95.40939444,12,3,0,0,0,2,1
481198,48,TEXAS,TX,1,1,0,1,113,2800,COTTONTON,4,7,July,2010,1,Sunday,0,58,0,16,5,0,32.74826389,-97.01693889,33,3,0,0,0,1,1
481199,48,TEXAS,TX,1,1,0,2,485,7490,BURKBURNETT,4,7,July,2010,1,Sunday,1,34,1,12,2,295,33.89138333,-98.51047778,42,3,0,0,0,1,1
481200,48,TEXAS,TX,1,1,0,6,61,0,BELLWOOD,9,7,July,2010,6,Friday,21,20,0,3,3,103,26.01255278,-97.28108056,11,2,0,0,0,1,0
481201,48,TEXAS,TX,1,1,0,2,201,3280,ANNETTE,9,7,July,2010,6,Friday,21,40,0,16,5,0,29.78318889,-95.30339167,39,3,0,0,0,1,1
481202,48,TEXAS,TX,1,1,0,1,259,0,CHARLES,9,7,July,2010,6,Friday,11,5,0,6,4,0,29.73479444,-98.70606389,42,1,0,0,0,1,0
481203,48,TEXAS,TX,2,2,0,2,29,1209,BORDEN SPRINGS,10,7,July,2010,7,Saturday,1,14,1,11,1,186,29.51725278,-98.52556111,12,3,0,0,0,1,1
481204,48,TEXAS,TX,1,1,0,4,261,0,ALAGANIK,11,7,July,2010,1,Sunday,16,16,1,2,2,240,26.92760000,-97.79152222,1,1,0,0,0,1,0
481205,48,TEXAS,TX,2,2,0,3,201,3280,ANNETTE,14,7,July,2010,4,Wednesday,18,5,1,12,7,40,29.60604167,-95.47646944,12,1,0,0,0,1,0
481206,48,TEXAS,TX,2,2,0,2,55,0,ATTALLA,15,7,July,2010,5,Thursday,0,1,1,2,2,68,29.94190833,-97.67255000,12,2,0,0,0,1,1
481207,48,TEXAS,TX,6,6,0,14,325,3250,CASTROVILLE,15,7,July,2010,5,Thursday,10,3,1,2,2,60,29.34833611,-99.12719167,12,1,0,0,0,1,1
481208,48,TEXAS,TX,1,1,0,5,423,0,ARP,15,7,July,2010,5,Thursday,14,0,0,4,8,62,32.37646944,-95.16969444,42,1,0,0,0,1,0
481209,48,TEXAS,TX,3,3,0,5,473,0,BROOKSHIRE,15,7,July,2010,5,Thursday,18,15,1,2,2,64,30.11639167,-96.08387222,12,1,0,0,0,1,0
481210,48,TEXAS,TX,2,2,0,4,77,0,ANDERSON,17,7,July,2010,7,Saturday,18,18,1,2,2,16,33.88088889,-98.40971389,12,1,0,0,0,1,1
481211,48,TEXAS,TX,1,1,0,6,201,3280,ANNETTE,17,7,July,2010,7,Saturday,15,25,1,12,7,104,29.71072500,-95.50652778,31,1,0,0,0,1,0
481212,48,TEXAS,TX,1,1,0,3,201,3280,ANNETTE,17,7,July,2010,7,Saturday,2,30,1,11,1,61,29.78493889,-95.71391944,43,3,0,0,0,1,1
481213,48,TEXAS,TX,2,2,0,5,309,0,ALAMO,17,7,July,2010,7,Saturday,22,39,1,2,3,112,31.67909444,-96.96890556,12,2,0,0,0,1,1
481214,48,TEXAS,TX,1,1,0,1,149,0,BELLEVILLE,18,7,July,2010,1,Sunday,6,56,0,6,4,0,29.67350278,-97.08302778,24,2,0,0,0,1,1
481215,48,TEXAS,TX,1,1,0,1,149,0,BELLEVILLE,18,7,July,2010,1,Sunday,6,56,0,6,4,0,29.67351389,-97.08302500,1,2,0,0,0,1,1
481216,48,TEXAS,TX,2,2,0,2,145,0,BALD KNOB,20,7,July,2010,3,Tuesday,12,30,0,3,2,62,31.28787778,-97.08073056,12,1,0,0,0,2,0
481217,48,TEXAS,TX,2,2,0,2,285,0,GABBETTVILLE,20,7,July,2010,3,Tuesday,13,16,0,3,2,187,29.18676667,-96.98470833,12,1,0,0,0,1,0
481218,48,TEXAS,TX,1,1,0,1,381,0,AMARILLO,20,7,July,2010,3,Tuesday,14,0,1,1,1,55,35.07234722,-101.91928611,23,1,0,0,0,1,1
481219,48,TEXAS,TX,2,2,0,2,105,0,MARION,22,7,July,2010,5,Thursday,7,45,1,1,1,106,30.73977500,-101.65982500,12,1,0,0,0,1,0
481220,48,TEXAS,TX,2,2,0,4,409,5450,ARANSAS PASS,22,7,July,2010,5,Thursday,17,23,1,12,2,258,27.89162222,-97.31156111,12,1,0,0,0,1,1
481221,48,TEXAS,TX,2,2,0,4,27,0,ASHLAND,23,7,July,2010,6,Friday,7,45,0,5,3,152,31.07022222,-97.26163611,12,1,0,0,0,1,0
481222,48,TEXAS,TX,1,1,1,1,27,3690,ASHLAND,23,7,July,2010,6,Friday,22,17,1,13,8,73,31.11970833,-97.73884167,8,3,0,0,0,1,1
481223,48,TEXAS,TX,2,2,0,2,53,0,ATMORE,23,7,July,2010,6,Friday,7,34,1,2,3,64,30.49743889,-98.26117500,12,1,0,0,0,2,0
481224,48,TEXAS,TX,2,2,0,4,55,0,ATTALLA,23,7,July,2010,6,Friday,0,33,0,5,8,93,29.92370000,-97.53155833,12,2,0,0,0,2,1
481225,48,TEXAS,TX,1,1,0,1,87,0,ARMSTRONG,23,7,July,2010,6,Friday,15,18,0,4,8,34,34.84963333,-100.35375000,32,1,0,0,0,1,1
481226,48,TEXAS,TX,2,2,0,2,197,1310,BUENA VISTA,23,7,July,2010,6,Friday,11,5,0,4,8,72,34.24854722,-99.51602222,12,1,0,0,0,1,0
481227,48,TEXAS,TX,2,2,0,2,351,0,BLEAKWOOD,23,7,July,2010,6,Friday,11,34,0,4,3,244,30.99214167,-93.66604444,12,1,0,0,0,2,0
481228,48,TEXAS,TX,2,2,0,5,439,260,ARLINGTON,23,7,July,2010,6,Friday,21,28,0,16,5,0,32.71037500,-97.10618056,12,3,0,0,0,1,0
481229,48,TEXAS,TX,2,2,0,2,27,3690,ASHLAND,24,7,July,2010,7,Saturday,3,15,0,3,8,155,31.11082222,-97.64871667,12,2,0,0,0,1,1
481230,48,TEXAS,TX,2,2,0,7,325,0,CASTROVILLE,24,7,July,2010,7,Saturday,15,50,0,4,8,106,29.47804722,-98.85858611,12,1,0,0,0,1,0
481231,48,TEXAS,TX,1,1,0,1,329,0,MIDLAND,21,4,April,2010,4,Wednesday,9,43,1,13,7,47,31.92126944,-102.21878056,21,1,0,0,0,1,0
481232,48,TEXAS,TX,1,1,0,1,215,0,BIBB CITY,10,5,May,2010,2,Monday,15,0,0,6,4,0,26.33876944,-98.36792500,35,1,0,0,0,1,1
481233,48,TEXAS,TX,1,1,0,3,475,0,BARSTOW,28,5,May,2010,6,Friday,4,20,1,1,1,277,31.57100278,-102.96020278,1,2,0,0,0,1,0
481234,48,TEXAS,TX,2,2,0,3,165,0,HERNDON,2,6,June,2010,4,Wednesday,14,32,0,4,3,104,32.91526111,-102.39918611,12,1,0,0,0,2,0
481236,48,TEXAS,TX,1,1,0,1,453,330,ANDERSON MILL,11,6,June,2010,6,Friday,2,18,1,13,8,17,30.32061944,-97.71585556,33,3,0,0,0,1,1
481237,48,TEXAS,TX,1,1,1,1,453,330,ANDERSON MILL,15,6,June,2010,3,Tuesday,21,36,0,16,5,0,30.34578611,-97.67748056,9,3,0,0,0,1,0
481238,48,TEXAS,TX,3,3,0,8,159,0,FARRAR,19,6,June,2010,7,Saturday,13,6,1,1,1,95,33.16166944,-95.14669722,1,1,0,0,0,1,0
481239,48,TEXAS,TX,2,2,0,3,135,0,ASH FLAT,21,6,June,2010,2,Monday,19,10,0,14,8,60,31.84896667,-102.46660833,12,1,0,0,0,1,0
481240,48,TEXAS,TX,2,2,0,3,403,0,BRONSON,29,7,July,2010,5,Thursday,5,51,1,2,2,75,31.25843056,-93.98803611,12,2,0,0,0,2,0
481241,48,TEXAS,TX,1,1,0,1,61,940,BELLWOOD,30,7,July,2010,6,Friday,8,43,0,16,5,0,25.89528611,-97.41685556,38,1,0,0,0,1,0
481243,48,TEXAS,TX,1,1,0,2,201,0,ANNETTE,30,7,July,2010,6,Friday,3,10,1,12,2,83,29.88619167,-95.32056944,24,3,0,0,0,2,0
481244,48,TEXAS,TX,1,1,0,1,183,0,FORT STEWART,31,7,July,2010,7,Saturday,6,25,0,6,4,0,32.37811111,-94.63002222,35,4,0,0,0,1,0
481245,48,TEXAS,TX,3,3,0,4,407,6344,COLDSPRING,31,7,July,2010,7,Saturday,11,35,1,2,2,73,30.47450278,-95.01159444,50,1,0,0,0,2,1
481246,48,TEXAS,TX,1,1,0,3,419,0,CENTER,31,7,July,2010,7,Saturday,21,40,0,4,8,10,31.70514167,-93.91150833,34,2,0,0,0,1,1
481247,48,TEXAS,TX,1,1,0,1,303,4140,DAVISBORO,8,2,February,2010,2,Monday,15,27,0,16,5,0,33.60560278,-101.83602222,21,1,0,0,0,1,0
481248,48,TEXAS,TX,1,1,0,5,201,3280,ANNETTE,15,3,March,2010,2,Monday,14,51,0,16,5,0,29.66316111,-95.42121667,1,1,0,0,0,1,0
481249,48,TEXAS,TX,2,2,0,5,289,0,ALLENTOWN,15,3,March,2010,2,Monday,15,16,1,1,1,165,31.32021389,-96.00506111,12,1,0,0,0,2,0
481250,48,TEXAS,TX,8,8,1,5,439,260,ARLINGTON,21,3,March,2010,1,Sunday,5,59,1,11,1,242,32.76009167,-97.14719167,12,3,0,0,0,1,0
481251,48,TEXAS,TX,1,1,0,2,355,1550,AGUA DULCE,25,4,April,2010,1,Sunday,2,31,1,12,3,31,27.82373333,-97.39026944,25,3,0,0,0,1,0
481252,48,TEXAS,TX,1,1,0,1,439,2450,ARLINGTON,10,5,May,2010,2,Monday,14,43,1,11,1,146,32.75956111,-97.21175278,24,1,0,0,0,1,0
481253,48,TEXAS,TX,1,1,0,1,201,480,ANNETTE,14,5,May,2010,6,Friday,0,43,1,11,7,522,29.80787500,-94.96759722,33,2,0,0,0,1,1
481255,48,TEXAS,TX,1,1,1,1,141,1150,BEE BRANCH,18,5,May,2010,3,Tuesday,21,30,1,13,8,5,31.90836389,-106.59356111,8,2,0,0,0,1,0
481256,48,TEXAS,TX,1,1,1,1,201,3280,ANNETTE,18,5,May,2010,3,Tuesday,23,45,1,13,3,136,29.73984167,-95.64418333,8,3,0,0,0,1,0
481257,48,TEXAS,TX,3,3,0,6,55,9997,ATTALLA,1,6,June,2010,3,Tuesday,5,50,1,2,2,1,30.02733889,-97.68875556,12,4,0,0,0,1,0
481258,48,TEXAS,TX,1,1,1,4,357,5300,BOOKER,4,6,June,2010,6,Friday,13,49,0,16,5,0,36.39670000,-100.78414444,8,1,0,0,0,1,0
481259,48,TEXAS,TX,3,3,0,3,491,5990,ANDERSON MILL,5,6,June,2010,7,Saturday,1,0,1,11,1,15,30.50058056,-97.68170278,12,3,0,0,0,1,0
481260,48,TEXAS,TX,1,1,0,2,463,0,CLINE,6,6,June,2010,1,Sunday,19,49,0,4,8,16,29.29598056,-99.46302778,1,1,0,0,0,1,1
481261,48,TEXAS,TX,1,1,1,1,29,0,BORDEN SPRINGS,18,6,June,2010,6,Friday,21,1,1,2,2,127,29.28719722,-98.34862222,9,2,0,0,0,1,0
481262,48,TEXAS,TX,1,1,1,3,113,6260,COTTONTON,19,6,June,2010,7,Saturday,22,14,1,12,2,124,32.66306389,-96.57577778,8,2,0,0,0,1,0
481263,48,TEXAS,TX,1,1,0,1,283,0,SOPERTON,29,6,June,2010,3,Tuesday,0,10,0,4,8,92,28.20196667,-98.88321111,1,2,0,0,0,1,1
481264,48,TEXAS,TX,2,2,0,5,283,0,SOPERTON,3,7,July,2010,7,Saturday,9,20,1,1,1,274,28.13116944,-99.32668333,12,1,0,0,0,3,0
481265,48,TEXAS,TX,1,1,1,1,215,4197,BIBB CITY,8,7,July,2010,5,Thursday,13,25,1,13,3,78,26.19608056,-98.23129444,8,1,2,0,0,1,0
481266,48,TEXAS,TX,1,1,0,1,215,3165,BIBB CITY,10,7,July,2010,7,Saturday,5,55,1,13,3,141,26.10938333,-98.24615000,42,3,0,0,0,1,1
481267,48,TEXAS,TX,2,2,0,2,489,0,LASARA,12,7,July,2010,2,Monday,5,22,1,2,2,155,26.51321389,-97.77298333,12,3,0,0,0,1,0
481268,48,TEXAS,TX,2,2,0,3,401,3120,EASTON,18,7,July,2010,1,Sunday,0,30,0,14,3,24,32.18304167,-94.77053056,12,2,0,0,0,1,1
481269,48,TEXAS,TX,1,1,0,3,475,0,BARSTOW,19,6,June,2010,7,Saturday,12,46,1,1,1,177,31.52950278,-103.12423056,1,1,0,0,0,1,0
481270,48,TEXAS,TX,2,2,0,3,135,0,ASH FLAT,21,6,June,2010,2,Monday,22,49,1,13,8,146,31.88361111,-102.29167778,12,2,0,0,0,2,1
481271,48,TEXAS,TX,1,1,0,1,33,0,CHEROKEE,22,6,June,2010,3,Tuesday,22,3,0,4,8,25,32.94740000,-101.66653611,1,2,0,0,0,1,0
481272,48,TEXAS,TX,2,2,0,3,289,0,ALLENTOWN,29,6,June,2010,3,Tuesday,16,52,0,4,8,117,31.39900556,-96.20937778,12,1,0,0,0,1,0
481273,48,TEXAS,TX,1,1,0,1,389,5280,BALMORHEA,11,4,April,2010,1,Sunday,2,15,1,11,7,469,31.39776111,-103.51741667,24,2,0,0,0,1,0
481274,48,TEXAS,TX,2,2,0,2,201,3280,ANNETTE,22,5,May,2010,7,Saturday,20,18,0,16,5,0,29.62643056,-95.19312778,12,3,0,0,0,1,1
481275,48,TEXAS,TX,1,1,0,1,201,3280,ANNETTE,26,5,May,2010,4,Wednesday,23,40,1,11,1,99999,29.67827500,-95.43155833,25,3,0,0,0,1,1
481276,48,TEXAS,TX,1,1,1,1,423,0,ARP,31,5,May,2010,2,Monday,1,0,0,3,3,276,32.37662778,-94.99191389,8,2,0,0,0,1,0
481277,48,TEXAS,TX,1,1,0,6,459,0,BETTIE,3,6,June,2010,5,Thursday,19,3,0,3,2,39,32.85702222,-94.73287500,1,1,0,0,0,1,0
481278,48,TEXAS,TX,1,1,0,3,73,0,ARGO,29,6,June,2010,3,Tuesday,12,40,0,3,3,30,31.82365000,-94.94669722,35,1,0,0,0,1,0
481279,48,TEXAS,TX,2,1,0,3,201,3280,ANNETTE,31,7,July,2010,7,Saturday,6,10,1,11,1,66,29.73939444,-95.45825278,14,4,0,0,0,1,1
481280,48,TEXAS,TX,1,1,0,9,57,0,BANKSTON,1,8,August,2010,1,Sunday,6,28,1,2,3,44,28.56170000,-96.72792500,1,1,0,0,0,1,0
481281,48,TEXAS,TX,1,1,0,2,113,2590,COTTONTON,1,8,August,2010,1,Sunday,0,13,0,16,5,0,32.93071389,-96.64923889,33,3,0,0,0,1,1
481282,48,TEXAS,TX,2,2,0,2,167,6171,ADRIAN,1,8,August,2010,1,Sunday,15,46,0,14,8,179,29.48936667,-94.95826667,12,1,0,0,0,1,1
481283,48,TEXAS,TX,2,2,0,5,487,0,HARROLD,1,8,August,2010,1,Sunday,5,40,1,2,2,246,34.11351111,-99.10423333,12,2,0,0,0,5,1
481284,48,TEXAS,TX,3,3,0,4,73,0,ARGO,2,8,August,2010,2,Monday,12,0,1,2,2,51,32.09090000,-95.28923056,12,1,0,0,0,1,0
481285,48,TEXAS,TX,1,1,0,1,113,4530,COTTONTON,2,8,August,2010,2,Monday,4,45,1,11,1,245,32.82411111,-96.62949722,39,3,0,0,0,1,1
481286,48,TEXAS,TX,2,2,0,3,157,0,ARCADE,2,8,August,2010,2,Monday,0,45,0,4,8,64,29.54500833,-95.74469167,12,3,0,0,0,1,1
481287,48,TEXAS,TX,2,1,0,2,173,0,LAKELAND,3,8,August,2010,3,Tuesday,5,20,0,4,8,231,31.75909167,-101.46666667,14,2,0,0,0,1,0
481288,48,TEXAS,TX,2,2,1,2,201,3280,ANNETTE,3,8,August,2010,3,Tuesday,5,21,1,11,1,299,29.84165000,-95.39021389,8,3,0,0,0,1,0
481289,48,TEXAS,TX,2,2,0,2,211,0,APALACHEE,3,8,August,2010,3,Tuesday,21,26,1,2,2,169,35.94355278,-100.37039722,12,3,0,0,0,1,0
481290,48,TEXAS,TX,2,2,0,2,223,6670,BRASWELL,3,8,August,2010,3,Tuesday,9,29,0,15,8,9,33.11032500,-95.61295278,12,1,0,0,0,1,0
481291,48,TEXAS,TX,1,1,0,1,339,0,CONROE,3,8,August,2010,3,Tuesday,18,1,0,6,4,0,30.31403333,-95.20817222,38,1,0,0,0,1,0
481292,48,TEXAS,TX,1,1,0,1,439,2255,ARLINGTON,3,8,August,2010,3,Tuesday,3,21,0,16,5,0,32.82167222,-97.11951944,53,2,0,0,0,1,1
481293,48,TEXAS,TX,1,1,1,1,491,2620,ANDERSON MILL,3,8,August,2010,3,Tuesday,21,8,1,13,3,102,30.63281111,-97.70882222,8,2,0,0,0,1,0
481294,48,TEXAS,TX,1,1,2,1,61,3030,BELLWOOD,4,8,August,2010,4,Wednesday,23,49,1,13,8,64,26.17685000,-97.76310000,8,2,0,0,0,1,0
481295,48,TEXAS,TX,2,2,0,3,113,1730,COTTONTON,4,8,August,2010,4,Wednesday,16,13,0,16,5,0,32.77438611,-96.76861389,12,1,0,0,0,1,1
481296,48,TEXAS,TX,2,1,1,1,217,0,COVINGTON,4,8,August,2010,4,Wednesday,7,51,1,1,1,66,31.93055278,-97.10366944,14,1,0,0,0,1,1
481297,48,TEXAS,TX,1,1,0,2,439,260,ARLINGTON,4,8,August,2010,4,Wednesday,5,36,0,16,5,0,32.76372222,-97.10902500,5,3,0,0,0,1,0
481298,48,TEXAS,TX,2,2,0,2,139,7270,CALION,5,8,August,2010,5,Thursday,19,5,0,14,8,23,32.42181111,-96.89320833,12,1,0,0,0,1,0
481299,48,TEXAS,TX,2,2,0,2,201,0,ANNETTE,5,8,August,2010,5,Thursday,21,0,0,6,4,0,29.92476667,-95.19945278,12,2,0,0,0,1,0
481300,48,TEXAS,TX,2,2,0,2,203,4360,BENSON,5,8,August,2010,5,Thursday,9,41,0,15,8,107,32.57009444,-94.38352778,12,1,0,0,0,1,0
481301,48,TEXAS,TX,2,2,0,4,251,1370,DOVER,5,8,August,2010,5,Thursday,10,5,1,13,3,178,32.37783056,-97.40424167,12,1,0,0,0,1,0
481302,48,TEXAS,TX,1,1,1,1,201,3280,ANNETTE,6,8,August,2010,6,Friday,0,31,0,16,5,0,29.67765000,-95.35586389,33,3,0,0,0,1,0
481303,48,TEXAS,TX,2,2,0,3,329,4560,MIDLAND,6,8,August,2010,6,Friday,12,19,1,11,1,115,31.96096111,-102.11941111,1,1,0,0,0,1,0
481304,48,TEXAS,TX,2,2,0,6,181,1830,LINCOLN,7,8,August,2010,7,Saturday,18,55,1,12,2,69,33.76788056,-96.58502500,12,1,0,0,0,1,0
481305,48,TEXAS,TX,2,2,0,4,201,5230,ANNETTE,7,8,August,2010,7,Saturday,23,42,0,16,5,0,29.66501111,-95.19788611,12,2,0,0,0,2,0
481306,48,TEXAS,TX,1,1,0,1,241,0,CLAYTON,7,8,August,2010,7,Saturday,1,5,0,3,2,84,30.88602222,-94.06520000,53,2,0,0,0,1,1
481307,48,TEXAS,TX,1,1,0,1,245,0,AUGUSTA,7,8,August,2010,7,Saturday,17,35,1,1,1,115,29.97967778,-94.21614167,1,1,0,0,0,1,1
481308,48,TEXAS,TX,1,1,0,6,481,0,BOLING,7,8,August,2010,7,Saturday,2,40,0,4,8,79,29.29066667,-95.98214167,1,2,0,0,0,1,1
481309,48,TEXAS,TX,1,1,0,1,11,0,BULLOCK,8,8,August,2010,1,Sunday,14,40,0,4,3,82,34.83592778,-101.42020278,1,1,0,0,0,1,1
481310,48,TEXAS,TX,2,2,0,2,31,3530,COFFEE,8,8,August,2010,1,Sunday,16,23,0,3,2,13,30.27338889,-98.40133333,12,1,0,0,0,1,0
481311,48,TEXAS,TX,2,2,0,2,201,0,ANNETTE,8,8,August,2010,1,Sunday,4,40,1,13,3,171,29.68965556,-95.64374444,12,3,0,0,0,2,1
481312,48,TEXAS,TX,2,2,0,3,201,0,ANNETTE,8,8,August,2010,1,Sunday,18,45,1,13,8,79,29.97891111,-95.51468611,12,1,0,0,0,1,1
481313,48,TEXAS,TX,1,1,1,2,215,50,BIBB CITY,8,8,August,2010,1,Sunday,0,1,1,12,2,319,26.19017222,-98.11479167,8,3,0,0,0,1,0
481314,48,TEXAS,TX,1,1,0,1,403,0,BRONSON,8,8,August,2010,1,Sunday,7,6,0,4,8,36,31.52724444,-93.79245000,42,1,0,0,0,1,1
481315,48,TEXAS,TX,1,1,0,1,91,4870,DAYTON,9,8,August,2010,2,Monday,6,48,0,13,3,163,29.72590556,-98.11132222,52,2,0,0,0,1,0
481316,48,TEXAS,TX,2,2,0,3,161,0,DENTON,9,8,August,2010,2,Monday,17,39,0,3,2,225,31.71553611,-96.12352500,12,1,0,0,0,2,0
481317,48,TEXAS,TX,2,2,0,3,281,0,HIAWASSEE,9,8,August,2010,2,Monday,13,20,1,2,2,10,31.43607778,-98.17260556,12,1,0,0,0,1,0
481318,48,TEXAS,TX,3,3,0,3,339,0,CONROE,9,8,August,2010,2,Monday,12,41,1,2,3,10,30.35811111,-95.78956667,12,1,0,0,0,1,0
481319,48,TEXAS,TX,2,2,0,4,339,4667,CONROE,9,8,August,2010,2,Monday,17,3,0,4,8,174,30.37455000,-95.69822778,12,1,0,0,0,1,0
481320,48,TEXAS,TX,1,1,0,1,347,0,APPLEBY,9,8,August,2010,2,Monday,13,53,0,3,3,277,31.56515278,-94.52068056,42,1,0,0,0,1,0
481321,48,TEXAS,TX,1,1,0,1,351,9997,BLEAKWOOD,9,8,August,2010,2,Monday,4,20,0,3,3,42,30.98404444,-93.80131944,1,2,0,0,0,1,0
481322,48,TEXAS,TX,1,1,0,2,423,0,ARP,9,8,August,2010,2,Monday,2,0,0,4,8,133,32.17068056,-95.36995278,38,2,0,0,0,1,0
481323,48,TEXAS,TX,2,2,0,2,113,1730,COTTONTON,10,8,August,2010,3,Tuesday,10,20,1,13,8,88,32.87238611,-96.88342778,12,1,0,0,0,1,0
481324,48,TEXAS,TX,1,1,1,2,113,1730,COTTONTON,11,8,August,2010,4,Wednesday,15,51,0,16,5,0,32.67129167,-96.76182778,8,1,0,0,0,1,0
481325,48,TEXAS,TX,1,1,0,1,215,4650,BIBB CITY,11,8,August,2010,4,Wednesday,0,44,0,16,5,0,26.22103889,-98.31993333,1,2,0,0,0,1,1
481326,48,TEXAS,TX,1,1,1,3,309,957,ALAMO,11,8,August,2010,4,Wednesday,21,19,1,1,7,35,31.31396667,-97.24137500,8,2,0,0,0,1,0
481327,48,TEXAS,TX,1,1,0,2,499,0,ALBA,11,8,August,2010,4,Wednesday,12,47,0,4,8,44,32.81130000,-95.34497778,53,1,0,0,0,2,0
481328,48,TEXAS,TX,2,2,0,3,113,1730,COTTONTON,12,8,August,2010,5,Thursday,1,5,0,16,5,0,32.65576667,-96.84011111,12,3,0,0,0,1,1
481329,48,TEXAS,TX,1,1,0,2,497,890,ALVORD,12,8,August,2010,5,Thursday,1,12,1,2,2,92,33.22050000,-97.77758889,1,2,0,0,0,1,1
481330,48,TEXAS,TX,1,1,0,1,13,0,BOLLING,13,8,August,2010,6,Friday,19,40,9,99,8,63,28.88580833,-98.73938889,1,5,0,0,0,1,0
481331,48,TEXAS,TX,1,1,0,2,87,0,ARMSTRONG,13,8,August,2010,6,Friday,22,0,0,4,8,246,35.05218889,-100.29494167,11,2,0,0,0,2,0
481332,48,TEXAS,TX,1,1,0,2,19,0,CEDAR BLUFF,14,8,August,2010,7,Saturday,2,20,0,4,8,78,29.67637222,-99.40550278,52,2,0,0,0,1,1
481333,48,TEXAS,TX,2,2,2,4,61,940,BELLWOOD,14,8,August,2010,7,Saturday,11,41,1,13,8,131,25.90806667,-97.40734722,12,1,0,0,0,1,0
481334,48,TEXAS,TX,2,2,0,5,381,0,AMARILLO,14,8,August,2010,7,Saturday,21,38,0,4,8,81,34.98540278,-102.02548056,12,2,0,0,0,1,1
481335,48,TEXAS,TX,1,1,0,2,493,0,FLORESVILLE,14,8,August,2010,7,Saturday,14,20,0,6,4,0,29.24946944,-98.17601667,1,1,0,0,0,1,0
481336,48,TEXAS,TX,1,1,1,1,201,3280,ANNETTE,15,8,August,2010,1,Sunday,18,40,1,12,2,93,29.72179167,-95.49370556,59,1,0,0,0,1,0
481337,48,TEXAS,TX,1,1,0,1,201,3890,ANNETTE,15,8,August,2010,1,Sunday,15,56,0,16,5,0,29.63673056,-95.03502778,33,1,0,0,0,1,1
481338,48,TEXAS,TX,1,1,0,1,201,5230,ANNETTE,15,8,August,2010,1,Sunday,4,20,0,16,5,0,29.63355000,-95.11655000,34,2,0,0,0,1,1
481339,48,TEXAS,TX,2,2,1,2,373,0,ACE,15,8,August,2010,1,Sunday,2,15,0,3,2,10,30.71062500,-94.91603889,8,2,0,0,0,1,0