ST_CASE,STATE,State Name,State Abbreviation,# of Vehicle involved,VE_FORMS,Pedestrains,Total_Persons_in_accident,COUNTY,CITY,City_County_Name,Calendar_DAY,MONTH,Month_name,YEAR,DAY_WEEK,Day_Week_desc,HOUR,MINUTE,NHS_Desc,trafficway,Route,MILEPT,LATITUDE,LONGITUD,First_Crash_event,Light_cond_desc,Weather_condition,School_bus_involved,Crash_cause,FATALS,DRUNK_DR
481500,48,TEXAS,TX,1,1,0,1,257,2430,AVALON,30,8,August,2010,2,Monday,3,28,1,12,2,20,32.76856667,-96.48734167,23,2,0,0,0,1,0
481501,48,TEXAS,TX,2,2,0,2,337,0,BELCHERVILLE,30,8,August,2010,2,Monday,10,45,0,4,8,46,33.57515556,-97.90013611,12,1,0,0,0,1,0
481502,48,TEXAS,TX,2,2,0,3,131,0,ARLINGTON,31,8,August,2010,3,Tuesday,22,59,0,3,3,473,27.38830556,-98.67005833,12,2,0,0,0,1,1
481503,48,TEXAS,TX,1,1,0,1,407,0,COLDSPRING,28,8,August,2010,7,Saturday,3,13,0,4,8,72,30.61043611,-95.14288889,38,2,0,0,0,1,1
481504,48,TEXAS,TX,3,3,0,7,113,2800,COTTONTON,29,8,August,2010,1,Sunday,1,36,1,11,1,41,32.76169167,-96.96489167,12,3,0,0,0,1,1
481505,48,TEXAS,TX,1,1,1,1,201,0,ANNETTE,30,8,August,2010,2,Monday,22,45,1,11,1,466,29.79048889,-95.05561944,8,3,0,0,0,1,0
481506,48,TEXAS,TX,2,2,0,2,113,1730,COTTONTON,9,8,August,2010,2,Monday,7,5,1,11,1,195,32.65840000,-96.73335278,12,1,0,0,0,1,0
481507,48,TEXAS,TX,1,1,0,1,259,0,CHARLES,20,8,August,2010,6,Friday,13,20,0,5,8,5,29.95381944,-98.87558056,42,1,0,0,0,1,0
481508,48,TEXAS,TX,2,2,0,2,467,0,BEN WHEELER,3,8,August,2010,3,Tuesday,20,40,0,5,8,60,32.58195000,-95.74473333,12,5,0,0,0,1,1
481509,48,TEXAS,TX,2,2,0,2,201,3280,ANNETTE,6,8,August,2010,6,Friday,0,56,0,16,5,0,29.84040556,-95.34280000,12,3,0,0,0,1,1
481510,48,TEXAS,TX,1,1,0,6,439,2800,ARLINGTON,6,8,August,2010,6,Friday,19,43,1,11,1,127,32.67585000,-97.03884722,24,1,0,0,0,1,1
481511,48,TEXAS,TX,1,1,0,1,221,2780,ARNOLDSVILLE,8,8,August,2010,1,Sunday,15,41,1,13,2,105,32.44937500,-97.74082222,59,1,0,0,0,1,0
481512,48,TEXAS,TX,2,2,0,3,39,0,ANDALUSIA,11,8,August,2010,4,Wednesday,7,44,1,2,3,119,29.43761667,-95.42767500,12,1,0,0,0,1,0
481513,48,TEXAS,TX,1,1,0,1,185,0,ANAKTUVUK PASS,11,8,August,2010,4,Wednesday,21,49,1,2,3,55,30.35333889,-95.99602500,52,2,0,0,0,1,1
481514,48,TEXAS,TX,1,1,1,1,303,0,DAVISBORO,13,8,August,2010,6,Friday,8,36,0,4,8,25,33.54563333,-101.66254444,9,1,0,0,0,1,0
481515,48,TEXAS,TX,1,1,0,1,157,0,ARCADE,16,8,August,2010,2,Monday,3,45,0,6,4,0,29.66096667,-95.71322778,1,2,0,0,0,1,1
481516,48,TEXAS,TX,2,2,0,3,411,0,BEND,16,8,August,2010,2,Monday,16,44,0,4,3,216,31.05883333,-98.73145833,12,1,0,0,0,1,0
481517,48,TEXAS,TX,1,1,0,1,329,4560,MIDLAND,17,8,August,2010,3,Tuesday,3,38,0,14,8,21,32.01372222,-102.14073611,42,3,0,0,0,1,0
481518,48,TEXAS,TX,1,1,0,2,335,0,COLORADO CITY,17,8,August,2010,3,Tuesday,1,22,1,1,1,276,32.40884722,-100.75236667,57,2,0,0,0,2,1
481519,48,TEXAS,TX,2,2,0,2,439,260,ARLINGTON,18,8,August,2010,4,Wednesday,0,42,1,13,8,117,32.76774444,-97.09713056,12,3,0,0,0,1,2
481520,48,TEXAS,TX,1,1,0,1,491,1242,ANDERSON MILL,18,8,August,2010,4,Wednesday,15,18,0,16,5,0,30.53276667,-97.80209444,33,1,0,0,0,1,0
481521,48,TEXAS,TX,1,1,0,1,141,2190,BEE BRANCH,19,8,August,2010,5,Thursday,18,48,0,16,5,0,31.79067222,-106.45367778,24,1,0,0,0,1,0
481522,48,TEXAS,TX,1,1,0,1,309,0,ALAMO,19,8,August,2010,5,Thursday,12,8,1,2,3,342,31.53896944,-97.04060556,24,1,0,0,0,1,0
481523,48,TEXAS,TX,1,1,0,1,485,0,BURKBURNETT,19,8,August,2010,5,Thursday,22,15,0,6,4,0,34.10791389,-98.57791944,1,2,0,0,0,1,0
481524,48,TEXAS,TX,1,1,0,7,13,0,BOLLING,20,8,August,2010,6,Friday,17,53,1,1,1,77,28.95930000,-98.43775833,1,1,0,0,0,4,0
481525,48,TEXAS,TX,1,1,0,5,181,1830,LINCOLN,20,8,August,2010,6,Friday,18,30,1,12,2,94,33.73017222,-96.58525278,1,1,0,0,0,1,0
481527,48,TEXAS,TX,1,1,0,1,201,0,ANNETTE,20,8,August,2010,6,Friday,23,43,0,6,4,0,29.77517500,-95.76068889,1,2,0,0,0,1,1
481528,48,TEXAS,TX,1,1,0,2,229,0,BLACKSHEAR,20,8,August,2010,6,Friday,16,8,1,1,1,614,31.10012778,-105.09560000,1,1,0,0,0,1,0
481529,48,TEXAS,TX,1,1,0,1,339,0,CONROE,20,8,August,2010,6,Friday,2,36,0,4,8,40,30.45281389,-95.42680556,32,2,0,0,0,1,1
481530,48,TEXAS,TX,1,1,1,2,245,0,AUGUSTA,21,8,August,2010,7,Saturday,2,25,0,4,3,51,29.86269722,-94.30209167,8,2,0,0,0,1,0
481531,48,TEXAS,TX,2,2,0,2,303,0,DAVISBORO,8,8,August,2010,1,Sunday,0,30,1,2,2,323,33.46949444,-101.68740278,12,2,0,0,0,1,1
481532,48,TEXAS,TX,2,2,0,3,215,0,BIBB CITY,11,8,August,2010,4,Wednesday,23,20,0,15,8,12,26.38281111,-98.12428889,12,2,0,0,0,1,2
481533,48,TEXAS,TX,2,2,0,3,425,0,GLEN ROSE,12,8,August,2010,5,Thursday,8,38,0,4,3,23,32.30077222,-97.73613333,12,1,0,0,0,1,0
481534,48,TEXAS,TX,3,3,0,7,201,0,ANNETTE,13,8,August,2010,6,Friday,17,21,1,12,2,134,29.85463889,-95.12327500,12,1,0,0,0,1,1
481535,48,TEXAS,TX,2,2,0,3,121,0,BON AIR,15,8,August,2010,1,Sunday,20,56,1,2,2,26,33.24044722,-97.34942500,12,2,0,0,0,1,1
481536,48,TEXAS,TX,2,2,0,3,251,5791,DOVER,17,8,August,2010,3,Tuesday,12,9,0,4,8,13,32.23316944,-97.37470278,12,1,0,0,0,1,0
481537,48,TEXAS,TX,1,1,0,1,251,0,DOVER,18,8,August,2010,4,Wednesday,2,50,0,15,8,177,32.51280278,-97.16750556,53,2,0,0,0,1,1
481538,48,TEXAS,TX,1,1,2,2,215,0,BIBB CITY,19,8,August,2010,5,Thursday,2,10,0,6,4,0,26.21382222,-97.97238333,8,3,0,0,0,1,0
481539,48,TEXAS,TX,1,1,0,1,363,0,BRAZOS,19,8,August,2010,5,Thursday,7,10,0,4,3,204,32.92523889,-98.35518889,42,2,0,0,0,1,1
481540,48,TEXAS,TX,1,1,0,1,219,3950,BISHOP,20,8,August,2010,6,Friday,21,0,0,16,5,0,33.57959722,-102.37697778,1,2,0,0,0,1,0
481541,48,TEXAS,TX,1,1,0,1,201,3280,ANNETTE,21,8,August,2010,7,Saturday,23,35,1,11,1,406,29.90823611,-95.41260000,1,3,0,0,0,1,1
481542,48,TEXAS,TX,2,2,0,2,215,0,BIBB CITY,25,8,August,2010,4,Wednesday,11,50,0,4,8,39,26.58944722,-98.36600278,12,1,0,0,0,1,0
481543,48,TEXAS,TX,2,2,0,2,471,3340,DODGE,26,8,August,2010,5,Thursday,7,53,0,14,3,23,30.69847778,-95.53438333,12,1,0,0,0,1,0
481544,48,TEXAS,TX,1,1,0,1,209,0,AILEY,27,8,August,2010,6,Friday,22,3,0,4,8,31,30.07002222,-97.80634444,1,2,0,0,0,1,1
481545,48,TEXAS,TX,3,3,0,4,339,0,CONROE,27,8,August,2010,6,Friday,8,55,0,6,4,0,30.15361667,-95.22641944,12,1,0,0,0,1,1
481546,48,TEXAS,TX,1,1,0,1,201,0,ANNETTE,28,8,August,2010,7,Saturday,21,15,0,6,4,0,29.96693889,-95.55798611,33,3,0,0,0,1,1
481547,48,TEXAS,TX,2,2,0,2,113,1730,COTTONTON,29,8,August,2010,1,Sunday,23,0,1,12,2,63,32.91674444,-96.76709444,12,3,0,0,0,1,1
481548,48,TEXAS,TX,2,2,0,2,113,2010,COTTONTON,30,8,August,2010,2,Monday,0,5,1,11,1,80,32.66763333,-96.91946389,12,3,0,0,0,1,1
481549,48,TEXAS,TX,2,2,0,2,251,0,DOVER,30,8,August,2010,2,Monday,18,45,0,4,8,116,32.41856944,-97.33420000,12,1,0,0,0,1,0
481550,48,TEXAS,TX,2,2,0,2,49,0,COLLINSVILLE,1,9,September,2010,4,Wednesday,5,25,0,4,8,54,31.62619722,-98.96046667,12,2,0,0,0,1,1
481551,48,TEXAS,TX,1,1,0,1,397,6010,DALLAS,1,9,September,2010,4,Wednesday,13,24,0,5,8,5,32.96418889,-96.30599167,1,1,0,0,0,1,0
481552,48,TEXAS,TX,1,1,0,1,77,0,ANDERSON,2,9,September,2010,5,Thursday,22,30,1,2,2,46,33.81331389,-98.15211389,24,2,0,0,0,1,0
481553,48,TEXAS,TX,1,1,0,1,113,1730,COTTONTON,2,9,September,2010,5,Thursday,23,40,1,13,8,70,32.89897500,-96.89349167,30,3,0,0,0,1,1
481554,48,TEXAS,TX,3,3,0,5,453,330,ANDERSON MILL,2,9,September,2010,5,Thursday,23,55,1,11,1,6,30.44339167,-97.66782500,12,3,0,0,0,1,1
481555,48,TEXAS,TX,2,2,0,3,491,5990,ANDERSON MILL,2,9,September,2010,5,Thursday,17,52,0,16,5,0,30.55182222,-97.67653611,12,1,0,0,0,1,0
481556,48,TEXAS,TX,2,2,0,2,85,5390,BENTON,3,9,September,2010,6,Friday,9,0,0,16,5,0,33.01735556,-96.67531111,12,1,0,0,0,1,0
481557,48,TEXAS,TX,1,1,0,1,139,2360,CALION,3,9,September,2010,6,Friday,6,33,0,16,5,0,32.53486667,-96.66239722,33,6,0,0,0,1,0
481559,48,TEXAS,TX,2,2,0,4,285,0,GABBETTVILLE,3,9,September,2010,6,Friday,14,26,0,4,2,273,29.33635556,-97.12137222,12,1,0,0,0,2,1
481560,48,TEXAS,TX,1,1,0,2,299,0,BEACH,3,9,September,2010,6,Friday,13,40,0,3,3,5,30.90237222,-98.95630278,1,1,0,0,0,1,0
481561,48,TEXAS,TX,2,2,0,3,401,0,EASTON,3,9,September,2010,6,Friday,14,10,0,3,3,31,32.33965000,-94.92290556,12,1,0,0,0,1,0
481562,48,TEXAS,TX,2,2,0,2,113,1730,COTTONTON,4,9,September,2010,7,Saturday,5,54,1,12,2,115,32.84338889,-96.77450278,12,3,0,0,0,1,0
481563,48,TEXAS,TX,1,1,1,2,183,4080,FORT STEWART,4,9,September,2010,7,Saturday,0,0,1,13,2,144,32.50362778,-94.72090556,8,3,0,0,0,1,0
481564,48,TEXAS,TX,1,1,0,1,201,3280,ANNETTE,4,9,September,2010,7,Saturday,20,26,1,11,1,248,29.77698333,-95.40390556,24,2,0,0,0,1,1
481565,48,TEXAS,TX,1,1,1,1,209,990,AILEY,4,9,September,2010,7,Saturday,5,15,1,11,7,231,30.08345833,-97.82227500,8,2,0,0,0,1,0
481566,48,TEXAS,TX,2,2,0,2,373,0,ACE,4,9,September,2010,7,Saturday,0,55,0,3,8,26,30.73604722,-95.06163889,12,2,0,0,0,1,1
481567,48,TEXAS,TX,3,3,0,10,39,5249,ANDALUSIA,5,9,September,2010,1,Sunday,13,15,1,13,3,119,29.56920000,-95.28618056,12,1,0,0,0,1,0
481568,48,TEXAS,TX,1,1,0,4,105,0,MARION,5,9,September,2010,1,Sunday,11,20,1,1,1,139,30.73218889,-101.60744167,52,1,0,0,0,1,0
481569,48,TEXAS,TX,1,1,0,1,201,0,ANNETTE,5,9,September,2010,1,Sunday,5,6,0,16,5,0,30.03686667,-95.80408333,1,2,0,0,0,1,0
481570,48,TEXAS,TX,1,1,0,2,303,0,DAVISBORO,5,9,September,2010,1,Sunday,1,15,0,6,4,0,33.78358056,-101.62749722,1,2,0,0,0,1,1
481571,48,TEXAS,TX,1,1,0,2,373,0,ACE,5,9,September,2010,1,Sunday,15,30,0,6,4,0,30.70202778,-94.76070833,42,1,0,0,0,1,0
481572,48,TEXAS,TX,2,2,0,4,453,330,ANDERSON MILL,5,9,September,2010,1,Sunday,14,31,1,12,3,127,30.21863056,-97.66895000,12,1,0,0,0,1,0
481573,48,TEXAS,TX,1,1,0,4,27,0,ASHLAND,6,9,September,2010,2,Monday,18,14,0,4,8,224,31.00495833,-97.30981111,1,1,0,0,0,1,0
481574,48,TEXAS,TX,2,2,0,6,185,0,ANAKTUVUK PASS,6,9,September,2010,2,Monday,16,10,0,3,3,273,30.48104167,-95.99767500,12,1,0,0,0,2,0
481575,48,TEXAS,TX,1,1,0,2,207,0,BOLINGBROKE,6,9,September,2010,2,Monday,13,20,0,3,2,21,33.18638889,-99.97082778,1,1,0,0,0,1,0
481576,48,TEXAS,TX,2,2,0,4,209,1986,AILEY,6,9,September,2010,2,Monday,20,47,0,4,8,63,30.20148333,-98.08739722,12,3,0,0,0,1,2
481577,48,TEXAS,TX,2,2,0,2,211,0,APALACHEE,6,9,September,2010,2,Monday,14,27,1,2,2,92,35.80747778,-100.40242222,12,1,0,0,0,1,0
481578,48,TEXAS,TX,1,1,0,16,217,0,COVINGTON,6,9,September,2010,2,Monday,1,55,1,1,1,185,32.07608333,-97.05803056,1,2,0,0,0,1,0
481579,48,TEXAS,TX,2,2,0,2,309,7210,ALAMO,6,9,September,2010,2,Monday,12,25,1,13,7,33,31.52773889,-97.16248611,12,1,0,0,0,1,0
481580,48,TEXAS,TX,2,2,0,3,373,0,ACE,6,9,September,2010,2,Monday,12,51,0,14,2,169,30.70261944,-94.84518611,12,1,0,0,0,1,0
481581,48,TEXAS,TX,1,1,0,1,455,0,APPLE SPRINGS,6,9,September,2010,2,Monday,17,49,0,3,3,147,30.88366389,-95.37557500,1,1,0,0,0,1,0
481582,48,TEXAS,TX,1,1,0,1,27,3690,ASHLAND,7,9,September,2010,3,Tuesday,22,57,0,16,5,54,31.05890833,-97.79936944,3,2,0,0,0,1,0
481583,48,TEXAS,TX,1,1,1,1,201,0,ANNETTE,7,9,September,2010,3,Tuesday,4,35,0,16,5,0,29.97451944,-95.65210000,8,2,0,0,0,1,0
481584,48,TEXAS,TX,2,2,0,4,201,0,ANNETTE,7,9,September,2010,3,Tuesday,6,27,1,13,8,107,30.02583611,-95.08896667,12,2,0,0,0,1,0
481585,48,TEXAS,TX,1,1,0,1,401,0,EASTON,7,9,September,2010,3,Tuesday,6,32,1,2,2,66,32.27706111,-94.86504444,42,4,0,0,0,1,0
481586,48,TEXAS,TX,1,1,0,4,303,4140,DAVISBORO,8,9,September,2010,4,Wednesday,15,28,0,16,5,0,33.60713056,-101.77821389,1,1,0,0,0,1,1
481587,48,TEXAS,TX,2,2,0,2,275,0,BARWICK,9,9,September,2010,5,Thursday,12,40,1,2,2,28,33.47169722,-99.51570556,12,1,0,0,0,1,0
481588,48,TEXAS,TX,3,3,0,3,27,3690,ASHLAND,10,9,September,2010,6,Friday,6,38,1,13,3,30,31.08839444,-97.75503611,12,1,0,0,0,1,0
481589,48,TEXAS,TX,1,1,0,1,249,0,ELLAVILLE,10,9,September,2010,6,Friday,14,8,0,6,4,0,27.75020000,-98.12255833,10,1,0,0,0,1,0
481590,48,TEXAS,TX,2,2,0,2,287,2640,ASHBURN,10,9,September,2010,6,Friday,11,11,0,14,2,264,30.17607778,-96.93675278,12,1,0,0,0,1,0
481591,48,TEXAS,TX,1,1,0,3,375,0,AMARILLO,10,9,September,2010,6,Friday,5,30,0,3,3,68,35.52765000,-101.64284722,1,2,0,0,0,1,0
481592,48,TEXAS,TX,1,1,1,1,113,1730,COTTONTON,11,9,September,2010,7,Saturday,21,30,0,16,5,0,32.67385833,-96.87540556,8,2,0,0,0,1,0
481593,48,TEXAS,TX,1,1,0,3,215,0,BIBB CITY,11,9,September,2010,7,Saturday,6,20,0,6,4,0,26.22559722,-98.13540278,5,3,0,0,0,1,0
481594,48,TEXAS,TX,2,2,0,5,341,1059,CACTUS,11,9,September,2010,7,Saturday,0,11,1,2,2,5,36.04894444,-102.00493333,12,2,0,0,0,1,0
481595,48,TEXAS,TX,3,3,0,5,467,0,BEN WHEELER,11,9,September,2010,7,Saturday,18,18,0,3,2,1,32.71238056,-96.07438889,12,1,0,0,0,1,0
481596,48,TEXAS,TX,1,1,0,1,5,0,BAKER HILL,12,9,September,2010,1,Sunday,14,16,0,3,3,21,31.47288889,-94.84158056,38,1,0,0,0,1,0
481597,48,TEXAS,TX,4,4,0,7,157,0,ARCADE,12,9,September,2010,1,Sunday,3,5,1,12,2,125,29.55032222,-95.73765833,12,2,0,0,0,1,2
481598,48,TEXAS,TX,1,1,0,1,331,0,BEN ARNOLD,12,9,September,2010,1,Sunday,17,23,0,5,8,14,30.68005000,-97.21713889,1,1,0,0,0,1,1
481599,48,TEXAS,TX,1,1,1,4,303,6410,DAVISBORO,13,9,September,2010,2,Monday,7,38,0,16,5,0,33.43203333,-101.65319167,8,4,0,0,0,1,0
481600,48,TEXAS,TX,1,1,0,1,373,1560,ACE,13,9,September,2010,2,Monday,11,56,0,3,8,115,30.98942500,-94.79635000,42,1,0,0,0,1,1
481601,48,TEXAS,TX,3,3,0,6,453,0,ANDERSON MILL,13,9,September,2010,2,Monday,16,44,1,12,7,415,30.25335000,-97.60362500,12,1,0,0,0,3,0
481603,48,TEXAS,TX,2,2,0,2,453,0,ANDERSON MILL,14,9,September,2010,3,Tuesday,16,0,0,14,8,30,30.31309722,-97.61391111,12,1,0,0,0,1,0
481604,48,TEXAS,TX,2,2,0,5,135,5030,ASH FLAT,15,9,September,2010,4,Wednesday,23,10,0,16,5,0,31.83908889,-102.34830000,12,3,0,0,0,1,1
481605,48,TEXAS,TX,2,2,0,3,201,7286,ANNETTE,15,9,September,2010,4,Wednesday,12,11,1,11,7,16,29.52885278,-95.13046389,12,1,0,0,0,1,0
481606,48,TEXAS,TX,1,1,0,1,439,3347,ARLINGTON,15,9,September,2010,4,Wednesday,0,19,1,12,3,183,32.83958056,-97.17554167,1,2,0,0,0,1,1
481607,48,TEXAS,TX,2,2,0,2,453,0,ANDERSON MILL,15,9,September,2010,4,Wednesday,23,18,0,6,4,0,30.40293056,-97.92668889,12,2,0,0,0,1,1
481608,48,TEXAS,TX,1,1,0,1,113,1730,COTTONTON,16,9,September,2010,5,Thursday,22,56,1,12,7,57,32.78734167,-96.79151389,33,3,0,0,0,1,1
481609,48,TEXAS,TX,1,1,0,3,55,0,ATTALLA,17,9,September,2010,6,Friday,3,50,1,2,2,153,29.82238333,-97.67302778,52,6,0,0,0,1,0
481611,48,TEXAS,TX,2,2,0,4,455,0,APPLE SPRINGS,17,9,September,2010,6,Friday,21,9,0,3,3,44,31.00022222,-95.42419722,12,2,0,0,0,1,1
481612,48,TEXAS,TX,2,2,0,3,485,7490,BURKBURNETT,17,9,September,2010,6,Friday,12,56,1,13,8,93,33.85780278,-98.53489167,12,1,0,0,0,1,0
481613,48,TEXAS,TX,2,2,0,4,179,0,ALLENHURST,18,9,September,2010,7,Saturday,16,2,1,2,2,42,35.53380278,-100.91902500,12,1,0,0,0,2,0
481614,48,TEXAS,TX,1,1,1,1,201,0,ANNETTE,18,9,September,2010,7,Saturday,2,20,0,16,5,0,29.99056944,-95.50039167,9,2,0,0,0,1,0
481615,48,TEXAS,TX,1,1,0,2,15,0,ANNISTON,19,9,September,2010,1,Sunday,2,55,0,4,8,47,29.92311944,-96.15810000,38,2,0,0,0,1,1
481616,48,TEXAS,TX,1,1,0,2,261,0,ALAGANIK,19,9,September,2010,1,Sunday,15,37,1,2,2,51,26.73892222,-97.76980278,1,1,0,0,0,1,0
481617,48,TEXAS,TX,1,1,1,1,339,7500,CONROE,19,9,September,2010,1,Sunday,10,32,0,4,8,2,30.42127778,-95.47508056,8,9,0,0,0,1,0
481618,48,TEXAS,TX,1,1,0,1,347,0,APPLEBY,19,9,September,2010,1,Sunday,1,50,0,5,8,27,31.82774444,-94.78165000,32,2,0,0,0,1,1
481619,48,TEXAS,TX,2,2,0,4,201,0,ANNETTE,20,9,September,2010,2,Monday,22,5,1,12,3,184,29.91966944,-95.49353889,12,3,0,0,0,1,0
481620,48,TEXAS,TX,1,1,0,1,85,5390,BENTON,21,9,September,2010,3,Tuesday,4,4,0,16,5,0,33.03591944,-96.66789722,33,3,0,0,0,1,1
481621,48,TEXAS,TX,2,2,0,2,167,3920,ADRIAN,21,9,September,2010,3,Tuesday,4,55,1,11,1,130,29.45316667,-95.08041389,12,2,0,0,0,1,0
481622,48,TEXAS,TX,2,2,1,2,201,0,ANNETTE,23,9,September,2010,5,Thursday,22,3,1,13,8,37,29.93570556,-95.58033611,8,2,0,0,0,1,1
481623,48,TEXAS,TX,2,2,0,2,225,0,BYRON,24,9,September,2010,6,Friday,6,20,0,4,8,6,31.12842778,-95.43628056,12,4,0,0,0,1,0
481624,48,TEXAS,TX,2,2,0,2,321,0,BRIDGEBORO,24,9,September,2010,6,Friday,12,18,0,3,3,268,28.89631667,-96.14872500,12,1,0,0,0,1,0
481625,48,TEXAS,TX,2,2,0,4,141,2190,BEE BRANCH,25,9,September,2010,7,Saturday,16,22,0,16,5,0,31.79480278,-106.30237222,12,1,0,0,0,1,0
481626,48,TEXAS,TX,1,1,0,1,161,0,DENTON,25,9,September,2010,7,Saturday,7,27,1,1,1,117,31.63662222,-96.15844444,21,1,0,0,0,1,0
481627,48,TEXAS,TX,1,1,0,3,419,0,CENTER,25,9,September,2010,7,Saturday,4,54,0,4,8,38,31.70119167,-93.86656667,1,2,0,0,0,1,1
481628,48,TEXAS,TX,1,1,0,1,439,2850,ARLINGTON,23,9,September,2010,5,Thursday,22,3,0,16,5,0,32.93553889,-97.07840278,33,3,0,0,0,1,0
481629,48,TEXAS,TX,2,2,0,2,293,0,EAST THOMASTON,26,9,September,2010,1,Sunday,5,15,0,3,3,77,31.65381944,-96.50330556,12,2,0,0,0,2,1
481630,48,TEXAS,TX,1,1,1,1,201,0,ANNETTE,27,9,September,2010,2,Monday,5,40,1,13,8,130,30.01281667,-95.45320000,8,3,0,0,0,1,0
481631,48,TEXAS,TX,2,2,0,2,245,0,AUGUSTA,29,9,September,2010,4,Wednesday,7,54,1,1,1,103,29.96112500,-94.23513333,12,1,0,0,0,1,0
481632,48,TEXAS,TX,1,1,0,1,395,0,BREMOND,21,8,August,2010,7,Saturday,21,0,0,3,3,83,31.25547778,-96.34160000,42,2,0,0,0,1,1
481633,48,TEXAS,TX,1,1,0,1,293,0,EAST THOMASTON,22,8,August,2010,1,Sunday,20,41,0,3,3,2,31.40639722,-96.58450000,11,2,0,0,0,1,0
481634,48,TEXAS,TX,1,1,0,1,453,0,ANDERSON MILL,22,8,August,2010,1,Sunday,2,39,0,6,4,0,30.13045833,-97.82387500,42,2,0,0,0,1,0
481635,48,TEXAS,TX,2,2,0,2,21,0,CHILTON,23,8,August,2010,2,Monday,9,51,1,2,2,142,30.24723333,-97.22212222,12,1,0,0,0,1,0
481636,48,TEXAS,TX,2,2,0,3,181,1830,LINCOLN,24,8,August,2010,3,Tuesday,18,20,1,13,8,72,33.73188889,-96.53806111,12,1,0,0,0,1,0
481637,48,TEXAS,TX,1,1,0,3,435,0,SONORA,24,8,August,2010,3,Tuesday,14,33,1,1,1,51,30.60212500,-100.71666944,1,1,0,0,0,2,0
481638,48,TEXAS,TX,2,2,0,3,201,3280,ANNETTE,3,8,August,2010,3,Tuesday,16,30,0,16,5,0,29.68301944,-95.36576944,12,1,0,0,0,1,1
481639,48,TEXAS,TX,2,2,0,6,349,0,ANGUS,4,8,August,2010,4,Wednesday,6,25,0,4,2,44,32.01414444,-96.18654167,12,4,0,0,0,1,0
481640,48,TEXAS,TX,2,2,0,2,491,3981,ANDERSON MILL,5,8,August,2010,5,Thursday,23,20,0,3,3,72,30.66933889,-97.91404167,12,2,0,0,0,1,2
481641,48,TEXAS,TX,1,1,0,1,231,0,CONCORD,11,8,August,2010,4,Wednesday,16,4,0,6,4,0,32.99228333,-96.11692500,42,1,0,0,0,1,1
481642,48,TEXAS,TX,1,1,0,2,181,0,LINCOLN,15,8,August,2010,1,Sunday,2,10,0,4,8,48,33.71512500,-96.44903889,32,2,0,0,0,1,1
481643,48,TEXAS,TX,1,1,0,1,85,1260,BENTON,18,8,August,2010,4,Wednesday,11,18,0,6,4,0,33.29355278,-96.78196944,1,1,0,0,0,1,0
481644,48,TEXAS,TX,1,1,0,3,277,0,BROOKFIELD,21,8,August,2010,7,Saturday,2,20,1,13,2,69,33.61829722,-95.45273333,24,2,0,0,0,1,1
481645,48,TEXAS,TX,2,2,0,3,349,0,ANGUS,21,8,August,2010,7,Saturday,9,58,0,4,8,89,32.00250833,-96.72929722,12,1,0,0,0,1,0
481646,48,TEXAS,TX,2,2,0,3,231,0,CONCORD,24,8,August,2010,3,Tuesday,10,7,1,1,1,100,33.06449444,-96.15276389,12,1,0,0,0,1,0
481647,48,TEXAS,TX,2,2,1,2,201,3280,ANNETTE,26,8,August,2010,5,Thursday,6,14,1,11,1,203,29.72690556,-95.33488889,8,4,0,0,0,1,0
481648,48,TEXAS,TX,2,2,0,2,201,3280,ANNETTE,26,8,August,2010,5,Thursday,12,55,1,13,8,94,29.64373056,-95.40760278,12,1,0,0,0,1,0
481649,48,TEXAS,TX,1,1,0,3,139,0,CALION,27,8,August,2010,6,Friday,13,55,0,14,8,21,32.49687778,-96.73676389,38,1,0,0,0,1,1
481650,48,TEXAS,TX,1,1,0,1,223,0,BRASWELL,28,8,August,2010,7,Saturday,14,32,1,2,3,41,33.29351667,-95.58363056,1,1,0,0,0,1,0
481651,48,TEXAS,TX,2,2,0,2,39,0,ANDALUSIA,1,9,September,2010,4,Wednesday,4,25,1,2,3,127,29.42521667,-95.42752778,12,2,0,0,0,1,0
481652,48,TEXAS,TX,3,3,0,3,423,7070,ARP,2,9,September,2010,5,Thursday,13,19,1,13,2,55,32.26633889,-95.30733056,12,1,0,0,0,1,0
481653,48,TEXAS,TX,2,2,0,2,339,0,CONROE,3,9,September,2010,6,Friday,10,0,0,4,8,258,30.25540556,-95.70393333,12,1,0,0,0,1,0
481654,48,TEXAS,TX,2,2,0,3,397,1730,DALLAS,4,9,September,2010,7,Saturday,16,30,1,11,1,13,32.87867222,-96.51384444,25,1,0,0,0,1,0
481655,48,TEXAS,TX,1,1,0,2,471,0,DODGE,4,9,September,2010,7,Saturday,17,0,0,6,4,0,30.67903889,-95.49342778,38,1,0,0,0,1,1
481656,48,TEXAS,TX,1,1,1,1,201,3280,ANNETTE,5,9,September,2010,1,Sunday,7,5,1,11,1,371,29.77111389,-95.20968056,8,3,0,0,0,1,0