ST_CASE,STATE,State Name,State Abbreviation,# of Vehicle involved,VE_FORMS,Pedestrains,Total_Persons_in_accident,COUNTY,CITY,City_County_Name,Calendar_DAY,MONTH,Month_name,YEAR,DAY_WEEK,Day_Week_desc,HOUR,MINUTE,NHS_Desc,trafficway,Route,MILEPT,LATITUDE,LONGITUD,First_Crash_event,Light_cond_desc,Weather_condition,School_bus_involved,Crash_cause,FATALS,DRUNK_DR
481657,48,TEXAS,TX,1,1,1,1,201,3280,ANNETTE,6,9,September,2010,2,Monday,1,40,1,11,7,387,29.77013333,-95.18308889,8,2,0,0,0,1,0
481658,48,TEXAS,TX,1,1,0,1,201,3280,ANNETTE,7,9,September,2010,3,Tuesday,2,10,0,16,5,0,29.71194722,-95.48894722,30,3,0,0,0,1,1
481659,48,TEXAS,TX,1,1,1,1,201,3280,ANNETTE,8,9,September,2010,4,Wednesday,19,29,0,16,5,0,29.75999167,-95.36631667,8,3,0,0,0,1,0
481660,48,TEXAS,TX,1,1,0,2,339,1510,CONROE,12,9,September,2010,1,Sunday,1,12,1,11,1,195,30.38668333,-95.48582500,42,2,0,0,0,1,1
481661,48,TEXAS,TX,1,1,2,1,113,1730,COTTONTON,13,9,September,2010,2,Monday,2,18,0,99,8,99999,32.81476111,-96.84081389,43,3,0,0,0,2,1
481662,48,TEXAS,TX,2,2,0,3,59,0,FRANKLIN,14,9,September,2010,3,Tuesday,16,10,0,3,3,198,32.21033333,-99.35348611,12,1,0,0,0,1,0
481663,48,TEXAS,TX,1,1,2,1,201,3280,ANNETTE,14,9,September,2010,3,Tuesday,20,30,1,13,3,56,29.62720278,-95.20189444,8,2,0,0,0,1,0
481664,48,TEXAS,TX,1,1,0,1,183,0,FORT STEWART,16,9,September,2010,5,Thursday,21,55,0,4,8,11,32.37436111,-94.74006389,42,2,0,0,0,1,1
481665,48,TEXAS,TX,2,2,0,2,29,6090,BORDEN SPRINGS,17,9,September,2010,6,Friday,2,36,1,11,1,208,29.40605000,-98.51038056,25,3,0,0,0,1,1
481666,48,TEXAS,TX,5,5,0,13,85,5730,BENTON,18,9,September,2010,7,Saturday,2,16,1,12,2,136,33.00020833,-96.70860278,12,2,0,0,0,2,2
481667,48,TEXAS,TX,1,1,0,1,45,0,ARITON,19,9,September,2010,1,Sunday,20,41,0,4,3,63,34.65336944,-101.43960000,59,2,0,0,0,1,0
481668,48,TEXAS,TX,2,2,0,2,113,1730,COTTONTON,19,9,September,2010,1,Sunday,3,48,1,12,2,95,32.87093333,-96.77010833,12,3,0,0,0,1,1
481669,48,TEXAS,TX,1,1,0,1,339,6884,CONROE,19,9,September,2010,1,Sunday,0,46,0,16,5,0,30.19029722,-95.58495000,42,3,0,0,0,1,0
481670,48,TEXAS,TX,1,1,0,1,245,2905,AUGUSTA,20,9,September,2010,2,Monday,20,53,1,13,7,321,29.94081111,-93.89562778,1,2,0,0,0,1,0
481671,48,TEXAS,TX,2,2,0,2,337,0,BELCHERVILLE,20,9,September,2010,2,Monday,22,40,0,4,2,29,33.80729444,-97.93696111,12,2,0,0,0,1,0
481672,48,TEXAS,TX,2,2,0,3,339,4667,CONROE,20,9,September,2010,2,Monday,14,55,1,2,3,352,30.32893889,-95.25375000,12,1,0,0,0,1,0
481673,48,TEXAS,TX,2,2,0,2,171,0,ALDORA,25,9,September,2010,7,Saturday,12,12,1,2,2,80,30.22081111,-98.75945556,12,1,0,0,0,1,0
481674,48,TEXAS,TX,2,2,0,3,201,480,ANNETTE,25,9,September,2010,7,Saturday,22,16,0,16,5,0,29.76627222,-94.95499167,12,2,0,0,0,1,0
481675,48,TEXAS,TX,1,1,0,1,381,0,AMARILLO,25,9,September,2010,7,Saturday,21,20,0,4,8,38,35.12563056,-101.70425833,1,2,0,0,0,1,1
481676,48,TEXAS,TX,1,1,0,2,405,0,BROADDUS,27,9,September,2010,2,Monday,9,9,1,2,3,69,31.39487500,-94.21199167,1,1,0,0,0,1,0
481677,48,TEXAS,TX,2,2,0,3,493,0,FLORESVILLE,27,9,September,2010,2,Monday,15,38,0,3,2,90,29.16778056,-98.18177222,12,1,0,0,0,1,0
481678,48,TEXAS,TX,1,1,1,2,29,6090,BORDEN SPRINGS,30,9,September,2010,5,Thursday,17,38,0,16,5,0,29.42683889,-98.57244167,8,1,0,0,0,1,1
481679,48,TEXAS,TX,2,2,0,4,99,1540,BEATRICE,30,9,September,2010,5,Thursday,18,4,1,13,2,23,31.11133611,-97.91059722,12,1,0,0,0,1,0
481680,48,TEXAS,TX,2,2,0,2,201,0,ANNETTE,30,9,September,2010,5,Thursday,15,47,0,6,4,0,29.81197500,-95.03336111,12,1,0,1,0,1,1
481681,48,TEXAS,TX,1,1,1,1,361,5100,BRIDGE CITY,25,3,March,2010,5,Thursday,5,5,1,11,7,199,30.11972500,-93.78716667,8,2,0,0,0,1,0
481682,48,TEXAS,TX,1,1,1,1,135,0,ASH FLAT,4,4,April,2010,1,Sunday,19,10,0,6,4,0,31.82593889,-102.50033889,8,1,0,0,0,1,0
481683,48,TEXAS,TX,1,1,0,1,453,0,ANDERSON MILL,8,4,April,2010,5,Thursday,2,35,1,11,1,13,30.45258056,-97.66652500,24,2,0,0,0,1,1
481684,48,TEXAS,TX,2,2,0,3,441,30,ABILENE,14,4,April,2010,4,Wednesday,16,15,0,14,8,186,32.36374167,-99.78120000,12,1,0,0,0,1,0
481685,48,TEXAS,TX,1,1,0,1,439,2450,ARLINGTON,15,5,May,2010,7,Saturday,5,30,0,16,5,0,32.75426667,-97.34388889,42,3,0,0,0,1,1
481686,48,TEXAS,TX,1,1,1,4,441,30,ABILENE,26,5,May,2010,4,Wednesday,15,25,0,14,8,23,32.35772500,-99.72583056,9,1,0,0,0,1,0
481687,48,TEXAS,TX,2,2,0,4,201,3280,ANNETTE,27,5,May,2010,5,Thursday,22,25,0,16,5,0,29.85825556,-95.36257222,12,3,0,0,0,1,0
481688,48,TEXAS,TX,1,1,1,1,355,1550,AGUA DULCE,8,6,June,2010,3,Tuesday,21,4,0,16,5,0,27.66264722,-97.28599722,8,3,0,0,0,1,0
481689,48,TEXAS,TX,1,1,1,2,201,3280,ANNETTE,24,7,July,2010,7,Saturday,5,14,1,12,2,380,29.80467500,-95.45295833,8,3,0,0,0,1,0
481690,48,TEXAS,TX,3,3,0,8,201,3280,ANNETTE,30,7,July,2010,6,Friday,16,0,1,12,7,310,29.86732500,-95.54076389,12,1,0,0,0,1,0
481691,48,TEXAS,TX,1,1,0,1,85,3535,BENTON,5,8,August,2010,5,Thursday,10,30,0,4,8,91,33.04160000,-96.35698611,43,1,0,0,0,1,1
481692,48,TEXAS,TX,1,1,0,1,97,2550,AXIS,5,8,August,2010,5,Thursday,13,15,1,11,1,137,33.61548056,-97.14893056,25,1,0,0,0,1,0
481693,48,TEXAS,TX,1,1,0,1,27,3690,ASHLAND,13,8,August,2010,6,Friday,2,46,0,16,5,0,31.07358611,-97.71079722,33,2,0,0,0,1,1
481694,48,TEXAS,TX,2,2,0,2,39,0,ANDALUSIA,13,8,August,2010,6,Friday,7,27,0,6,4,0,29.52006944,-95.23221667,12,1,0,0,0,1,0
481695,48,TEXAS,TX,1,1,1,1,425,2680,GLEN ROSE,27,8,August,2010,6,Friday,7,57,0,16,5,0,32.24928333,-97.73909444,8,4,0,0,0,1,0
481696,48,TEXAS,TX,1,1,1,1,29,6090,BORDEN SPRINGS,29,8,August,2010,1,Sunday,3,5,1,11,1,112,29.42285278,-98.48083889,8,3,0,0,0,1,0
481697,48,TEXAS,TX,2,2,0,4,157,3580,ARCADE,30,8,August,2010,2,Monday,16,15,1,11,1,22,29.77750000,-95.82869722,25,1,0,0,0,1,0
481698,48,TEXAS,TX,2,2,0,2,201,3280,ANNETTE,31,8,August,2010,3,Tuesday,8,20,0,16,5,0,29.82135833,-95.39434167,12,1,0,0,0,1,0
481699,48,TEXAS,TX,3,3,1,4,439,2450,ARLINGTON,21,3,March,2010,1,Sunday,1,46,1,11,1,207,32.75951667,-97.21046389,12,3,0,0,0,1,0
481700,48,TEXAS,TX,2,2,0,3,141,2190,BEE BRANCH,8,4,April,2010,5,Thursday,0,8,1,12,8,75,31.76912222,-106.26775278,12,3,0,0,0,1,1
481701,48,TEXAS,TX,1,1,0,2,141,2190,BEE BRANCH,10,4,April,2010,7,Saturday,4,23,0,16,5,0,31.78941389,-106.35659444,33,3,0,0,0,1,1
481702,48,TEXAS,TX,1,1,0,2,439,2450,ARLINGTON,17,4,April,2010,7,Saturday,5,55,0,16,5,0,32.73117778,-97.25091667,30,3,0,0,0,1,0
481703,48,TEXAS,TX,1,1,0,3,439,2450,ARLINGTON,29,4,April,2010,5,Thursday,8,1,0,16,5,0,32.89574167,-97.30906111,32,1,0,0,0,1,0
481704,48,TEXAS,TX,1,1,0,1,167,6860,ADRIAN,2,5,May,2010,1,Sunday,9,53,1,12,3,92,29.43573056,-94.96496111,38,1,0,0,0,1,0
481705,48,TEXAS,TX,1,1,4,1,201,3280,ANNETTE,2,5,May,2010,1,Sunday,4,5,0,16,5,0,29.72039722,-95.28890556,19,2,0,0,0,1,1
481706,48,TEXAS,TX,1,1,0,1,215,0,BIBB CITY,9,5,May,2010,1,Sunday,17,30,0,6,4,0,26.24596667,-98.36872778,43,1,0,0,0,1,0
481707,48,TEXAS,TX,1,1,1,1,201,3280,ANNETTE,19,5,May,2010,4,Wednesday,20,50,1,13,8,93,29.73714167,-95.54077778,8,3,0,0,0,1,0
481708,48,TEXAS,TX,2,1,0,3,439,2450,ARLINGTON,20,5,May,2010,5,Thursday,17,12,1,11,1,61,32.70087778,-97.47204444,14,1,0,0,0,1,0
481709,48,TEXAS,TX,1,1,0,1,201,3280,ANNETTE,31,5,May,2010,2,Monday,2,30,0,16,5,0,29.72911944,-95.64416667,42,3,0,0,0,1,1
481710,48,TEXAS,TX,1,1,0,1,243,0,BENEVOLENCE,5,7,July,2010,2,Monday,13,17,0,4,3,176,30.69236111,-103.79080278,1,1,0,0,0,1,0
481711,48,TEXAS,TX,1,1,0,1,167,6860,ADRIAN,16,7,July,2010,6,Friday,2,48,0,16,5,0,29.40487222,-94.94683056,59,2,0,0,0,1,1
481712,48,TEXAS,TX,2,2,0,3,309,545,ALAMO,22,7,July,2010,5,Thursday,9,53,1,13,8,35,31.58836944,-97.08059167,12,1,0,0,0,1,0
481713,48,TEXAS,TX,1,1,0,1,389,0,BALMORHEA,23,7,July,2010,6,Friday,18,30,0,6,4,0,31.40651944,-103.48595278,32,1,0,0,0,1,0
481714,48,TEXAS,TX,1,1,0,3,215,0,BIBB CITY,27,7,July,2010,3,Tuesday,19,0,0,6,4,0,26.34734444,-98.40619444,35,1,0,0,0,1,1
481715,48,TEXAS,TX,2,2,0,5,167,6860,ADRIAN,3,8,August,2010,3,Tuesday,22,31,0,14,8,21,29.41205000,-95.03124444,12,2,0,0,0,1,1
481716,48,TEXAS,TX,1,1,0,1,363,0,BRAZOS,5,8,August,2010,5,Thursday,7,55,0,3,2,234,32.76803333,-98.30622500,42,1,0,0,0,1,0
481717,48,TEXAS,TX,1,1,0,1,165,0,HERNDON,6,8,August,2010,6,Friday,20,10,0,6,4,0,32.78381111,-102.89627500,1,1,0,0,0,1,1
481718,48,TEXAS,TX,2,2,1,4,277,0,BROOKFIELD,6,8,August,2010,6,Friday,0,41,1,2,2,61,33.78742222,-95.53204444,8,2,0,0,0,1,0
481719,48,TEXAS,TX,1,1,0,1,343,0,CASON,7,8,August,2010,7,Saturday,18,11,0,4,2,8,33.08578889,-94.76188611,1,1,0,0,0,1,1
481720,48,TEXAS,TX,1,1,0,4,201,3280,ANNETTE,15,8,August,2010,1,Sunday,2,29,1,12,8,120,29.74433889,-95.55755278,24,3,0,0,0,1,1
481721,48,TEXAS,TX,1,1,0,1,165,0,HERNDON,16,8,August,2010,2,Monday,20,26,0,6,4,0,32.69782778,-103.04804444,30,1,0,0,0,1,1
481722,48,TEXAS,TX,1,1,1,1,479,3899,AGUILARES,22,8,August,2010,1,Sunday,2,4,1,11,7,27,27.53145833,-99.50338333,8,3,0,0,0,1,0
481723,48,TEXAS,TX,1,1,0,1,329,0,MIDLAND,23,8,August,2010,2,Monday,16,8,1,11,1,25,31.89608611,-102.24514167,1,1,0,0,0,1,0
481724,48,TEXAS,TX,1,1,0,1,201,3280,ANNETTE,27,8,August,2010,6,Friday,20,50,0,16,5,0,29.67783333,-95.55976944,25,3,0,0,0,1,0
481725,48,TEXAS,TX,1,1,0,2,231,0,CONCORD,27,8,August,2010,6,Friday,3,4,1,2,2,278,33.02982222,-96.00402778,32,2,0,0,0,1,1
481726,48,TEXAS,TX,1,1,0,1,339,0,CONROE,29,8,August,2010,1,Sunday,19,47,1,12,2,162,30.07074722,-95.24645000,25,3,0,0,0,1,1
481727,48,TEXAS,TX,1,1,0,1,139,0,CALION,30,8,August,2010,2,Monday,20,40,0,5,8,70,32.34144444,-96.51461389,58,2,0,0,0,1,1
481728,48,TEXAS,TX,2,2,0,4,395,0,BREMOND,30,8,August,2010,2,Monday,9,25,1,2,3,159,30.94421111,-96.64509722,12,1,0,0,0,1,0
481729,48,TEXAS,TX,1,1,0,1,477,0,BRENHAM,30,8,August,2010,2,Monday,7,43,1,2,3,110,30.33412778,-96.17310556,32,4,0,0,0,1,0
481730,48,TEXAS,TX,1,1,1,1,181,5510,LINCOLN,25,9,September,2010,7,Saturday,21,3,0,3,8,11,33.76303056,-96.66700000,8,3,0,0,0,1,0
481731,48,TEXAS,TX,1,1,0,1,321,0,BRIDGEBORO,25,9,September,2010,7,Saturday,21,53,0,3,3,461,28.72053056,-96.27520278,1,2,0,0,0,1,1
481732,48,TEXAS,TX,1,1,0,1,323,0,EAGLE PASS,25,9,September,2010,7,Saturday,20,35,0,5,8,28,28.92845833,-100.58625833,11,5,0,0,0,1,0
481733,48,TEXAS,TX,1,1,0,1,365,0,BECKVILLE,25,9,September,2010,7,Saturday,9,37,0,3,2,41,32.16500556,-94.38972500,35,1,0,0,0,1,0
481734,48,TEXAS,TX,2,2,0,4,453,330,ANDERSON MILL,25,9,September,2010,7,Saturday,12,45,0,16,5,0,30.23617500,-97.78426389,12,1,0,0,0,1,0
481735,48,TEXAS,TX,1,1,0,1,183,4080,FORT STEWART,26,9,September,2010,1,Sunday,3,14,1,13,3,246,32.43983333,-94.71706111,35,3,0,0,0,1,0
481736,48,TEXAS,TX,1,1,0,1,201,3280,ANNETTE,26,9,September,2010,1,Sunday,2,44,0,16,5,0,29.72238056,-95.30501111,33,6,0,0,0,1,1
481737,48,TEXAS,TX,1,1,1,1,309,545,ALAMO,26,9,September,2010,1,Sunday,1,0,1,11,1,182,31.58935278,-97.10966667,8,3,0,0,0,1,0
481738,48,TEXAS,TX,4,4,0,7,453,330,ANDERSON MILL,26,9,September,2010,1,Sunday,9,12,1,11,1,180,30.26989167,-97.73315556,12,1,0,0,0,1,0
481739,48,TEXAS,TX,2,2,0,3,459,0,BETTIE,26,9,September,2010,1,Sunday,4,30,0,3,2,53,32.57823611,-95.08181111,12,2,0,0,0,1,1
481740,48,TEXAS,TX,2,2,0,6,201,0,ANNETTE,27,9,September,2010,2,Monday,16,49,0,6,5,0,29.88100556,-95.54090556,12,1,0,0,0,3,0
481741,48,TEXAS,TX,1,1,0,1,421,0,SHERMAN,1,9,September,2010,4,Wednesday,12,45,0,6,4,0,36.34308611,-101.91886667,1,1,0,0,0,1,1
481742,48,TEXAS,TX,1,1,1,1,41,970,BRANTLEY,28,9,September,2010,3,Tuesday,7,40,1,13,8,92,30.62701944,-96.37669167,9,1,0,0,0,1,0
481743,48,TEXAS,TX,1,1,0,2,203,0,BENSON,28,9,September,2010,3,Tuesday,15,45,0,3,2,168,32.53618333,-94.42457222,24,1,0,0,0,1,0
481744,48,TEXAS,TX,1,1,0,1,309,0,ALAMO,28,9,September,2010,3,Tuesday,4,50,0,4,8,88,31.50839167,-97.01851944,42,2,0,0,0,1,0
481745,48,TEXAS,TX,1,1,0,1,467,0,BEN WHEELER,28,9,September,2010,3,Tuesday,3,57,0,4,8,1,32.51563611,-95.80117778,1,2,0,0,0,1,1
481746,48,TEXAS,TX,2,2,0,3,423,7070,ARP,29,9,September,2010,4,Wednesday,11,1,1,13,2,87,32.39616111,-95.26929722,12,1,0,0,0,1,0
481747,48,TEXAS,TX,1,1,0,1,467,0,BEN WHEELER,29,9,September,2010,4,Wednesday,17,25,1,1,1,282,32.50258333,-95.62857222,35,1,0,0,0,1,0
481748,48,TEXAS,TX,2,2,0,3,201,0,ANNETTE,30,9,September,2010,5,Thursday,10,5,0,6,4,0,29.77514444,-95.74131944,12,1,0,0,0,1,0
481749,48,TEXAS,TX,1,1,0,1,201,3280,ANNETTE,30,9,September,2010,5,Thursday,0,5,1,11,1,8,29.76946389,-95.34055278,23,3,0,0,0,1,0
481750,48,TEXAS,TX,1,1,0,1,265,0,CRAWFORDVILLE,30,9,September,2010,5,Thursday,23,39,0,4,3,168,30.07250556,-99.28121111,24,2,0,0,0,1,1
481751,48,TEXAS,TX,1,1,0,1,337,0,BELCHERVILLE,30,9,September,2010,5,Thursday,2,56,9,99,8,25,33.81641944,-97.61899167,1,2,0,0,0,1,0
481752,48,TEXAS,TX,2,2,0,2,453,330,ANDERSON MILL,30,9,September,2010,5,Thursday,15,30,1,12,7,103,30.32521111,-97.67208889,12,1,0,0,0,1,0
481753,48,TEXAS,TX,1,1,0,1,453,330,ANDERSON MILL,30,9,September,2010,5,Thursday,18,43,1,13,8,17,30.32074444,-97.71610278,26,5,0,0,0,1,1
481755,48,TEXAS,TX,1,1,0,2,303,4140,DAVISBORO,1,9,September,2010,4,Wednesday,1,21,0,16,5,0,33.58174444,-101.84317222,5,3,0,0,0,1,1
481756,48,TEXAS,TX,2,2,0,2,143,0,CANEHILL,2,9,September,2010,5,Thursday,7,30,1,2,2,52,32.15394722,-97.91210278,12,1,0,0,0,1,0
481757,48,TEXAS,TX,2,2,0,2,251,0,DOVER,3,9,September,2010,6,Friday,10,26,0,4,8,130,32.47408056,-97.22342778,12,1,0,0,0,1,0
481758,48,TEXAS,TX,1,1,0,1,167,3607,ADRIAN,4,9,September,2010,7,Saturday,0,1,0,16,5,0,29.53885556,-95.01625833,1,2,0,0,0,1,1
481759,48,TEXAS,TX,1,1,0,3,201,3280,ANNETTE,9,9,September,2010,5,Thursday,11,10,1,11,7,4,29.79194167,-95.45184722,21,1,0,0,0,1,0
481760,48,TEXAS,TX,2,2,0,2,201,3280,ANNETTE,9,9,September,2010,5,Thursday,21,14,1,11,1,93,29.60749167,-95.20676944,12,3,0,0,0,1,1
481761,48,TEXAS,TX,3,3,1,3,217,3210,COVINGTON,9,9,September,2010,5,Thursday,6,17,1,13,3,175,32.00631111,-97.13018611,8,3,0,1,0,1,0
481762,48,TEXAS,TX,2,2,0,2,303,0,DAVISBORO,11,9,September,2010,7,Saturday,17,50,1,2,2,398,33.66709444,-101.60748889,12,1,0,0,0,1,0
481763,48,TEXAS,TX,1,1,0,1,121,0,BON AIR,12,9,September,2010,1,Sunday,19,26,0,3,8,234,33.36085278,-97.00891389,42,1,0,0,0,1,0
481764,48,TEXAS,TX,2,2,0,3,201,3280,ANNETTE,12,9,September,2010,1,Sunday,12,0,0,16,5,0,29.63939722,-95.46358611,12,1,0,0,0,1,0
481765,48,TEXAS,TX,1,1,0,1,39,0,ANDALUSIA,14,9,September,2010,3,Tuesday,15,40,0,6,4,0,29.38149722,-95.39297222,42,1,0,0,0,1,1
481766,48,TEXAS,TX,2,2,0,3,289,1000,ALLENTOWN,14,9,September,2010,3,Tuesday,1,31,1,2,2,153,31.46790278,-96.04966389,12,3,0,0,0,1,0
481767,48,TEXAS,TX,1,1,0,4,489,0,LASARA,15,9,September,2010,4,Wednesday,14,50,1,2,2,211,26.44162222,-97.78406944,1,1,0,0,0,1,0
481768,48,TEXAS,TX,1,1,0,1,331,0,BEN ARNOLD,16,9,September,2010,5,Thursday,23,15,0,3,2,77,30.93241389,-96.98305556,32,2,0,0,0,1,0
481769,48,TEXAS,TX,1,1,0,4,423,0,ARP,16,9,September,2010,5,Thursday,16,26,0,6,4,0,32.39268611,-95.25546667,42,1,0,0,0,1,0
481770,48,TEXAS,TX,1,1,1,1,41,970,BRANTLEY,17,9,September,2010,6,Friday,21,33,1,13,3,106,30.67823611,-96.38799167,9,6,0,0,0,1,0
481771,48,TEXAS,TX,2,2,0,5,297,0,BETWEEN,17,9,September,2010,6,Friday,14,52,1,1,7,258,28.48978333,-98.14216667,12,1,0,0,0,1,0
481772,48,TEXAS,TX,2,2,0,2,221,2780,ARNOLDSVILLE,18,9,September,2010,7,Saturday,12,39,1,13,2,101,32.45251111,-97.73493611,12,1,0,0,0,1,0
481773,48,TEXAS,TX,2,2,0,4,307,0,PRESTON,18,9,September,2010,7,Saturday,2,20,0,3,2,47,30.95576111,-99.27889167,12,2,0,0,0,1,0
481774,48,TEXAS,TX,2,2,0,3,423,0,ARP,19,9,September,2010,1,Sunday,17,10,0,3,3,62,32.48039167,-95.17295833,12,1,0,0,0,1,1
481775,48,TEXAS,TX,1,1,0,1,201,3280,ANNETTE,20,9,September,2010,2,Monday,0,14,1,11,1,355,29.63708611,-95.23963333,33,3,0,0,0,1,1
481776,48,TEXAS,TX,1,1,1,2,215,5330,BIBB CITY,20,9,September,2010,2,Monday,20,36,0,16,5,0,26.22025000,-98.16283611,9,2,0,0,0,1,0
481777,48,TEXAS,TX,1,1,0,1,113,1730,COTTONTON,22,9,September,2010,4,Wednesday,11,59,1,12,2,56,32.71310833,-96.68297222,1,1,0,0,0,1,0
481778,48,TEXAS,TX,1,1,0,1,245,0,AUGUSTA,22,9,September,2010,4,Wednesday,12,51,0,3,2,14,30.07329722,-94.10438889,42,1,0,0,0,1,0
481779,48,TEXAS,TX,1,1,1,1,439,2255,ARLINGTON,22,9,September,2010,4,Wednesday,21,3,1,13,3,94,32.83245000,-97.09321667,8,3,0,0,0,1,0
481780,48,TEXAS,TX,2,2,0,2,487,0,HARROLD,22,9,September,2010,4,Wednesday,2,20,1,13,2,256,34.10604167,-99.08742778,12,2,0,0,0,1,1
481781,48,TEXAS,TX,1,1,0,1,141,6986,BEE BRANCH,23,9,September,2010,5,Thursday,16,45,0,16,5,0,31.44553333,-106.08848889,10,1,0,0,0,1,0
481782,48,TEXAS,TX,1,1,0,1,499,0,ALBA,23,9,September,2010,5,Thursday,11,10,0,3,3,140,32.83369167,-95.42631389,25,1,0,0,0,1,0
481783,48,TEXAS,TX,2,2,0,3,291,0,BLAIRSVILLE,24,9,September,2010,6,Friday,13,49,0,4,8,121,30.08166944,-94.86266944,12,1,0,0,0,2,0
481784,48,TEXAS,TX,2,2,0,4,325,0,CASTROVILLE,24,9,September,2010,6,Friday,20,20,1,2,3,24,29.65025278,-98.81450000,12,1,0,0,0,1,1
481785,48,TEXAS,TX,1,1,0,1,31,5985,COFFEE,28,9,September,2010,3,Tuesday,16,34,0,3,2,36,30.43160000,-98.34448889,30,1,0,0,0,1,0
481786,48,TEXAS,TX,2,2,0,3,157,0,ARCADE,3,9,September,2010,6,Friday,8,40,1,2,3,92,29.44181111,-95.82795000,12,1,0,0,0,1,0
481787,48,TEXAS,TX,2,2,0,3,309,0,ALAMO,3,9,September,2010,6,Friday,12,45,0,15,8,72,31.63173333,-97.21418611,12,1,0,0,0,1,0
481788,48,TEXAS,TX,2,2,0,10,135,0,ASH FLAT,5,9,September,2010,1,Sunday,18,55,0,14,8,35,31.83976389,-102.50582500,12,1,0,0,0,1,0
481789,48,TEXAS,TX,1,1,0,1,329,0,MIDLAND,5,9,September,2010,1,Sunday,1,48,0,16,5,0,32.06350000,-102.17482222,1,2,0,0,0,1,1
481790,48,TEXAS,TX,1,1,0,2,103,0,DANVILLE,6,9,September,2010,2,Monday,15,30,0,4,8,96,31.58845000,-102.68205000,1,1,0,0,0,1,0
481791,48,TEXAS,TX,2,2,0,2,113,1730,COTTONTON,6,9,September,2010,2,Monday,22,18,0,16,5,0,32.89467222,-96.80918889,12,3,0,0,0,1,1
481792,48,TEXAS,TX,3,3,0,4,231,0,CONCORD,6,9,September,2010,2,Monday,15,10,1,2,2,278,33.03089722,-96.00545556,12,1,0,0,0,1,0
481793,48,TEXAS,TX,2,2,0,2,387,0,ANNONA,9,9,September,2010,5,Thursday,11,40,1,2,2,4,33.51764167,-95.30463611,12,1,0,0,0,1,0
481794,48,TEXAS,TX,1,1,0,4,497,0,ALVORD,11,9,September,2010,7,Saturday,2,35,0,6,4,0,33.06320556,-97.62403889,38,2,0,0,0,1,1
481795,48,TEXAS,TX,2,2,0,2,367,0,ALEDO,13,9,September,2010,2,Monday,4,55,0,4,8,106,32.87252222,-97.74330278,12,2,0,0,0,1,0
481796,48,TEXAS,TX,1,1,0,2,329,0,MIDLAND,16,9,September,2010,5,Thursday,1,27,1,1,1,180,31.99455000,-102.02455833,1,3,0,0,0,1,1
481797,48,TEXAS,TX,1,1,0,2,289,0,ALLENTOWN,19,9,September,2010,1,Sunday,2,18,1,1,1,123,31.26551111,-95.98724444,1,2,0,0,0,1,0
481798,48,TEXAS,TX,1,1,0,5,83,0,ARDMORE,20,9,September,2010,2,Monday,13,35,0,6,4,0,31.81578889,-99.50738611,1,1,0,0,0,1,0
481799,48,TEXAS,TX,4,4,0,7,215,0,BIBB CITY,20,9,September,2010,2,Monday,20,4,0,15,8,205,26.21441111,-98.03697222,12,2,0,0,0,3,1
481800,48,TEXAS,TX,1,1,0,1,113,3420,COTTONTON,23,9,September,2010,5,Thursday,13,35,0,16,5,0,32.90548056,-96.95701389,24,1,0,0,0,1,0
481801,48,TEXAS,TX,3,3,0,3,453,0,ANDERSON MILL,25,9,September,2010,7,Saturday,0,10,1,13,8,2,30.44664444,-97.74400278,12,3,0,0,0,1,1
481802,48,TEXAS,TX,2,2,0,4,41,0,BRANTLEY,26,9,September,2010,1,Sunday,10,45,0,4,3,2,30.75122222,-96.45391944,12,1,0,0,0,1,0
481803,48,TEXAS,TX,2,2,0,3,297,0,BETWEEN,26,9,September,2010,1,Sunday,17,30,1,2,2,77,28.33932500,-98.01025556,12,1,0,0,0,1,0
481804,48,TEXAS,TX,2,2,0,2,497,0,ALVORD,26,9,September,2010,1,Sunday,14,45,0,4,8,47,33.39010000,-97.51902500,12,1,0,0,0,1,0
481805,48,TEXAS,TX,1,1,0,1,497,0,ALVORD,27,9,September,2010,2,Monday,21,20,0,6,4,0,33.14617500,-97.62914722,1,2,0,0,0,1,0
481806,48,TEXAS,TX,1,1,0,4,409,2871,ARANSAS PASS,28,9,September,2010,3,Tuesday,19,29,1,2,2,243,27.90894444,-97.29935278,1,5,0,0,0,2,0
481807,48,TEXAS,TX,1,1,0,1,29,6090,BORDEN SPRINGS,29,9,September,2010,4,Wednesday,3,33,0,16,5,0,29.55792778,-98.51730000,35,3,0,0,0,1,1
481808,48,TEXAS,TX,2,2,0,4,7,0,BIBB,30,9,September,2010,5,Thursday,15,12,0,3,3,31,28.09829444,-97.03320278,12,1,0,0,0,1,0
481809,48,TEXAS,TX,2,2,0,2,439,4965,ARLINGTON,1,10,October,2010,6,Friday,22,24,1,11,1,99999,32.83257778,-97.21067778,24,3,0,0,0,1,0
481810,48,TEXAS,TX,1,1,0,1,13,0,BOLLING,2,10,October,2010,7,Saturday,0,17,1,1,1,43,28.90915833,-98.43303611,1,2,0,0,0,1,0