ST_CASE,STATE,State Name,State Abbreviation,# of Vehicle involved,VE_FORMS,Pedestrains,Total_Persons_in_accident,COUNTY,CITY,City_County_Name,Calendar_DAY,MONTH,Month_name,YEAR,DAY_WEEK,Day_Week_desc,HOUR,MINUTE,NHS_Desc,trafficway,Route,MILEPT,LATITUDE,LONGITUD,First_Crash_event,Light_cond_desc,Weather_condition,School_bus_involved,Crash_cause,FATALS,DRUNK_DR
481968,48,TEXAS,TX,1,1,0,3,231,0,CONCORD,1,10,October,2010,6,Friday,7,5,0,5,8,39,33.36071389,-96.09498611,11,1,0,0,0,1,0
481969,48,TEXAS,TX,3,3,2,4,141,2190,BEE BRANCH,2,10,October,2010,7,Saturday,6,25,1,12,8,26,31.90561944,-106.55781389,12,2,0,0,0,1,0
481970,48,TEXAS,TX,1,1,0,1,329,4560,MIDLAND,3,10,October,2010,1,Sunday,3,18,1,13,3,11,32.09717222,-102.09635556,1,3,0,0,0,1,1
481971,48,TEXAS,TX,2,2,0,2,367,0,ALEDO,4,10,October,2010,2,Monday,7,15,0,4,3,160,32.57838889,-97.67770556,12,1,0,0,0,1,0
481972,48,TEXAS,TX,2,2,0,4,497,9997,ALVORD,9,10,October,2010,7,Saturday,3,21,0,4,8,12,33.09862500,-97.45267778,12,2,0,0,0,1,1
481973,48,TEXAS,TX,3,3,0,4,201,2560,ANNETTE,11,10,October,2010,2,Monday,7,12,0,16,5,0,29.73245278,-95.22758056,12,1,0,0,0,1,0
481974,48,TEXAS,TX,2,2,0,3,303,4140,DAVISBORO,12,10,October,2010,3,Tuesday,19,18,0,16,5,0,33.51580833,-101.87037778,12,1,0,0,0,2,1
481975,48,TEXAS,TX,1,1,0,2,497,0,ALVORD,12,10,October,2010,3,Tuesday,1,10,0,3,3,208,33.17408056,-97.71386111,35,2,0,0,0,1,0
481976,48,TEXAS,TX,2,2,0,3,141,2190,BEE BRANCH,13,10,October,2010,4,Wednesday,0,51,0,14,8,56,31.75607500,-106.27411111,12,3,0,0,0,1,1
481977,48,TEXAS,TX,1,1,0,1,423,0,ARP,13,10,October,2010,4,Wednesday,20,5,1,13,3,64,32.26325000,-95.23960833,30,2,0,0,0,1,0
481978,48,TEXAS,TX,2,2,0,5,251,1370,DOVER,14,10,October,2010,5,Thursday,12,53,1,13,2,118,32.37694167,-97.41825278,12,1,0,0,0,2,0
481979,48,TEXAS,TX,2,2,0,3,13,0,BOLLING,15,10,October,2010,6,Friday,14,51,1,1,1,105,29.21830556,-98.79910556,12,1,0,0,0,2,0
481980,48,TEXAS,TX,2,2,0,2,89,0,BROWNSBORO,15,10,October,2010,6,Friday,16,49,0,4,8,165,29.57380278,-96.43183056,12,1,0,0,0,1,0
481981,48,TEXAS,TX,2,2,0,4,303,4140,DAVISBORO,15,10,October,2010,6,Friday,7,16,1,13,2,28,33.56331667,-101.85536667,12,3,0,0,0,1,0
481982,48,TEXAS,TX,2,2,0,3,401,0,EASTON,15,10,October,2010,6,Friday,12,23,0,3,3,15,32.35478889,-94.90341667,12,1,0,0,0,1,0
481983,48,TEXAS,TX,2,2,0,2,1,0,AUTAUGA,16,10,October,2010,7,Saturday,20,8,0,3,2,83,31.66621111,-95.58343333,12,2,0,0,0,1,1
481984,48,TEXAS,TX,1,1,0,2,135,0,ASH FLAT,16,10,October,2010,7,Saturday,18,0,1,2,3,320,32.04686944,-102.33196111,1,1,0,0,0,1,0
481985,48,TEXAS,TX,2,2,0,2,439,3347,ARLINGTON,16,10,October,2010,7,Saturday,5,12,1,12,3,181,32.83954444,-97.17250000,12,3,0,0,0,1,1
481986,48,TEXAS,TX,1,1,0,1,439,2450,ARLINGTON,17,10,October,2010,1,Sunday,3,36,1,11,1,315,32.75779444,-97.47761111,1,2,0,0,0,1,0
481987,48,TEXAS,TX,1,1,1,1,113,1730,COTTONTON,18,10,October,2010,2,Monday,18,48,0,16,5,0,32.74863611,-96.65378889,9,5,0,0,0,1,0
481988,48,TEXAS,TX,1,1,0,1,167,3920,ADRIAN,18,10,October,2010,2,Monday,17,23,1,13,8,121,29.52498056,-95.05843056,39,1,0,0,0,1,1
481989,48,TEXAS,TX,1,1,0,3,177,0,LEE,18,10,October,2010,2,Monday,3,15,0,4,3,99,29.58303056,-97.36671944,38,2,0,0,0,1,1
481990,48,TEXAS,TX,1,1,0,1,109,0,ANSLEY,19,10,October,2010,3,Tuesday,8,59,1,1,7,180,31.05373333,-104.61285833,1,2,0,0,0,1,1
481991,48,TEXAS,TX,1,1,1,1,183,0,FORT STEWART,19,10,October,2010,3,Tuesday,19,54,0,3,3,150,32.45672778,-94.93732500,8,2,0,0,0,1,1
481992,48,TEXAS,TX,3,3,0,5,365,0,BECKVILLE,19,10,October,2010,3,Tuesday,16,3,0,3,3,74,32.23082778,-94.44474167,12,1,0,0,0,1,0
481993,48,TEXAS,TX,3,3,0,6,427,5780,DELMITA,19,10,October,2010,3,Tuesday,15,18,1,13,2,325,26.36071389,-98.78535833,12,1,0,0,0,1,0
481994,48,TEXAS,TX,2,2,0,3,39,0,ANDALUSIA,20,10,October,2010,4,Wednesday,9,10,1,2,3,235,29.27425833,-95.44170000,24,1,0,0,0,1,0
481995,48,TEXAS,TX,1,1,0,2,473,0,BROOKSHIRE,20,10,October,2010,4,Wednesday,21,30,0,6,4,0,29.88870833,-96.05083889,11,2,0,0,0,1,0
481996,48,TEXAS,TX,1,1,0,2,291,0,BLAIRSVILLE,21,10,October,2010,5,Thursday,12,0,0,3,8,59,29.99137778,-94.74248333,1,1,0,0,0,2,0
481997,48,TEXAS,TX,1,1,1,1,355,1550,AGUA DULCE,21,10,October,2010,5,Thursday,0,26,1,12,7,152,27.67448056,-97.29440833,9,3,0,0,0,1,0
481998,48,TEXAS,TX,1,1,0,1,409,0,ARANSAS PASS,21,10,October,2010,5,Thursday,14,34,1,1,1,145,28.05925556,-97.77688333,21,1,0,0,0,1,0
481999,48,TEXAS,TX,2,2,0,6,303,4140,DAVISBORO,22,10,October,2010,6,Friday,19,2,1,12,2,185,33.57792500,-101.84721667,12,1,0,0,0,1,1
482000,48,TEXAS,TX,2,2,0,2,401,0,EASTON,22,10,October,2010,6,Friday,15,20,1,2,2,42,32.21129444,-94.83688056,12,1,0,0,0,1,0
482001,48,TEXAS,TX,2,2,0,5,453,0,ANDERSON MILL,22,10,October,2010,6,Friday,7,30,1,13,8,174,30.26073611,-97.61880278,12,4,0,0,0,1,0
482002,48,TEXAS,TX,1,1,0,1,73,0,ARGO,23,10,October,2010,7,Saturday,21,53,1,2,2,435,31.59951944,-95.03055833,1,2,0,0,0,1,0
482003,48,TEXAS,TX,3,3,0,3,467,0,BEN WHEELER,23,10,October,2010,7,Saturday,18,20,0,3,2,9,32.71118889,-96.05831667,12,1,0,0,0,1,0
482004,48,TEXAS,TX,1,1,0,1,497,0,ALVORD,23,10,October,2010,7,Saturday,1,0,1,2,2,68,33.23043056,-97.64837222,42,2,0,0,0,1,1
482005,48,TEXAS,TX,1,1,0,2,71,0,BRIDGEPORT,24,10,October,2010,1,Sunday,2,10,0,4,8,55,29.85543889,-94.81488611,38,2,0,0,0,1,1
482006,48,TEXAS,TX,1,1,0,1,251,0,DOVER,24,10,October,2010,1,Sunday,12,44,0,4,8,50,32.26476389,-97.48198889,53,1,0,0,0,1,0
482007,48,TEXAS,TX,3,3,0,4,395,0,BREMOND,24,10,October,2010,1,Sunday,16,40,1,2,2,50,30.95175833,-96.57136944,12,1,0,0,0,2,0
482008,48,TEXAS,TX,1,1,0,1,199,0,ALVATON,25,10,October,2010,2,Monday,12,55,0,3,8,100,30.29283056,-94.48988889,32,1,0,0,0,1,0
482009,48,TEXAS,TX,2,2,0,2,279,4010,LYONS,25,10,October,2010,2,Monday,16,17,0,14,2,153,33.91795278,-102.35550000,12,1,0,0,0,1,0
482010,48,TEXAS,TX,2,2,0,2,287,0,ASHBURN,25,10,October,2010,2,Monday,7,41,1,2,2,27,30.18614167,-96.98691389,12,1,0,0,0,1,0
482011,48,TEXAS,TX,2,2,0,3,115,0,ASHVILLE,26,10,October,2010,3,Tuesday,18,59,1,13,2,132,32.70246667,-102.20414722,12,5,0,0,0,1,0
482012,48,TEXAS,TX,2,2,0,12,259,0,CHARLES,26,10,October,2010,3,Tuesday,16,4,0,4,3,13,29.75343333,-98.81179722,12,1,0,1,0,1,0
482014,48,TEXAS,TX,1,1,3,1,201,3280,ANNETTE,27,10,October,2010,4,Wednesday,9,0,0,16,5,0,29.86346389,-95.45469444,8,1,0,0,0,1,0
482015,48,TEXAS,TX,1,1,0,1,243,0,BENEVOLENCE,27,10,October,2010,4,Wednesday,13,8,0,3,2,209,30.54260000,-104.44126944,32,1,0,0,0,1,0
482016,48,TEXAS,TX,1,1,0,1,183,0,FORT STEWART,28,10,October,2010,5,Thursday,22,3,0,5,8,11,32.49168333,-94.94884444,38,2,0,0,0,1,0
482017,48,TEXAS,TX,2,2,0,2,391,0,AUSTWELL,28,10,October,2010,5,Thursday,5,7,1,2,2,71,28.47491667,-97.09645556,12,2,0,0,0,1,0
482018,48,TEXAS,TX,2,2,0,2,453,330,ANDERSON MILL,28,10,October,2010,5,Thursday,10,49,0,16,5,0,30.38855000,-97.71055000,12,1,0,0,0,1,0
482019,48,TEXAS,TX,2,2,0,3,471,0,DODGE,28,10,October,2010,5,Thursday,16,22,1,11,1,137,30.69149722,-95.54922778,12,1,0,0,0,1,0
482020,48,TEXAS,TX,2,2,0,4,113,1730,COTTONTON,29,10,October,2010,6,Friday,17,28,1,13,3,46,32.76337222,-96.67600833,12,1,0,0,0,1,1
482021,48,TEXAS,TX,2,2,0,2,177,0,LEE,29,10,October,2010,6,Friday,10,0,1,2,2,224,29.39573333,-97.36679444,12,1,0,0,0,1,0
482022,48,TEXAS,TX,2,2,0,2,367,0,ALEDO,29,10,October,2010,6,Friday,23,20,0,4,8,97,32.74041389,-98.00515000,12,2,0,0,0,1,0
482023,48,TEXAS,TX,2,2,0,3,71,5059,BRIDGEPORT,30,10,October,2010,7,Saturday,10,3,0,3,8,32,29.86777778,-94.84329722,12,1,0,0,0,1,0
482024,48,TEXAS,TX,1,1,0,1,201,3280,ANNETTE,30,10,October,2010,7,Saturday,3,41,1,11,1,279,29.76728333,-95.36028611,39,3,0,0,0,1,1
482025,48,TEXAS,TX,2,2,0,2,231,4070,CONCORD,30,10,October,2010,7,Saturday,6,41,1,2,2,331,32.99149444,-95.93540556,12,2,0,0,0,1,0
482026,48,TEXAS,TX,1,1,1,1,321,0,BRIDGEBORO,30,10,October,2010,7,Saturday,21,11,0,4,8,274,28.77435556,-95.61959167,9,2,0,0,0,1,1
482027,48,TEXAS,TX,2,2,0,3,329,0,MIDLAND,30,10,October,2010,7,Saturday,0,5,1,11,1,61,31.91935833,-102.20002778,12,2,0,0,0,1,1
482028,48,TEXAS,TX,1,1,0,1,453,330,ANDERSON MILL,30,10,October,2010,7,Saturday,6,4,1,12,2,45,30.37968889,-97.73737778,1,3,0,0,0,1,0
482029,48,TEXAS,TX,2,2,0,2,61,940,BELLWOOD,31,10,October,2010,1,Sunday,23,0,0,14,8,108,25.95974167,-97.48621111,12,3,0,0,0,1,0
482030,48,TEXAS,TX,1,1,0,1,113,1730,COTTONTON,31,10,October,2010,1,Sunday,3,13,1,13,8,76,32.76396389,-96.68236944,18,2,0,0,0,1,1
482031,48,TEXAS,TX,1,1,0,2,453,0,ANDERSON MILL,31,10,October,2010,1,Sunday,3,17,0,6,4,0,30.44095000,-97.52290000,59,2,0,0,0,1,1
482032,48,TEXAS,TX,1,1,0,1,491,0,ANDERSON MILL,31,10,October,2010,1,Sunday,16,0,0,3,3,40,30.69062500,-97.97122500,42,1,0,0,0,1,0
482033,48,TEXAS,TX,2,2,0,3,9,0,BLOUNT,1,11,November,2010,2,Monday,21,43,0,3,2,34,33.79473333,-98.48261389,12,2,0,0,0,1,0
482034,48,TEXAS,TX,1,1,0,1,65,0,CYPRESS,1,11,November,2010,2,Monday,20,57,1,2,2,33,35.27311944,-101.58394444,32,2,0,0,0,1,0
482036,48,TEXAS,TX,1,1,1,3,201,5230,ANNETTE,1,11,November,2010,2,Monday,19,6,0,16,5,0,29.64742222,-95.20787500,8,3,0,0,0,1,0
482037,48,TEXAS,TX,2,2,0,3,395,0,BREMOND,1,11,November,2010,2,Monday,8,40,1,2,3,53,31.08036667,-96.71324722,12,1,0,0,0,2,0
482038,48,TEXAS,TX,1,1,0,1,457,0,CHESTER,1,11,November,2010,2,Monday,8,21,1,2,2,22,30.74769167,-94.43006111,1,1,0,0,0,1,0
482039,48,TEXAS,TX,1,1,0,2,113,1730,COTTONTON,2,11,November,2010,3,Tuesday,22,25,0,16,5,0,32.82114167,-96.67899722,30,3,0,0,0,1,1
482041,48,TEXAS,TX,4,2,1,3,183,4080,FORT STEWART,2,11,November,2010,3,Tuesday,10,41,1,13,3,249,32.43370278,-94.71645000,12,1,0,0,0,1,0
482042,48,TEXAS,TX,1,1,0,1,185,4830,ANAKTUVUK PASS,2,11,November,2010,3,Tuesday,5,21,0,14,3,229,30.39134167,-96.06947222,1,2,0,0,0,1,0
482043,48,TEXAS,TX,1,1,0,4,231,2860,CONCORD,2,11,November,2010,3,Tuesday,2,40,1,11,1,149,33.11816667,-96.09794167,1,3,0,0,0,1,0
482044,48,TEXAS,TX,2,2,0,2,363,4630,BRAZOS,2,11,November,2010,3,Tuesday,16,16,1,13,3,383,32.81072222,-98.07138889,12,1,0,0,0,1,0
482045,48,TEXAS,TX,5,5,0,8,439,260,ARLINGTON,2,11,November,2010,3,Tuesday,6,37,1,11,1,273,32.75966111,-97.09600833,12,3,0,0,0,1,0
482046,48,TEXAS,TX,1,1,0,1,251,2690,DOVER,3,11,November,2010,4,Wednesday,0,15,0,4,3,37,32.50328333,-97.58575833,32,2,0,0,0,1,1
482047,48,TEXAS,TX,1,1,0,1,61,940,BELLWOOD,4,11,November,2010,5,Thursday,0,58,0,14,8,27,25.89224722,-97.44490000,42,2,0,0,0,1,0
482048,48,TEXAS,TX,1,1,0,3,113,1730,COTTONTON,4,11,November,2010,5,Thursday,22,56,0,16,5,0,32.74376944,-96.78753611,30,3,0,0,0,1,0
482049,48,TEXAS,TX,2,2,0,2,117,0,BIRMINGHAM,4,11,November,2010,5,Thursday,23,25,0,3,2,65,35.10702500,-102.40111944,12,2,0,0,0,1,0
482050,48,TEXAS,TX,1,1,0,3,135,5030,ASH FLAT,4,11,November,2010,5,Thursday,10,43,0,16,5,0,31.87472222,-102.34703889,5,1,0,0,0,1,0
482051,48,TEXAS,TX,3,3,0,4,201,0,ANNETTE,4,11,November,2010,5,Thursday,8,35,0,6,4,0,29.87949167,-95.33557222,12,1,0,0,0,1,0
482052,48,TEXAS,TX,1,1,0,1,483,0,ALLISON,4,11,November,2010,5,Thursday,7,56,0,3,3,148,35.45140556,-100.30732222,31,2,0,0,0,1,1
482053,48,TEXAS,TX,2,2,0,2,91,9997,DAYTON,5,11,November,2010,6,Friday,4,45,1,11,1,20,29.62923333,-98.23247222,12,2,0,0,0,1,1
482054,48,TEXAS,TX,1,1,1,1,201,0,ANNETTE,5,11,November,2010,6,Friday,15,48,0,6,4,0,29.96482500,-95.46300556,9,1,0,0,0,1,0
482055,48,TEXAS,TX,1,1,0,1,201,3280,ANNETTE,5,11,November,2010,6,Friday,11,1,1,12,2,53,29.79103056,-95.34024444,21,1,0,0,0,1,1
482056,48,TEXAS,TX,2,2,0,2,209,0,AILEY,5,11,November,2010,6,Friday,18,7,0,4,8,57,30.03331389,-97.76914722,12,5,0,0,0,1,0
482057,48,TEXAS,TX,2,2,0,2,405,6100,BROADDUS,5,11,November,2010,6,Friday,19,57,0,3,3,18,31.52310278,-94.11828611,12,3,0,0,0,1,0
482058,48,TEXAS,TX,2,2,0,4,21,0,CHILTON,6,11,November,2010,7,Saturday,15,4,0,6,4,0,30.28680833,-97.36693889,12,1,0,0,0,1,0
482059,48,TEXAS,TX,2,2,0,5,61,0,BELLWOOD,6,11,November,2010,7,Saturday,2,21,1,13,3,88,26.06989167,-97.45121944,12,2,0,0,0,1,1
482060,48,TEXAS,TX,1,1,0,1,73,0,ARGO,6,11,November,2010,7,Saturday,19,20,0,6,4,0,32.13684722,-95.10057500,42,2,0,0,0,1,1
482061,48,TEXAS,TX,2,2,0,4,89,0,BROWNSBORO,6,11,November,2010,7,Saturday,0,29,0,4,2,173,29.70337500,-96.52184444,12,2,0,0,0,3,1
482062,48,TEXAS,TX,1,1,0,3,135,5030,ASH FLAT,6,11,November,2010,7,Saturday,4,7,0,16,5,0,31.84877222,-102.37594444,42,3,0,0,0,1,1
482063,48,TEXAS,TX,2,2,0,4,361,0,BRIDGE CITY,6,11,November,2010,7,Saturday,17,50,0,4,8,1,30.24197778,-94.02181111,12,1,0,0,0,2,0
482064,48,TEXAS,TX,1,1,0,1,29,1512,BORDEN SPRINGS,7,11,November,2010,1,Sunday,7,21,1,13,8,70,29.52661944,-98.30949722,42,1,0,0,0,1,1
482065,48,TEXAS,TX,1,1,0,5,109,0,ANSLEY,7,11,November,2010,1,Sunday,3,50,1,1,1,140,31.04754722,-104.68286389,1,2,0,0,0,2,0
482066,48,TEXAS,TX,1,1,1,2,113,3420,COTTONTON,7,11,November,2010,1,Sunday,3,12,9,99,3,99999,32.80223611,-96.90888333,8,3,0,0,0,1,1
482067,48,TEXAS,TX,1,1,0,1,311,0,CLEVELAND,7,11,November,2010,1,Sunday,20,17,0,3,3,364,28.14130000,-98.58770556,38,2,0,0,0,1,0
482068,48,TEXAS,TX,2,2,0,3,347,0,APPLEBY,7,11,November,2010,1,Sunday,14,45,0,3,3,16,31.50387222,-94.80230278,12,1,0,0,0,1,0
482069,48,TEXAS,TX,1,1,0,1,419,0,CENTER,7,11,November,2010,1,Sunday,22,50,0,4,8,117,31.77985000,-94.24895833,59,2,0,0,0,1,0
482070,48,TEXAS,TX,4,4,0,5,1,0,AUTAUGA,8,11,November,2010,2,Monday,13,20,0,3,2,66,31.69222500,-95.58487500,12,1,0,0,0,1,0
482071,48,TEXAS,TX,2,2,0,2,65,0,CYPRESS,8,11,November,2010,2,Monday,19,7,1,2,2,68,35.29039722,-101.52817778,12,2,0,0,0,1,0
482072,48,TEXAS,TX,4,4,0,4,201,3280,ANNETTE,8,11,November,2010,2,Monday,7,33,1,13,3,125,29.73324722,-95.64405556,12,2,0,0,0,1,0
482073,48,TEXAS,TX,2,2,0,2,265,3382,CRAWFORDVILLE,8,11,November,2010,2,Monday,7,53,0,4,3,11,30.07368056,-99.23537778,12,1,0,0,0,1,0
482074,48,TEXAS,TX,1,1,1,1,439,260,ARLINGTON,9,11,November,2010,3,Tuesday,15,17,0,16,5,0,32.75030556,-97.09096667,8,1,0,0,0,1,0
482075,48,TEXAS,TX,1,1,1,1,201,3280,ANNETTE,9,11,November,2010,3,Tuesday,20,0,0,16,5,0,29.68891111,-95.60380000,8,3,0,0,0,1,0
482076,48,TEXAS,TX,2,2,0,2,309,7210,ALAMO,9,11,November,2010,3,Tuesday,1,12,1,13,8,201,31.51726667,-97.17961944,12,3,0,0,0,1,1
482077,48,TEXAS,TX,2,2,0,4,91,0,DAYTON,10,11,November,2010,4,Wednesday,16,40,0,4,8,57,29.97478889,-98.26343611,12,1,0,0,0,1,0
482078,48,TEXAS,TX,1,1,1,1,201,3280,ANNETTE,10,11,November,2010,4,Wednesday,5,20,1,13,3,135,29.74223611,-95.64433889,8,2,0,0,0,1,0
482080,48,TEXAS,TX,1,1,0,4,249,0,ELLAVILLE,10,11,November,2010,4,Wednesday,22,21,0,6,4,0,27.95674722,-97.91588611,72,2,0,0,0,1,0
482081,48,TEXAS,TX,1,1,1,1,255,0,EAST GRIFFIN,10,11,November,2010,4,Wednesday,19,15,0,5,8,32,28.86349444,-98.07306389,8,2,0,0,0,1,0
482082,48,TEXAS,TX,1,1,0,1,5,0,BAKER HILL,11,11,November,2010,5,Thursday,21,14,1,2,2,204,31.39757222,-94.78896389,53,2,0,0,0,1,0
482083,48,TEXAS,TX,2,2,0,5,339,1692,CONROE,11,11,November,2010,5,Thursday,15,40,1,2,3,273,30.32716944,-95.38408333,12,1,0,0,0,2,0
482084,48,TEXAS,TX,1,1,0,2,341,0,CACTUS,11,11,November,2010,5,Thursday,12,49,1,2,2,105,35.73173056,-101.96456111,1,1,0,0,0,1,0
482085,48,TEXAS,TX,1,1,0,3,373,0,ACE,11,11,November,2010,5,Thursday,19,35,0,3,8,32,30.80887778,-95.11587500,1,2,0,0,0,1,1
482086,48,TEXAS,TX,1,1,1,1,201,3280,ANNETTE,12,11,November,2010,6,Friday,19,30,0,16,5,0,29.84267222,-95.36558611,8,3,0,0,0,1,0
482087,48,TEXAS,TX,2,2,0,2,277,5220,BROOKFIELD,12,11,November,2010,6,Friday,6,36,0,15,8,15,33.63117500,-95.55483611,12,1,0,0,0,1,0
482088,48,TEXAS,TX,1,1,0,1,351,0,BLEAKWOOD,12,11,November,2010,6,Friday,23,40,0,6,4,0,30.68238333,-93.82056944,1,2,0,0,0,1,0
482089,48,TEXAS,TX,2,2,0,3,361,0,BRIDGE CITY,12,11,November,2010,6,Friday,16,55,0,4,8,7,30.23289722,-94.02159722,12,1,0,0,0,1,0
482090,48,TEXAS,TX,2,2,0,2,411,0,BEND,12,11,November,2010,6,Friday,11,24,1,2,2,272,31.19783889,-98.66126944,12,1,0,0,0,1,0
482091,48,TEXAS,TX,2,2,0,4,467,0,BEN WHEELER,12,11,November,2010,6,Friday,15,37,0,4,8,112,32.56360278,-95.84141667,12,1,0,0,0,1,0
482092,48,TEXAS,TX,1,1,1,2,29,6090,BORDEN SPRINGS,13,11,November,2010,7,Saturday,13,50,1,13,8,273,29.47824167,-98.53973333,8,1,0,0,0,1,0
482093,48,TEXAS,TX,2,2,0,3,215,5291,BIBB CITY,13,11,November,2010,7,Saturday,7,58,1,13,2,102,26.24313056,-98.44245278,12,3,0,0,0,1,0
482094,48,TEXAS,TX,2,2,0,7,339,9997,CONROE,13,11,November,2010,7,Saturday,19,11,0,16,5,0,30.10306389,-95.39647778,12,2,0,0,0,1,0
482095,48,TEXAS,TX,1,1,0,2,341,0,CACTUS,13,11,November,2010,7,Saturday,15,10,0,4,8,164,35.69294444,-101.69045278,1,1,0,0,0,1,1
482096,48,TEXAS,TX,2,2,0,3,373,0,ACE,13,11,November,2010,7,Saturday,15,5,0,3,3,81,30.61820556,-94.85501944,12,1,0,0,0,1,0
482097,48,TEXAS,TX,1,1,0,3,121,1840,BON AIR,14,11,November,2010,1,Sunday,2,55,1,11,1,162,33.20450000,-97.16375000,24,3,0,0,0,1,1
482098,48,TEXAS,TX,1,1,1,1,183,4080,FORT STEWART,14,11,November,2010,1,Sunday,19,0,0,16,5,0,32.48443889,-94.73457778,8,2,0,0,0,1,0
482099,48,TEXAS,TX,1,1,0,4,201,7286,ANNETTE,14,11,November,2010,1,Sunday,2,45,1,11,1,1,29.50960278,-95.11811667,25,3,0,0,0,3,1
482100,48,TEXAS,TX,2,2,0,3,407,0,COLDSPRING,14,11,November,2010,1,Sunday,17,56,0,3,2,129,30.79176111,-95.16731667,12,2,0,0,0,1,1
482101,48,TEXAS,TX,1,1,1,1,167,3220,ADRIAN,15,11,November,2010,2,Monday,20,22,1,13,3,124,29.34460556,-95.00376944,8,2,0,0,0,1,0
482102,48,TEXAS,TX,1,1,0,1,201,0,ANNETTE,15,11,November,2010,2,Monday,16,44,0,6,4,0,29.83961389,-95.60493333,42,1,0,0,0,1,0
482103,48,TEXAS,TX,1,1,0,1,347,0,APPLEBY,15,11,November,2010,2,Monday,6,8,0,3,3,86,31.61879722,-94.49722778,42,2,0,0,0,1,0
482104,48,TEXAS,TX,2,2,0,3,361,5100,BRIDGE CITY,15,11,November,2010,2,Monday,15,30,1,13,3,68,30.16125000,-93.75450278,12,1,0,0,0,1,0
482105,48,TEXAS,TX,1,1,0,2,409,0,ARANSAS PASS,15,11,November,2010,2,Monday,16,25,1,1,1,81,27.99099167,-97.69188889,1,1,0,0,0,1,0
482106,48,TEXAS,TX,2,2,0,2,93,1480,BEAR CREEK,16,11,November,2010,3,Tuesday,14,6,1,2,2,112,31.89788333,-98.58795556,12,1,0,0,0,1,0
482107,48,TEXAS,TX,2,2,0,2,419,0,CENTER,16,11,November,2010,3,Tuesday,11,0,1,2,2,227,31.96996667,-94.01996667,12,1,0,0,0,1,0
482108,48,TEXAS,TX,1,1,0,1,53,9997,ATMORE,17,11,November,2010,4,Wednesday,6,36,0,4,8,102,30.54858333,-98.33501944,1,4,0,0,0,1,0
482109,48,TEXAS,TX,2,2,0,2,85,1730,BENTON,17,11,November,2010,4,Wednesday,5,50,1,13,3,306,32.99534722,-96.79912222,12,3,0,0,0,1,0
482110,48,TEXAS,TX,1,1,0,3,179,0,ALLENHURST,17,11,November,2010,4,Wednesday,18,30,0,4,3,76,35.43084722,-100.97349722,38,2,0,0,0,2,0
482111,48,TEXAS,TX,2,2,0,3,201,3280,ANNETTE,17,11,November,2010,4,Wednesday,14,0,1,11,7,151,29.78513611,-95.56260556,12,1,0,0,0,1,0
482112,48,TEXAS,TX,1,1,0,1,375,150,AMARILLO,17,11,November,2010,4,Wednesday,1,58,0,14,8,192,35.21141389,-101.86602500,42,3,0,0,0,1,1
482113,48,TEXAS,TX,3,3,0,3,423,3990,ARP,17,11,November,2010,4,Wednesday,13,39,1,1,1,85,32.46995278,-95.45263611,12,1,0,0,0,1,0
482114,48,TEXAS,TX,2,2,0,3,347,0,APPLEBY,18,11,November,2010,5,Thursday,20,43,0,3,3,304,31.56186944,-94.47794722,12,2,0,0,0,1,0
482115,48,TEXAS,TX,2,2,0,2,7,0,BIBB,19,11,November,2010,6,Friday,15,10,0,3,3,0,28.24134167,-96.98001944,12,1,0,0,0,1,0
482116,48,TEXAS,TX,1,1,1,1,201,0,ANNETTE,19,11,November,2010,6,Friday,3,55,0,6,4,0,30.02016667,-95.47314722,8,2,0,0,0,1,1
482117,48,TEXAS,TX,1,1,0,1,351,0,BLEAKWOOD,19,11,November,2010,6,Friday,13,50,0,6,4,0,30.61882778,-93.87491389,35,1,0,0,0,1,0
482118,48,TEXAS,TX,3,3,0,7,113,1730,COTTONTON,20,11,November,2010,7,Saturday,17,32,1,12,8,159,32.69125000,-96.86403611,12,3,0,0,0,2,2
482119,48,TEXAS,TX,1,1,0,1,407,0,COLDSPRING,20,11,November,2010,7,Saturday,1,27,0,4,8,14,30.49720000,-94.97466111,42,2,0,0,0,1,1
482120,48,TEXAS,TX,2,2,0,2,419,0,CENTER,20,11,November,2010,7,Saturday,7,31,0,3,3,274,31.71040833,-94.04602778,12,4,0,0,0,1,0
482121,48,TEXAS,TX,1,1,0,2,61,940,BELLWOOD,21,11,November,2010,1,Sunday,0,37,0,16,5,0,25.95568611,-97.55410833,1,2,0,0,0,1,0
482122,48,TEXAS,TX,3,3,0,6,113,2800,COTTONTON,21,11,November,2010,1,Sunday,1,17,1,11,1,17,32.67626389,-97.02429722,12,3,0,0,0,1,1