ST_CASE,STATE,State Name,State Abbreviation,# of Vehicle involved,VE_FORMS,Pedestrains,Total_Persons_in_accident,COUNTY,CITY,City_County_Name,Calendar_DAY,MONTH,Month_name,YEAR,DAY_WEEK,Day_Week_desc,HOUR,MINUTE,NHS_Desc,trafficway,Route,MILEPT,LATITUDE,LONGITUD,First_Crash_event,Light_cond_desc,Weather_condition,School_bus_involved,Crash_cause,FATALS,DRUNK_DR
482123,48,TEXAS,TX,1,1,0,4,199,0,ALVATON,21,11,November,2010,1,Sunday,2,40,0,3,8,35,30.33069444,-94.40026111,1,2,0,0,0,1,1
482124,48,TEXAS,TX,1,1,0,1,201,3280,ANNETTE,21,11,November,2010,1,Sunday,0,53,0,16,5,0,29.62648056,-95.25717222,33,3,0,0,0,1,0
482125,48,TEXAS,TX,1,1,0,1,201,0,ANNETTE,22,11,November,2010,2,Monday,21,48,0,6,4,0,30.06144167,-95.49606111,52,2,0,0,0,1,1
482126,48,TEXAS,TX,2,2,0,2,347,0,APPLEBY,22,11,November,2010,2,Monday,11,0,1,2,2,4,31.82693056,-94.68154722,12,1,0,0,0,1,0
482127,48,TEXAS,TX,1,1,1,1,373,0,ACE,22,11,November,2010,2,Monday,19,54,0,3,3,169,30.50147222,-94.78877222,8,1,0,0,0,1,0
482128,48,TEXAS,TX,1,1,1,1,201,0,ANNETTE,23,11,November,2010,3,Tuesday,18,30,0,16,5,0,30.00986111,-95.65271667,8,2,0,0,0,1,0
482129,48,TEXAS,TX,1,1,0,2,245,0,AUGUSTA,23,11,November,2010,3,Tuesday,18,28,1,1,1,125,29.98446389,-94.21088333,1,2,0,0,0,1,1
482130,48,TEXAS,TX,1,1,1,1,113,1730,COTTONTON,24,11,November,2010,4,Wednesday,17,45,0,16,5,0,32.71988611,-96.85695278,8,3,0,0,0,1,0
482131,48,TEXAS,TX,2,2,0,2,201,9997,ANNETTE,24,11,November,2010,4,Wednesday,22,26,0,16,5,0,29.50604167,-95.16316111,12,2,0,0,0,1,0
482132,48,TEXAS,TX,2,2,0,2,203,7260,BENSON,24,11,November,2010,4,Wednesday,11,10,0,3,2,394,32.47823056,-94.05681667,12,1,0,0,0,1,0
482133,48,TEXAS,TX,3,3,0,4,469,0,BLOOMINGTON,24,11,November,2010,4,Wednesday,11,30,1,2,2,139,28.58490833,-97.04353333,12,1,0,0,0,1,0
482134,48,TEXAS,TX,1,1,0,1,55,4372,ATTALLA,25,11,November,2010,5,Thursday,1,0,0,16,5,0,29.84968611,-97.85681111,24,2,0,0,0,1,1
482135,48,TEXAS,TX,2,2,0,3,347,0,APPLEBY,25,11,November,2010,5,Thursday,1,45,0,3,3,104,31.62749167,-94.46605278,12,2,0,0,0,2,1
482136,48,TEXAS,TX,2,2,0,7,121,1840,BON AIR,26,11,November,2010,6,Friday,7,30,1,13,2,90,33.23335556,-97.23500278,12,1,0,0,0,1,0
482137,48,TEXAS,TX,1,1,0,1,227,640,JASPER,26,11,November,2010,6,Friday,23,59,1,13,2,219,32.25618889,-101.48181111,30,3,0,0,0,1,0
482138,48,TEXAS,TX,1,1,0,2,29,6090,BORDEN SPRINGS,27,11,November,2010,7,Saturday,2,35,0,16,5,0,29.46231944,-98.67347778,42,3,0,0,0,1,1
482139,48,TEXAS,TX,3,3,0,5,339,1510,CONROE,27,11,November,2010,7,Saturday,0,1,1,13,3,163,30.29496111,-95.45644167,12,3,0,0,0,1,3
482140,48,TEXAS,TX,2,2,0,2,113,1730,COTTONTON,29,11,November,2010,2,Monday,18,37,1,13,8,212,32.71278333,-96.70496111,12,2,0,0,0,1,0
482141,48,TEXAS,TX,1,1,0,1,113,2800,COTTONTON,29,11,November,2010,2,Monday,0,44,0,16,5,0,32.74227500,-96.98761389,38,3,0,0,0,1,0
482142,48,TEXAS,TX,1,1,0,1,439,590,ARLINGTON,29,11,November,2010,2,Monday,0,1,1,13,2,64,32.66172222,-97.48604444,46,3,0,0,0,1,1
482143,48,TEXAS,TX,1,1,0,4,493,0,FLORESVILLE,29,11,November,2010,2,Monday,1,35,0,4,8,148,29.27635000,-97.78311944,1,2,0,0,0,1,1
482144,48,TEXAS,TX,1,1,1,1,29,6090,BORDEN SPRINGS,30,11,November,2010,3,Tuesday,8,24,0,16,5,0,29.38724444,-98.52426944,8,1,0,0,0,1,0
482145,48,TEXAS,TX,1,1,0,1,167,6860,ADRIAN,20,1,January,2010,4,Wednesday,10,50,0,16,5,0,29.39382778,-94.98326667,34,1,0,0,0,1,1
482146,48,TEXAS,TX,1,1,1,2,29,6090,BORDEN SPRINGS,13,2,February,2010,7,Saturday,23,59,0,16,5,0,29.42091944,-98.47515278,8,3,0,0,0,1,0
482147,48,TEXAS,TX,2,2,0,2,29,6090,BORDEN SPRINGS,13,2,February,2010,7,Saturday,19,7,1,11,1,167,29.47424444,-98.26387778,12,3,0,0,0,1,0
482148,48,TEXAS,TX,1,1,1,1,201,3280,ANNETTE,18,2,February,2010,5,Thursday,18,8,0,16,5,0,29.80040833,-95.32408611,9,1,0,0,0,1,0
482149,48,TEXAS,TX,2,2,1,2,29,6090,BORDEN SPRINGS,4,4,April,2010,1,Sunday,4,42,1,11,1,253,29.43828611,-98.46513056,8,3,0,0,0,1,0
482150,48,TEXAS,TX,2,1,1,1,29,6090,BORDEN SPRINGS,17,4,April,2010,7,Saturday,3,18,0,4,8,49,29.59989722,-98.43149722,14,2,0,0,0,1,0
482151,48,TEXAS,TX,2,2,0,2,29,6090,BORDEN SPRINGS,17,4,April,2010,7,Saturday,11,5,0,16,5,0,29.36767778,-98.47043333,12,1,0,0,0,1,0
482152,48,TEXAS,TX,1,1,1,1,29,6090,BORDEN SPRINGS,24,4,April,2010,7,Saturday,6,56,1,12,7,61,29.38783889,-98.67735833,8,2,0,0,0,1,1
482153,48,TEXAS,TX,3,2,2,3,29,6090,BORDEN SPRINGS,29,5,May,2010,7,Saturday,13,33,0,16,5,0,29.42421944,-98.46125278,12,1,0,0,0,1,0
482154,48,TEXAS,TX,1,1,0,2,29,6090,BORDEN SPRINGS,13,6,June,2010,1,Sunday,2,18,1,11,7,229,29.51571944,-98.45766944,42,3,0,0,0,1,1
482155,48,TEXAS,TX,1,1,0,3,29,6090,BORDEN SPRINGS,5,7,July,2010,2,Monday,3,19,0,16,5,0,29.39628056,-98.46749444,5,3,0,0,0,1,1
482156,48,TEXAS,TX,1,1,0,1,29,6090,BORDEN SPRINGS,7,7,July,2010,4,Wednesday,3,8,1,11,1,20,29.39684167,-98.51331667,30,3,0,0,0,1,1
482157,48,TEXAS,TX,1,1,0,1,439,2450,ARLINGTON,14,7,July,2010,4,Wednesday,7,19,1,11,1,143,32.73923333,-97.48210833,24,4,0,0,0,1,0
482158,48,TEXAS,TX,1,1,1,1,29,6090,BORDEN SPRINGS,19,7,July,2010,2,Monday,21,30,0,16,5,0,29.48804167,-98.48804444,8,3,0,0,0,1,0
482159,48,TEXAS,TX,1,1,0,1,439,2450,ARLINGTON,25,7,July,2010,1,Sunday,2,51,0,16,5,0,32.87000000,-97.40798333,21,2,0,0,0,1,1
482160,48,TEXAS,TX,1,1,1,1,439,2450,ARLINGTON,27,7,July,2010,3,Tuesday,13,50,1,13,8,180,32.75285833,-97.33110833,8,1,0,0,0,1,0
482161,48,TEXAS,TX,1,1,0,3,167,6860,ADRIAN,31,7,July,2010,7,Saturday,15,42,0,16,5,0,29.39745000,-94.89348611,5,1,0,0,0,1,1
482162,48,TEXAS,TX,1,1,0,1,439,2450,ARLINGTON,6,8,August,2010,6,Friday,11,43,1,12,3,78,32.76755556,-97.31076944,24,1,0,0,0,1,1
482163,48,TEXAS,TX,2,1,0,1,439,2450,ARLINGTON,6,8,August,2010,6,Friday,2,20,1,11,1,118,32.82147500,-97.31306389,14,3,0,0,0,1,1
482164,48,TEXAS,TX,1,1,0,1,29,6090,BORDEN SPRINGS,7,8,August,2010,7,Saturday,9,17,1,12,7,80,99.99990000,999.99990000,59,1,0,0,0,1,0
482166,48,TEXAS,TX,1,1,0,1,439,2450,ARLINGTON,27,8,August,2010,6,Friday,3,0,0,16,5,0,32.79726667,-97.14021111,1,6,0,0,0,1,1
482167,48,TEXAS,TX,1,1,0,4,167,6860,ADRIAN,29,8,August,2010,1,Sunday,2,33,0,14,8,161,29.47117222,-94.97294444,1,2,0,0,0,1,1
482168,48,TEXAS,TX,2,2,0,3,201,3280,ANNETTE,30,8,August,2010,2,Monday,0,36,0,16,5,0,29.67505000,-95.51181111,12,3,0,0,0,1,0
482169,48,TEXAS,TX,1,1,1,1,29,6090,BORDEN SPRINGS,3,9,September,2010,6,Friday,23,36,1,11,1,71,29.40694722,-98.65001111,8,2,0,0,0,1,0
482170,48,TEXAS,TX,2,2,0,3,29,6090,BORDEN SPRINGS,3,9,September,2010,6,Friday,1,53,1,11,8,149,99.99990000,999.99990000,12,2,0,0,0,1,1
482171,48,TEXAS,TX,3,3,0,11,491,0,ANDERSON MILL,4,9,September,2010,7,Saturday,17,4,1,13,8,64,30.54533056,-97.75570833,12,1,0,0,0,1,0
482172,48,TEXAS,TX,2,2,0,2,167,6860,ADRIAN,15,9,September,2010,4,Wednesday,6,13,1,13,3,122,29.39774444,-94.98771389,12,1,0,0,0,1,0
482173,48,TEXAS,TX,1,1,1,2,181,6350,LINCOLN,20,9,September,2010,2,Monday,0,3,0,16,5,0,33.65043889,-96.61361389,8,3,0,0,0,1,0
482174,48,TEXAS,TX,2,2,1,6,479,3899,AGUILARES,24,9,September,2010,6,Friday,22,5,0,16,5,0,27.53745278,-99.51562222,12,2,0,0,0,1,0
482175,48,TEXAS,TX,4,4,0,6,439,2450,ARLINGTON,26,9,September,2010,1,Sunday,18,12,1,12,3,134,32.78506111,-97.37556111,12,1,0,0,0,1,1
482176,48,TEXAS,TX,2,2,0,2,257,0,AVALON,1,10,October,2010,6,Friday,17,58,1,13,3,308,32.55352222,-96.34585000,24,1,0,0,0,1,0
482177,48,TEXAS,TX,2,2,0,2,141,2190,BEE BRANCH,13,10,October,2010,4,Wednesday,1,49,1,11,1,267,31.76958611,-106.37351389,12,3,0,0,0,1,2
482178,48,TEXAS,TX,1,1,0,1,423,0,ARP,16,10,October,2010,7,Saturday,9,55,1,13,2,95,32.20895278,-95.31706111,1,1,0,0,0,1,0
482179,48,TEXAS,TX,1,1,0,1,201,3280,ANNETTE,17,10,October,2010,1,Sunday,20,13,0,16,5,0,29.68394167,-95.26923056,30,3,0,0,0,1,1
482180,48,TEXAS,TX,1,1,0,2,289,0,ALLENTOWN,17,10,October,2010,1,Sunday,3,20,0,5,8,110,31.20076111,-95.82635833,1,2,0,0,0,1,1
482181,48,TEXAS,TX,1,1,0,1,441,30,ABILENE,20,10,October,2010,4,Wednesday,23,25,1,12,2,60,32.51707222,-99.75116111,1,3,0,0,0,1,1
482182,48,TEXAS,TX,2,2,0,2,479,0,AGUILARES,22,10,October,2010,6,Friday,7,50,0,4,3,331,27.95613333,-98.93925000,12,1,0,0,0,1,0
482183,48,TEXAS,TX,1,1,0,1,141,2190,BEE BRANCH,23,10,October,2010,7,Saturday,1,39,0,16,5,0,31.75068611,-106.47533611,35,3,0,0,0,1,0
482184,48,TEXAS,TX,1,1,0,2,201,3280,ANNETTE,24,10,October,2010,1,Sunday,4,25,0,16,5,0,29.93209167,-95.39100278,42,2,0,0,0,1,1
482185,48,TEXAS,TX,2,2,0,4,215,0,BIBB CITY,26,10,October,2010,3,Tuesday,12,1,0,15,8,95,26.36203333,-98.02805000,12,1,0,0,0,1,0
482186,48,TEXAS,TX,1,1,0,1,215,0,BIBB CITY,26,10,October,2010,3,Tuesday,19,30,0,6,4,0,26.37776111,-98.38292222,35,2,0,0,0,1,1
482187,48,TEXAS,TX,2,1,1,1,339,0,CONROE,26,10,October,2010,3,Tuesday,9,3,1,12,2,161,30.07130833,-95.24665000,8,1,0,0,0,1,0
482188,48,TEXAS,TX,1,1,0,2,423,0,ARP,27,10,October,2010,4,Wednesday,5,20,0,6,4,0,32.46374167,-95.06616667,1,2,0,0,0,1,0
482189,48,TEXAS,TX,1,1,0,1,223,0,BRASWELL,29,10,October,2010,6,Friday,12,1,0,4,8,37,33.14473333,-95.73287222,42,1,0,0,0,1,0
482190,48,TEXAS,TX,1,1,1,1,421,6620,SHERMAN,29,10,October,2010,6,Friday,8,46,1,2,2,91,36.33249444,-102.07380000,9,1,0,0,0,1,0
482191,48,TEXAS,TX,2,2,0,3,29,7077,BORDEN SPRINGS,30,10,October,2010,7,Saturday,7,51,1,13,3,30,29.55149167,-98.30171944,12,1,0,0,0,1,0
482192,48,TEXAS,TX,2,2,0,6,201,3280,ANNETTE,30,10,October,2010,7,Saturday,20,28,0,16,5,0,29.66608889,-95.34356944,12,3,0,0,0,1,0
482193,48,TEXAS,TX,1,1,0,1,339,0,CONROE,30,10,October,2010,7,Saturday,14,45,0,4,8,102,30.48087500,-95.69747500,1,1,0,0,0,1,0
482194,48,TEXAS,TX,1,1,0,1,39,0,ANDALUSIA,31,10,October,2010,1,Sunday,23,30,0,15,8,175,29.07786944,-95.36369444,58,2,0,0,0,1,0
482195,48,TEXAS,TX,1,1,0,2,201,3280,ANNETTE,2,11,November,2010,3,Tuesday,6,30,0,16,5,0,29.72896667,-95.52194444,42,3,0,0,0,1,0
482196,48,TEXAS,TX,2,2,0,3,453,0,ANDERSON MILL,3,11,November,2010,4,Wednesday,13,40,0,15,8,21,30.15286111,-97.67051111,12,1,0,0,0,1,0
482197,48,TEXAS,TX,3,3,0,3,423,0,ARP,5,11,November,2010,6,Friday,7,5,1,13,3,57,32.27546667,-95.24429722,12,4,0,1,0,1,0
482198,48,TEXAS,TX,2,2,1,3,453,330,ANDERSON MILL,5,11,November,2010,6,Friday,2,23,1,13,8,144,30.28465833,-97.65957222,12,2,0,0,0,1,1
482199,48,TEXAS,TX,2,2,0,7,141,2190,BEE BRANCH,7,11,November,2010,1,Sunday,9,45,1,11,1,160,31.78990833,-106.51936111,12,1,0,0,0,1,0
482200,48,TEXAS,TX,2,2,1,3,201,3280,ANNETTE,7,11,November,2010,1,Sunday,10,47,0,16,5,0,29.77556111,-95.41066944,12,1,0,0,0,1,0
482201,48,TEXAS,TX,2,2,0,2,245,490,AUGUSTA,8,11,November,2010,2,Monday,19,20,1,12,2,1,30.17828056,-94.18614444,12,3,0,0,0,1,0
482202,48,TEXAS,TX,2,2,0,2,203,0,BENSON,9,11,November,2010,3,Tuesday,8,19,0,3,3,256,32.42978056,-94.43796111,12,1,0,0,0,1,0
482203,48,TEXAS,TX,3,3,0,3,203,0,BENSON,10,11,November,2010,4,Wednesday,7,23,1,13,8,13,32.51926111,-94.68541111,12,1,0,0,0,1,1
482204,48,TEXAS,TX,1,1,1,1,463,7090,CLINE,10,11,November,2010,4,Wednesday,0,29,0,14,8,17,29.19278056,-99.77964444,8,2,0,0,0,1,0
482205,48,TEXAS,TX,2,2,0,4,439,2450,ARLINGTON,11,11,November,2010,5,Thursday,2,40,1,11,3,234,32.76031111,-97.16304167,12,3,0,0,0,1,1
482206,48,TEXAS,TX,3,1,0,3,299,3699,BEACH,12,11,November,2010,6,Friday,23,1,0,16,5,0,30.66660833,-98.46046389,14,3,0,0,0,1,1
482207,48,TEXAS,TX,2,2,0,2,339,0,CONROE,12,11,November,2010,6,Friday,18,28,0,6,4,0,30.11393889,-95.79617222,12,2,0,0,0,1,1
482208,48,TEXAS,TX,1,1,0,1,201,3280,ANNETTE,13,11,November,2010,7,Saturday,0,45,1,13,2,265,29.81965000,-95.24040278,31,3,0,0,0,1,1
482209,48,TEXAS,TX,1,1,0,1,401,0,EASTON,13,11,November,2010,7,Saturday,7,55,0,5,8,146,32.17615556,-94.69314722,42,1,0,0,0,1,0
482210,48,TEXAS,TX,1,1,1,1,499,4610,ALBA,13,11,November,2010,7,Saturday,15,37,1,2,2,116,32.66331667,-95.48811111,8,1,0,0,0,1,0
482211,48,TEXAS,TX,1,1,0,2,147,3260,AUGUSTA,14,11,November,2010,1,Sunday,4,45,1,2,2,154,33.59716667,-95.91028611,34,2,0,0,0,1,1
482212,48,TEXAS,TX,1,1,0,2,113,1730,COTTONTON,15,11,November,2010,2,Monday,10,8,1,12,2,64,32.70439444,-96.66580556,24,1,0,0,0,1,0
482213,48,TEXAS,TX,3,3,0,4,113,1730,COTTONTON,17,11,November,2010,4,Wednesday,4,30,1,11,1,163,32.77413056,-96.81093056,12,3,0,0,0,1,1
482214,48,TEXAS,TX,1,1,0,1,217,0,COVINGTON,19,11,November,2010,6,Friday,22,58,0,3,8,103,31.86024444,-96.83200556,23,2,0,0,0,1,1
482215,48,TEXAS,TX,2,2,0,2,339,0,CONROE,19,11,November,2010,6,Friday,15,48,0,3,8,107,30.22226944,-95.63995556,12,1,0,0,0,1,1
482216,48,TEXAS,TX,1,1,0,1,113,2010,COTTONTON,20,11,November,2010,7,Saturday,5,10,1,11,1,76,32.66950833,-96.92572222,21,2,0,0,0,1,1
482217,48,TEXAS,TX,2,2,0,4,135,0,ASH FLAT,20,11,November,2010,7,Saturday,12,10,1,2,2,116,31.99543889,-102.42105278,12,1,0,0,0,3,0
482218,48,TEXAS,TX,1,1,0,1,215,0,BIBB CITY,20,11,November,2010,7,Saturday,18,30,0,6,4,0,26.32158889,-98.40174167,1,2,0,0,0,1,0
482219,48,TEXAS,TX,1,1,1,1,27,0,ASHLAND,21,11,November,2010,1,Sunday,2,15,0,5,8,57,31.08733056,-97.21266944,8,3,0,0,0,1,1
482220,48,TEXAS,TX,2,2,0,2,113,1730,COTTONTON,21,11,November,2010,1,Sunday,0,9,1,12,2,102,32.68132778,-96.61358889,12,3,0,0,0,1,2
482221,48,TEXAS,TX,1,1,0,2,21,0,CHILTON,22,11,November,2010,2,Monday,20,28,1,2,3,69,30.13043889,-97.44758056,1,2,0,0,0,1,1
482222,48,TEXAS,TX,1,1,0,1,27,0,ASHLAND,22,11,November,2010,2,Monday,13,20,0,3,8,211,31.09121667,-97.55906667,1,1,0,0,0,1,0
482223,48,TEXAS,TX,1,1,0,1,113,4530,COTTONTON,22,11,November,2010,2,Monday,3,33,0,16,5,0,32.83144167,-96.63665833,33,3,0,0,0,1,0
482224,48,TEXAS,TX,2,2,0,2,55,0,ATTALLA,23,11,November,2010,3,Tuesday,18,4,0,4,8,19,29.90053889,-97.81803889,12,1,0,0,0,1,0
482226,48,TEXAS,TX,3,2,0,2,463,7090,CLINE,23,11,November,2010,3,Tuesday,10,51,1,13,8,114,29.21879167,-99.74932222,12,1,0,0,0,1,0
482227,48,TEXAS,TX,3,3,0,12,53,0,ATMORE,24,11,November,2010,4,Wednesday,10,34,0,3,3,69,30.74902778,-98.11580556,12,1,0,0,0,2,0
482228,48,TEXAS,TX,1,1,0,2,481,2130,BOLING,24,11,November,2010,4,Wednesday,16,18,1,13,2,232,29.20122778,-96.24460000,32,1,0,0,0,1,0
482229,48,TEXAS,TX,1,1,0,1,29,6090,BORDEN SPRINGS,25,11,November,2010,5,Thursday,15,5,0,16,5,0,29.38402500,-98.45580278,30,1,0,0,0,1,0
482230,48,TEXAS,TX,1,1,0,3,91,0,DAYTON,25,11,November,2010,5,Thursday,15,7,0,6,4,0,29.90777500,-98.28573056,1,1,0,0,0,1,1
482231,48,TEXAS,TX,1,1,1,4,201,0,ANNETTE,25,11,November,2010,5,Thursday,1,21,0,6,5,0,29.93603056,-95.45883611,8,3,0,0,0,1,0
482233,48,TEXAS,TX,2,2,0,4,355,0,AGUA DULCE,25,11,November,2010,5,Thursday,14,9,1,2,2,64,27.72043056,-97.71617500,12,1,0,0,0,2,1
482234,48,TEXAS,TX,1,1,1,2,453,330,ANDERSON MILL,26,11,November,2010,6,Friday,0,8,0,16,5,0,30.39241944,-97.70828333,8,3,0,0,0,1,0
482235,48,TEXAS,TX,1,1,0,4,467,0,BEN WHEELER,26,11,November,2010,6,Friday,8,30,0,3,3,0,32.54882222,-95.84939444,32,1,0,0,0,1,0
482236,48,TEXAS,TX,1,1,0,1,309,0,ALAMO,27,11,November,2010,7,Saturday,6,50,0,5,8,25,31.47266944,-97.39746944,32,2,0,0,0,1,1
482237,48,TEXAS,TX,1,1,1,4,371,0,COYANOSA,27,11,November,2010,7,Saturday,19,45,1,1,1,52,30.90003889,-103.04933889,8,2,0,0,0,1,0
482238,48,TEXAS,TX,2,2,0,3,245,490,AUGUSTA,28,11,November,2010,1,Sunday,17,43,1,13,2,143,30.06494444,-94.20930833,12,5,0,0,0,1,0
482239,48,TEXAS,TX,3,3,0,5,121,1840,BON AIR,29,11,November,2010,2,Monday,9,35,1,11,1,156,33.17008611,-97.08540833,12,1,0,0,0,1,0
482240,48,TEXAS,TX,1,1,0,1,459,0,BETTIE,29,11,November,2010,2,Monday,10,37,0,3,3,62,32.83092778,-94.80225833,42,1,0,0,0,1,0
482241,48,TEXAS,TX,1,1,0,1,123,0,ALEXANDER CITY,30,11,November,2010,3,Tuesday,23,53,0,5,8,103,28.98404167,-97.61176667,31,2,0,0,0,1,1
482242,48,TEXAS,TX,2,2,0,7,143,6590,CANEHILL,3,1,January,2010,1,Sunday,16,42,0,14,2,222,32.21602222,-98.18757222,12,1,0,0,0,1,0
482243,48,TEXAS,TX,2,2,0,2,439,2450,ARLINGTON,21,2,February,2010,1,Sunday,3,30,1,13,8,208,32.57994444,-97.30213056,12,2,0,0,0,1,1
482244,48,TEXAS,TX,1,1,1,2,85,5390,BENTON,25,2,February,2010,5,Thursday,19,2,0,16,5,0,33.03869167,-96.73337500,8,3,0,0,0,1,0
482245,48,TEXAS,TX,1,1,0,3,439,2450,ARLINGTON,2,4,April,2010,6,Friday,22,26,1,13,3,214,32.72884444,-97.19406944,30,3,0,0,0,2,0
482247,48,TEXAS,TX,2,2,0,2,439,2450,ARLINGTON,18,6,June,2010,6,Friday,14,34,1,12,7,200,32.91647500,-97.34867222,12,1,0,0,0,1,0
482248,48,TEXAS,TX,2,2,0,2,439,2450,ARLINGTON,19,6,June,2010,7,Saturday,10,20,1,11,7,88,32.66431111,-97.32902222,12,1,0,0,0,1,0
482249,48,TEXAS,TX,2,2,0,3,5,4160,BAKER HILL,30,7,July,2010,6,Friday,14,23,0,15,8,86,31.33653056,-94.71778056,12,1,0,0,0,1,0
482250,48,TEXAS,TX,1,1,1,1,479,3899,AGUILARES,2,8,August,2010,2,Monday,7,32,0,16,5,0,27.51315833,-99.48968333,8,1,0,0,0,1,0
482251,48,TEXAS,TX,1,1,0,1,351,4900,BLEAKWOOD,10,8,August,2010,3,Tuesday,15,44,1,2,2,14,30.83883056,-93.75717500,23,1,0,0,0,1,0
482252,48,TEXAS,TX,1,1,0,1,361,885,BRIDGE CITY,23,8,August,2010,2,Monday,17,4,0,14,8,36,30.03952500,-93.86960278,35,1,0,0,0,1,0
482253,48,TEXAS,TX,2,2,0,2,485,7490,BURKBURNETT,26,8,August,2010,5,Thursday,19,26,0,14,8,2,33.92861944,-98.49573889,12,1,0,0,0,1,0
482254,48,TEXAS,TX,2,2,0,2,29,0,BORDEN SPRINGS,3,9,September,2010,6,Friday,17,53,0,6,4,0,29.18779722,-98.51963889,12,1,0,0,0,1,0
482255,48,TEXAS,TX,1,1,0,1,157,0,ARCADE,4,9,September,2010,7,Saturday,2,0,0,4,8,76,29.52274722,-95.69703333,59,2,0,0,0,1,1
482256,48,TEXAS,TX,1,1,0,1,201,3280,ANNETTE,4,9,September,2010,7,Saturday,0,24,1,11,1,84,29.60471667,-95.20309167,46,2,0,0,0,1,1
482257,48,TEXAS,TX,3,3,0,3,439,2450,ARLINGTON,4,9,September,2010,7,Saturday,2,20,1,11,1,13,32.67043611,-97.24077222,12,2,0,0,0,1,1
482258,48,TEXAS,TX,1,1,0,1,85,92,BENTON,5,9,September,2010,1,Sunday,2,23,0,16,5,0,33.13742500,-96.67647500,33,3,0,0,0,1,1
482259,48,TEXAS,TX,1,1,0,1,29,0,BORDEN SPRINGS,8,9,September,2010,4,Wednesday,21,33,0,4,8,4,29.73155278,-98.35355833,3,2,0,0,0,1,0
482260,48,TEXAS,TX,2,2,0,2,201,3280,ANNETTE,10,9,September,2010,6,Friday,13,35,0,16,5,0,29.68309444,-95.25800833,12,1,0,0,0,1,0
482261,48,TEXAS,TX,2,2,0,2,29,0,BORDEN SPRINGS,12,9,September,2010,1,Sunday,5,49,1,1,1,3,29.73640556,-98.68461111,12,2,0,0,0,1,1
482262,48,TEXAS,TX,1,1,0,1,439,2450,ARLINGTON,2,10,October,2010,7,Saturday,2,47,0,14,8,92,32.82775833,-97.42010556,33,2,0,0,0,1,1
482263,48,TEXAS,TX,2,2,0,2,201,3280,ANNETTE,9,10,October,2010,7,Saturday,11,0,0,16,5,0,29.70511667,-95.51856111,12,1,0,0,0,1,0
482264,48,TEXAS,TX,1,1,1,2,479,3899,AGUILARES,12,10,October,2010,3,Tuesday,6,29,1,11,7,16,27.51612222,-99.50350278,8,3,0,0,0,1,0
482265,48,TEXAS,TX,1,1,1,2,141,2190,BEE BRANCH,21,10,October,2010,5,Thursday,20,59,1,12,8,86,31.75481667,-106.42814444,8,3,0,0,0,1,0
482266,48,TEXAS,TX,1,1,0,3,439,2450,ARLINGTON,24,10,October,2010,1,Sunday,2,20,0,16,5,0,32.74858889,-97.33576111,42,3,0,0,0,2,1
482267,48,TEXAS,TX,1,1,1,7,303,4140,DAVISBORO,29,10,October,2010,6,Friday,20,39,1,13,2,24,33.56980556,-101.85535833,8,2,0,0,0,1,0
482268,48,TEXAS,TX,1,1,0,1,439,3347,ARLINGTON,2,11,November,2010,3,Tuesday,20,30,0,16,5,0,32.88452500,-97.18276389,31,3,0,0,0,1,0
482269,48,TEXAS,TX,2,2,0,2,135,0,ASH FLAT,3,11,November,2010,4,Wednesday,18,45,1,2,2,62,31.76149722,-102.36416389,12,5,0,0,0,1,0
482270,48,TEXAS,TX,1,1,0,2,339,0,CONROE,7,11,November,2010,1,Sunday,20,45,0,3,8,101,30.20826111,-95.35542778,59,2,0,0,0,1,0
482271,48,TEXAS,TX,2,2,0,4,423,7070,ARP,7,11,November,2010,1,Sunday,15,29,1,13,3,217,32.33221667,-95.27270278,12,1,0,0,0,1,0
482272,48,TEXAS,TX,4,4,0,5,121,0,BON AIR,11,11,November,2010,5,Thursday,19,11,1,13,2,89,33.23355000,-97.23669167,12,2,0,0,0,2,0
482273,48,TEXAS,TX,2,2,0,2,141,2190,BEE BRANCH,11,11,November,2010,5,Thursday,14,40,0,16,5,0,31.82369722,-106.35722500,12,1,0,0,0,1,0
482274,48,TEXAS,TX,1,1,0,1,29,0,BORDEN SPRINGS,12,11,November,2010,6,Friday,14,0,1,1,1,24,29.71344722,-98.66130278,26,1,0,0,0,1,0
482275,48,TEXAS,TX,2,2,1,4,113,1730,COTTONTON,15,11,November,2010,2,Monday,15,35,1,11,1,163,32.77290833,-96.81089722,12,1,0,0,0,1,0
482276,48,TEXAS,TX,1,1,0,1,289,0,ALLENTOWN,17,11,November,2010,4,Wednesday,9,58,0,5,8,64,31.34634444,-96.23731667,5,1,0,0,0,1,0
482277,48,TEXAS,TX,1,1,0,1,291,0,BLAIRSVILLE,19,11,November,2010,6,Friday,0,42,0,4,8,25,30.00445000,-94.67421111,42,2,0,0,0,1,1