ST_CASE,STATE,State Name,State Abbreviation,# of Vehicle involved,VE_FORMS,Pedestrains,Total_Persons_in_accident,COUNTY,CITY,City_County_Name,Calendar_DAY,MONTH,Month_name,YEAR,DAY_WEEK,Day_Week_desc,HOUR,MINUTE,NHS_Desc,trafficway,Route,MILEPT,LATITUDE,LONGITUD,First_Crash_event,Light_cond_desc,Weather_condition,School_bus_involved,Crash_cause,FATALS,DRUNK_DR
482278,48,TEXAS,TX,1,1,0,2,479,3899,AGUILARES,19,11,November,2010,6,Friday,12,9,1,2,8,2,27.69181111,-99.71075556,24,2,0,0,0,1,1
482279,48,TEXAS,TX,1,1,0,1,201,3280,ANNETTE,20,11,November,2010,7,Saturday,15,38,0,16,5,0,29.79649444,-95.35141389,30,1,0,0,0,1,0
482280,48,TEXAS,TX,1,1,1,1,41,0,BRANTLEY,21,11,November,2010,1,Sunday,21,9,0,14,8,50,30.63321111,-96.40718611,9,2,0,0,0,1,0
482281,48,TEXAS,TX,2,2,0,8,141,2190,BEE BRANCH,21,11,November,2010,1,Sunday,19,53,0,14,8,43,31.76850278,-106.26079444,12,3,0,0,0,1,0
482282,48,TEXAS,TX,1,1,0,2,201,3280,ANNETTE,21,11,November,2010,1,Sunday,19,5,1,12,7,19,29.79656944,-95.33930556,25,3,0,0,0,1,0
482283,48,TEXAS,TX,2,2,0,3,251,0,DOVER,21,11,November,2010,1,Sunday,22,30,0,6,4,0,32.43287778,-97.42497222,12,2,0,0,0,2,1
482284,48,TEXAS,TX,2,2,0,3,91,0,DAYTON,22,11,November,2010,2,Monday,19,17,0,14,8,10,29.94113056,-98.20812778,12,2,0,0,0,1,0
482285,48,TEXAS,TX,1,1,1,1,213,2938,CARTERS,22,11,November,2010,2,Monday,19,35,0,16,5,0,32.34707500,-96.14499444,8,2,0,0,0,1,0
482286,48,TEXAS,TX,2,2,0,3,363,0,BRAZOS,22,11,November,2010,2,Monday,12,30,0,5,8,7,32.90152778,-98.56707222,12,1,0,0,0,1,0
482287,48,TEXAS,TX,2,2,0,2,367,0,ALEDO,22,11,November,2010,2,Monday,11,22,0,4,8,151,32.81606111,-97.77748333,53,1,0,0,0,1,0
482288,48,TEXAS,TX,1,1,0,4,289,0,ALLENTOWN,23,11,November,2010,3,Tuesday,10,2,0,3,3,115,31.32446111,-95.80627500,1,1,0,0,0,1,0
482289,48,TEXAS,TX,1,1,1,1,339,1510,CONROE,23,11,November,2010,3,Tuesday,17,30,0,14,3,79,30.32686389,-95.46507778,8,5,0,0,0,1,0
482290,48,TEXAS,TX,3,3,0,6,325,1890,CASTROVILLE,25,11,November,2010,5,Thursday,12,41,0,4,3,98,29.14038333,-98.90561944,12,1,0,0,0,1,0
482291,48,TEXAS,TX,2,1,0,1,139,0,CALION,26,11,November,2010,6,Friday,23,27,1,1,1,140,32.28102778,-96.86815000,14,2,0,0,0,1,1
482292,48,TEXAS,TX,1,1,0,1,283,0,SOPERTON,26,11,November,2010,6,Friday,6,56,0,4,3,43,28.04554167,-99.29248889,32,4,0,0,0,1,0
482293,48,TEXAS,TX,2,2,0,7,27,0,ASHLAND,27,11,November,2010,7,Saturday,19,9,0,15,8,79,31.06668333,-97.49538611,12,2,0,0,0,1,1
482294,48,TEXAS,TX,2,2,0,4,199,6380,ALVATON,27,11,November,2010,7,Saturday,15,58,0,14,8,117,30.35416111,-94.15296667,12,1,0,0,0,1,0
482295,48,TEXAS,TX,2,2,0,4,201,3280,ANNETTE,27,11,November,2010,7,Saturday,2,30,0,16,5,0,29.58612500,-95.18498056,12,3,0,0,0,1,1
482296,48,TEXAS,TX,1,1,0,1,251,0,DOVER,27,11,November,2010,7,Saturday,9,30,0,4,8,56,32.32698056,-97.29671944,43,1,0,0,0,1,0
482297,48,TEXAS,TX,1,1,0,2,303,4140,DAVISBORO,27,11,November,2010,7,Saturday,1,33,1,11,1,101,33.53029722,-101.84640556,24,3,0,0,0,1,1
482298,48,TEXAS,TX,2,2,0,3,339,6884,CONROE,28,11,November,2010,1,Sunday,12,55,0,16,5,0,30.17850833,-95.53581111,12,1,0,0,0,2,0
482299,48,TEXAS,TX,1,1,0,2,353,0,BLACKWELL,29,11,November,2010,2,Monday,21,30,0,6,4,0,32.35020000,-100.47688056,18,2,0,0,0,1,0
482300,48,TEXAS,TX,3,3,0,4,497,0,ALVORD,29,11,November,2010,2,Monday,13,20,0,4,8,310,33.07982222,-97.64794167,12,1,0,0,0,1,0
482301,48,TEXAS,TX,3,3,0,4,213,2938,CARTERS,3,2,February,2010,4,Wednesday,17,45,1,13,2,31,32.33033333,-96.04210833,12,5,0,0,0,2,0
482302,48,TEXAS,TX,2,2,0,2,85,200,BENTON,1,3,March,2010,2,Monday,4,15,1,2,3,107,33.31053611,-96.51567500,12,2,0,0,0,1,1
482303,48,TEXAS,TX,3,3,0,3,85,92,BENTON,14,4,April,2010,4,Wednesday,0,44,1,12,2,32,33.13984167,-96.65230000,12,2,0,0,0,1,0
482304,48,TEXAS,TX,2,2,0,2,157,3280,ARCADE,8,5,May,2010,7,Saturday,8,40,0,16,5,0,29.61194444,-95.50866667,33,1,0,0,0,1,1
482305,48,TEXAS,TX,1,1,1,1,201,3280,ANNETTE,8,5,May,2010,7,Saturday,23,58,1,12,7,121,29.69219167,-95.52771111,8,3,0,0,0,1,0
482306,48,TEXAS,TX,1,1,0,6,439,2450,ARLINGTON,9,5,May,2010,1,Sunday,1,44,1,11,7,9,32.65974167,-97.32069722,59,2,0,0,0,4,0
482307,48,TEXAS,TX,1,1,1,1,201,3280,ANNETTE,19,5,May,2010,4,Wednesday,21,34,0,16,5,0,29.73305278,-95.48493611,8,3,0,0,0,1,1
482308,48,TEXAS,TX,1,1,1,1,201,3280,ANNETTE,30,5,May,2010,1,Sunday,21,12,1,13,2,244,29.80195833,-95.26723611,8,2,0,0,0,1,0
482309,48,TEXAS,TX,1,1,0,2,141,2190,BEE BRANCH,2,6,June,2010,4,Wednesday,21,41,1,13,3,161,31.81109444,-106.51225278,42,3,0,0,0,1,0
482310,48,TEXAS,TX,1,1,0,1,201,3280,ANNETTE,3,6,June,2010,5,Thursday,2,10,1,13,3,102,29.79171667,-95.64498889,20,2,0,0,0,1,0
482311,48,TEXAS,TX,2,2,0,5,439,2450,ARLINGTON,16,6,June,2010,4,Wednesday,20,22,1,11,1,45,32.60053056,-97.31959167,25,1,0,0,0,1,0
482312,48,TEXAS,TX,1,1,0,1,201,3280,ANNETTE,18,6,June,2010,6,Friday,14,55,1,11,1,72,29.80780556,-95.33626667,39,1,0,0,0,1,0
482313,48,TEXAS,TX,2,2,1,1,201,3280,ANNETTE,19,6,June,2010,7,Saturday,3,5,1,11,1,255,29.77977222,-95.36821111,12,3,0,0,0,1,1
482314,48,TEXAS,TX,1,1,1,1,201,3280,ANNETTE,20,6,June,2010,1,Sunday,8,50,0,16,5,0,29.82856944,-95.39520000,8,1,0,0,0,1,0
482315,48,TEXAS,TX,2,2,0,3,439,2450,ARLINGTON,29,6,June,2010,3,Tuesday,2,55,1,11,1,147,32.86160556,-97.31435278,12,2,0,0,0,1,1
482316,48,TEXAS,TX,3,1,0,1,201,3280,ANNETTE,5,7,July,2010,2,Monday,16,41,0,16,5,0,29.92740556,-95.17016111,14,1,0,0,0,1,0
482317,48,TEXAS,TX,2,2,0,3,201,3280,ANNETTE,7,7,July,2010,4,Wednesday,19,55,0,16,5,0,29.76950000,-95.57542500,12,1,0,0,0,1,0
482318,48,TEXAS,TX,1,1,1,1,201,3280,ANNETTE,27,7,July,2010,3,Tuesday,20,45,0,16,5,0,29.84549167,-95.54518056,8,2,0,0,0,1,0
482319,48,TEXAS,TX,1,1,0,2,201,3280,ANNETTE,20,8,August,2010,6,Friday,11,17,0,16,5,0,29.88176389,-95.30365000,5,1,0,0,0,1,0
482320,48,TEXAS,TX,3,3,0,4,85,5390,BENTON,27,8,August,2010,6,Friday,22,42,0,16,5,0,33.04112222,-96.74381944,12,3,0,0,0,1,0
482321,48,TEXAS,TX,1,1,0,2,389,0,BALMORHEA,2,9,September,2010,5,Thursday,8,0,1,11,1,42,31.07821944,-104.02090556,32,1,0,0,0,1,0
482322,48,TEXAS,TX,1,1,1,1,141,2190,BEE BRANCH,4,9,September,2010,7,Saturday,0,29,0,16,5,0,31.71958333,-106.35930556,8,2,0,0,0,1,1
482323,48,TEXAS,TX,1,1,0,1,165,0,HERNDON,7,9,September,2010,3,Tuesday,0,32,1,2,2,298,32.55531389,-102.62442222,1,2,0,0,0,1,0
482324,48,TEXAS,TX,2,2,0,2,463,0,CLINE,9,9,September,2010,5,Thursday,13,31,0,3,2,133,29.47813333,-99.76839444,12,1,0,0,0,1,0
482325,48,TEXAS,TX,2,2,0,4,339,3280,CONROE,12,9,September,2010,1,Sunday,2,10,1,12,2,167,30.06267222,-95.24890278,12,3,0,0,0,1,1
482326,48,TEXAS,TX,1,1,0,1,3,0,BALDWIN,14,9,September,2010,3,Tuesday,1,38,0,3,8,79,32.21258333,-102.36408333,1,2,0,0,0,1,1
482327,48,TEXAS,TX,2,2,0,2,439,260,ARLINGTON,19,9,September,2010,1,Sunday,13,45,1,13,8,239,32.61177778,-97.14222500,12,1,0,0,0,1,0
482328,48,TEXAS,TX,1,1,0,1,439,2450,ARLINGTON,21,9,September,2010,3,Tuesday,20,0,1,11,1,47,32.71705000,-97.22668056,24,3,0,0,0,1,1
482329,48,TEXAS,TX,3,3,0,3,27,3027,ASHLAND,22,9,September,2010,4,Wednesday,17,45,0,14,8,64,31.08590278,-97.64873889,12,1,0,0,0,1,0
482330,48,TEXAS,TX,2,2,0,2,439,2450,ARLINGTON,24,9,September,2010,6,Friday,2,20,1,13,8,162,32.77638611,-97.34583889,12,3,0,0,0,1,1
482331,48,TEXAS,TX,1,1,0,1,121,0,BON AIR,27,9,September,2010,2,Monday,7,56,0,5,8,44,33.29832500,-96.93559722,1,2,0,0,0,1,1
482332,48,TEXAS,TX,2,2,0,3,273,3700,BRONWOOD,27,9,September,2010,2,Monday,17,31,0,15,8,61,27.58321111,-97.80273333,12,1,0,0,0,1,0
482333,48,TEXAS,TX,1,1,0,1,491,0,ANDERSON MILL,27,9,September,2010,2,Monday,6,35,0,6,4,0,30.56468611,-97.28564444,34,2,0,0,0,1,1
482334,48,TEXAS,TX,2,2,0,5,439,2450,ARLINGTON,28,9,September,2010,3,Tuesday,15,57,1,11,1,118,32.66165000,-97.28315833,12,1,0,0,0,1,0
482335,48,TEXAS,TX,1,1,0,1,29,6090,BORDEN SPRINGS,30,9,September,2010,5,Thursday,6,10,0,16,5,0,29.32868611,-98.53281389,30,2,0,0,0,1,0
482336,48,TEXAS,TX,1,1,0,1,121,1840,BON AIR,30,9,September,2010,5,Thursday,19,35,1,11,1,117,33.13743333,-97.20296389,1,2,0,0,0,1,0
482338,48,TEXAS,TX,2,2,0,2,355,0,AGUA DULCE,6,12,December,2010,2,Monday,6,30,0,3,8,167,27.72653333,-97.53374722,12,2,0,0,0,1,0
482339,48,TEXAS,TX,2,2,0,3,73,6040,ARGO,7,12,December,2010,3,Tuesday,6,31,0,15,8,7,31.78464167,-95.14784722,12,2,0,0,0,1,0
482340,48,TEXAS,TX,3,3,0,3,91,9997,DAYTON,7,12,December,2010,3,Tuesday,0,2,1,11,1,25,29.63895833,-98.21334167,12,2,0,0,0,1,1
482341,48,TEXAS,TX,1,1,1,1,201,0,ANNETTE,7,12,December,2010,3,Tuesday,6,39,1,13,3,19,29.90869722,-95.62985556,8,4,0,0,0,1,0
482342,48,TEXAS,TX,1,1,1,1,201,0,ANNETTE,7,12,December,2010,3,Tuesday,20,6,1,13,8,89,29.89773056,-95.06346944,8,2,0,0,0,1,0
482343,48,TEXAS,TX,2,2,0,2,347,0,APPLEBY,7,12,December,2010,3,Tuesday,6,55,0,3,3,67,31.61305000,-94.52726944,12,1,0,0,0,1,0
482344,48,TEXAS,TX,1,1,0,1,113,1730,COTTONTON,8,12,December,2010,4,Wednesday,21,55,1,11,1,76,32.79180556,-96.73699444,20,1,0,0,0,1,0
482345,48,TEXAS,TX,1,1,1,1,113,4530,COTTONTON,8,12,December,2010,4,Wednesday,19,38,1,11,1,219,32.80380278,-96.66796667,8,3,0,0,0,1,0
482346,48,TEXAS,TX,1,1,0,2,227,640,JASPER,8,12,December,2010,4,Wednesday,22,7,1,13,2,232,32.23796389,-101.47293056,59,3,0,0,0,1,0
482347,48,TEXAS,TX,2,2,0,2,439,2850,ARLINGTON,8,12,December,2010,4,Wednesday,4,18,0,16,5,0,32.90610556,-97.04071944,12,2,0,0,0,1,1
482348,48,TEXAS,TX,1,1,0,1,113,1730,COTTONTON,9,12,December,2010,5,Thursday,10,33,1,11,1,54,32.92038333,-96.75070000,39,1,0,0,0,1,0
482349,48,TEXAS,TX,1,1,0,1,361,4415,BRIDGE CITY,9,12,December,2010,5,Thursday,23,15,0,4,8,72,30.21813611,-93.91285000,53,2,0,0,0,1,0
482351,48,TEXAS,TX,1,1,0,2,29,6090,BORDEN SPRINGS,10,12,December,2010,6,Friday,0,30,1,13,8,111,29.51908889,-98.61741111,46,2,0,0,0,1,1
482352,48,TEXAS,TX,2,2,0,5,113,1730,COTTONTON,10,12,December,2010,6,Friday,10,20,1,11,3,125,32.70043611,-96.74553611,12,1,0,0,0,1,0
482353,48,TEXAS,TX,1,1,1,1,145,2718,BALD KNOB,10,12,December,2010,6,Friday,17,21,0,4,8,0,31.37083889,-97.08113056,8,5,0,0,0,1,0
482354,48,TEXAS,TX,2,2,0,3,453,330,ANDERSON MILL,10,12,December,2010,6,Friday,2,30,1,12,3,88,30.21838611,-97.69047222,12,3,0,0,0,1,1
482355,48,TEXAS,TX,1,1,1,1,469,7190,BLOOMINGTON,10,12,December,2010,6,Friday,18,50,0,14,3,53,28.80173611,-96.99065833,8,2,0,0,0,1,0
482356,48,TEXAS,TX,1,1,0,1,1,0,AUTAUGA,11,12,December,2010,7,Saturday,2,30,0,4,8,202,31.87544444,-95.74181667,32,2,0,0,0,1,1
482357,48,TEXAS,TX,2,2,0,6,39,130,ANDALUSIA,11,12,December,2010,7,Saturday,8,27,1,13,3,304,29.45516389,-95.24476944,12,1,0,0,0,1,0
482358,48,TEXAS,TX,2,2,0,6,113,1730,COTTONTON,11,12,December,2010,7,Saturday,4,40,1,11,1,257,32.86963056,-96.89733333,12,3,0,0,0,1,0
482359,48,TEXAS,TX,1,1,2,1,135,5030,ASH FLAT,11,12,December,2010,7,Saturday,17,29,0,16,5,0,31.88240556,-102.34184167,19,3,0,0,0,1,0
482360,48,TEXAS,TX,3,3,0,4,201,3280,ANNETTE,11,12,December,2010,7,Saturday,22,0,1,12,2,20,29.83788889,-95.33365833,12,3,0,0,0,1,1
482361,48,TEXAS,TX,2,2,0,5,405,0,BROADDUS,11,12,December,2010,7,Saturday,20,55,0,4,8,23,31.49898333,-94.10871389,12,2,0,0,0,5,1
482362,48,TEXAS,TX,1,1,0,1,85,1260,BENTON,12,12,December,2010,1,Sunday,23,21,0,3,8,31,33.34798889,-96.81761667,1,2,0,0,0,1,1
482363,48,TEXAS,TX,2,2,0,2,113,3880,COTTONTON,12,12,December,2010,1,Sunday,5,5,1,11,1,49,32.62038333,-96.82293889,25,3,0,0,0,1,2
482364,48,TEXAS,TX,1,1,0,1,453,330,ANDERSON MILL,12,12,December,2010,1,Sunday,2,22,1,11,1,169,30.25382222,-97.73662222,42,3,0,0,0,1,1
482365,48,TEXAS,TX,1,1,1,1,235,4520,FINLEYSON,13,12,December,2010,2,Monday,11,24,0,3,2,110,31.26318611,-100.81706111,15,1,0,0,0,1,0
482366,48,TEXAS,TX,3,3,0,5,439,260,ARLINGTON,13,12,December,2010,2,Monday,15,44,1,11,1,111,32.67726667,-97.07017500,12,1,0,0,0,2,0
482367,48,TEXAS,TX,2,2,0,3,339,4667,CONROE,14,12,December,2010,3,Tuesday,11,19,0,4,8,159,30.40006667,-95.69946944,12,1,0,0,0,2,0
482368,48,TEXAS,TX,1,1,0,1,135,5030,ASH FLAT,15,12,December,2010,4,Wednesday,2,48,1,12,3,77,31.89891389,-102.30958056,1,3,0,0,0,1,1
482369,48,TEXAS,TX,2,2,0,4,113,1730,COTTONTON,17,12,December,2010,6,Friday,12,27,0,16,5,0,32.89505556,-96.85605833,12,1,0,0,0,2,0
482370,48,TEXAS,TX,1,1,0,2,29,6090,BORDEN SPRINGS,19,12,December,2010,1,Sunday,1,27,0,4,8,31,29.55639722,-98.66394167,24,3,0,0,0,1,1
482371,48,TEXAS,TX,1,1,1,2,339,1510,CONROE,19,12,December,2010,1,Sunday,3,5,1,13,8,161,30.28566389,-95.42767500,8,2,0,0,0,1,1
482372,48,TEXAS,TX,2,2,0,3,453,330,ANDERSON MILL,1,12,December,2010,4,Wednesday,23,12,1,12,7,55,30.21662500,-97.74399167,12,3,0,0,0,1,1
482373,48,TEXAS,TX,3,1,0,3,201,3280,ANNETTE,4,12,December,2010,7,Saturday,2,52,1,12,2,26,29.73229722,-95.38727500,14,3,0,0,0,1,1
482374,48,TEXAS,TX,2,2,0,3,497,0,ALVORD,4,12,December,2010,7,Saturday,20,26,0,4,8,65,33.36145278,-97.40000833,12,2,0,0,0,1,0
482375,48,TEXAS,TX,1,1,1,1,201,3280,ANNETTE,7,12,December,2010,3,Tuesday,18,28,1,13,3,6,29.67037500,-95.25227222,8,3,0,0,0,1,0
482376,48,TEXAS,TX,1,1,1,1,7,5890,BIBB,9,12,December,2010,5,Thursday,18,30,0,14,3,15,28.06215000,-97.05370556,8,2,0,0,0,1,0
482377,48,TEXAS,TX,2,2,0,3,133,0,ARLEY,9,12,December,2010,5,Thursday,21,43,1,1,1,131,32.37537500,-98.89486111,12,2,0,0,0,1,0
482378,48,TEXAS,TX,2,2,0,2,141,2190,BEE BRANCH,9,12,December,2010,5,Thursday,19,8,0,16,5,0,31.77991111,-106.35005278,12,3,0,0,0,1,0
482379,48,TEXAS,TX,1,1,1,1,201,3280,ANNETTE,10,12,December,2010,6,Friday,12,10,1,13,8,64,29.73622500,-95.59436667,9,1,0,0,0,1,0
482380,48,TEXAS,TX,1,1,0,1,241,3480,CLAYTON,10,12,December,2010,6,Friday,1,0,0,4,8,305,30.90028889,-94.01028056,42,2,0,0,0,1,1
482381,48,TEXAS,TX,2,2,0,3,361,0,BRIDGE CITY,10,12,December,2010,6,Friday,22,10,0,3,3,112,30.11210556,-93.82083889,12,3,0,0,0,1,1
482382,48,TEXAS,TX,2,2,0,2,489,0,LASARA,10,12,December,2010,6,Friday,15,25,1,2,2,214,26.43715556,-97.78544722,12,1,0,0,0,1,0
482383,48,TEXAS,TX,2,2,0,6,141,2190,BEE BRANCH,11,12,December,2010,7,Saturday,12,30,1,13,3,98,31.86046111,-106.58719444,12,1,0,0,0,1,0
482384,48,TEXAS,TX,1,1,0,1,201,0,ANNETTE,11,12,December,2010,7,Saturday,1,25,0,6,4,0,29.90760556,-95.30168333,24,2,0,0,0,1,1
482385,48,TEXAS,TX,1,1,0,2,201,0,ANNETTE,11,12,December,2010,7,Saturday,18,15,0,6,4,0,30.00069444,-95.58544722,1,2,0,0,0,1,0
482386,48,TEXAS,TX,2,2,0,4,259,0,CHARLES,11,12,December,2010,7,Saturday,12,41,0,4,3,26,29.75865000,-98.79308611,12,1,0,0,0,1,0
482387,48,TEXAS,TX,1,1,0,1,439,2850,ARLINGTON,11,12,December,2010,7,Saturday,6,21,1,12,3,105,32.93471667,-97.03783611,18,3,0,0,0,1,0
482388,48,TEXAS,TX,1,1,1,1,39,0,ANDALUSIA,12,12,December,2010,1,Sunday,18,0,0,4,8,37,29.35285278,-95.25655556,49,2,0,0,0,1,0
482389,48,TEXAS,TX,2,2,0,2,449,0,COOKVILLE,13,12,December,2010,2,Monday,4,45,0,4,3,97,33.10853611,-94.84483056,12,2,0,0,0,2,0
482390,48,TEXAS,TX,2,2,0,3,473,0,BROOKSHIRE,13,12,December,2010,2,Monday,20,21,0,4,8,31,29.83519444,-96.02498889,12,2,0,0,0,1,0
482391,48,TEXAS,TX,2,2,0,3,53,0,ATMORE,14,12,December,2010,3,Tuesday,14,9,0,3,3,14,30.75681389,-98.37748889,12,1,0,0,0,2,0
482392,48,TEXAS,TX,1,1,0,1,177,0,LEE,14,12,December,2010,3,Tuesday,1,20,0,5,8,63,29.53102778,-97.53917500,1,2,0,0,0,1,0
482393,48,TEXAS,TX,1,1,0,1,201,0,ANNETTE,14,12,December,2010,3,Tuesday,9,30,1,13,2,160,29.96883889,-95.69207778,33,1,0,0,0,1,0
482395,48,TEXAS,TX,2,2,0,3,223,0,BRASWELL,15,12,December,2010,4,Wednesday,9,7,0,3,3,77,32.99660556,-95.34729444,12,1,0,0,0,1,0
482396,48,TEXAS,TX,1,1,1,1,439,2800,ARLINGTON,16,12,December,2010,5,Thursday,21,2,1,11,7,121,32.67750278,-97.05292222,8,2,0,0,0,1,0
482397,48,TEXAS,TX,1,1,0,1,497,0,ALVORD,16,12,December,2010,5,Thursday,12,16,1,2,2,83,33.24760278,-97.44344444,42,1,0,0,0,1,0
482398,48,TEXAS,TX,2,2,0,2,83,0,ARDMORE,17,12,December,2010,6,Friday,18,40,1,2,2,76,31.76205556,-99.45738889,12,2,0,0,0,1,1
482399,48,TEXAS,TX,1,1,0,1,29,0,BORDEN SPRINGS,18,12,December,2010,7,Saturday,6,30,0,6,4,0,29.28999722,-98.79023333,53,2,0,0,0,1,0
482400,48,TEXAS,TX,1,1,0,1,453,0,ANDERSON MILL,18,12,December,2010,7,Saturday,8,30,9,9,8,99999,30.31098056,-98.08996389,59,2,0,0,0,1,1
482401,48,TEXAS,TX,1,1,0,1,23,0,BLADON SPRINGS,19,12,December,2010,1,Sunday,16,10,1,2,2,99,33.59549722,-99.30563333,38,1,0,0,0,1,0
482402,48,TEXAS,TX,2,2,0,4,113,387,COTTONTON,19,12,December,2010,1,Sunday,3,0,1,11,1,26,32.73276111,-96.61267500,12,2,0,0,0,1,1
482403,48,TEXAS,TX,2,2,0,3,201,3280,ANNETTE,19,12,December,2010,1,Sunday,2,30,0,16,5,0,29.80400278,-95.37559722,12,3,0,0,0,1,2
482404,48,TEXAS,TX,1,1,0,2,281,0,HIAWASSEE,19,12,December,2010,1,Sunday,15,40,0,6,4,0,31.09307222,-98.21408333,1,1,0,0,0,1,0
482405,48,TEXAS,TX,2,2,0,2,223,1680,BRASWELL,20,12,December,2010,2,Monday,3,38,1,1,1,11,33.12912500,-95.84248333,12,2,0,0,0,1,1
482406,48,TEXAS,TX,2,2,0,2,25,0,BARLOW BEND,21,12,December,2010,3,Tuesday,8,8,1,2,2,39,28.61798333,-97.80279167,12,1,0,0,0,1,0
482407,48,TEXAS,TX,2,2,0,5,27,3690,ASHLAND,20,12,December,2010,2,Monday,12,32,0,14,8,66,31.07226111,-97.73801111,12,1,0,0,0,1,0
482408,48,TEXAS,TX,2,2,0,2,121,1840,BON AIR,20,12,December,2010,2,Monday,9,47,0,16,5,0,33.23106944,-97.10679167,12,1,0,0,0,1,0
482409,48,TEXAS,TX,1,1,0,1,27,4924,ASHLAND,21,12,December,2010,3,Tuesday,15,55,1,12,2,205,31.06714167,-97.57932222,58,1,0,0,0,1,1
482410,48,TEXAS,TX,2,2,0,5,29,6090,BORDEN SPRINGS,21,12,December,2010,3,Tuesday,19,5,0,16,5,0,29.41539444,-98.59965556,12,3,0,0,0,2,0
482411,48,TEXAS,TX,2,2,0,2,275,0,BARWICK,21,12,December,2010,3,Tuesday,19,30,0,5,8,61,33.51211111,-99.65466389,12,2,0,0,0,1,0
482412,48,TEXAS,TX,1,1,0,1,201,0,ANNETTE,22,12,December,2010,4,Wednesday,22,19,0,6,4,0,30.02846389,-95.69747222,43,2,0,0,0,1,1
482413,48,TEXAS,TX,1,1,0,2,225,0,BYRON,22,12,December,2010,4,Wednesday,13,57,0,3,2,211,31.29322500,-95.41446389,32,1,0,0,0,2,0
482414,48,TEXAS,TX,2,2,0,3,395,0,BREMOND,22,12,December,2010,4,Wednesday,11,30,1,2,2,38,30.84787778,-96.55957778,12,1,0,0,0,1,0
482415,48,TEXAS,TX,1,1,0,2,427,0,DELMITA,22,12,December,2010,4,Wednesday,23,0,1,2,2,348,26.34603611,-98.75232778,33,3,0,0,0,1,0
482416,48,TEXAS,TX,2,2,0,5,75,0,BEAVERTON,23,12,December,2010,5,Thursday,12,55,1,2,2,272,34.66782222,-100.18866111,12,1,0,0,0,1,0
482417,48,TEXAS,TX,1,1,0,1,179,0,ALLENHURST,23,12,December,2010,5,Thursday,17,58,1,1,1,37,35.18798889,-101.03869444,1,2,0,0,0,1,0
482418,48,TEXAS,TX,1,1,0,2,201,3280,ANNETTE,23,12,December,2010,5,Thursday,0,11,0,16,5,0,29.73429167,-95.32997500,30,3,0,0,0,1,1
482419,48,TEXAS,TX,1,1,0,1,29,3942,BORDEN SPRINGS,24,12,December,2010,6,Friday,3,6,1,13,3,88,29.49304722,-98.61598611,32,2,0,0,0,1,1
482420,48,TEXAS,TX,1,1,0,1,201,3280,ANNETTE,24,12,December,2010,6,Friday,0,45,0,16,5,0,29.71298333,-95.34556389,33,3,0,0,0,1,0
482421,48,TEXAS,TX,2,1,0,1,201,0,ANNETTE,25,12,December,2010,7,Saturday,1,13,1,12,3,204,29.89931111,-95.46350833,30,3,0,0,0,1,1
482422,48,TEXAS,TX,2,2,1,8,201,3280,ANNETTE,25,12,December,2010,7,Saturday,21,19,1,12,2,81,29.72578889,-95.47196944,8,3,0,0,0,1,0
482423,48,TEXAS,TX,2,2,0,8,205,0,BACONTON,26,12,December,2010,1,Sunday,18,30,0,3,2,51,35.63323333,-102.31155278,12,2,0,0,0,1,0
482424,48,TEXAS,TX,2,2,0,2,241,0,CLAYTON,26,12,December,2010,1,Sunday,5,53,0,3,3,148,30.92206944,-94.06592778,12,2,0,0,0,1,1
482425,48,TEXAS,TX,2,2,0,2,251,0,DOVER,26,12,December,2010,1,Sunday,19,58,0,6,4,0,32.54569167,-97.44212222,12,2,0,0,0,1,0
482426,48,TEXAS,TX,1,1,0,5,23,0,BLADON SPRINGS,27,12,December,2010,2,Monday,12,10,9,9,2,99999,33.62473333,-99.22958889,1,1,0,0,0,1,0
482427,48,TEXAS,TX,2,2,0,5,201,0,ANNETTE,28,12,December,2010,3,Tuesday,20,40,1,13,8,46,29.95645000,-95.08188611,12,2,0,1,0,1,0
482428,48,TEXAS,TX,2,2,0,4,145,0,BALD KNOB,29,12,December,2010,4,Wednesday,1,14,0,3,2,97,31.25226667,-97.06056944,12,2,0,0,0,1,0
482429,48,TEXAS,TX,1,1,0,1,5,0,BAKER HILL,30,12,December,2010,5,Thursday,4,30,0,6,4,0,31.24397500,-94.57139722,42,2,0,0,0,1,1
482430,48,TEXAS,TX,2,2,0,3,449,4750,COOKVILLE,27,12,December,2010,2,Monday,9,10,1,11,1,75,33.16900278,-94.99973889,12,1,0,0,0,1,0
482431,48,TEXAS,TX,1,1,0,2,121,1840,BON AIR,30,12,December,2010,5,Thursday,23,39,0,16,5,0,33.18629444,-97.09202778,5,3,0,0,0,1,0