ST_CASE,STATE,State Name,State Abbreviation,# of Vehicle involved,VE_FORMS,Pedestrains,Total_Persons_in_accident,COUNTY,CITY,City_County_Name,Calendar_DAY,MONTH,Month_name,YEAR,DAY_WEEK,Day_Week_desc,HOUR,MINUTE,NHS_Desc,trafficway,Route,MILEPT,LATITUDE,LONGITUD,First_Crash_event,Light_cond_desc,Weather_condition,School_bus_involved,Crash_cause,FATALS,DRUNK_DR
482432,48,TEXAS,TX,1,1,0,1,439,2850,ARLINGTON,30,12,December,2010,5,Thursday,5,28,1,13,3,148,32.93042778,-97.09845556,30,3,0,0,0,1,0
482433,48,TEXAS,TX,2,2,0,4,201,0,ANNETTE,31,12,December,2010,6,Friday,21,5,0,6,4,0,29.99534167,-95.43536667,12,2,0,0,0,1,0
482434,48,TEXAS,TX,2,2,0,3,113,1730,COTTONTON,20,12,December,2010,2,Monday,14,35,0,16,5,0,32.76687778,-96.77727778,12,1,0,0,0,1,0
482435,48,TEXAS,TX,1,1,1,1,113,1730,COTTONTON,20,12,December,2010,2,Monday,18,55,1,13,8,306,32.86421389,-96.70762222,8,3,0,0,0,1,0
482436,48,TEXAS,TX,2,2,0,5,141,2190,BEE BRANCH,20,12,December,2010,2,Monday,12,15,1,13,3,107,31.84785000,-106.58232778,12,1,0,0,0,1,0
482437,48,TEXAS,TX,2,2,0,2,85,7620,BENTON,21,12,December,2010,3,Tuesday,15,0,0,14,3,314,33.02574444,-96.48856944,24,1,0,0,0,1,1
482438,48,TEXAS,TX,2,2,0,3,201,0,ANNETTE,21,12,December,2010,3,Tuesday,2,22,1,12,2,84,29.88456111,-95.32157222,12,3,0,0,0,1,1
482439,48,TEXAS,TX,1,1,0,1,211,0,APALACHEE,21,12,December,2010,3,Tuesday,11,8,0,4,3,63,35.80268333,-100.38046944,1,1,0,0,0,1,0
482440,48,TEXAS,TX,2,2,0,2,355,1550,AGUA DULCE,23,12,December,2010,5,Thursday,18,7,0,16,5,0,27.74883056,-97.41913056,12,3,0,0,0,1,0
482441,48,TEXAS,TX,2,2,0,6,113,1730,COTTONTON,24,12,December,2010,6,Friday,16,11,1,13,8,207,32.85544444,-96.86609167,12,1,0,0,0,1,0
482442,48,TEXAS,TX,2,2,0,5,293,0,EAST THOMASTON,24,12,December,2010,6,Friday,14,5,0,3,3,23,31.37991111,-96.59759167,12,1,0,0,0,4,0
482443,48,TEXAS,TX,1,1,0,1,439,2800,ARLINGTON,24,12,December,2010,6,Friday,15,34,0,16,5,0,32.77146389,-97.05220556,17,1,0,0,0,1,0
482444,48,TEXAS,TX,1,1,0,1,241,0,CLAYTON,25,12,December,2010,7,Saturday,14,5,0,4,8,87,30.24660556,-94.02330278,42,1,0,0,0,1,1
482445,48,TEXAS,TX,1,1,1,1,29,6090,BORDEN SPRINGS,28,12,December,2010,3,Tuesday,18,10,0,16,5,0,29.44761667,-98.52691667,8,3,0,0,0,1,0
482446,48,TEXAS,TX,1,1,1,1,113,1730,COTTONTON,1,12,December,2010,4,Wednesday,21,45,1,11,1,105,32.79603333,-96.69026111,8,3,0,0,0,1,0
482447,48,TEXAS,TX,1,1,0,1,201,0,ANNETTE,1,12,December,2010,4,Wednesday,21,3,0,16,5,0,29.99725000,-95.69840000,46,3,0,0,0,1,0
482448,48,TEXAS,TX,1,1,0,2,297,0,BETWEEN,1,12,December,2010,4,Wednesday,17,25,0,4,8,160,28.41808611,-97.97476389,42,1,0,0,0,1,0
482449,48,TEXAS,TX,2,2,0,2,121,1730,BON AIR,2,12,December,2010,5,Thursday,13,30,0,16,5,0,32.99695833,-96.86030833,12,1,0,0,0,1,0
482450,48,TEXAS,TX,1,1,0,2,181,1830,LINCOLN,2,12,December,2010,5,Thursday,3,30,1,12,2,63,33.77848611,-96.58403056,21,2,0,0,0,1,0
482451,48,TEXAS,TX,2,2,0,4,243,0,BENEVOLENCE,2,12,December,2010,5,Thursday,18,15,0,4,3,138,30.49542500,-103.75085000,12,2,0,0,0,1,0
482452,48,TEXAS,TX,2,2,0,3,373,0,ACE,2,12,December,2010,5,Thursday,20,13,1,2,2,16,31.11026944,-94.81171111,12,2,0,0,0,2,0
482453,48,TEXAS,TX,2,2,0,3,455,7020,APPLE SPRINGS,2,12,December,2010,5,Thursday,22,58,0,3,3,91,30.95103889,-95.37566111,12,3,0,0,0,1,2
482454,48,TEXAS,TX,1,1,0,1,113,1730,COTTONTON,3,12,December,2010,6,Friday,21,53,0,16,5,0,32.88041667,-96.80845556,39,3,0,0,0,1,1
482455,48,TEXAS,TX,1,1,1,1,201,0,ANNETTE,3,12,December,2010,6,Friday,14,30,0,6,4,0,29.94844722,-95.46832222,8,1,0,0,0,1,0
482456,48,TEXAS,TX,1,1,1,1,325,4822,CASTROVILLE,3,12,December,2010,6,Friday,20,30,0,4,3,56,29.18958611,-98.86264722,8,3,0,0,0,1,0
482457,48,TEXAS,TX,1,1,0,1,343,1700,CASON,3,12,December,2010,6,Friday,3,8,0,3,2,206,33.02907500,-94.72226944,30,3,0,0,0,1,1
482458,48,TEXAS,TX,1,1,0,1,5,0,BAKER HILL,4,12,December,2010,7,Saturday,9,2,1,2,2,46,31.38947222,-94.71545278,35,1,0,0,0,1,0
482459,48,TEXAS,TX,1,1,1,1,29,6090,BORDEN SPRINGS,4,12,December,2010,7,Saturday,17,16,1,11,7,377,29.32438333,-98.42937778,9,1,0,0,0,1,0
482460,48,TEXAS,TX,1,1,0,1,69,0,ASHFORD,4,12,December,2010,7,Saturday,1,42,0,3,2,127,34.57911944,-102.31289444,30,2,0,0,0,1,0
482461,48,TEXAS,TX,2,2,0,2,91,0,DAYTON,4,12,December,2010,7,Saturday,18,40,0,14,8,108,29.85908611,-98.28715278,12,2,0,0,0,1,2
482462,48,TEXAS,TX,1,1,1,2,183,4080,FORT STEWART,4,12,December,2010,7,Saturday,18,3,1,13,2,148,32.50440278,-94.71574444,8,3,0,0,0,1,0
482463,48,TEXAS,TX,1,1,0,1,201,0,ANNETTE,4,12,December,2010,7,Saturday,4,50,0,6,4,0,30.07916667,-95.55060556,30,2,0,0,0,1,1
482464,48,TEXAS,TX,1,1,0,1,485,7490,BURKBURNETT,4,12,December,2010,7,Saturday,2,6,1,12,2,0,33.88425833,-98.47779722,59,3,0,0,0,1,0
482465,48,TEXAS,TX,3,3,0,4,491,3925,ANDERSON MILL,4,12,December,2010,7,Saturday,9,51,0,15,8,111,30.58147500,-97.84413611,12,1,0,0,0,1,0
482466,48,TEXAS,TX,1,1,1,1,113,1730,COTTONTON,5,12,December,2010,1,Sunday,3,20,1,12,2,75,32.69931389,-96.64752222,8,3,0,0,0,1,0
482467,48,TEXAS,TX,2,2,0,2,453,330,ANDERSON MILL,5,12,December,2010,1,Sunday,1,49,1,12,8,179,30.25446111,-97.80430833,24,3,0,0,0,1,1
482468,48,TEXAS,TX,1,1,0,1,29,6090,BORDEN SPRINGS,6,12,December,2010,2,Monday,15,45,1,12,2,261,29.44003333,-98.47821389,1,1,0,0,0,1,0
482469,48,TEXAS,TX,2,2,1,2,71,0,BRIDGEPORT,6,12,December,2010,2,Monday,18,54,0,4,8,140,29.73217500,-94.84922500,8,2,0,0,0,1,0
482470,48,TEXAS,TX,2,2,0,2,183,0,FORT STEWART,6,12,December,2010,2,Monday,15,1,1,1,1,94,32.43406389,-94.82840833,12,1,0,0,0,1,0
482471,48,TEXAS,TX,1,1,0,1,41,970,BRANTLEY,2,10,October,2010,7,Saturday,1,18,1,13,8,65,30.65465556,-96.40140278,34,2,0,0,0,1,1
482472,48,TEXAS,TX,2,2,0,3,231,0,CONCORD,2,10,October,2010,7,Saturday,12,10,1,2,3,32,32.94432778,-96.10749722,12,1,0,0,0,1,0
482473,48,TEXAS,TX,1,1,0,1,37,0,BRADFORD,7,10,October,2010,5,Thursday,15,50,0,6,4,0,33.37827222,-94.19285556,42,1,0,0,0,1,0
482474,48,TEXAS,TX,2,2,0,4,97,0,AXIS,8,10,October,2010,6,Friday,18,17,0,4,8,43,33.43165556,-97.09583889,12,1,0,0,0,1,0
482475,48,TEXAS,TX,3,2,0,4,201,3280,ANNETTE,8,10,October,2010,6,Friday,23,38,0,16,5,0,29.71355000,-95.31701667,12,3,0,0,0,1,1
482476,48,TEXAS,TX,1,1,0,1,213,0,CARTERS,8,10,October,2010,6,Friday,22,48,0,5,8,63,32.21980833,-95.65667222,1,2,0,0,0,1,1
482478,48,TEXAS,TX,1,1,0,5,257,0,AVALON,9,10,October,2010,7,Saturday,13,13,1,1,1,93,32.68870833,-96.22517222,1,1,0,0,0,1,0
482479,48,TEXAS,TX,2,2,0,2,465,0,COMSTOCK,11,10,October,2010,2,Monday,13,40,1,2,2,112,29.38696111,-100.74452222,12,1,0,0,0,1,0
482480,48,TEXAS,TX,1,1,1,1,29,6090,BORDEN SPRINGS,12,10,October,2010,3,Tuesday,4,40,0,16,5,0,29.44850278,-98.58711389,8,2,0,0,0,1,0
482481,48,TEXAS,TX,2,2,0,2,29,6090,BORDEN SPRINGS,14,10,October,2010,5,Thursday,1,20,1,12,2,231,29.47424722,-98.47939167,12,3,0,0,0,1,2
482482,48,TEXAS,TX,2,2,0,3,465,0,COMSTOCK,14,10,October,2010,5,Thursday,6,48,1,2,2,49,29.33368889,-100.83825000,12,2,0,0,0,1,0
482483,48,TEXAS,TX,2,2,0,3,37,0,BRADFORD,16,10,October,2010,7,Saturday,10,15,0,4,8,51,33.35657500,-94.07957500,12,1,0,0,0,1,0
482484,48,TEXAS,TX,1,1,2,3,13,0,BOLLING,17,10,October,2010,1,Sunday,20,17,0,6,4,0,29.15816944,-98.59448889,8,3,0,0,0,1,1
482485,48,TEXAS,TX,1,1,0,4,67,0,ABBEVILLE,20,10,October,2010,4,Wednesday,8,50,0,5,8,55,33.16036667,-94.22491944,1,1,0,0,0,1,0
482486,48,TEXAS,TX,1,1,0,1,181,0,LINCOLN,21,10,October,2010,5,Thursday,7,10,0,4,8,131,33.74382500,-96.85094167,35,4,0,0,0,1,0
482487,48,TEXAS,TX,1,1,1,1,201,3280,ANNETTE,21,10,October,2010,5,Thursday,20,35,1,12,7,51,29.72953611,-95.42799722,8,3,0,0,0,1,0
482488,48,TEXAS,TX,2,1,1,7,375,150,AMARILLO,21,10,October,2010,5,Thursday,16,15,1,11,1,178,35.19486667,-101.85066111,14,1,0,0,0,1,0
482489,48,TEXAS,TX,1,1,0,1,85,5390,BENTON,22,10,October,2010,6,Friday,6,15,0,16,5,0,33.03691111,-96.82958611,20,3,0,0,0,1,1
482490,48,TEXAS,TX,2,2,0,2,37,0,BRADFORD,22,10,October,2010,6,Friday,13,35,1,11,1,338,33.46493056,-94.18788889,18,1,0,0,0,1,0
482491,48,TEXAS,TX,2,2,0,3,441,0,ABILENE,24,10,October,2010,1,Sunday,11,45,0,3,2,61,32.25262500,-99.98584167,12,1,0,0,0,1,0
482492,48,TEXAS,TX,2,2,0,3,257,0,AVALON,30,10,October,2010,7,Saturday,15,55,0,14,8,68,32.59863889,-96.31752500,12,1,0,0,0,1,0
482493,48,TEXAS,TX,1,1,0,1,303,0,DAVISBORO,30,10,October,2010,7,Saturday,2,15,0,6,4,0,33.60682778,-101.98123333,1,2,0,0,0,1,1
482494,48,TEXAS,TX,2,2,0,2,343,0,CASON,30,10,October,2010,7,Saturday,10,35,0,3,2,242,32.97515278,-94.71785556,12,1,0,0,0,1,0
482495,48,TEXAS,TX,1,1,0,1,201,0,ANNETTE,4,11,November,2010,5,Thursday,18,40,1,13,3,23,29.90266111,-95.63388333,1,5,0,0,0,1,0
482496,48,TEXAS,TX,2,2,0,7,495,0,KERMIT,5,11,November,2010,6,Friday,22,12,0,3,3,195,31.87551667,-102.93318333,12,2,0,0,0,3,1
482497,48,TEXAS,TX,1,1,1,6,29,6090,BORDEN SPRINGS,9,11,November,2010,3,Tuesday,22,51,1,13,8,21,29.44583056,-98.53140833,8,3,0,0,0,1,0
482498,48,TEXAS,TX,1,1,0,1,139,0,CALION,10,11,November,2010,4,Wednesday,6,49,0,3,8,79,32.24104444,-96.81002222,1,4,0,0,0,1,0
482499,48,TEXAS,TX,1,1,1,2,439,2450,ARLINGTON,10,11,November,2010,4,Wednesday,19,40,1,13,8,59,32.72264167,-97.44771944,8,2,0,0,0,1,0
482500,48,TEXAS,TX,2,2,0,2,113,1190,COTTONTON,13,11,November,2010,7,Saturday,10,47,0,16,5,0,32.98308889,-96.91889722,12,1,0,0,0,1,0
482501,48,TEXAS,TX,1,1,0,2,85,5390,BENTON,14,11,November,2010,1,Sunday,1,41,1,12,3,83,33.00412778,-96.72484444,24,3,0,0,0,2,1
482502,48,TEXAS,TX,1,1,0,1,201,3280,ANNETTE,14,11,November,2010,1,Sunday,8,53,0,16,5,0,29.72314167,-95.37830556,30,1,0,0,0,1,0
482503,48,TEXAS,TX,3,3,0,3,389,0,BALMORHEA,15,11,November,2010,2,Monday,21,15,1,1,1,269,30.99379722,-103.66343056,12,2,0,0,0,2,0
482504,48,TEXAS,TX,2,2,0,2,181,0,LINCOLN,19,11,November,2010,6,Friday,21,57,1,2,2,31,33.72362500,-96.51012778,12,2,0,0,0,2,1
482505,48,TEXAS,TX,1,1,1,1,355,1550,AGUA DULCE,19,11,November,2010,6,Friday,22,35,1,13,8,99,27.71012500,-97.40584722,8,3,0,0,0,1,0
482506,48,TEXAS,TX,1,1,0,3,277,5511,BROOKFIELD,20,11,November,2010,7,Saturday,16,1,1,2,2,65,33.78095833,-95.53437222,1,1,0,0,0,1,0
482507,48,TEXAS,TX,2,2,0,2,201,3320,ANNETTE,22,11,November,2010,2,Monday,10,0,0,14,8,45,29.99919167,-95.25208611,12,1,0,0,0,1,0
482508,48,TEXAS,TX,2,2,0,2,459,0,BETTIE,23,11,November,2010,3,Tuesday,17,49,0,3,3,48,32.83575000,-94.77553333,12,5,0,0,0,1,0
482509,48,TEXAS,TX,1,1,0,1,257,0,AVALON,24,11,November,2010,4,Wednesday,9,47,0,6,4,0,32.45755000,-96.24043889,1,1,0,0,0,1,1
482510,48,TEXAS,TX,2,2,0,2,201,0,ANNETTE,25,11,November,2010,5,Thursday,10,46,0,6,4,0,29.97506667,-95.61710278,12,1,0,0,0,1,0
482511,48,TEXAS,TX,2,2,0,6,397,6010,DALLAS,25,11,November,2010,5,Thursday,11,2,1,1,7,156,32.98048889,-96.30408056,12,1,0,0,0,1,0
482512,48,TEXAS,TX,1,1,0,1,189,0,BONEVILLE,26,11,November,2010,6,Friday,15,35,0,6,4,0,34.29211389,-101.72241111,10,1,0,0,0,1,0
482513,48,TEXAS,TX,1,1,0,1,85,6072,BENTON,28,11,November,2010,1,Sunday,0,48,0,16,5,0,33.05087222,-96.54095556,1,2,0,0,0,1,0
482514,48,TEXAS,TX,1,1,1,1,303,4140,DAVISBORO,26,11,November,2010,6,Friday,3,2,1,12,2,168,33.59089444,-101.83431667,8,2,0,0,0,1,0
482515,48,TEXAS,TX,1,1,0,2,215,0,BIBB CITY,28,11,November,2010,1,Sunday,3,51,1,13,3,154,26.29456389,-97.91052222,34,2,0,0,0,1,1
482516,48,TEXAS,TX,3,3,0,6,349,0,ANGUS,28,11,November,2010,1,Sunday,17,57,0,3,3,118,32.10029722,-96.69804722,12,2,0,0,0,1,0
482517,48,TEXAS,TX,1,1,0,1,339,0,CONROE,29,11,November,2010,2,Monday,9,40,0,6,4,0,30.43800278,-95.40663056,52,1,0,0,0,1,0
482518,48,TEXAS,TX,2,2,0,2,423,0,ARP,29,11,November,2010,2,Monday,8,35,0,5,8,10,32.43129444,-95.12035833,12,1,0,0,0,1,0
482519,48,TEXAS,TX,2,2,0,3,291,0,BLAIRSVILLE,30,11,November,2010,3,Tuesday,16,50,0,3,8,25,30.04658889,-95.01778056,12,1,0,0,0,1,0
482520,48,TEXAS,TX,1,1,0,2,395,0,BREMOND,2,12,December,2010,5,Thursday,1,50,0,3,3,2,31.18213333,-96.66901111,1,2,0,0,0,1,1
482521,48,TEXAS,TX,2,2,0,3,201,3280,ANNETTE,4,12,December,2010,7,Saturday,18,50,0,16,5,0,29.94903889,-95.42529167,1,3,0,0,0,1,0
482522,48,TEXAS,TX,1,1,0,2,379,0,EAST TAWAKONI,4,12,December,2010,7,Saturday,1,14,0,4,3,296,32.90832500,-95.95920278,59,3,0,0,0,1,1
482523,48,TEXAS,TX,1,1,0,4,423,0,ARP,4,12,December,2010,7,Saturday,15,40,1,1,1,187,32.45290556,-95.28168333,1,1,0,0,0,1,0
482524,48,TEXAS,TX,1,1,0,2,201,3280,ANNETTE,5,12,December,2010,1,Sunday,2,1,0,16,5,0,29.83828889,-95.54359722,1,3,0,0,0,1,1
482525,48,TEXAS,TX,1,1,0,1,63,0,BOLIGEE,6,12,December,2010,2,Monday,0,30,0,4,8,137,32.91474722,-94.80198611,1,2,0,0,0,1,0
482526,48,TEXAS,TX,2,2,0,2,201,0,ANNETTE,6,12,December,2010,2,Monday,16,55,0,6,4,0,29.92763611,-95.64595000,12,1,0,0,0,1,0
482527,48,TEXAS,TX,3,3,0,4,401,0,EASTON,6,12,December,2010,2,Monday,14,0,0,3,3,0,32.32971667,-94.54288333,12,1,0,0,0,1,0
482528,48,TEXAS,TX,2,2,0,3,63,0,BOLIGEE,7,12,December,2010,3,Tuesday,17,58,1,2,2,28,32.95466111,-94.95391111,12,2,0,0,0,2,0
482529,48,TEXAS,TX,1,1,0,1,313,0,COHUTTA,9,12,December,2010,5,Thursday,0,0,1,1,1,99,30.97738056,-95.89421111,57,2,0,0,0,1,0
482530,48,TEXAS,TX,1,1,0,1,73,0,ARGO,10,12,December,2010,6,Friday,1,25,0,4,3,140,31.93690000,-95.08351667,42,2,0,0,0,1,0
482531,48,TEXAS,TX,1,1,0,1,291,0,BLAIRSVILLE,11,12,December,2010,7,Saturday,17,26,0,3,8,92,29.95452500,-94.71064444,34,1,0,0,0,1,0
482532,48,TEXAS,TX,1,1,0,2,73,0,ARGO,12,12,December,2010,1,Sunday,11,16,0,3,3,28,31.82473611,-94.95036944,42,1,0,0,0,1,0
482533,48,TEXAS,TX,1,1,0,1,203,0,BENSON,12,12,December,2010,1,Sunday,14,23,0,4,8,19,32.45299722,-94.22364167,42,1,0,0,0,1,1
482534,48,TEXAS,TX,1,1,1,2,113,2590,COTTONTON,13,12,December,2010,2,Monday,19,34,1,11,1,115,32.85556389,-96.64805833,8,3,0,0,0,1,0
482536,48,TEXAS,TX,2,2,0,2,223,0,BRASWELL,14,12,December,2010,3,Tuesday,7,45,0,3,3,39,33.09017500,-95.57019722,12,1,0,0,0,1,0
482537,48,TEXAS,TX,1,1,0,1,467,0,BEN WHEELER,14,12,December,2010,3,Tuesday,3,39,0,6,4,0,32.73787500,-96.03589722,1,2,0,0,0,1,0
482538,48,TEXAS,TX,2,2,0,4,303,4140,DAVISBORO,15,12,December,2010,4,Wednesday,0,31,1,13,3,122,33.57788889,-101.95720278,12,3,0,0,0,1,0
482539,48,TEXAS,TX,1,1,1,2,339,0,CONROE,15,12,December,2010,4,Wednesday,17,58,1,2,3,133,30.36128611,-95.60371389,8,2,0,0,0,1,0
482540,48,TEXAS,TX,2,2,0,2,355,0,AGUA DULCE,16,12,December,2010,5,Thursday,16,30,0,3,8,44,27.71745833,-97.90822500,12,1,0,0,0,1,0
482541,48,TEXAS,TX,2,2,0,2,467,0,BEN WHEELER,16,12,December,2010,5,Thursday,14,55,0,4,8,138,32.41100833,-95.72031389,12,1,0,0,0,1,1
482542,48,TEXAS,TX,1,1,1,1,141,0,BEE BRANCH,17,12,December,2010,6,Friday,22,46,1,13,2,254,31.81502778,-106.20455556,8,3,0,0,0,1,1
482543,48,TEXAS,TX,1,1,0,2,257,0,AVALON,17,12,December,2010,6,Friday,23,6,0,6,4,0,32.43310556,-96.10362500,1,3,0,0,0,1,1
482544,48,TEXAS,TX,4,4,0,9,381,150,AMARILLO,17,12,December,2010,6,Friday,14,42,0,16,5,0,35.15791667,-101.92025278,12,1,0,0,0,1,0
482545,48,TEXAS,TX,2,2,0,3,459,0,BETTIE,17,12,December,2010,6,Friday,18,45,0,3,3,16,32.69635556,-94.96470556,12,2,0,0,0,1,0
482546,48,TEXAS,TX,5,5,0,5,201,3280,ANNETTE,18,12,December,2010,7,Saturday,10,47,0,16,5,0,29.72763056,-95.53906111,12,1,0,0,0,1,0
482547,48,TEXAS,TX,1,1,0,1,201,5230,ANNETTE,18,12,December,2010,7,Saturday,16,50,0,16,5,0,29.71666667,-95.20292778,21,1,0,0,0,1,0
482548,48,TEXAS,TX,1,1,0,1,339,0,CONROE,18,12,December,2010,7,Saturday,19,10,0,6,4,0,30.31120278,-95.25497222,31,2,0,0,0,1,0
482549,48,TEXAS,TX,1,1,0,1,401,0,EASTON,18,12,December,2010,7,Saturday,2,55,0,3,3,29,32.34175278,-94.92093056,42,2,0,0,0,1,1
482550,48,TEXAS,TX,1,1,0,1,423,0,ARP,18,12,December,2010,7,Saturday,3,35,0,3,8,128,32.42482778,-95.28048611,1,2,0,0,0,1,1
482551,48,TEXAS,TX,2,2,0,3,135,0,ASH FLAT,19,12,December,2010,1,Sunday,19,10,0,6,4,0,31.89510833,-102.39773889,12,2,0,0,0,1,1
482552,48,TEXAS,TX,1,1,0,1,213,6983,CARTERS,19,12,December,2010,1,Sunday,1,40,0,4,3,99999,99.99990000,999.99990000,1,2,0,0,0,1,1
482553,48,TEXAS,TX,1,1,1,1,201,5230,ANNETTE,20,12,December,2010,2,Monday,18,22,0,16,5,0,29.68210556,-95.18275833,8,2,0,0,0,1,0
482554,48,TEXAS,TX,3,3,0,8,215,3762,BIBB CITY,20,12,December,2010,2,Monday,19,55,1,13,3,277,26.29282778,-98.03775833,12,2,0,0,0,1,1
482555,48,TEXAS,TX,1,1,0,1,157,0,ARCADE,27,12,December,2010,2,Monday,18,43,0,15,8,53,29.53997222,-95.72165556,42,2,0,0,0,1,0
482556,48,TEXAS,TX,1,1,0,1,359,0,ADRIAN,20,12,December,2010,2,Monday,10,45,1,1,1,76,35.27223056,-102.63340278,1,1,0,0,0,1,0
482557,48,TEXAS,TX,1,1,0,1,189,0,BONEVILLE,21,12,December,2010,3,Tuesday,16,55,0,6,4,0,34.24743611,-101.72588889,1,1,0,0,0,1,0
482558,48,TEXAS,TX,1,1,1,1,453,330,ANDERSON MILL,21,12,December,2010,3,Tuesday,3,28,1,11,1,119,30.19133056,-97.76988611,8,2,0,0,0,1,0
482559,48,TEXAS,TX,2,2,0,3,215,0,BIBB CITY,22,12,December,2010,4,Wednesday,10,9,0,6,4,0,26.24069167,-98.00830278,12,1,0,0,0,1,0
482560,48,TEXAS,TX,3,3,0,7,257,0,AVALON,22,12,December,2010,4,Wednesday,10,12,0,3,3,13,32.55017778,-96.34958333,12,1,0,0,0,1,0
482561,48,TEXAS,TX,1,1,0,1,367,0,ALEDO,22,12,December,2010,4,Wednesday,20,37,0,4,8,6,32.83033611,-97.63310000,42,2,0,0,0,1,0
482562,48,TEXAS,TX,1,1,0,1,471,3340,DODGE,22,12,December,2010,4,Wednesday,1,18,1,13,2,186,30.72379444,-95.55428333,33,3,0,0,0,1,1
482563,48,TEXAS,TX,1,1,0,5,13,0,BOLLING,23,12,December,2010,5,Thursday,16,24,1,1,1,217,28.87457778,-98.39720278,1,1,0,0,0,1,0
482564,48,TEXAS,TX,1,1,0,3,63,0,BOLIGEE,24,12,December,2010,6,Friday,2,5,0,5,8,62,32.97149722,-94.88078333,34,2,0,0,0,1,1
482565,48,TEXAS,TX,1,1,0,2,423,7070,ARP,24,12,December,2010,6,Friday,16,22,1,13,3,74,32.34398889,-95.35045278,33,1,0,0,0,1,0
482566,48,TEXAS,TX,2,2,0,4,441,30,ABILENE,24,12,December,2010,6,Friday,13,20,1,13,8,34,32.48191389,-99.73117222,12,1,0,0,0,1,0
482567,48,TEXAS,TX,1,1,1,2,29,6090,BORDEN SPRINGS,25,12,December,2010,7,Saturday,2,58,1,12,2,220,29.48893889,-98.48298889,8,3,0,0,0,1,0
482568,48,TEXAS,TX,1,1,0,1,201,3280,ANNETTE,26,12,December,2010,1,Sunday,15,22,0,16,5,0,29.83081944,-95.32429722,42,1,0,0,0,1,0
482569,48,TEXAS,TX,1,1,0,2,329,4560,MIDLAND,26,12,December,2010,1,Sunday,22,18,1,12,8,147,32.01398611,-102.15867222,1,3,0,0,0,1,1
482570,48,TEXAS,TX,2,2,0,4,21,0,CHILTON,27,12,December,2010,2,Monday,16,35,1,2,2,41,30.33137500,-97.34855556,12,1,0,0,0,1,1
482571,48,TEXAS,TX,1,1,0,1,213,0,CARTERS,27,12,December,2010,2,Monday,5,55,0,3,3,74,32.10814167,-95.81024444,42,2,0,0,0,1,0
482572,48,TEXAS,TX,1,1,0,5,245,5430,AUGUSTA,27,12,December,2010,2,Monday,4,41,0,16,5,0,29.94593611,-93.96315556,1,2,0,0,0,1,1
482573,48,TEXAS,TX,2,2,0,3,85,1730,BENTON,28,12,December,2010,3,Tuesday,18,55,0,16,5,0,32.99808611,-96.80554167,12,3,0,0,0,1,0
482574,48,TEXAS,TX,2,2,0,4,121,6881,BON AIR,28,12,December,2010,3,Tuesday,14,8,1,13,8,33,33.10515000,-96.89165833,12,1,10,0,0,1,0
482575,48,TEXAS,TX,2,2,1,3,439,2450,ARLINGTON,28,12,December,2010,3,Tuesday,13,18,1,11,1,28,32.69182222,-97.24105278,12,1,0,0,0,1,0
482576,48,TEXAS,TX,1,1,1,2,113,1730,COTTONTON,29,12,December,2010,4,Wednesday,12,16,0,16,5,0,32.66242778,-96.81203889,8,1,0,0,0,1,0
482578,48,TEXAS,TX,1,1,0,2,439,2450,ARLINGTON,30,12,December,2010,5,Thursday,23,18,1,11,7,170,32.73564167,-97.43747500,33,3,0,0,0,1,1
482579,48,TEXAS,TX,2,2,0,2,467,0,BEN WHEELER,30,12,December,2010,5,Thursday,18,0,0,3,3,318,32.40605278,-95.59487222,12,3,0,0,0,1,0
482580,48,TEXAS,TX,1,1,0,2,487,0,HARROLD,30,12,December,2010,5,Thursday,20,45,1,2,2,235,34.13356389,-99.13898333,1,3,0,0,0,1,0
482581,48,TEXAS,TX,1,1,0,1,1,0,AUTAUGA,31,12,December,2010,6,Friday,22,43,0,4,8,16,31.80931111,-95.87998056,31,2,0,0,0,1,1
482582,48,TEXAS,TX,1,1,0,1,37,6850,BRADFORD,31,12,December,2010,6,Friday,3,25,1,11,7,404,33.46076389,-94.07503611,52,2,0,0,0,1,1
482583,48,TEXAS,TX,1,1,0,1,53,0,ATMORE,31,12,December,2010,6,Friday,17,35,0,6,4,0,30.69424167,-98.15069722,39,1,0,0,0,1,1
482584,48,TEXAS,TX,2,2,0,4,113,1730,COTTONTON,31,12,December,2010,6,Friday,23,24,1,12,2,104,32.85713611,-96.77021111,12,3,0,0,0,1,1
482585,48,TEXAS,TX,1,1,0,2,113,1730,COTTONTON,31,12,December,2010,6,Friday,23,25,0,16,5,0,32.64726944,-96.94350000,1,3,0,0,0,1,1
482586,48,TEXAS,TX,2,2,1,3,201,3280,ANNETTE,31,12,December,2010,6,Friday,20,0,1,11,1,292,29.83991389,-95.38896111,8,3,0,0,0,1,0