ST_CASE,STATE,State Name,State Abbreviation,# of Vehicle involved,VE_FORMS,Pedestrains,Total_Persons_in_accident,COUNTY,CITY,City_County_Name,Calendar_DAY,MONTH,Month_name,YEAR,DAY_WEEK,Day_Week_desc,HOUR,MINUTE,NHS_Desc,trafficway,Route,MILEPT,LATITUDE,LONGITUD,First_Crash_event,Light_cond_desc,Weather_condition,School_bus_involved,Crash_cause,FATALS,DRUNK_DR
490087,49,UTAH,UT,1,1,0,1,43,0,BAILEYTON,24,7,July,2010,7,Saturday,15,23,0,16,5,0,40.80952222,-111.49518056,42,1,0,0,0,1,1
490088,49,UTAH,UT,1,1,0,1,49,1500,COLLINSVILLE,15,7,July,2010,5,Thursday,19,30,0,16,5,0,40.38225000,-111.73207222,35,1,0,0,0,1,1
490089,49,UTAH,UT,1,1,0,1,27,0,ASHLAND,17,7,July,2010,7,Saturday,9,46,1,1,1,19,38.59138333,-112.57450000,42,1,0,0,0,1,0
490090,49,UTAH,UT,1,1,0,3,19,0,CEDAR BLUFF,20,7,July,2010,3,Tuesday,17,1,1,1,1,1749,38.92202500,-109.92920000,1,1,0,0,0,1,0
490091,49,UTAH,UT,5,5,0,11,43,0,BAILEYTON,7,8,August,2010,7,Saturday,12,19,0,3,3,63,40.63193333,-111.18679167,12,1,0,0,0,1,0
490092,49,UTAH,UT,1,1,0,15,21,0,CHILTON,9,8,August,2010,2,Monday,18,40,1,1,1,657,37.77587222,-112.99575833,1,1,0,0,0,3,0
490093,49,UTAH,UT,1,1,0,1,11,1900,BULLOCK,9,8,August,2010,2,Monday,19,57,0,14,3,16,41.14007500,-112.03600000,10,1,0,0,0,1,1
490094,49,UTAH,UT,3,3,0,3,35,1020,BROOKLYN,11,8,August,2010,4,Wednesday,14,53,0,13,3,77,40.71844444,-112.08243333,12,1,0,0,0,1,0
490095,49,UTAH,UT,4,4,0,4,49,970,COLLINSVILLE,31,8,August,2010,3,Tuesday,6,13,1,11,1,2731,40.32940278,-111.73679444,12,1,0,0,0,1,0
490096,49,UTAH,UT,1,1,1,1,35,712,BROOKLYN,13,7,July,2010,3,Tuesday,16,24,0,16,5,0,40.68698333,-111.79957778,9,1,0,0,0,1,0
490097,49,UTAH,UT,2,2,0,2,35,2100,BROOKLYN,26,6,June,2010,7,Saturday,8,19,0,16,5,0,40.62183611,-111.95789444,12,1,0,0,0,1,0
490098,49,UTAH,UT,1,1,0,1,21,1450,CHILTON,3,8,August,2010,3,Tuesday,6,45,1,1,1,749,37.83527500,-112.87216111,31,1,0,0,0,1,1
490099,49,UTAH,UT,1,1,0,1,23,0,BLADON SPRINGS,9,8,August,2010,2,Monday,23,20,0,3,2,1380,39.93711944,-112.14912500,35,2,0,0,0,1,1
490100,49,UTAH,UT,1,1,0,1,23,0,BLADON SPRINGS,9,8,August,2010,2,Monday,23,30,0,3,2,1395,39.94896389,-112.12509167,35,2,0,0,0,1,1
490101,49,UTAH,UT,1,1,0,1,35,1700,BROOKLYN,15,8,August,2010,1,Sunday,7,13,1,11,1,148,40.72748611,-111.95214167,31,1,0,0,0,1,0
490102,49,UTAH,UT,1,1,0,2,49,0,COLLINSVILLE,22,8,August,2010,1,Sunday,4,30,0,3,2,1549,39.96106944,-111.86485278,1,2,0,0,0,1,1
490103,49,UTAH,UT,1,1,0,4,15,0,ANNISTON,28,8,August,2010,7,Saturday,1,30,1,1,1,1500,38.93217222,-110.35423333,1,2,0,0,0,1,0
490104,49,UTAH,UT,1,1,0,1,9,0,BLOUNT,31,8,August,2010,3,Tuesday,15,27,0,3,3,33,40.97626944,-109.81590278,1,1,0,0,0,1,0
490105,49,UTAH,UT,1,1,0,1,35,0,BROOKLYN,29,8,August,2010,1,Sunday,5,26,0,14,3,90,40.82582500,-111.65731389,35,2,0,0,0,1,1
490106,49,UTAH,UT,2,2,0,3,25,0,BARLOW BEND,10,7,July,2010,7,Saturday,16,47,0,3,2,116,37.08914444,-111.72615000,12,1,0,0,0,3,0
490107,49,UTAH,UT,2,2,0,3,49,0,COLLINSVILLE,12,7,July,2010,2,Monday,0,29,1,2,2,2136,39.89235278,-111.05289444,11,2,0,0,0,1,0
490108,49,UTAH,UT,1,1,1,1,35,1700,BROOKLYN,27,8,August,2010,6,Friday,5,58,0,16,5,0,40.72543611,-111.90721111,9,3,0,0,0,1,0
490109,49,UTAH,UT,2,2,0,2,15,0,ANNISTON,20,7,July,2010,3,Tuesday,10,50,0,3,3,581,39.45554722,-110.86063333,12,1,0,0,0,1,0
490110,49,UTAH,UT,2,2,0,4,49,0,COLLINSVILLE,31,7,July,2010,7,Saturday,8,17,1,2,2,1871,39.99921667,-111.48685556,12,1,0,0,0,2,0
490111,49,UTAH,UT,1,1,1,1,35,1240,BROOKLYN,20,5,May,2010,5,Thursday,14,19,0,14,3,0,40.67422500,-111.86661111,8,1,0,0,0,1,0
490112,49,UTAH,UT,1,1,0,1,47,0,BROWNS,13,3,March,2010,7,Saturday,6,58,0,6,5,0,40.34700278,-109.91538056,42,4,0,0,0,1,1
490113,49,UTAH,UT,2,2,0,2,35,712,BROOKLYN,18,8,August,2010,4,Wednesday,9,34,1,11,1,72,40.63453889,-111.81773056,12,1,0,0,0,1,0
490114,49,UTAH,UT,2,2,0,4,49,0,COLLINSVILLE,19,8,August,2010,5,Thursday,12,31,0,13,3,350,40.38570000,-111.94392500,12,1,0,0,0,1,0
490115,49,UTAH,UT,2,2,0,3,49,0,COLLINSVILLE,24,8,August,2010,3,Tuesday,14,57,1,13,2,129,40.35439444,-111.58229722,12,1,0,0,0,1,0
490116,49,UTAH,UT,2,2,0,2,35,0,BROOKLYN,11,9,September,2010,7,Saturday,20,36,1,11,1,1380,40.74764722,-111.64057778,12,2,0,0,0,1,1
490117,49,UTAH,UT,1,1,1,1,35,1710,BROOKLYN,22,9,September,2010,4,Wednesday,14,0,1,13,3,99999,40.58074722,-111.87249167,8,1,0,0,0,1,0
490118,49,UTAH,UT,2,2,0,3,35,1924,BROOKLYN,28,9,September,2010,3,Tuesday,20,24,1,13,3,99998,40.65319722,-111.96720556,12,3,0,0,0,1,0
490119,49,UTAH,UT,1,1,0,1,35,9997,BROOKLYN,8,5,May,2010,7,Saturday,18,35,0,3,3,0,40.62359444,-111.59517222,5,1,0,0,0,1,1
490120,49,UTAH,UT,1,1,0,3,27,0,ASHLAND,7,9,September,2010,3,Tuesday,9,30,1,2,2,1126,39.11567778,-112.33314444,1,1,0,0,0,1,0
490121,49,UTAH,UT,1,1,0,2,51,0,CENTRAL,4,9,September,2010,7,Saturday,14,6,0,6,5,0,40.45583056,-111.05117778,42,1,0,0,0,1,1
490122,49,UTAH,UT,1,1,0,6,49,0,COLLINSVILLE,1,9,September,2010,4,Wednesday,2,25,1,11,1,2431,39.96606944,-111.77696111,1,2,0,0,0,3,0
490123,49,UTAH,UT,1,1,0,2,39,0,ANDALUSIA,30,9,September,2010,5,Thursday,11,30,0,3,3,4,39.67482500,-111.30970000,5,1,0,0,0,1,0
490124,49,UTAH,UT,1,1,0,2,23,0,BLADON SPRINGS,9,9,September,2010,5,Thursday,12,9,1,1,1,2125,39.57552778,-111.93489167,31,1,0,0,0,1,0
490125,49,UTAH,UT,2,2,0,2,35,1700,BROOKLYN,8,7,July,2010,5,Thursday,7,53,0,16,5,0,40.76822500,-111.88545278,12,1,0,0,0,1,0
490126,49,UTAH,UT,1,1,1,1,35,9997,BROOKLYN,20,6,June,2010,1,Sunday,19,44,0,16,5,0,40.62994722,-111.82790278,8,1,0,0,0,1,0
490127,49,UTAH,UT,1,1,0,1,17,0,CHAMBERS,9,9,September,2010,5,Thursday,19,21,0,6,5,0,37.88515000,-111.03057778,35,1,0,0,0,1,1
490128,49,UTAH,UT,1,1,1,1,5,990,BAKER HILL,8,7,July,2010,5,Thursday,17,48,0,16,5,0,41.71322500,-111.85438056,9,1,0,0,0,1,0
490129,49,UTAH,UT,1,1,0,5,15,0,ANNISTON,2,10,October,2010,7,Saturday,20,24,0,3,3,57,39.66755556,-111.24378333,1,2,0,0,0,1,1
490130,49,UTAH,UT,1,1,1,2,35,1924,BROOKLYN,23,7,July,2010,6,Friday,18,53,0,16,5,0,40.66884722,-111.91230556,8,1,0,0,0,1,0
490131,49,UTAH,UT,2,2,0,2,57,9997,BANKSTON,13,8,August,2010,6,Friday,19,46,0,14,3,0,41.30643889,-112.02771667,12,1,0,0,0,1,0
490132,49,UTAH,UT,1,1,1,1,13,1250,BOLLING,5,9,September,2010,1,Sunday,20,51,1,2,2,1046,40.19198889,-110.07305278,8,2,0,0,0,1,0
490133,49,UTAH,UT,1,1,0,2,19,0,CEDAR BLUFF,26,9,September,2010,1,Sunday,13,55,1,1,1,2285,39.18383611,-109.11621111,35,1,0,0,0,1,0
490134,49,UTAH,UT,2,2,0,3,35,1700,BROOKLYN,19,8,August,2010,5,Thursday,23,6,0,16,5,0,40.76474722,-111.89686667,12,3,0,0,0,1,0
490135,49,UTAH,UT,2,2,0,6,3,390,BALDWIN,28,8,August,2010,7,Saturday,15,30,0,3,3,163,41.65418889,-112.14071389,12,1,0,0,0,1,0
490136,49,UTAH,UT,2,2,0,3,49,1560,COLLINSVILLE,2,9,September,2010,5,Thursday,14,24,1,11,1,2662,40.24599167,-111.69593889,12,1,0,0,0,1,0
490137,49,UTAH,UT,1,1,0,1,41,0,BRANTLEY,28,9,September,2010,3,Tuesday,21,20,1,2,2,1897,38.57662222,-112.25967500,34,2,0,0,0,1,0
490138,49,UTAH,UT,1,1,0,2,35,0,BROOKLYN,23,9,September,2010,5,Thursday,17,13,0,3,3,0,40.63193333,-111.73336111,1,1,0,0,0,1,1
490139,49,UTAH,UT,2,2,0,2,3,0,BALDWIN,4,9,September,2010,7,Saturday,15,15,1,2,2,0,41.48640000,-112.02823056,12,1,0,0,0,1,0
490140,49,UTAH,UT,1,1,0,1,33,540,CHEROKEE,9,10,October,2010,7,Saturday,10,42,1,2,2,4949,41.92705833,-111.42608611,5,1,0,0,0,1,0
490141,49,UTAH,UT,1,1,0,1,45,0,ARITON,19,10,October,2010,3,Tuesday,6,17,1,1,1,118,40.73763333,-113.81870278,31,2,0,0,0,1,1
490142,49,UTAH,UT,1,1,0,1,13,0,BOLLING,13,10,October,2010,4,Wednesday,19,42,0,3,3,437,40.33162778,-110.67318056,1,2,0,0,0,1,1
490143,49,UTAH,UT,2,2,0,2,35,1700,BROOKLYN,2,10,October,2010,7,Saturday,15,2,0,14,3,0,40.70224444,-111.85498333,12,1,0,0,0,1,0
490144,49,UTAH,UT,2,2,0,3,13,0,BOLLING,7,9,September,2010,3,Tuesday,10,15,1,2,2,738,40.18126667,-110.64850278,12,1,0,0,0,2,0
490145,49,UTAH,UT,2,2,0,2,35,1700,BROOKLYN,6,10,October,2010,4,Wednesday,12,23,1,11,1,1195,40.71844444,-111.90068611,12,1,0,0,0,1,0
490147,49,UTAH,UT,1,1,1,1,49,1390,COLLINSVILLE,7,10,October,2010,5,Thursday,7,41,0,16,5,0,40.32156667,-111.72466944,8,4,0,0,0,1,0
490148,49,UTAH,UT,1,1,0,4,57,1350,BANKSTON,27,5,May,2010,5,Thursday,14,39,0,14,3,138,41.25367778,-111.84725833,1,1,0,0,0,1,0
490149,49,UTAH,UT,1,1,1,1,49,1860,COLLINSVILLE,16,10,October,2010,7,Saturday,18,32,0,16,5,0,40.14553611,-111.63454722,8,5,0,0,0,1,0
490150,49,UTAH,UT,1,1,0,2,13,0,BOLLING,6,11,November,2010,7,Saturday,15,13,0,3,3,322,40.25712778,-110.17707778,1,1,0,0,0,1,0
490151,49,UTAH,UT,1,1,0,1,3,2120,BALDWIN,18,11,November,2010,5,Thursday,14,36,1,11,1,3559,41.40926111,-112.05024722,1,1,0,0,0,1,0
490152,49,UTAH,UT,1,1,0,3,3,390,BALDWIN,27,11,November,2010,7,Saturday,16,54,0,6,5,0,41.68278333,-112.18010833,34,1,0,0,0,1,0
490153,49,UTAH,UT,2,2,0,6,11,260,BULLOCK,18,9,September,2010,7,Saturday,12,11,0,14,3,0,41.10335000,-112.00694444,12,1,0,0,0,1,0
490154,49,UTAH,UT,1,1,0,2,39,200,ANDALUSIA,18,10,October,2010,2,Monday,2,30,1,2,2,2385,39.11913889,-111.81987778,5,2,0,0,0,1,0
490155,49,UTAH,UT,1,1,0,1,3,0,BALDWIN,23,10,October,2010,7,Saturday,0,8,1,1,1,3510,41.34076389,-112.03698611,52,3,0,0,0,1,0
490156,49,UTAH,UT,1,1,0,6,3,0,BALDWIN,23,10,October,2010,7,Saturday,14,30,0,6,5,0,41.83733889,-113.81218056,1,1,0,0,0,1,1
490157,49,UTAH,UT,1,1,0,1,21,0,CHILTON,26,10,October,2010,3,Tuesday,13,5,0,6,5,0,37.99345833,-113.41117778,35,1,0,0,0,1,0
490158,49,UTAH,UT,1,1,0,2,27,0,ASHLAND,29,10,October,2010,6,Friday,11,10,0,6,5,0,39.31464444,-112.61432778,59,1,0,0,0,1,0
490159,49,UTAH,UT,1,1,0,3,53,0,ATMORE,25,10,October,2010,2,Monday,21,25,0,6,5,0,37.31481667,-113.73252778,1,2,0,0,0,1,0
490160,49,UTAH,UT,1,1,0,1,57,1350,BANKSTON,22,10,October,2010,6,Friday,10,36,1,11,1,3428,41.21559444,-112.00166667,30,1,0,0,0,1,0
490161,49,UTAH,UT,1,1,0,6,41,0,BRANTLEY,17,10,October,2010,1,Sunday,8,57,1,1,1,227,38.58681944,-112.27340833,31,1,0,0,0,2,0
490162,49,UTAH,UT,2,2,0,2,11,9997,BULLOCK,12,7,July,2010,2,Monday,1,49,0,16,5,0,41.14821944,-112.10638056,12,2,0,0,0,1,2
490163,49,UTAH,UT,1,1,0,2,57,1350,BANKSTON,18,12,December,2010,7,Saturday,2,31,0,16,5,0,41.24619167,-112.11513611,31,2,0,0,0,1,0
490164,49,UTAH,UT,1,1,0,2,47,2010,BROWNS,5,11,November,2010,6,Friday,23,30,0,16,5,0,40.44485556,-109.41078056,35,2,0,0,0,1,1
490165,49,UTAH,UT,1,1,1,3,35,1020,BROOKLYN,19,10,October,2010,3,Tuesday,11,26,0,16,5,0,40.70034167,-112.10000833,9,1,0,0,0,1,0
490166,49,UTAH,UT,1,1,0,1,11,460,BULLOCK,31,12,December,2010,6,Friday,23,40,0,13,3,110,40.96570556,-111.89326389,59,2,0,0,0,1,0
490167,49,UTAH,UT,1,1,0,1,53,2050,ATMORE,22,12,December,2010,4,Wednesday,8,43,1,12,1,126,37.14413889,-113.49525000,1,2,0,0,0,1,0
490168,49,UTAH,UT,1,1,0,2,13,0,BOLLING,20,12,December,2010,2,Monday,2,20,1,2,2,922,40.16864167,-110.30479444,1,2,0,0,0,1,1
490169,49,UTAH,UT,2,2,0,3,35,1700,BROOKLYN,26,10,October,2010,3,Tuesday,17,7,0,13,7,0,40.72540556,-111.97523056,12,1,0,0,0,1,1
490170,49,UTAH,UT,1,1,1,1,19,0,CEDAR BLUFF,13,11,November,2010,7,Saturday,7,54,0,3,2,1218,38.53611389,-109.51124722,8,1,0,0,0,1,1
490171,49,UTAH,UT,1,1,2,1,49,1560,COLLINSVILLE,19,9,September,2010,1,Sunday,20,1,0,16,5,0,40.25210000,-111.64815278,8,2,0,0,0,1,0
490172,49,UTAH,UT,1,1,1,1,35,1240,BROOKLYN,17,10,October,2010,1,Sunday,0,21,0,14,3,0,40.67430833,-111.87929444,8,2,0,0,0,1,1
490173,49,UTAH,UT,1,1,1,1,35,344,BROOKLYN,14,11,November,2010,1,Sunday,21,7,0,16,5,0,40.53986389,-111.89815556,9,2,0,0,0,1,0
490174,49,UTAH,UT,2,2,0,4,49,0,COLLINSVILLE,25,9,September,2010,7,Saturday,5,5,1,2,2,2034,39.93553889,-111.20086667,12,2,0,0,0,1,0
490175,49,UTAH,UT,2,2,0,3,45,0,ARITON,25,9,September,2010,7,Saturday,7,23,0,3,3,153,40.61408333,-112.37103889,12,1,0,0,0,1,0
490176,49,UTAH,UT,2,2,0,2,35,2113,BROOKLYN,21,10,October,2010,5,Thursday,9,22,0,12,3,143,40.72641389,-111.96518889,1,1,0,0,0,1,0
490177,49,UTAH,UT,2,2,0,7,35,124,BROOKLYN,24,10,October,2010,1,Sunday,20,18,0,13,3,99999,40.46095556,-111.94205833,12,2,0,0,0,2,0
490178,49,UTAH,UT,2,2,0,4,17,0,CHAMBERS,21,11,November,2010,1,Sunday,15,30,1,2,2,1192,37.68164722,-112.39975000,12,1,0,0,0,2,0
490179,49,UTAH,UT,2,2,0,4,57,1350,BANKSTON,13,12,December,2010,2,Monday,15,54,1,13,3,99999,41.18098056,-111.94939722,12,1,0,0,0,1,0
490180,49,UTAH,UT,2,1,0,4,21,0,CHILTON,14,12,December,2010,3,Tuesday,10,35,1,1,1,555,37.63734444,-113.09798333,14,1,0,0,0,1,0
490181,49,UTAH,UT,4,4,0,7,35,1120,BROOKLYN,16,12,December,2010,5,Thursday,13,5,1,11,1,2968,40.60613333,-111.90519444,12,1,0,0,0,1,0
490182,49,UTAH,UT,1,1,0,2,19,0,CEDAR BLUFF,5,10,October,2010,3,Tuesday,9,6,1,1,1,2170,39.05385000,-109.26109444,38,1,0,0,0,1,0
490183,49,UTAH,UT,2,2,0,3,7,0,BIBB,23,10,October,2010,7,Saturday,16,48,1,2,2,2517,39.54535278,-110.63850278,12,1,0,0,0,2,0
490184,49,UTAH,UT,2,2,0,3,35,1700,BROOKLYN,11,11,November,2010,5,Thursday,16,50,1,12,3,109,40.72508056,-112.00887778,12,1,0,0,0,1,0
490185,49,UTAH,UT,1,1,1,4,39,1220,ANDALUSIA,4,11,November,2010,5,Thursday,8,5,0,6,6,0,39.63123889,-111.44328056,9,4,0,0,0,1,0
490186,49,UTAH,UT,1,1,1,2,5,1550,BAKER HILL,14,11,November,2010,1,Sunday,20,8,0,14,3,101,41.70544722,-111.83479722,8,3,0,0,0,1,0
490187,49,UTAH,UT,1,1,1,1,35,1700,BROOKLYN,24,11,November,2010,4,Wednesday,19,27,0,13,3,0,40.76055278,-111.87684722,8,3,0,0,0,1,0
490188,49,UTAH,UT,2,2,0,6,13,0,BOLLING,25,11,November,2010,5,Thursday,12,6,0,3,3,449,40.32927222,-110.67146389,12,1,0,0,0,2,0
490189,49,UTAH,UT,1,1,1,1,11,260,BULLOCK,9,12,December,2010,5,Thursday,18,14,0,13,3,99999,41.10744167,-112.01988333,8,3,0,0,0,1,0
490190,49,UTAH,UT,1,1,1,1,57,1350,BANKSTON,16,12,December,2010,5,Thursday,5,57,0,13,3,99999,41.21423056,-111.97901944,8,2,0,0,0,1,0
490191,49,UTAH,UT,1,1,3,1,49,940,COLLINSVILLE,18,12,December,2010,7,Saturday,21,22,1,11,1,2847,40.43741111,-111.89712500,8,2,0,0,0,1,0
490192,49,UTAH,UT,2,1,3,2,53,0,ATMORE,19,12,December,2010,1,Sunday,12,7,1,1,1,283,37.27214167,-113.31607778,8,1,0,0,0,2,0
490193,49,UTAH,UT,2,2,0,2,49,1460,COLLINSVILLE,6,12,December,2010,2,Monday,10,53,0,13,3,99999,40.03116389,-111.75563333,12,1,0,0,0,1,0
490194,49,UTAH,UT,2,2,0,8,35,2100,BROOKLYN,29,12,December,2010,4,Wednesday,19,0,0,16,6,0,40.61356111,-111.99814722,12,2,0,0,0,1,0
490195,49,UTAH,UT,2,2,0,3,35,1240,BROOKLYN,20,12,December,2010,2,Monday,14,20,0,16,5,0,40.63201389,-111.86603333,12,1,0,0,0,1,0
490196,49,UTAH,UT,2,2,0,4,23,0,BLADON SPRINGS,17,12,December,2010,6,Friday,19,4,0,3,3,365,39.71141389,-111.77421667,12,2,0,0,0,2,0
490197,49,UTAH,UT,2,2,0,5,5,1550,BAKER HILL,18,12,December,2010,7,Saturday,11,19,0,14,3,97,41.70406111,-111.83506944,12,1,0,0,0,2,0
490198,49,UTAH,UT,2,2,0,2,11,2140,BULLOCK,18,10,October,2010,2,Monday,16,25,0,13,3,0,40.87461667,-111.93001944,12,1,0,0,0,1,0
490199,49,UTAH,UT,1,1,0,3,45,1940,ARITON,26,11,November,2010,6,Friday,20,5,0,16,5,0,40.52681667,-112.31743889,42,2,0,0,0,1,1
490200,49,UTAH,UT,2,2,0,4,57,1650,BANKSTON,28,11,November,2010,1,Sunday,15,46,1,11,1,3390,41.16998056,-112.02014167,12,1,0,0,0,1,0
490201,49,UTAH,UT,2,2,0,7,21,190,CHILTON,6,12,December,2010,2,Monday,12,36,0,13,3,99999,37.73104722,-113.05532500,12,1,0,0,0,1,0
490202,49,UTAH,UT,4,4,0,11,35,0,BROOKLYN,20,12,December,2010,2,Monday,11,55,1,13,3,29,40.72735556,-112.18165278,12,1,0,0,0,3,1
490203,49,UTAH,UT,1,1,1,1,35,2100,BROOKLYN,4,3,March,2010,5,Thursday,19,29,0,14,6,0,40.62382222,-111.93738056,8,3,0,0,0,1,0
490204,49,UTAH,UT,1,1,0,1,49,1560,COLLINSVILLE,21,1,January,2010,5,Thursday,14,19,0,16,6,0,40.23608333,-111.63856111,33,1,0,0,0,1,0
490205,49,UTAH,UT,1,1,1,1,57,1350,BANKSTON,26,1,January,2010,3,Tuesday,5,49,0,16,6,0,41.24793333,-111.94819444,8,3,0,0,0,1,0
490206,49,UTAH,UT,2,2,0,3,35,1924,BROOKLYN,19,2,February,2010,6,Friday,5,41,0,13,3,0,40.67093889,-111.92515000,12,3,0,0,0,1,0
490207,49,UTAH,UT,1,1,0,1,53,0,ATMORE,16,3,March,2010,3,Tuesday,22,17,0,6,4,0,37.27350556,-113.76995000,38,2,0,0,0,1,1
490208,49,UTAH,UT,1,1,0,1,13,0,BOLLING,10,4,April,2010,7,Saturday,3,56,0,6,4,0,40.30152222,-110.04858889,1,2,0,0,0,1,1
490209,49,UTAH,UT,2,2,0,5,35,1700,BROOKLYN,29,4,April,2010,5,Thursday,15,50,0,13,3,99999,40.69980556,-111.85983056,12,1,0,0,0,1,0
490210,49,UTAH,UT,1,1,0,1,41,1190,BRANTLEY,30,5,May,2010,1,Sunday,14,7,0,6,6,0,38.61646944,-112.14818056,1,1,0,0,0,1,0
490211,49,UTAH,UT,1,1,0,1,15,740,ANNISTON,8,6,June,2010,3,Tuesday,9,48,0,6,6,0,39.33144167,-110.96238611,5,1,0,0,0,1,0
490212,49,UTAH,UT,4,1,0,1,57,9997,BANKSTON,26,6,June,2010,7,Saturday,0,46,0,14,3,99998,41.29663889,-112.02784444,53,2,0,0,0,1,1
490213,49,UTAH,UT,1,1,0,1,37,120,BRADFORD,3,7,July,2010,7,Saturday,21,25,0,6,6,0,37.62306944,-109.48341667,1,2,0,0,0,1,0
490214,49,UTAH,UT,1,1,0,3,47,0,BROWNS,12,8,August,2010,5,Thursday,6,5,1,2,2,1553,40.36642778,-109.37026944,11,2,0,0,0,2,0
490215,49,UTAH,UT,2,2,0,2,57,1810,BANKSTON,30,9,September,2010,5,Thursday,8,45,1,13,2,99998,41.16554722,-111.95762500,12,1,0,0,0,1,0
490216,49,UTAH,UT,3,3,0,3,11,910,BULLOCK,8,10,October,2010,6,Friday,13,22,0,13,3,99998,41.10199167,-111.95008333,12,1,0,0,0,1,0
490217,49,UTAH,UT,2,2,0,3,35,1710,BROOKLYN,20,12,December,2010,2,Monday,19,42,0,14,6,0,40.58035556,-111.86755556,12,3,0,0,0,1,0
490218,49,UTAH,UT,1,1,0,1,35,1820,BROOKLYN,31,12,December,2010,6,Friday,14,39,0,16,6,0,40.70823056,-111.91690833,43,1,0,0,0,1,0
500001,50,VERMONT,VT,2,2,0,6,7,149,BIBB,7,1,January,2010,5,Thursday,15,56,0,6,5,99999,44.33405833,-73.22038611,12,1,0,0,0,1,1
500002,50,VERMONT,VT,2,2,0,3,7,120,BIBB,10,1,January,2010,1,Sunday,12,50,0,15,5,21,44.51422222,-73.23551667,12,1,0,0,0,2,0
500003,50,VERMONT,VT,1,1,0,1,15,791,ANNISTON,14,1,January,2010,5,Thursday,21,21,0,6,5,99999,44.60096111,-72.47821389,1,2,0,0,0,1,0
500004,50,VERMONT,VT,1,1,0,5,19,410,CEDAR BLUFF,15,1,January,2010,6,Friday,22,4,0,3,2,2,44.92556667,-72.22771389,42,2,0,0,0,2,1
500005,50,VERMONT,VT,3,3,0,4,23,380,BLADON SPRINGS,25,1,January,2010,2,Monday,3,26,1,11,1,535,44.25738611,-72.60101944,12,2,0,0,0,2,0
500006,50,VERMONT,VT,1,1,1,2,25,9997,BARLOW BEND,31,1,January,2010,1,Sunday,16,7,1,1,1,177,42.96136389,-72.52879167,8,1,0,0,0,1,0
500007,50,VERMONT,VT,1,1,2,1,21,580,CHILTON,23,2,February,2010,3,Tuesday,14,31,0,16,8,99999,43.58523889,-72.97049722,8,1,0,0,0,1,0
500008,50,VERMONT,VT,1,1,0,1,17,398,CHAMBERS,20,4,April,2010,3,Tuesday,1,44,1,1,1,1107,44.16446667,-72.08445833,52,2,0,0,0,1,1
500009,50,VERMONT,VT,1,1,0,2,13,625,BOLLING,13,3,March,2010,7,Saturday,8,54,0,6,5,99999,44.65390833,-73.34607222,30,1,0,0,0,1,1
500010,50,VERMONT,VT,1,1,0,1,5,320,BAKER HILL,10,3,March,2010,4,Wednesday,11,44,1,1,1,13825,44.53123889,-72.01627222,31,1,0,0,0,1,1
500011,50,VERMONT,VT,1,1,0,2,7,570,BIBB,11,3,March,2010,5,Thursday,1,36,0,4,5,8,44.36445556,-72.99557500,1,2,0,0,0,1,1
500012,50,VERMONT,VT,3,3,0,4,11,9997,BULLOCK,24,3,March,2010,4,Wednesday,18,38,1,1,1,1070,44.70245833,-73.09586944,12,1,0,0,0,1,1
500013,50,VERMONT,VT,2,2,0,2,19,254,CEDAR BLUFF,6,4,April,2010,3,Tuesday,10,53,0,4,2,2,44.80932500,-72.21581667,12,1,0,0,0,1,0
500014,50,VERMONT,VT,1,1,0,1,27,630,ASHLAND,26,4,April,2010,2,Monday,5,23,0,4,5,14,43.29216111,-72.46001944,42,2,0,0,0,1,0
500015,50,VERMONT,VT,1,1,0,1,19,10,CEDAR BLUFF,30,4,April,2010,6,Friday,7,48,0,6,5,99999,44.72235833,-72.36365556,42,2,0,0,0,1,1
500016,50,VERMONT,VT,2,2,0,2,21,147,CHILTON,10,5,May,2010,2,Monday,13,22,0,4,3,5,43.59335556,-73.20944167,12,1,0,0,0,1,0
500017,50,VERMONT,VT,2,2,0,2,27,144,ASHLAND,18,5,May,2010,3,Tuesday,9,40,1,2,3,1,43.35023889,-72.62626667,12,1,0,0,0,1,0
500018,50,VERMONT,VT,2,2,0,3,13,433,BOLLING,19,5,May,2010,4,Wednesday,14,58,0,3,2,7,44.87915833,-73.27178889,12,1,0,0,0,1,0
500019,50,VERMONT,VT,1,1,1,1,7,615,BIBB,22,5,May,2010,7,Saturday,15,29,0,6,5,99999,44.38973611,-73.21496389,9,1,0,0,0,1,0
500020,50,VERMONT,VT,2,2,0,2,5,9997,BAKER HILL,23,5,May,2010,1,Sunday,13,10,0,4,2,11,44.39435833,-72.02357778,12,1,0,0,0,1,0
500021,50,VERMONT,VT,1,1,0,2,5,600,BAKER HILL,27,5,May,2010,5,Thursday,1,57,0,14,2,70,44.48859444,-72.00740000,24,2,0,0,0,1,1
500022,50,VERMONT,VT,1,1,0,1,27,241,ASHLAND,4,6,June,2010,6,Friday,22,47,0,4,2,74,43.60696944,-72.35335000,24,2,0,0,0,1,1