ST_CASE,STATE,State Name,State Abbreviation,# of Vehicle involved,VE_FORMS,Pedestrains,Total_Persons_in_accident,COUNTY,CITY,City_County_Name,Calendar_DAY,MONTH,Month_name,YEAR,DAY_WEEK,Day_Week_desc,HOUR,MINUTE,NHS_Desc,trafficway,Route,MILEPT,LATITUDE,LONGITUD,First_Crash_event,Light_cond_desc,Weather_condition,School_bus_involved,Crash_cause,FATALS,DRUNK_DR
510264,51,VIRGINIA,VA,1,1,0,1,87,0,ARMSTRONG,13,5,May,2010,5,Thursday,2,45,9,99,4,32,37.56903889,-77.56545000,42,2,0,0,0,1,1
510265,51,VIRGINIA,VA,2,2,0,3,720,1810,NORTON,26,5,May,2010,4,Wednesday,13,12,9,99,4,99999,36.94093889,-82.60010833,12,1,0,0,0,1,0
510266,51,VIRGINIA,VA,1,1,0,1,121,0,BON AIR,31,5,May,2010,2,Monday,18,5,1,1,1,1100,37.09475833,-80.49708333,24,1,0,0,0,1,1
510267,51,VIRGINIA,VA,1,1,0,3,760,0,RICHMOND,23,5,May,2010,1,Sunday,2,28,0,14,6,5,37.48833889,-77.48126111,40,3,0,0,0,1,0
510268,51,VIRGINIA,VA,1,1,0,1,710,1760,NAVAL AIR STATION,2,5,May,2010,1,Sunday,6,0,0,13,2,4027,36.90136389,-76.27836667,42,3,0,0,0,1,1
510269,51,VIRGINIA,VA,1,1,0,1,700,1720,FORT EUSTIS,8,5,May,2010,7,Saturday,7,3,1,13,3,7,37.17452500,-76.55286389,24,1,0,0,0,1,0
510270,51,VIRGINIA,VA,2,2,0,2,700,1720,FORT EUSTIS,13,5,May,2010,5,Thursday,16,5,0,15,6,5,37.13851111,-76.50973333,12,1,0,0,0,1,0
510271,51,VIRGINIA,VA,1,1,0,1,740,1970,"NAVAL MEDICAL CTR, PORTSMOUTH",7,5,May,2010,6,Friday,23,30,0,13,2,2488,36.83518611,-76.32751389,24,3,0,0,0,1,0
510272,51,VIRGINIA,VA,1,1,1,1,59,0,FRANKLIN,22,5,May,2010,7,Saturday,21,6,0,15,4,7,38.85448056,-77.22461667,8,3,0,0,0,1,0
510273,51,VIRGINIA,VA,1,1,1,1,700,1720,FORT EUSTIS,29,5,May,2010,7,Saturday,21,9,1,13,2,563,37.08496667,-76.45935000,8,3,0,0,0,1,0
510274,51,VIRGINIA,VA,1,1,1,1,700,1720,FORT EUSTIS,4,5,May,2010,3,Tuesday,0,51,1,1,4,142,37.05873889,-76.46497222,8,2,0,0,0,1,0
510275,51,VIRGINIA,VA,1,1,0,2,775,2170,SALEM,20,5,May,2010,5,Thursday,22,40,9,99,4,99999,37.27818611,-80.05973333,5,3,0,0,0,1,0
510276,51,VIRGINIA,VA,1,1,0,1,145,0,BALD KNOB,27,5,May,2010,5,Thursday,6,30,0,4,3,182,37.52810556,-77.95803889,32,2,0,0,0,1,0
510277,51,VIRGINIA,VA,1,1,0,2,25,0,BARLOW BEND,1,6,June,2010,3,Tuesday,13,44,1,1,1,242,36.70421111,-78.11760000,42,1,0,0,0,2,0
510278,51,VIRGINIA,VA,2,2,0,3,11,0,BULLOCK,2,6,June,2010,4,Wednesday,7,26,0,3,3,729,37.37643333,-78.79081111,12,1,0,0,0,1,0
510279,51,VIRGINIA,VA,3,3,0,4,191,0,CRESCENT,3,6,June,2010,5,Thursday,8,50,0,4,3,183,36.80901111,-81.76506111,12,1,0,0,0,1,0
510280,51,VIRGINIA,VA,1,1,0,1,81,0,AUBURN,5,6,June,2010,7,Saturday,10,15,1,1,1,51,36.66291111,-77.55661111,1,1,0,0,0,1,0
510281,51,VIRGINIA,VA,2,2,0,2,179,0,ALLENHURST,5,6,June,2010,7,Saturday,21,30,1,2,2,1874,38.40093889,-77.56673889,12,2,0,0,0,1,2
510282,51,VIRGINIA,VA,2,2,0,2,73,0,ARGO,5,6,June,2010,7,Saturday,11,24,1,13,2,733,37.30478056,-76.51316667,12,1,0,0,0,1,0
510283,51,VIRGINIA,VA,1,1,0,1,155,0,IRWIN,5,6,June,2010,7,Saturday,1,55,1,2,2,51,37.13516667,-80.61583056,7,2,0,0,0,1,0
510284,51,VIRGINIA,VA,2,2,0,2,153,0,BONAIRE,2,6,June,2010,4,Wednesday,12,20,0,14,4,56,38.63510833,-77.28693056,12,1,0,0,0,1,0
510285,51,VIRGINIA,VA,1,1,0,1,19,0,CEDAR BLUFF,8,6,June,2010,3,Tuesday,14,38,0,6,4,7,37.15368056,-79.21485833,38,1,0,0,0,1,0
510286,51,VIRGINIA,VA,1,1,0,2,89,0,BROWNSBORO,10,6,June,2010,5,Thursday,23,53,0,4,3,23,36.76108056,-79.88341667,42,2,0,0,0,1,1
510287,51,VIRGINIA,VA,1,1,0,1,79,0,COURTLAND,11,6,June,2010,6,Friday,21,47,9,99,4,33,38.24542778,-78.40899444,42,2,0,0,0,1,1
510288,51,VIRGINIA,VA,2,2,0,2,3,0,BALDWIN,12,6,June,2010,7,Saturday,17,39,1,1,1,1183,38.01908889,-78.53336389,5,1,0,0,0,1,0
510289,51,VIRGINIA,VA,2,2,0,2,155,0,IRWIN,11,6,June,2010,6,Friday,19,5,9,99,4,39,37.10420556,-80.76114167,12,1,0,0,0,1,0
510290,51,VIRGINIA,VA,1,1,0,1,191,0,CRESCENT,12,6,June,2010,7,Saturday,11,0,9,99,2,322,36.78742778,-81.72575000,42,1,0,0,0,1,0
510291,51,VIRGINIA,VA,1,1,0,1,13,0,BOLLING,12,6,June,2010,7,Saturday,16,22,1,11,1,738,38.89756389,-77.08007778,1,1,0,0,0,1,0
510292,51,VIRGINIA,VA,1,1,0,2,177,0,LEE,13,6,June,2010,1,Sunday,1,20,0,4,4,65,38.14340000,-77.84131111,1,2,0,0,0,1,1
510293,51,VIRGINIA,VA,2,1,1,1,191,0,CRESCENT,14,6,June,2010,2,Monday,4,5,1,11,1,171,36.69970278,-81.97139722,14,2,0,0,0,1,0
510294,51,VIRGINIA,VA,1,1,0,1,141,0,BEE BRANCH,14,6,June,2010,2,Monday,6,50,9,99,3,35,36.57380278,-80.26692778,42,1,0,0,0,1,0
510295,51,VIRGINIA,VA,2,2,0,2,61,0,BELLWOOD,14,6,June,2010,2,Monday,10,45,0,6,4,7,38.54836667,-77.71754167,12,1,0,0,0,1,0
510297,51,VIRGINIA,VA,1,1,2,1,59,0,FRANKLIN,21,5,May,2010,6,Friday,16,3,0,16,4,0,38.84886667,-77.35628056,9,1,0,0,0,2,0
510298,51,VIRGINIA,VA,1,1,0,3,41,0,BRANTLEY,13,6,June,2010,1,Sunday,4,57,0,13,4,141,37.47758333,-77.59703611,42,4,0,0,0,1,1
510299,51,VIRGINIA,VA,2,2,0,2,93,0,BEAR CREEK,14,6,June,2010,2,Monday,17,35,9,99,9,99999,36.96964444,-76.65633333,12,1,0,0,0,1,0
510300,51,VIRGINIA,VA,2,2,0,2,73,0,ARGO,15,6,June,2010,3,Tuesday,8,0,9,99,4,85,37.34631389,-76.54419444,12,1,0,0,0,1,0
510301,51,VIRGINIA,VA,2,2,0,5,1,0,AUTAUGA,16,6,June,2010,4,Wednesday,2,8,1,2,2,1261,37.77953333,-75.61040000,12,2,0,0,0,1,0
510303,51,VIRGINIA,VA,1,1,0,1,143,0,CANEHILL,17,6,June,2010,5,Thursday,4,7,1,2,2,196,36.75143611,-79.38355833,1,2,0,0,0,1,0
510304,51,VIRGINIA,VA,1,1,0,1,177,0,LEE,18,6,June,2010,6,Friday,15,45,0,4,4,34,38.32570000,-77.64887778,43,1,0,0,0,1,0
510305,51,VIRGINIA,VA,2,2,0,2,177,0,LEE,18,6,June,2010,6,Friday,14,55,0,15,4,56,38.26143333,-77.54040556,12,1,0,0,0,1,0
510306,51,VIRGINIA,VA,1,1,0,2,810,2540,DAM NECK NAVAL FACILITLY,15,6,June,2010,3,Tuesday,22,15,9,99,4,0,36.76708056,-76.05938056,1,2,0,0,0,1,1
510307,51,VIRGINIA,VA,1,1,0,5,43,0,BAILEYTON,18,6,June,2010,6,Friday,23,50,0,4,9,1,39.18297222,-77.97125833,42,2,0,0,0,1,1
510308,51,VIRGINIA,VA,1,1,0,1,149,0,BELLEVILLE,19,6,June,2010,7,Saturday,2,1,0,4,3,48,37.19263056,-77.26405556,42,2,0,0,0,1,1
510309,51,VIRGINIA,VA,1,1,0,1,185,0,ANAKTUVUK PASS,15,6,June,2010,3,Tuesday,13,30,0,4,3,172,37.09397222,-81.82295278,21,1,0,0,0,1,0
510310,51,VIRGINIA,VA,1,1,0,1,31,0,COFFEE,19,6,June,2010,7,Saturday,21,34,9,99,4,19,37.12723611,-79.20348611,24,2,0,0,0,1,1
510311,51,VIRGINIA,VA,1,1,0,1,127,0,BURNWELL,18,6,June,2010,6,Friday,17,12,1,1,1,2108,37.50502778,-77.09149444,42,1,0,0,0,1,1
510312,51,VIRGINIA,VA,1,1,0,1,36,0,CHARLES CITY,21,6,June,2010,2,Monday,15,17,0,6,4,25,37.43793056,-77.12110556,42,1,0,0,0,1,1
510313,51,VIRGINIA,VA,1,1,0,2,83,0,ARDMORE,19,6,June,2010,7,Saturday,13,15,0,5,4,85,36.90982222,-79.08757222,1,1,0,0,0,1,1
510314,51,VIRGINIA,VA,2,2,0,5,87,0,ARMSTRONG,21,6,June,2010,2,Monday,11,13,1,11,1,865,37.40214167,-77.26911944,12,1,0,0,0,2,0
510315,51,VIRGINIA,VA,1,1,1,1,95,0,ALBERTVILLE,21,6,June,2010,2,Monday,3,58,1,12,3,118,37.25335556,-76.66045278,8,2,0,0,0,1,0
510316,51,VIRGINIA,VA,4,2,0,2,87,0,ARMSTRONG,17,6,June,2010,5,Thursday,12,44,0,13,2,980,37.60585000,-77.44983611,12,1,0,0,0,1,0
510317,51,VIRGINIA,VA,1,1,0,1,127,0,BURNWELL,22,6,June,2010,3,Tuesday,20,8,0,4,3,30,37.53321111,-77.14702500,1,5,0,0,0,1,1
510318,51,VIRGINIA,VA,1,1,0,1,85,0,BENTON,23,6,June,2010,4,Wednesday,1,45,1,11,1,138,37.62996944,-77.37357500,42,2,0,0,0,1,0
510319,51,VIRGINIA,VA,3,3,0,3,67,0,ABBEVILLE,25,6,June,2010,6,Friday,12,45,0,3,3,455,36.99727500,-79.69225000,12,1,0,0,0,1,0
510320,51,VIRGINIA,VA,1,1,0,1,53,0,ATMORE,26,6,June,2010,7,Saturday,1,2,9,99,4,1,37.11447222,-77.58433333,42,2,0,0,0,1,1
510321,51,VIRGINIA,VA,1,1,0,1,3,0,BALDWIN,26,6,June,2010,7,Saturday,17,0,0,4,4,16,37.94595833,-78.63721944,35,1,0,0,0,1,1
510322,51,VIRGINIA,VA,1,1,0,1,127,0,BURNWELL,27,6,June,2010,1,Sunday,5,42,0,3,2,2073,37.49324722,-77.15805556,59,4,0,0,0,1,0
510323,51,VIRGINIA,VA,1,1,1,1,115,0,ASHVILLE,26,6,June,2010,7,Saturday,22,40,0,4,4,54,37.43983889,-76.40364722,8,2,0,0,0,1,0
510324,51,VIRGINIA,VA,2,2,0,10,85,0,BENTON,28,6,June,2010,2,Monday,14,4,1,11,1,203,37.54464444,-77.28229444,12,1,0,0,0,1,0
510325,51,VIRGINIA,VA,1,1,0,2,1,0,AUTAUGA,28,6,June,2010,2,Monday,16,43,1,2,2,1205,37.72795833,-75.66833611,1,1,0,0,0,1,0
510326,51,VIRGINIA,VA,4,4,0,5,179,0,ALLENHURST,26,6,June,2010,7,Saturday,22,22,1,11,1,1424,38.46047778,-77.40833889,12,2,0,0,99,1,1
510327,51,VIRGINIA,VA,1,1,0,1,179,0,ALLENHURST,27,6,June,2010,1,Sunday,5,0,1,11,1,1343,38.34162222,-77.49099167,24,2,0,0,0,1,0
510328,51,VIRGINIA,VA,3,3,0,3,510,40,BALTIMORE,29,6,June,2010,3,Tuesday,23,2,1,11,1,51,38.82907778,-77.11492500,12,3,0,0,0,1,0
510329,51,VIRGINIA,VA,1,1,1,1,1,0,AUTAUGA,30,6,June,2010,4,Wednesday,22,38,1,2,2,1159,37.67913333,-75.72343889,8,2,0,0,0,1,1
510330,51,VIRGINIA,VA,1,1,0,1,165,0,HERNDON,30,6,June,2010,4,Wednesday,21,30,0,3,2,503,38.45500000,-78.61803611,42,2,0,0,0,1,1
510331,51,VIRGINIA,VA,1,1,0,1,31,0,COFFEE,21,6,June,2010,2,Monday,21,0,9,99,4,0,37.25683889,-79.27734444,18,2,0,0,0,1,1
510332,51,VIRGINIA,VA,1,1,0,1,147,0,AUGUSTA,18,6,June,2010,6,Friday,7,4,0,4,4,14,37.15771667,-78.51860000,42,1,0,0,0,1,0
510333,51,VIRGINIA,VA,1,1,0,1,800,2390,SUFFOLK,25,6,June,2010,6,Friday,5,20,1,13,4,55,36.74892500,-76.53247778,42,1,0,0,0,1,0
510334,51,VIRGINIA,VA,1,1,0,1,770,2100,ROANOKE,19,6,June,2010,7,Saturday,18,5,9,99,4,0,37.27316389,-79.92381944,33,1,0,0,0,1,1
510335,51,VIRGINIA,VA,2,2,0,2,87,0,ARMSTRONG,2,6,June,2010,4,Wednesday,21,12,0,14,2,1021,37.66595278,-77.46090833,12,2,0,0,0,1,0
510336,51,VIRGINIA,VA,2,2,0,2,87,0,ARMSTRONG,16,6,June,2010,4,Wednesday,8,5,9,99,3,356,37.44600556,-77.23358611,12,1,0,0,0,1,0
510337,51,VIRGINIA,VA,1,1,0,2,107,0,CARROLLTON,13,6,June,2010,1,Sunday,17,43,0,14,4,53,39.02460278,-77.36284722,58,1,0,0,0,2,1
510338,51,VIRGINIA,VA,1,1,0,1,87,0,ARMSTRONG,26,6,June,2010,7,Saturday,23,29,0,14,4,45,37.47201389,-77.33430833,1,2,0,0,0,1,1
510339,51,VIRGINIA,VA,2,2,0,2,197,0,BUENA VISTA,29,6,June,2010,3,Tuesday,9,44,9,99,2,468,36.96196389,-81.10888611,12,1,0,0,0,1,0
510340,51,VIRGINIA,VA,1,1,0,2,85,0,BENTON,18,6,June,2010,6,Friday,13,22,0,6,4,47,37.75361667,-77.49841667,35,1,0,0,0,1,0
510341,51,VIRGINIA,VA,1,1,0,5,65,0,CYPRESS,1,7,July,2010,5,Thursday,17,40,0,3,2,1153,37.85999722,-78.26383333,35,1,0,0,0,1,0
510342,51,VIRGINIA,VA,2,2,0,2,165,0,HERNDON,1,7,July,2010,5,Thursday,8,0,9,99,4,6,38.37584722,-78.97978889,12,1,0,0,0,1,0
510343,51,VIRGINIA,VA,1,1,0,2,127,0,BURNWELL,1,7,July,2010,5,Thursday,21,5,1,11,1,2206,37.49638056,-77.03038333,52,2,0,0,0,1,0
510344,51,VIRGINIA,VA,2,2,0,2,1,0,AUTAUGA,3,7,July,2010,7,Saturday,14,19,0,6,4,53,37.67974444,-75.73253611,12,1,0,0,0,1,0
510345,51,VIRGINIA,VA,1,1,0,1,135,0,ASH FLAT,5,7,July,2010,2,Monday,6,25,1,2,2,951,37.27200278,-78.12275000,1,1,0,0,0,1,1
510346,51,VIRGINIA,VA,1,1,0,1,165,0,HERNDON,5,7,July,2010,2,Monday,4,45,0,14,2,2651,38.46605556,-78.84055000,38,2,0,0,0,1,1
510347,51,VIRGINIA,VA,1,1,0,6,59,0,FRANKLIN,5,7,July,2010,2,Monday,1,5,9,99,4,47,38.77810833,-77.36100278,42,2,0,0,0,1,0
510348,51,VIRGINIA,VA,1,1,1,1,59,0,FRANKLIN,1,7,July,2010,5,Thursday,22,0,0,14,4,19,38.93544444,-77.36726667,8,2,0,0,0,1,0
510349,51,VIRGINIA,VA,1,1,0,1,165,0,HERNDON,7,7,July,2010,4,Wednesday,1,47,1,1,1,2623,38.61070000,-78.71189167,1,3,0,0,0,1,0
510350,51,VIRGINIA,VA,2,2,0,3,121,0,BON AIR,4,7,July,2010,1,Sunday,15,21,9,99,2,1335,37.17830556,-80.23723056,12,1,0,0,0,1,0
510351,51,VIRGINIA,VA,1,1,0,2,65,0,CYPRESS,6,7,July,2010,3,Tuesday,13,45,9,99,2,1088,37.98550833,-78.26741667,42,1,0,0,0,1,0
510352,51,VIRGINIA,VA,2,2,0,2,137,0,ALCO,9,7,July,2010,6,Friday,14,45,0,3,3,735,38.25813333,-78.00795000,12,1,0,0,0,1,0
510353,51,VIRGINIA,VA,2,2,0,3,37,0,BRADFORD,9,7,July,2010,6,Friday,12,30,9,99,4,0,37.05091389,-78.85035833,12,1,0,0,0,2,1
510354,51,VIRGINIA,VA,1,1,0,1,3,0,BALDWIN,10,7,July,2010,7,Saturday,3,25,0,4,3,10,38.00965556,-78.46439722,31,2,0,0,0,1,1
510355,51,VIRGINIA,VA,1,1,0,1,83,0,ARDMORE,10,7,July,2010,7,Saturday,6,0,9,99,4,167,36.72906389,-78.87750278,34,1,0,0,0,1,1
510356,51,VIRGINIA,VA,2,1,0,1,23,0,BLADON SPRINGS,11,7,July,2010,1,Sunday,7,30,9,99,2,1763,37.39544167,-79.89693333,14,1,0,0,0,1,0
510357,51,VIRGINIA,VA,1,1,0,4,810,2540,DAM NECK NAVAL FACILITLY,11,7,July,2010,1,Sunday,21,6,0,14,6,196,36.81062500,-75.98972778,42,2,0,0,0,1,0
510358,51,VIRGINIA,VA,2,2,0,3,550,468,CHESAPEAKE,12,7,July,2010,2,Monday,15,0,1,11,1,188,36.88257222,-76.21748056,12,1,0,0,0,1,0
510359,51,VIRGINIA,VA,1,1,0,1,760,0,RICHMOND,13,7,July,2010,3,Tuesday,9,56,0,13,2,917,37.52332500,-77.45191944,5,1,0,0,0,1,0
510360,51,VIRGINIA,VA,1,1,0,1,73,0,ARGO,14,7,July,2010,4,Wednesday,1,19,1,2,2,817,37.41451667,-76.53994444,34,2,0,0,0,1,0
510361,51,VIRGINIA,VA,1,1,0,2,191,0,CRESCENT,15,7,July,2010,5,Thursday,1,45,0,6,4,14,36.65327222,-81.81450000,1,2,0,0,0,1,1
510362,51,VIRGINIA,VA,2,2,0,2,25,0,BARLOW BEND,17,7,July,2010,7,Saturday,21,5,9,99,9,0,36.67103611,-77.86611667,12,2,0,0,0,1,0
510363,51,VIRGINIA,VA,1,1,0,4,61,0,BELLWOOD,18,7,July,2010,1,Sunday,13,29,1,1,1,232,38.85892500,-77.86588056,42,1,0,0,0,1,0
510364,51,VIRGINIA,VA,1,1,0,1,33,0,CHEROKEE,18,7,July,2010,1,Sunday,15,22,1,2,2,1226,38.15581944,-77.20779444,24,1,0,0,0,1,1
510365,51,VIRGINIA,VA,1,1,0,1,153,0,BONAIRE,19,7,July,2010,2,Monday,21,20,0,16,4,3,38.67242778,-77.26982778,33,2,0,0,0,1,0
510366,51,VIRGINIA,VA,2,2,0,2,187,0,DAHLONEGA,21,7,July,2010,4,Wednesday,15,40,0,4,4,20,38.99197222,-78.14540833,12,1,0,0,0,1,0
510367,51,VIRGINIA,VA,1,1,0,1,650,1180,FORT MONROE,22,7,July,2010,5,Thursday,5,49,0,14,6,25,37.03488333,-76.40768056,30,1,0,0,0,1,1
510368,51,VIRGINIA,VA,1,1,0,1,185,0,ANAKTUVUK PASS,23,7,July,2010,6,Friday,5,45,1,2,2,632,37.09900278,-81.65648333,24,4,0,0,0,1,0
510369,51,VIRGINIA,VA,2,2,0,2,19,0,CEDAR BLUFF,24,7,July,2010,7,Saturday,19,50,0,99,4,193,37.24078333,-79.67130556,12,1,0,0,0,1,1
510370,51,VIRGINIA,VA,1,1,1,1,73,0,ARGO,23,7,July,2010,6,Friday,23,35,0,4,4,68,37.41458333,-76.54013889,8,2,0,0,0,1,0
510371,51,VIRGINIA,VA,1,1,0,1,117,0,BIRMINGHAM,23,7,July,2010,6,Friday,16,31,9,99,9,0,36.70410833,-78.05116667,35,1,0,0,0,1,0
510372,51,VIRGINIA,VA,1,1,0,1,59,0,FRANKLIN,8,7,July,2010,5,Thursday,21,50,1,13,4,211,38.97450833,-77.36186111,38,3,0,0,0,1,1
510373,51,VIRGINIA,VA,1,1,0,1,73,0,ARGO,25,7,July,2010,1,Sunday,18,21,9,99,4,37,37.31742778,-76.50318889,1,1,0,0,0,1,0
510374,51,VIRGINIA,VA,1,1,0,1,61,0,BELLWOOD,25,7,July,2010,1,Sunday,15,30,0,4,4,100,38.60607222,-77.60175833,41,1,0,0,0,1,0
510375,51,VIRGINIA,VA,2,2,0,4,27,0,ASHLAND,25,7,July,2010,1,Sunday,12,25,1,2,2,198,37.20462778,-81.97483056,12,1,0,0,0,1,0
510376,51,VIRGINIA,VA,3,3,0,4,67,0,ABBEVILLE,26,7,July,2010,2,Monday,16,29,0,3,3,338,37.01259444,-79.86918889,12,1,0,0,0,2,0
510377,51,VIRGINIA,VA,1,1,0,1,195,0,CARLTON,26,7,July,2010,2,Monday,18,30,0,4,3,278,36.91524444,-82.46127500,24,1,0,0,0,1,0
510378,51,VIRGINIA,VA,1,1,0,1,121,0,BON AIR,27,7,July,2010,3,Tuesday,16,38,1,13,2,1117,37.27391667,-80.41820556,24,1,0,0,0,1,0
510379,51,VIRGINIA,VA,2,2,0,2,105,0,MARION,27,7,July,2010,3,Tuesday,19,23,1,2,3,250,36.77265000,-82.82479167,12,1,0,0,0,1,0
510380,51,VIRGINIA,VA,1,1,0,1,35,0,BROOKLYN,28,7,July,2010,4,Wednesday,11,15,9,99,2,137,36.73235000,-80.70960000,42,1,0,0,0,1,0
510381,51,VIRGINIA,VA,2,2,0,2,147,0,AUGUSTA,22,7,July,2010,5,Thursday,15,55,0,4,4,4,37.25786389,-78.45791944,12,1,0,0,0,1,0
510382,51,VIRGINIA,VA,1,1,0,4,85,0,BENTON,29,7,July,2010,5,Thursday,6,56,1,1,1,962,37.81622500,-77.45885000,42,4,0,0,0,2,0
510383,51,VIRGINIA,VA,2,2,0,3,67,0,ABBEVILLE,27,7,July,2010,3,Tuesday,10,40,9,99,3,15,37.12802222,-79.75087222,12,1,0,0,0,1,0
510384,51,VIRGINIA,VA,3,3,0,5,137,0,ALCO,31,7,July,2010,7,Saturday,17,7,0,4,3,600,38.22604444,-78.22986667,12,1,0,0,0,2,0
510385,51,VIRGINIA,VA,1,1,1,1,1,0,AUTAUGA,31,7,July,2010,7,Saturday,21,23,1,2,2,1190,37.71017222,-75.69562778,8,2,0,0,0,1,0
510386,51,VIRGINIA,VA,1,1,1,1,165,0,HERNDON,2,8,August,2010,2,Monday,3,39,0,3,2,469,38.41001944,-78.61885000,8,2,0,0,0,1,0
510387,51,VIRGINIA,VA,2,2,0,2,550,468,CHESAPEAKE,7,7,July,2010,4,Wednesday,14,40,1,11,1,2980,36.76821389,-76.36184722,12,1,0,0,0,1,0
510388,51,VIRGINIA,VA,1,1,0,1,175,0,CADWELL,18,7,July,2010,1,Sunday,18,50,9,99,9,0,36.63047500,-77.13153333,1,1,0,0,0,1,1
510389,51,VIRGINIA,VA,1,1,0,1,800,2390,SUFFOLK,2,7,July,2010,6,Friday,8,56,9,99,2,4832,36.77694444,-76.43797778,42,1,0,0,0,1,0
510390,51,VIRGINIA,VA,1,1,0,1,85,0,BENTON,7,7,July,2010,4,Wednesday,7,20,0,15,6,18,37.78652222,-77.50888889,42,1,0,0,0,1,1
510391,51,VIRGINIA,VA,2,2,0,2,31,0,COFFEE,16,7,July,2010,6,Friday,12,6,0,4,4,2,37.13592778,-79.27030556,12,1,0,0,0,1,0
510392,51,VIRGINIA,VA,2,2,0,2,87,0,ARMSTRONG,20,7,July,2010,3,Tuesday,11,47,0,14,4,25,37.60977778,-77.61561944,12,1,0,0,0,1,0
510393,51,VIRGINIA,VA,1,1,0,1,153,0,BONAIRE,17,7,July,2010,7,Saturday,6,20,0,4,4,193,38.71009444,-77.58330278,53,1,0,0,0,1,1
510394,51,VIRGINIA,VA,1,1,0,2,770,2100,ROANOKE,25,6,June,2010,6,Friday,2,35,9,99,4,0,37.27268611,-79.95025556,46,3,0,0,0,1,0
510395,51,VIRGINIA,VA,2,2,0,2,730,1910,PETERSBURG,15,6,June,2010,3,Tuesday,14,35,0,15,6,16,37.21604444,-77.43131944,12,1,0,1,0,1,0
510396,51,VIRGINIA,VA,1,1,0,1,3,0,BALDWIN,10,7,July,2010,7,Saturday,22,34,9,99,4,18,38.01743333,-78.76708056,35,2,0,0,0,1,1
510397,51,VIRGINIA,VA,1,1,1,1,740,1970,"NAVAL MEDICAL CTR, PORTSMOUTH",17,7,July,2010,7,Saturday,21,16,0,14,3,173,36.81986667,-76.38051389,9,2,0,0,0,1,0
510398,51,VIRGINIA,VA,1,1,0,6,87,0,ARMSTRONG,30,7,July,2010,6,Friday,1,34,0,14,4,25,37.36360833,-77.36563611,30,2,0,0,0,1,0
510399,51,VIRGINIA,VA,3,1,1,5,169,0,BRADLEY,10,7,July,2010,7,Saturday,10,56,1,12,2,47,36.63791389,-82.56727778,14,1,0,0,0,1,0
510400,51,VIRGINIA,VA,1,1,0,2,87,0,ARMSTRONG,24,7,July,2010,7,Saturday,15,50,1,11,1,1958,37.53059167,-77.36490833,1,1,0,0,0,1,0
510401,51,VIRGINIA,VA,1,1,0,1,61,0,BELLWOOD,2,8,August,2010,2,Monday,17,25,0,4,3,375,38.75923611,-77.73724167,42,1,0,0,0,1,0
510402,51,VIRGINIA,VA,1,1,0,1,5,0,BAKER HILL,3,8,August,2010,3,Tuesday,3,30,1,1,1,279,37.82683611,-79.78923889,24,2,0,0,0,1,0
510403,51,VIRGINIA,VA,2,2,0,2,760,2060,RICHMOND,3,8,August,2010,3,Tuesday,13,3,0,14,6,29,37.46377222,-77.45773333,12,1,0,0,0,1,0
510404,51,VIRGINIA,VA,1,1,0,3,59,0,FRANKLIN,3,8,August,2010,3,Tuesday,21,26,0,14,4,40,38.80490278,-77.43159722,42,2,0,0,0,1,0
510405,51,VIRGINIA,VA,1,1,0,1,197,0,BUENA VISTA,4,8,August,2010,4,Wednesday,23,40,0,6,4,51,36.98887778,-81.07433889,35,2,0,0,0,1,0
510406,51,VIRGINIA,VA,3,3,0,5,161,0,DENTON,8,8,August,2010,1,Sunday,0,28,9,99,2,99999,37.32577222,-79.86957500,12,3,0,0,0,2,2
510407,51,VIRGINIA,VA,1,1,0,4,149,0,BELLEVILLE,7,8,August,2010,7,Saturday,5,30,1,11,1,497,37.11940000,-77.18968333,59,4,0,0,0,1,0
510408,51,VIRGINIA,VA,1,1,0,3,53,0,ATMORE,7,8,August,2010,7,Saturday,6,47,1,1,1,443,36.97132500,-77.70222222,42,1,0,0,0,1,0
510409,51,VIRGINIA,VA,1,1,1,1,165,0,HERNDON,5,8,August,2010,5,Thursday,21,14,1,2,2,297,38.37140556,-78.78587778,8,2,0,0,0,1,0
510410,51,VIRGINIA,VA,1,1,0,1,107,0,CARROLLTON,5,8,August,2010,5,Thursday,21,48,9,99,4,99999,39.01351389,-77.41155556,18,3,0,0,0,1,0
510411,51,VIRGINIA,VA,2,2,0,2,121,0,BON AIR,6,8,August,2010,6,Friday,3,50,1,1,1,1126,37.09475833,-80.48995833,12,3,0,0,0,1,0
510412,51,VIRGINIA,VA,1,1,0,1,540,440,CHARLOTTESVILLE,6,8,August,2010,6,Friday,0,59,1,13,2,973,38.03886389,-78.46873333,24,2,0,0,0,1,0
510413,51,VIRGINIA,VA,2,2,0,2,191,0,CRESCENT,9,8,August,2010,2,Monday,8,0,0,4,2,307,37.78639722,-81.72849722,12,1,0,0,0,1,0
510414,51,VIRGINIA,VA,2,2,0,2,800,2390,SUFFOLK,9,8,August,2010,2,Monday,4,19,9,99,3,27,36.62265833,-76.88897500,12,2,1,0,0,1,0
510415,51,VIRGINIA,VA,1,1,0,6,710,1760,NAVAL AIR STATION,11,8,August,2010,4,Wednesday,3,19,0,14,4,20,36.83188889,-76.25781944,33,3,0,0,0,3,1
510416,51,VIRGINIA,VA,1,1,0,2,41,0,BRANTLEY,11,8,August,2010,4,Wednesday,22,7,0,15,4,39,37.36432500,-77.47653056,42,2,0,0,0,1,1
510417,51,VIRGINIA,VA,2,2,0,2,810,2540,DAM NECK NAVAL FACILITLY,13,8,August,2010,6,Friday,0,58,1,13,2,510,36.88128611,-76.18681667,12,3,0,0,0,1,0
510418,51,VIRGINIA,VA,1,1,1,1,41,0,BRANTLEY,13,8,August,2010,6,Friday,0,25,9,99,2,99999,37.29184167,-77.41091389,8,2,0,0,0,1,0