ST_CASE,STATE,State Name,State Abbreviation,# of Vehicle involved,VE_FORMS,Pedestrains,Total_Persons_in_accident,COUNTY,CITY,City_County_Name,Calendar_DAY,MONTH,Month_name,YEAR,DAY_WEEK,Day_Week_desc,HOUR,MINUTE,NHS_Desc,trafficway,Route,MILEPT,LATITUDE,LONGITUD,First_Crash_event,Light_cond_desc,Weather_condition,School_bus_involved,Crash_cause,FATALS,DRUNK_DR
510419,51,VIRGINIA,VA,2,2,0,2,85,0,BENTON,12,8,August,2010,5,Thursday,13,0,9,99,9,99999,37.58478611,-77.21852222,12,1,0,0,0,1,0
510420,51,VIRGINIA,VA,2,1,0,1,187,0,DAHLONEGA,13,8,August,2010,6,Friday,23,31,0,14,6,0,38.92976944,-78.19896667,33,2,0,0,0,1,0
510421,51,VIRGINIA,VA,1,1,0,1,183,0,FORT STEWART,16,8,August,2010,2,Monday,5,35,0,3,3,288,36.94989167,-77.17243333,1,4,0,0,0,1,0
510422,51,VIRGINIA,VA,2,2,0,4,153,0,BONAIRE,15,8,August,2010,1,Sunday,3,28,9,99,4,0,38.90268889,-77.64741944,12,3,0,0,0,2,1
510423,51,VIRGINIA,VA,1,1,0,1,27,0,ASHLAND,16,8,August,2010,2,Monday,11,50,0,6,4,13,37.30266389,-82.04538333,42,1,0,0,0,1,0
510424,51,VIRGINIA,VA,1,1,0,1,550,0,CHESAPEAKE,17,8,August,2010,3,Tuesday,7,55,1,11,1,189,36.78507500,-76.40922500,7,1,0,0,0,1,0
510425,51,VIRGINIA,VA,1,1,0,1,15,0,ANNISTON,18,8,August,2010,4,Wednesday,10,45,0,6,4,65,38.14589722,-79.19949444,38,1,0,0,0,1,0
510426,51,VIRGINIA,VA,1,1,0,1,183,0,FORT STEWART,18,8,August,2010,4,Wednesday,4,40,0,6,4,83,37.05165000,-77.04866389,1,2,0,0,0,1,0
510427,51,VIRGINIA,VA,2,2,0,3,47,0,BROWNS,17,8,August,2010,3,Tuesday,12,25,0,3,2,763,38.49168889,-78.03159722,12,1,0,0,0,1,0
510428,51,VIRGINIA,VA,1,1,1,1,177,0,LEE,19,8,August,2010,5,Thursday,7,22,1,13,2,420,38.30546389,-77.51648333,8,1,0,0,0,1,0
510429,51,VIRGINIA,VA,1,1,1,1,153,0,BONAIRE,20,8,August,2010,6,Friday,23,8,0,13,3,67,38.79443333,-77.51700000,8,3,0,0,0,1,1
510430,51,VIRGINIA,VA,2,2,0,2,173,0,LAKELAND,20,8,August,2010,6,Friday,14,38,9,99,9,99999,36.77350833,-81.41379722,12,1,0,0,0,1,0
510431,51,VIRGINIA,VA,1,1,0,1,89,0,BROWNSBORO,22,8,August,2010,1,Sunday,11,15,0,6,4,6,36.71804167,-79.99849444,42,1,0,0,0,1,1
510432,51,VIRGINIA,VA,2,2,0,2,93,0,BEAR CREEK,24,8,August,2010,3,Tuesday,1,7,0,3,3,729,36.99124167,-76.64440278,12,2,0,0,0,1,0
510433,51,VIRGINIA,VA,1,1,0,2,165,0,HERNDON,25,8,August,2010,4,Wednesday,3,55,0,6,4,19,38.49773611,-78.92840000,35,2,0,0,0,1,1
510434,51,VIRGINIA,VA,1,1,0,2,77,0,ANDERSON,28,8,August,2010,7,Saturday,19,30,0,6,4,7,36.69147778,-81.07764167,5,1,0,0,0,1,1
510435,51,VIRGINIA,VA,2,2,0,2,197,0,BUENA VISTA,29,8,August,2010,1,Sunday,5,25,1,1,1,291,36.93696111,-80.91550833,12,2,0,0,0,1,0
510436,51,VIRGINIA,VA,1,1,0,1,135,0,ASH FLAT,29,8,August,2010,1,Sunday,20,37,0,5,4,46,37.13733056,-78.08155000,24,2,0,0,0,1,1
510437,51,VIRGINIA,VA,2,2,0,2,15,0,ANNISTON,30,8,August,2010,2,Monday,16,7,0,3,3,22,38.13057222,-79.09160556,12,1,0,0,0,1,0
510438,51,VIRGINIA,VA,1,1,0,2,171,0,ALDORA,27,8,August,2010,6,Friday,4,55,0,4,2,2944,38.74759167,-78.64208889,42,2,0,0,0,2,1
510439,51,VIRGINIA,VA,2,2,0,4,179,0,ALLENHURST,27,8,August,2010,6,Friday,6,17,1,11,1,1428,38.42821111,-77.41988056,12,1,0,0,0,3,0
510440,51,VIRGINIA,VA,1,1,0,2,153,0,BONAIRE,14,8,August,2010,7,Saturday,14,6,0,4,3,33,38.75113889,-77.62806389,30,1,0,0,0,1,0
510441,51,VIRGINIA,VA,2,2,0,2,59,0,FRANKLIN,26,8,August,2010,5,Thursday,20,30,1,13,3,675,38.84776389,-77.12308056,12,3,0,0,0,1,0
510442,51,VIRGINIA,VA,1,1,0,2,109,0,ANSLEY,28,8,August,2010,7,Saturday,15,55,0,6,4,18,37.99207778,-78.23704444,35,1,0,0,0,1,1
510443,51,VIRGINIA,VA,1,1,0,1,93,0,BEAR CREEK,29,8,August,2010,1,Sunday,22,46,9,99,4,0,36.94653056,-76.56286111,35,2,0,0,0,1,1
510444,51,VIRGINIA,VA,1,1,0,1,153,0,BONAIRE,28,8,August,2010,7,Saturday,19,52,0,14,4,24,38.60976111,-77.29903333,33,2,0,0,0,1,0
510445,51,VIRGINIA,VA,1,1,0,2,135,0,ASH FLAT,31,8,August,2010,3,Tuesday,19,36,0,6,4,69,37.07705833,-78.10060556,42,1,0,0,0,1,1
510446,51,VIRGINIA,VA,2,2,0,2,3,0,BALDWIN,28,8,August,2010,7,Saturday,8,28,0,4,4,140,38.03034722,-78.61915000,12,1,0,0,0,1,0
510447,51,VIRGINIA,VA,1,1,0,2,67,0,ABBEVILLE,27,8,August,2010,6,Friday,18,18,0,4,4,39,37.03243333,-79.76022778,42,1,0,0,0,1,1
510448,51,VIRGINIA,VA,2,2,0,3,87,0,ARMSTRONG,29,8,August,2010,1,Sunday,8,30,1,13,4,40,37.62412222,-77.55446389,12,1,0,0,0,1,0
510449,51,VIRGINIA,VA,1,1,0,1,33,0,CHEROKEE,31,8,August,2010,3,Tuesday,15,0,1,1,1,99999,38.08876944,-77.51704167,24,1,0,0,0,1,1
510450,51,VIRGINIA,VA,1,1,1,1,3,0,BALDWIN,27,8,August,2010,6,Friday,23,45,1,13,2,979,38.03399722,-78.45748889,8,2,0,0,0,1,0
510451,51,VIRGINIA,VA,1,1,1,1,510,40,BALTIMORE,21,8,August,2010,7,Saturday,21,10,1,11,1,35,38.81491667,-77.13614722,8,3,0,0,0,1,0
510452,51,VIRGINIA,VA,5,5,0,5,700,1720,FORT EUSTIS,27,8,August,2010,6,Friday,15,51,1,13,3,265,36.21255833,-76.58320556,12,1,0,0,0,1,0
510453,51,VIRGINIA,VA,2,2,0,2,31,0,COFFEE,9,8,August,2010,2,Monday,21,30,0,4,4,1,37.27774167,-79.16645000,12,1,0,0,0,1,0
510454,51,VIRGINIA,VA,2,2,0,4,169,0,BRADLEY,10,2,February,2010,4,Wednesday,18,42,9,99,4,60,36.62489722,-82.70576389,12,2,0,0,0,1,0
510455,51,VIRGINIA,VA,1,1,0,1,63,0,BOLIGEE,3,8,August,2010,3,Tuesday,23,20,0,5,4,55,36.98630556,-80.26800278,35,2,0,0,0,1,1
510456,51,VIRGINIA,VA,1,1,1,1,770,2100,ROANOKE,21,8,August,2010,7,Saturday,0,38,0,14,6,12,37.28989722,-79.95163056,1,6,0,0,0,1,1
510457,51,VIRGINIA,VA,2,2,0,4,153,0,BONAIRE,1,8,August,2010,1,Sunday,8,18,0,14,4,91,38.69783611,-77.51129167,24,1,0,0,0,1,1
510458,51,VIRGINIA,VA,1,1,1,1,760,2060,RICHMOND,14,8,August,2010,7,Saturday,23,4,0,13,3,26,37.47404167,-77.48206667,8,3,0,0,0,1,0
510459,51,VIRGINIA,VA,1,1,1,1,59,0,FRANKLIN,30,8,August,2010,2,Monday,16,30,0,14,4,109,38.79158889,-77.10076389,9,1,0,0,0,1,0
510460,51,VIRGINIA,VA,2,2,0,3,59,0,FRANKLIN,26,8,August,2010,5,Thursday,22,8,1,13,2,2337,38.85118889,-77.33795556,12,2,0,0,0,1,0
510461,51,VIRGINIA,VA,1,1,0,1,800,2390,SUFFOLK,26,8,August,2010,5,Thursday,0,51,9,99,3,91,36.66242778,-76.80859444,34,2,0,0,0,1,1
510462,51,VIRGINIA,VA,1,1,0,3,165,0,HERNDON,11,8,August,2010,4,Wednesday,13,50,0,4,4,148,38.55266389,-78.91453611,19,1,0,0,0,1,0
510463,51,VIRGINIA,VA,3,3,0,3,187,0,DAHLONEGA,12,8,August,2010,5,Thursday,14,0,1,2,1,148,38.91180556,-78.07605833,12,1,0,0,0,1,1
510464,51,VIRGINIA,VA,1,1,0,1,147,0,AUGUSTA,4,9,September,2010,7,Saturday,15,37,0,5,4,45,37.26872500,-78.26110833,35,1,0,0,0,1,0
510465,51,VIRGINIA,VA,1,1,0,1,187,0,DAHLONEGA,4,9,September,2010,7,Saturday,16,53,9,99,2,895,38.86262222,-78.25946111,42,1,0,0,0,1,0
510466,51,VIRGINIA,VA,1,1,0,7,187,0,DAHLONEGA,5,9,September,2010,1,Sunday,14,3,0,4,4,600,38.95947778,-78.27045833,35,1,0,0,0,3,0
510467,51,VIRGINIA,VA,1,1,0,1,19,0,CEDAR BLUFF,5,9,September,2010,1,Sunday,21,4,0,4,4,355,37.13623611,-79.34497778,42,2,0,0,0,1,0
510468,51,VIRGINIA,VA,2,2,0,2,59,0,FRANKLIN,7,9,September,2010,3,Tuesday,8,58,0,13,3,65,38.83256944,-77.20760000,12,1,0,0,0,1,0
510469,51,VIRGINIA,VA,3,1,0,1,91,0,DAYTON,6,9,September,2010,2,Monday,19,44,0,6,4,33,38.37907500,-79.64607222,35,5,0,0,0,1,1
510470,51,VIRGINIA,VA,1,1,0,1,191,0,CRESCENT,6,9,September,2010,2,Monday,23,50,1,2,2,170,36.72155000,-82.00435556,42,2,0,0,0,1,0
510471,51,VIRGINIA,VA,2,1,0,1,770,2100,ROANOKE,3,9,September,2010,6,Friday,15,33,9,99,4,0,37.29605556,-79.94768611,14,1,0,0,0,1,0
510472,51,VIRGINIA,VA,2,2,0,3,117,0,BIRMINGHAM,3,9,September,2010,6,Friday,17,20,1,2,2,3534,36.65051667,-78.49216389,12,1,0,0,0,1,0
510473,51,VIRGINIA,VA,2,2,0,2,59,0,FRANKLIN,2,9,September,2010,5,Thursday,12,0,1,11,1,645,38.88542222,-77.22118333,12,1,0,0,0,1,0
510474,51,VIRGINIA,VA,1,1,0,2,41,0,BRANTLEY,3,9,September,2010,6,Friday,20,56,1,2,2,1143,37.38434444,-77.80140000,5,2,0,0,0,1,0
510475,51,VIRGINIA,VA,1,1,0,1,183,0,FORT STEWART,10,9,September,2010,6,Friday,6,40,9,99,2,3484,36.96588889,-76.97862500,19,1,0,0,0,1,0
510476,51,VIRGINIA,VA,4,4,0,5,173,0,LAKELAND,11,9,September,2010,7,Saturday,1,15,1,1,1,555,36.88415278,-81.38311389,24,2,0,0,0,1,0
510477,51,VIRGINIA,VA,1,1,0,1,199,0,ALVATON,14,9,September,2010,3,Tuesday,16,0,0,6,4,37,37.21059167,-76.43947778,1,1,0,0,0,1,0
510478,51,VIRGINIA,VA,4,4,0,7,177,0,LEE,12,9,September,2010,1,Sunday,3,20,1,11,1,1294,38.28946667,-77.50801667,12,2,0,0,0,1,0
510479,51,VIRGINIA,VA,2,2,0,2,179,0,ALLENHURST,12,9,September,2010,1,Sunday,20,10,0,5,4,42,38.45278333,-77.48365278,12,2,0,0,0,1,1
510480,51,VIRGINIA,VA,3,1,0,1,185,0,ANAKTUVUK PASS,13,9,September,2010,2,Monday,11,20,0,15,4,120,37.12261667,-81.64292222,38,1,0,0,0,1,0
510481,51,VIRGINIA,VA,2,2,0,2,177,0,LEE,14,9,September,2010,3,Tuesday,23,39,9,99,4,39,38.16681111,-77.63815000,12,2,0,0,0,1,1
510482,51,VIRGINIA,VA,1,1,0,1,79,0,COURTLAND,17,9,September,2010,6,Friday,23,55,0,4,4,6,38.21707500,-78.41096944,53,2,0,0,0,1,1
510483,51,VIRGINIA,VA,1,1,0,2,43,0,BAILEYTON,18,9,September,2010,7,Saturday,0,10,0,6,4,3,39.02817500,-78.06966111,42,2,0,0,0,2,0
510484,51,VIRGINIA,VA,1,1,0,1,165,0,HERNDON,18,9,September,2010,7,Saturday,16,4,0,3,2,463,38.29461944,-78.78132778,42,1,0,0,0,1,1
510485,51,VIRGINIA,VA,1,1,0,1,29,0,BORDEN SPRINGS,21,9,September,2010,3,Tuesday,11,55,0,6,4,155,37.45223889,-78.40084167,42,1,0,0,0,1,0
510486,51,VIRGINIA,VA,1,1,0,1,800,2390,SUFFOLK,22,9,September,2010,4,Wednesday,23,18,0,15,6,91,36.62241667,-76.58706667,42,2,0,0,0,1,0
510487,51,VIRGINIA,VA,1,1,0,1,550,468,CHESAPEAKE,21,9,September,2010,3,Tuesday,8,21,0,14,6,20,36.85998056,-76.40615000,42,1,0,0,0,1,0
510488,51,VIRGINIA,VA,3,3,0,4,520,300,BRISTOL,2,9,September,2010,5,Thursday,14,55,9,99,4,91,36.61917778,-82.12743889,12,1,0,0,0,1,0
510489,51,VIRGINIA,VA,3,3,0,4,177,0,LEE,14,9,September,2010,3,Tuesday,6,15,1,11,1,1265,38.24326944,-77.50240833,12,4,0,0,0,1,0
510490,51,VIRGINIA,VA,2,2,0,2,97,0,AXIS,9,9,September,2010,5,Thursday,21,42,0,3,3,409,37.53641111,-76.77005833,12,2,0,0,0,1,0
510491,51,VIRGINIA,VA,1,1,0,3,179,0,ALLENHURST,17,9,September,2010,6,Friday,0,35,0,15,3,2,38.32245833,-77.46531944,33,2,0,0,0,1,0
510492,51,VIRGINIA,VA,2,2,1,7,700,1720,FORT EUSTIS,18,9,September,2010,7,Saturday,1,50,9,99,3,128,37.04168056,-76.45797778,12,3,0,0,0,1,1
510493,51,VIRGINIA,VA,2,2,0,4,83,0,ARDMORE,23,9,September,2010,5,Thursday,18,12,9,99,4,43,99.99990000,999.99990000,12,1,0,0,0,1,0
510494,51,VIRGINIA,VA,1,1,0,4,131,0,ARLINGTON,25,9,September,2010,7,Saturday,0,6,1,2,2,982,37.45612222,-75.87063889,42,2,0,0,0,1,0
510495,51,VIRGINIA,VA,2,2,0,3,89,0,BROWNSBORO,25,9,September,2010,7,Saturday,14,40,9,99,3,19,36.74799722,-79.97398889,12,1,0,0,0,1,0
510496,51,VIRGINIA,VA,2,2,0,3,15,0,ANNISTON,25,9,September,2010,7,Saturday,19,10,9,99,3,185,38.15406389,-78.92887222,12,5,0,0,0,1,0
510497,51,VIRGINIA,VA,1,1,1,1,73,0,ARGO,25,9,September,2010,7,Saturday,22,13,1,2,2,801,37.41720833,-76.54269167,8,2,0,0,0,1,0
510498,51,VIRGINIA,VA,1,1,0,1,127,0,BURNWELL,26,9,September,2010,1,Sunday,2,50,0,3,2,2065,37.49845556,-77.17316111,59,2,0,0,0,1,0
510499,51,VIRGINIA,VA,1,1,0,2,69,0,ASHFORD,21,9,September,2010,3,Tuesday,22,10,9,99,3,45,39.07507778,-78.17000000,1,2,0,0,0,1,1
510500,51,VIRGINIA,VA,1,1,0,1,59,0,FRANKLIN,23,9,September,2010,5,Thursday,19,50,9,99,4,8,38.93900000,-77.39471111,33,3,0,0,0,1,1
510501,51,VIRGINIA,VA,1,1,0,1,179,0,ALLENHURST,25,9,September,2010,7,Saturday,2,20,9,99,4,0,38.38775556,-77.38040000,42,2,0,0,0,1,0
510502,51,VIRGINIA,VA,2,2,0,6,89,0,BROWNSBORO,26,9,September,2010,1,Sunday,18,15,9,99,4,84,36.62021111,-80.00707500,12,1,1,0,0,1,1
510503,51,VIRGINIA,VA,2,1,0,3,570,620,COLONIAL HEIGHTS,25,9,September,2010,7,Saturday,2,24,1,11,1,563,37.25847778,-77.39883056,14,2,0,0,0,1,1
510504,51,VIRGINIA,VA,1,1,0,1,165,0,HERNDON,27,9,September,2010,2,Monday,4,0,9,99,4,45,38.38008611,-78.99478889,35,2,0,0,0,1,1
510505,51,VIRGINIA,VA,2,2,0,4,800,2390,SUFFOLK,29,9,September,2010,4,Wednesday,17,4,1,13,2,96,36.64314722,-76.65530278,12,1,1,0,0,1,0
510506,51,VIRGINIA,VA,1,1,0,2,41,0,BRANTLEY,9,9,September,2010,5,Thursday,2,5,1,12,3,98,37.27453056,-77.30691111,24,2,0,0,0,1,1
510507,51,VIRGINIA,VA,1,1,1,1,177,0,LEE,30,9,September,2010,5,Thursday,19,25,9,99,2,1420,38.22715556,-77.50558333,8,2,0,0,0,1,0
510508,51,VIRGINIA,VA,1,1,0,3,135,0,ASH FLAT,4,9,September,2010,7,Saturday,13,2,9,99,9,0,37.15648611,-78.09734444,35,1,0,0,0,1,0
510509,51,VIRGINIA,VA,1,1,0,1,69,0,ASHFORD,28,9,September,2010,3,Tuesday,19,20,9,99,3,232,39.24065278,-78.39437778,53,2,0,0,0,1,0
510510,51,VIRGINIA,VA,1,1,0,1,800,2390,SUFFOLK,5,9,September,2010,1,Sunday,4,17,1,13,2,4540,36.65299722,-76.83314444,34,2,0,0,0,1,0
510511,51,VIRGINIA,VA,2,2,0,2,800,2390,SUFFOLK,30,9,September,2010,5,Thursday,6,12,1,13,2,4664,36.72523056,-76.63461667,12,4,1,0,0,1,0
510512,51,VIRGINIA,VA,1,1,0,1,85,0,BENTON,15,9,September,2010,4,Wednesday,20,15,1,11,1,162,37.60618333,-77.35941667,42,2,0,0,0,1,0
510513,51,VIRGINIA,VA,1,1,0,4,53,0,ATMORE,26,9,September,2010,1,Sunday,18,38,1,1,1,426,36.97329444,-77.70958056,42,1,0,0,0,1,0
510514,51,VIRGINIA,VA,2,2,0,2,153,0,BONAIRE,30,9,September,2010,5,Thursday,20,17,1,13,6,16,38.68267778,-77.25862778,12,2,0,0,0,1,0
510515,51,VIRGINIA,VA,1,1,0,1,650,1180,FORT MONROE,2,9,September,2010,5,Thursday,11,30,0,14,3,16,37.03596111,-76.30065000,33,1,0,0,0,1,0
510516,51,VIRGINIA,VA,2,2,0,2,59,0,FRANKLIN,20,8,August,2010,6,Friday,1,38,1,13,2,652,38.88747500,-77.41348611,12,2,0,0,0,1,2
510517,51,VIRGINIA,VA,2,2,0,2,113,0,COTTONTON,2,10,October,2010,7,Saturday,14,7,0,3,2,1482,38.33909722,-78.12438056,12,1,0,0,0,1,0
510518,51,VIRGINIA,VA,1,1,0,1,29,0,BORDEN SPRINGS,1,10,October,2010,6,Friday,9,39,9,99,4,61,37.53667778,-78.35381389,38,1,0,0,0,1,0
510519,51,VIRGINIA,VA,1,1,0,2,83,0,ARDMORE,5,10,October,2010,3,Tuesday,10,35,0,4,4,7,36.67627222,-79.16851111,1,1,0,0,0,1,1
510520,51,VIRGINIA,VA,2,2,0,2,3,0,BALDWIN,4,10,October,2010,2,Monday,13,52,0,15,4,69,38.14488889,-78.46932500,12,1,0,0,0,1,1
510521,51,VIRGINIA,VA,2,2,1,2,810,2540,DAM NECK NAVAL FACILITLY,7,10,October,2010,5,Thursday,9,40,0,15,6,36,36.83946389,-76.09756389,9,1,0,0,0,1,0
510522,51,VIRGINIA,VA,2,2,0,2,183,0,FORT STEWART,6,10,October,2010,4,Wednesday,13,37,9,99,2,3342,36.98939167,-77.01999722,12,1,0,0,0,1,0
510523,51,VIRGINIA,VA,1,1,0,1,650,1180,FORT MONROE,6,10,October,2010,4,Wednesday,22,46,9,99,3,84,37.03945556,-76.37339167,34,3,0,0,0,1,1
510524,51,VIRGINIA,VA,3,1,0,1,760,2060,RICHMOND,8,10,October,2010,6,Friday,2,29,0,14,6,4,37.48848056,-77.48168056,42,3,0,0,0,1,1
510525,51,VIRGINIA,VA,2,2,0,3,137,0,ALCO,9,10,October,2010,7,Saturday,13,30,9,99,4,56,38.17400556,-78.02220000,12,1,0,0,0,1,0
510526,51,VIRGINIA,VA,1,1,0,4,47,0,BROWNS,11,10,October,2010,2,Monday,9,17,0,3,3,98,38.42320000,-77.84032222,59,1,0,0,0,2,0
510527,51,VIRGINIA,VA,2,2,0,4,89,0,BROWNSBORO,13,10,October,2010,4,Wednesday,8,10,9,6,4,311,36.75009444,-79.98188611,12,1,0,0,0,1,0
510528,51,VIRGINIA,VA,2,2,0,4,175,0,CADWELL,13,10,October,2010,4,Wednesday,15,42,0,6,4,16,36.88428889,-76.95081667,12,1,0,0,0,2,1
510529,51,VIRGINIA,VA,2,2,0,2,155,0,IRWIN,7,10,October,2010,5,Thursday,5,56,0,3,3,340,37.17108889,-80.70526667,12,2,0,0,0,1,0
510530,51,VIRGINIA,VA,2,2,0,2,710,1760,NAVAL AIR STATION,14,10,October,2010,5,Thursday,20,58,0,14,6,13,36.91092222,-76.22533333,12,3,0,0,0,1,0
510531,51,VIRGINIA,VA,1,1,1,1,550,468,CHESAPEAKE,12,10,October,2010,3,Tuesday,5,20,9,13,3,182,36.83872500,-76.29901944,8,3,0,0,0,1,0
510532,51,VIRGINIA,VA,2,2,0,2,13,0,BOLLING,15,10,October,2010,6,Friday,21,9,0,14,2,834,38.87254167,-77.09368333,12,3,0,0,0,1,1
510533,51,VIRGINIA,VA,1,1,0,1,35,0,BROOKLYN,17,10,October,2010,1,Sunday,16,5,1,1,1,92,36.68081111,-80.71483611,1,1,0,0,0,1,0
510534,51,VIRGINIA,VA,1,1,0,2,41,0,BRANTLEY,6,10,October,2010,4,Wednesday,23,29,1,11,1,617,37.35361389,-77.40511944,42,2,0,0,0,2,1
510535,51,VIRGINIA,VA,1,1,0,1,87,0,ARMSTRONG,16,10,October,2010,7,Saturday,12,8,0,14,3,496,37.54294444,-77.31147778,42,1,0,0,0,1,0
510536,51,VIRGINIA,VA,1,1,0,1,143,0,CANEHILL,16,10,October,2010,7,Saturday,19,45,9,99,4,75,37.09273889,-79.23631944,1,2,0,0,0,1,1
510537,51,VIRGINIA,VA,2,2,0,2,89,0,BROWNSBORO,9,10,October,2010,7,Saturday,21,31,0,13,2,2601,36.64273611,-79.89875833,12,2,0,0,0,1,0
510538,51,VIRGINIA,VA,2,2,0,2,143,0,CANEHILL,20,10,October,2010,4,Wednesday,8,0,9,99,3,608,36.95188056,-79.43295556,12,4,0,0,0,1,0
510539,51,VIRGINIA,VA,3,3,0,3,650,1180,FORT MONROE,14,10,October,2010,5,Thursday,6,55,0,14,2,638,37.04401111,-76.37094444,12,4,0,0,0,1,0
510540,51,VIRGINIA,VA,3,3,0,7,179,0,ALLENHURST,16,8,August,2010,2,Monday,10,30,1,11,1,1451,38.47684167,-77.40108611,12,1,0,0,0,1,0
510541,51,VIRGINIA,VA,1,1,0,1,107,0,CARROLLTON,22,10,October,2010,6,Friday,10,24,9,99,4,3,39.00706667,-77.39181667,33,1,0,0,0,1,0
510542,51,VIRGINIA,VA,1,1,0,1,67,0,ABBEVILLE,23,10,October,2010,7,Saturday,0,39,0,13,3,363,37.01559722,-79.82631389,59,2,0,0,0,1,1
510543,51,VIRGINIA,VA,2,2,0,4,197,0,BUENA VISTA,24,10,October,2010,1,Sunday,11,3,1,1,1,453,37.01079167,-81.10364444,12,1,0,0,0,1,0
510544,51,VIRGINIA,VA,1,1,0,1,61,0,BELLWOOD,23,10,October,2010,7,Saturday,17,19,0,4,4,130,38.50512500,-77.68312500,42,1,0,0,0,1,0
510545,51,VIRGINIA,VA,1,1,0,4,181,0,LINCOLN,24,10,October,2010,1,Sunday,4,42,0,6,4,26,37.07572500,-76.88352500,21,2,0,0,0,2,1
510546,51,VIRGINIA,VA,2,2,0,2,31,0,COFFEE,24,10,October,2010,1,Sunday,19,58,9,99,4,3,37.35173889,-79.05366944,12,2,0,0,0,1,0
510547,51,VIRGINIA,VA,1,1,0,1,25,0,BARLOW BEND,25,10,October,2010,2,Monday,0,45,0,6,4,36,36.90480000,-77.88880000,42,2,0,0,0,1,1
510548,51,VIRGINIA,VA,1,1,0,1,143,0,CANEHILL,23,10,October,2010,7,Saturday,2,20,1,2,2,203,36.75717778,-79.38896667,59,2,0,0,0,1,0
510549,51,VIRGINIA,VA,1,1,0,1,21,0,CHILTON,26,10,October,2010,3,Tuesday,21,25,9,99,4,89,37.18818889,-80.96796389,35,2,0,0,0,1,0
510550,51,VIRGINIA,VA,1,1,0,1,127,0,BURNWELL,28,10,October,2010,5,Thursday,12,30,0,3,2,2231,37.42388889,-76.89575556,42,1,0,0,0,1,1
510551,51,VIRGINIA,VA,1,1,0,1,820,2610,UNKNOWN,3,10,October,2010,1,Sunday,20,44,0,14,6,30,38.06175833,-78.88027222,33,3,0,0,0,1,1
510552,51,VIRGINIA,VA,1,1,0,2,59,0,FRANKLIN,27,10,October,2010,4,Wednesday,19,5,1,11,1,1668,38.73587500,-77.19303056,1,2,0,0,0,1,0
510553,51,VIRGINIA,VA,1,1,0,2,177,0,LEE,29,10,October,2010,6,Friday,23,30,9,99,4,0,38.26025556,-77.55244722,35,2,0,0,0,1,1
510554,51,VIRGINIA,VA,1,1,0,1,155,0,IRWIN,31,10,October,2010,1,Sunday,3,45,0,4,4,12,37.10201389,-80.69655556,34,2,0,0,0,1,1
510555,51,VIRGINIA,VA,1,1,0,1,195,0,CARLTON,31,10,October,2010,1,Sunday,1,20,1,2,2,491,37.02033889,-82.58839167,24,2,0,0,0,1,1
510556,51,VIRGINIA,VA,2,2,0,2,41,0,BRANTLEY,21,10,October,2010,5,Thursday,16,28,9,99,4,17,37.40398056,-77.46091111,12,1,0,0,0,1,0
510557,51,VIRGINIA,VA,1,1,0,2,35,0,BROOKLYN,23,10,October,2010,7,Saturday,18,11,9,99,2,183,36.78590000,-80.75682222,11,1,0,0,0,1,0
510558,51,VIRGINIA,VA,1,1,0,1,85,0,BENTON,18,10,October,2010,2,Monday,19,59,9,99,4,108,37.75008056,-77.50637222,32,2,0,0,0,1,1
510559,51,VIRGINIA,VA,1,1,0,2,21,0,CHILTON,22,10,October,2010,6,Friday,15,5,0,6,4,101,37.17002778,-80.95893889,35,1,0,0,0,2,0
510560,51,VIRGINIA,VA,1,1,0,1,515,0,BEDFORD,8,10,October,2010,6,Friday,20,10,9,99,2,1803,37.33887778,-79.55400833,1,2,0,0,0,1,0
510561,51,VIRGINIA,VA,1,1,1,1,153,0,BONAIRE,15,10,October,2010,6,Friday,6,46,1,13,3,1,38.65495278,-77.44245556,8,2,0,0,0,1,0
510562,51,VIRGINIA,VA,3,3,0,3,143,0,CANEHILL,21,10,October,2010,5,Thursday,16,24,1,2,2,2801,36.62651389,-79.63993611,12,1,0,0,0,1,0
510563,51,VIRGINIA,VA,2,2,0,2,59,0,FRANKLIN,24,10,October,2010,1,Sunday,16,43,0,14,4,2,38.80707500,-77.18050000,12,1,0,0,0,1,1
510565,51,VIRGINIA,VA,2,2,0,4,121,0,BON AIR,20,10,October,2010,4,Wednesday,22,30,0,3,3,2,37.16180000,-80.55203889,12,2,0,0,0,2,0
510566,51,VIRGINIA,VA,1,1,1,1,15,0,ANNISTON,13,10,October,2010,4,Wednesday,18,25,9,99,2,630,38.11355833,-79.01393056,8,1,0,0,0,1,0
510567,51,VIRGINIA,VA,1,1,1,1,710,1760,NAVAL AIR STATION,16,10,October,2010,7,Saturday,3,10,1,13,3,270,36.90083333,-76.25636111,9,3,0,0,0,1,1
510568,51,VIRGINIA,VA,1,1,1,1,13,0,BOLLING,18,10,October,2010,2,Monday,7,33,9,99,9,0,38.85526944,-77.12336111,8,1,0,1,0,1,0
510569,51,VIRGINIA,VA,1,1,1,1,161,0,DENTON,25,10,October,2010,2,Monday,6,34,9,99,6,4,37.28084722,-79.89665556,8,3,0,0,0,1,0