ST_CASE,STATE,State Name,State Abbreviation,# of Vehicle involved,VE_FORMS,Pedestrains,Total_Persons_in_accident,COUNTY,CITY,City_County_Name,Calendar_DAY,MONTH,Month_name,YEAR,DAY_WEEK,Day_Week_desc,HOUR,MINUTE,NHS_Desc,trafficway,Route,MILEPT,LATITUDE,LONGITUD,First_Crash_event,Light_cond_desc,Weather_condition,School_bus_involved,Crash_cause,FATALS,DRUNK_DR
530025,53,WASHINGTON,WA,1,1,1,1,77,0,ANDERSON,4,2,February,2010,5,Thursday,18,5,0,4,4,113,46.41823889,-120.27235556,8,2,0,0,0,1,0
530026,53,WASHINGTON,WA,1,1,0,1,37,0,BRADFORD,8,2,February,2010,2,Monday,16,0,1,1,1,829,47.19374444,-120.96540000,1,1,0,0,0,1,0
530027,53,WASHINGTON,WA,2,2,0,2,41,0,BRANTLEY,9,2,February,2010,3,Tuesday,1,0,1,1,1,760,46.64751667,-122.96251111,12,2,0,0,0,1,1
530028,53,WASHINGTON,WA,2,2,0,4,63,2110,BOLIGEE,14,2,February,2010,1,Sunday,2,24,0,99,4,99998,47.60545833,-117.39526667,12,3,0,0,0,1,2
530029,53,WASHINGTON,WA,2,2,0,3,61,2180,BELLWOOD,17,2,February,2010,4,Wednesday,15,27,1,13,2,242,47.86785556,-121.77758889,12,1,0,0,0,1,0
530030,53,WASHINGTON,WA,1,1,1,1,29,470,BORDEN SPRINGS,19,2,February,2010,6,Friday,5,31,0,13,3,221,48.21213333,-122.69257778,8,2,0,0,0,1,0
530031,53,WASHINGTON,WA,1,1,0,1,77,0,ANDERSON,5,2,February,2010,6,Friday,5,50,0,5,4,33,46.35314722,-120.37578056,34,2,0,0,0,1,1
530032,53,WASHINGTON,WA,2,2,1,2,33,1960,CHEROKEE,9,2,February,2010,3,Tuesday,0,46,1,11,1,1591,47.52641667,-122.29212222,8,2,0,0,0,1,0
530033,53,WASHINGTON,WA,1,1,1,3,63,2110,BOLIGEE,8,1,January,2010,6,Friday,18,50,0,13,2,99999,47.74519722,-117.41146667,8,3,0,0,0,1,0
530034,53,WASHINGTON,WA,1,1,0,1,53,0,ATMORE,10,1,January,2010,1,Sunday,16,50,0,14,4,136,47.04939444,-122.25276944,35,5,0,0,0,1,1
530035,53,WASHINGTON,WA,1,1,0,1,65,0,CYPRESS,4,2,February,2010,5,Thursday,23,15,0,4,4,41,48.62368889,-117.93497222,24,2,0,0,0,1,0
530036,53,WASHINGTON,WA,2,2,0,3,33,1500,CHEROKEE,20,2,February,2010,7,Saturday,0,26,1,11,1,278,47.50586667,-121.82473056,12,2,0,0,0,1,1
530037,53,WASHINGTON,WA,1,1,0,4,39,0,ANDALUSIA,14,2,February,2010,1,Sunday,1,20,0,4,3,153,45.86228056,-120.96084722,24,2,0,0,0,2,0
530038,53,WASHINGTON,WA,1,1,0,2,67,0,ABBEVILLE,17,1,January,2010,1,Sunday,23,29,1,2,2,3590,47.08499722,-123.03254167,30,2,0,0,0,1,0
530039,53,WASHINGTON,WA,1,1,0,1,11,2370,BULLOCK,5,2,February,2010,6,Friday,18,10,0,13,3,12,45.68327778,-122.55257500,33,1,0,0,0,1,0
530040,53,WASHINGTON,WA,2,2,0,3,43,0,BAILEYTON,15,2,February,2010,2,Monday,17,33,1,1,1,2532,47.38498611,-117.85810833,12,5,0,0,0,1,0
530041,53,WASHINGTON,WA,1,1,1,1,67,1590,ABBEVILLE,16,2,February,2010,3,Tuesday,13,57,0,3,6,0,47.05065000,-122.84440000,8,1,0,0,0,1,0
530042,53,WASHINGTON,WA,1,1,2,1,33,735,CHEROKEE,17,2,February,2010,4,Wednesday,18,50,0,15,6,0,47.30056667,-122.35881389,8,3,0,0,0,1,1
530043,53,WASHINGTON,WA,1,1,1,1,61,1215,BELLWOOD,18,2,February,2010,5,Thursday,19,35,0,14,6,0,47.84653056,-122.30668056,8,3,0,0,0,1,0
530044,53,WASHINGTON,WA,2,2,0,2,11,0,BULLOCK,21,2,February,2010,1,Sunday,18,31,0,14,4,4,45.67626111,-122.48607778,12,2,0,0,0,1,0
530045,53,WASHINGTON,WA,2,2,0,6,61,690,BELLWOOD,26,2,February,2010,6,Friday,21,35,0,13,6,0,47.95975556,-122.20080000,12,3,0,0,0,2,1
530046,53,WASHINGTON,WA,1,1,0,1,67,0,ABBEVILLE,23,2,February,2010,3,Tuesday,22,29,0,4,4,77,46.90838333,-123.01224167,52,3,0,0,0,1,0
530047,53,WASHINGTON,WA,1,1,0,1,53,2230,ATMORE,25,2,February,2010,5,Thursday,99,99,1,11,1,1319,47.22384444,-122.46263611,59,3,0,0,0,1,1
530048,53,WASHINGTON,WA,1,1,0,2,35,0,BROOKLYN,28,2,February,2010,1,Sunday,19,33,0,4,4,22,47.43989444,-122.69651389,42,2,0,0,0,1,0
530050,53,WASHINGTON,WA,1,1,0,1,65,0,CYPRESS,23,1,January,2010,7,Saturday,21,15,0,9,4,67,48.30222222,-118.04876111,42,1,0,0,0,1,0
530051,53,WASHINGTON,WA,2,2,0,2,57,230,BANKSTON,1,3,March,2010,2,Monday,15,47,0,15,4,0,48.47053056,-122.32486667,12,1,0,0,0,1,0
530052,53,WASHINGTON,WA,1,1,1,1,63,2110,BOLIGEE,1,3,March,2010,2,Monday,18,42,1,13,2,99999,47.65713611,-117.41125278,9,3,0,0,0,1,1
530053,53,WASHINGTON,WA,1,1,0,1,35,0,BROOKLYN,1,3,March,2010,2,Monday,23,6,0,4,4,65,47.57455833,-122.91160556,30,2,0,0,0,1,0
530054,53,WASHINGTON,WA,1,1,1,1,53,2230,ATMORE,1,3,March,2010,2,Monday,19,30,0,13,6,0,47.22446389,-122.43413056,8,3,0,0,0,1,0
530055,53,WASHINGTON,WA,3,3,0,4,31,0,COFFEE,1,3,March,2010,2,Monday,14,38,1,2,2,2769,47.98598611,-122.88489167,12,1,0,0,0,1,0
530056,53,WASHINGTON,WA,2,2,0,4,65,0,CYPRESS,7,3,March,2010,1,Sunday,16,0,0,3,3,805,48.59846667,-118.07536944,12,1,0,0,0,1,1
530057,53,WASHINGTON,WA,1,1,0,1,33,1960,CHEROKEE,9,3,March,2010,3,Tuesday,21,26,0,14,6,0,47.53736944,-122.35503611,30,3,0,0,0,1,1
530058,53,WASHINGTON,WA,1,1,0,1,33,0,CHEROKEE,22,2,February,2010,2,Monday,6,57,1,1,1,188,47.53516667,-122.00335556,34,4,0,0,0,1,0
530059,53,WASHINGTON,WA,1,1,0,1,37,0,BRADFORD,10,3,March,2010,4,Wednesday,21,23,1,2,2,1517,47.25068889,-120.69236667,42,2,0,0,0,1,0
530060,53,WASHINGTON,WA,1,1,0,5,77,0,ANDERSON,14,3,March,2010,1,Sunday,22,55,1,2,2,635,46.38914722,-120.35771389,1,3,0,0,0,1,0
530061,53,WASHINGTON,WA,1,1,0,1,35,0,BROOKLYN,14,3,March,2010,1,Sunday,17,19,0,2,3,259,47.51427222,-122.65561667,25,1,0,0,0,1,1
530062,53,WASHINGTON,WA,1,1,0,1,33,100,CHEROKEE,8,2,February,2010,2,Monday,9,17,0,2,3,158,47.32345000,-122.24502222,21,1,0,0,0,1,0
530063,53,WASHINGTON,WA,2,2,0,3,33,1960,CHEROKEE,13,3,March,2010,7,Saturday,3,33,0,13,6,0,47.55256389,-122.27845000,12,3,0,0,0,1,1
530064,53,WASHINGTON,WA,1,1,0,4,15,0,ANNISTON,15,3,March,2010,2,Monday,1,52,0,4,3,84,46.23705278,-122.90730278,30,2,0,0,0,1,1
530065,53,WASHINGTON,WA,1,1,1,1,33,1830,CHEROKEE,18,3,March,2010,5,Thursday,15,58,0,15,6,0,47.48256944,-122.20208611,8,1,0,0,0,1,0
530066,53,WASHINGTON,WA,1,1,0,1,15,0,ANNISTON,19,3,March,2010,6,Friday,18,0,0,5,4,100,45.98194444,-122.80460833,42,1,0,0,0,1,1
530067,53,WASHINGTON,WA,2,2,0,3,33,0,CHEROKEE,20,3,March,2010,7,Saturday,13,13,0,16,4,4,47.47453333,-122.01866667,12,1,0,0,0,1,0
530068,53,WASHINGTON,WA,2,2,0,3,33,1960,CHEROKEE,21,3,March,2010,1,Sunday,1,57,0,13,6,0,47.58088333,-122.37749167,12,3,0,0,0,1,2
530069,53,WASHINGTON,WA,2,1,0,2,61,690,BELLWOOD,22,3,March,2010,2,Monday,2,19,1,11,1,1906,47.94679167,-122.19852500,14,2,0,0,0,1,1
530070,53,WASHINGTON,WA,2,1,0,1,33,100,CHEROKEE,23,3,March,2010,3,Tuesday,4,28,0,2,3,160,47.29865833,-122.25534444,14,3,0,0,0,1,0
530071,53,WASHINGTON,WA,2,2,0,2,53,1124,ATMORE,28,3,March,2010,1,Sunday,2,4,1,11,1,1222,47.11681111,-122.55963611,12,2,0,0,0,1,1
530072,53,WASHINGTON,WA,1,1,0,1,77,0,ANDERSON,26,3,March,2010,6,Friday,22,41,0,5,4,86,46.44752778,-120.60893889,1,2,0,0,0,1,1
530073,53,WASHINGTON,WA,1,1,0,1,11,0,BULLOCK,28,3,March,2010,1,Sunday,3,17,0,9,8,30,45.73004444,-122.30147778,1,2,0,0,0,1,1
530074,53,WASHINGTON,WA,1,1,0,3,9,0,BLOUNT,28,3,March,2010,1,Sunday,17,0,0,9,8,31,47.97854722,-123.14811111,42,1,0,0,0,1,0
530075,53,WASHINGTON,WA,1,1,1,2,35,180,BROOKLYN,29,3,March,2010,2,Monday,19,55,0,14,3,0,47.60172222,-122.62925556,8,2,0,0,0,1,0
530076,53,WASHINGTON,WA,1,1,0,1,75,0,BEAVERTON,29,3,March,2010,2,Monday,2,10,0,4,4,76,47.00700556,-117.07765000,1,2,0,0,0,1,1
530077,53,WASHINGTON,WA,1,1,0,4,33,1960,CHEROKEE,4,4,April,2010,1,Sunday,4,38,0,14,6,0,47.66837778,-122.39490556,31,3,0,0,0,3,1
530078,53,WASHINGTON,WA,1,1,0,1,11,2370,BULLOCK,13,3,March,2010,7,Saturday,14,5,0,15,6,0,45.66029167,-122.65668611,25,1,0,0,0,1,0
530079,53,WASHINGTON,WA,1,1,0,1,73,0,ARGO,14,3,March,2010,1,Sunday,21,57,0,14,4,20,48.89643611,-122.61033889,42,2,0,0,0,1,1
530080,53,WASHINGTON,WA,3,3,0,4,41,0,BRANTLEY,5,4,April,2010,2,Monday,14,35,0,2,3,481,46.63616944,-123.03661944,12,1,0,0,0,1,0
530081,53,WASHINGTON,WA,2,2,0,4,63,0,BOLIGEE,6,4,April,2010,3,Tuesday,13,45,1,2,2,1738,47.86995556,-117.42221944,12,1,0,0,0,1,0
530082,53,WASHINGTON,WA,2,2,0,2,33,2565,CHEROKEE,19,3,March,2010,6,Friday,8,55,0,3,6,0,47.76875278,-122.15423611,12,1,0,0,0,1,0
530083,53,WASHINGTON,WA,2,2,0,3,77,0,ANDERSON,8,4,April,2010,5,Thursday,20,5,1,2,2,1908,46.71815833,-120.67894444,12,2,0,0,0,1,1
530084,53,WASHINGTON,WA,1,1,0,1,57,0,BANKSTON,10,4,April,2010,7,Saturday,13,42,0,3,3,389,48.30826111,-122.21605556,24,1,0,0,0,1,0
530085,53,WASHINGTON,WA,2,1,0,2,33,1960,CHEROKEE,12,4,April,2010,2,Monday,0,12,1,11,1,1657,47.61480000,-122.32969444,20,3,0,0,0,1,1
530087,53,WASHINGTON,WA,1,1,0,2,25,0,BARLOW BEND,4,4,April,2010,1,Sunday,15,13,0,6,4,3,47.02092500,-119.11550278,1,1,0,0,0,1,0
530088,53,WASHINGTON,WA,1,1,0,1,9,0,BLOUNT,15,4,April,2010,5,Thursday,10,3,0,3,3,314,48.19626111,-124.11662500,34,1,0,0,0,1,0
530089,53,WASHINGTON,WA,1,1,0,3,77,0,ANDERSON,16,4,April,2010,6,Friday,12,9,1,2,2,669,46.42235833,-120.40449167,1,1,0,0,0,3,1
530090,53,WASHINGTON,WA,1,1,1,1,73,740,ARGO,19,4,April,2010,2,Monday,21,15,0,14,6,0,48.84208333,-122.57139444,8,3,0,0,0,1,0
530091,53,WASHINGTON,WA,2,2,0,2,9,1990,BLOUNT,18,4,April,2010,1,Sunday,9,44,1,2,2,2674,48.05806111,-123.05133889,12,1,0,0,0,1,0
530092,53,WASHINGTON,WA,1,1,0,1,53,1620,ATMORE,16,4,April,2010,6,Friday,4,37,0,13,3,130,47.09556111,-122.15449444,24,2,0,0,0,1,1
530093,53,WASHINGTON,WA,1,1,1,1,73,110,ARGO,10,3,March,2010,4,Wednesday,22,47,0,13,3,9,48.79645278,-122.48600278,8,3,0,0,0,1,0
530094,53,WASHINGTON,WA,1,1,1,1,33,2310,CHEROKEE,9,4,April,2010,6,Friday,23,5,0,13,6,0,47.51026111,-122.29250278,8,3,0,0,0,1,0
530095,53,WASHINGTON,WA,1,1,0,2,63,0,BOLIGEE,3,4,April,2010,7,Saturday,18,35,1,1,1,2765,47.62122222,-117.50036667,1,1,0,0,0,1,0
530096,53,WASHINGTON,WA,1,1,1,2,53,1350,ATMORE,28,4,April,2010,4,Wednesday,20,53,0,16,6,0,47.25023056,-122.31470833,8,2,0,0,0,1,1
530097,53,WASHINGTON,WA,1,1,0,4,35,0,BROOKLYN,10,4,April,2010,7,Saturday,15,39,0,12,3,353,47.53773056,-122.67745833,25,1,0,0,0,1,0
530098,53,WASHINGTON,WA,2,2,0,2,43,0,BAILEYTON,5,4,April,2010,2,Monday,7,15,1,2,2,2433,47.65723611,-118.34459722,12,1,0,0,0,1,0
530099,53,WASHINGTON,WA,1,1,0,1,75,0,BEAVERTON,3,5,May,2010,2,Monday,7,40,1,2,2,633,47.21691667,-117.35649444,24,1,0,0,0,1,0
530100,53,WASHINGTON,WA,1,1,0,1,77,0,ANDERSON,26,4,April,2010,2,Monday,19,33,0,5,4,3,46.46230833,-120.44088333,1,5,0,0,0,1,1
530101,53,WASHINGTON,WA,1,1,0,4,53,800,ATMORE,24,4,April,2010,7,Saturday,0,48,0,15,4,2,47.27346389,-122.57285278,42,2,0,0,0,1,0
530102,53,WASHINGTON,WA,1,1,0,1,33,1030,CHEROKEE,22,4,April,2010,5,Thursday,0,24,0,16,6,0,47.34812778,-122.14955833,43,2,0,0,0,1,1
530103,53,WASHINGTON,WA,1,1,0,2,61,0,BELLWOOD,10,4,April,2010,7,Saturday,4,19,0,5,4,49,48.26590556,-122.26975278,35,2,0,0,0,1,1
530104,53,WASHINGTON,WA,1,1,0,1,9,1700,BLOUNT,11,4,April,2010,1,Sunday,17,57,0,13,3,10,48.11625556,-123.45276944,1,1,0,0,0,1,1
530105,53,WASHINGTON,WA,2,2,0,2,67,0,ABBEVILLE,1,5,May,2010,7,Saturday,17,24,1,2,2,450,46.80478056,-123.04694444,12,1,0,0,0,1,0
530107,53,WASHINGTON,WA,1,1,0,2,35,1710,BROOKLYN,6,4,April,2010,3,Tuesday,22,38,0,16,6,0,47.48960833,-122.68572222,42,3,0,0,0,1,1
530108,53,WASHINGTON,WA,2,2,0,2,33,1960,CHEROKEE,21,4,April,2010,4,Wednesday,8,36,0,16,6,0,47.51940278,-122.33862222,12,1,0,0,0,1,0
530109,53,WASHINGTON,WA,2,2,0,3,51,0,CENTRAL,30,4,April,2010,6,Friday,12,46,1,2,2,3240,48.11435000,-117.21661111,12,1,0,0,0,1,0
530110,53,WASHINGTON,WA,1,1,1,1,33,1960,CHEROKEE,3,5,May,2010,2,Monday,14,44,0,14,6,0,47.62109167,-122.32214167,8,1,0,0,0,1,1
530111,53,WASHINGTON,WA,2,2,0,2,61,0,BELLWOOD,8,5,May,2010,7,Saturday,12,17,1,2,2,157,47.85663889,-121.94800556,12,1,0,0,0,1,1
530112,53,WASHINGTON,WA,1,1,0,2,67,1102,ABBEVILLE,13,5,May,2010,5,Thursday,12,30,0,16,6,0,47.09160000,-122.76998611,42,1,0,0,0,1,0
530113,53,WASHINGTON,WA,1,1,1,1,53,0,ATMORE,14,5,May,2010,6,Friday,9,14,0,2,3,247,47.14631944,-122.29293889,8,1,0,0,0,1,0
530114,53,WASHINGTON,WA,1,1,0,1,29,0,BORDEN SPRINGS,20,5,May,2010,5,Thursday,23,40,0,4,4,3,48.32544167,-122.60147778,35,2,0,0,0,1,0
530115,53,WASHINGTON,WA,1,1,0,2,11,0,BULLOCK,11,4,April,2010,1,Sunday,16,42,0,9,8,0,45.79418889,-122.74960000,1,1,0,0,0,2,0
530116,53,WASHINGTON,WA,1,1,0,1,53,2230,ATMORE,6,5,May,2010,5,Thursday,1,53,1,13,1,7,47.24326944,-122.43455278,33,3,0,0,0,1,1
530117,53,WASHINGTON,WA,1,1,0,1,33,0,CHEROKEE,8,5,May,2010,7,Saturday,23,30,0,3,3,143,47.62728056,-121.99218889,24,2,0,0,0,1,1
530118,53,WASHINGTON,WA,2,2,0,2,57,0,BANKSTON,13,5,May,2010,5,Thursday,13,55,0,14,4,41,48.47814167,-122.37844722,12,1,0,0,0,1,0
530119,53,WASHINGTON,WA,1,1,1,1,77,0,ANDERSON,13,5,May,2010,5,Thursday,15,19,0,5,4,22,46.33069167,-120.05730556,8,1,0,0,0,1,0
530120,53,WASHINGTON,WA,3,3,0,6,53,0,ATMORE,22,5,May,2010,7,Saturday,15,37,0,2,3,182,46.78031389,-122.23216944,12,1,0,0,0,1,1
530121,53,WASHINGTON,WA,2,2,0,2,17,0,CHAMBERS,12,5,May,2010,4,Wednesday,13,10,1,2,2,2335,47.79562778,-119.98001667,12,1,0,0,0,1,0
530122,53,WASHINGTON,WA,2,2,0,3,21,0,CHILTON,28,5,May,2010,6,Friday,17,5,0,13,4,8,46.24883611,-119.18009444,12,1,0,0,0,2,1
530123,53,WASHINGTON,WA,1,1,0,1,43,0,BAILEYTON,29,5,May,2010,7,Saturday,2,15,0,3,3,986,47.85423611,-118.71748889,32,2,0,0,0,1,1
530124,53,WASHINGTON,WA,1,1,0,2,73,0,ARGO,4,6,June,2010,6,Friday,7,10,0,6,4,7,48.99255278,-122.44116667,32,1,0,0,0,1,1
530125,53,WASHINGTON,WA,3,3,0,4,33,1030,CHEROKEE,5,6,June,2010,7,Saturday,4,35,0,12,3,180,47.35684444,-122.24481944,12,4,0,0,0,1,0
530126,53,WASHINGTON,WA,8,1,0,1,33,2310,CHEROKEE,19,5,May,2010,4,Wednesday,13,8,0,16,6,0,47.45969444,-122.28903333,14,1,0,0,0,1,0
530127,53,WASHINGTON,WA,1,1,1,1,33,1050,CHEROKEE,9,5,May,2010,1,Sunday,1,26,1,11,1,210,47.71963889,-122.18833056,8,3,0,0,0,1,0
530128,53,WASHINGTON,WA,1,1,0,1,5,0,BAKER HILL,2,6,June,2010,4,Wednesday,20,0,0,3,3,420,46.61193611,-119.72756667,24,1,0,0,0,1,0
530129,53,WASHINGTON,WA,2,2,0,2,25,0,BARLOW BEND,2,6,June,2010,4,Wednesday,10,32,0,5,4,30,47.17442222,-119.19272222,12,1,0,0,0,1,0
530130,53,WASHINGTON,WA,2,2,0,2,61,690,BELLWOOD,27,1,January,2010,4,Wednesday,17,30,0,14,6,0,47.89626111,-122.22255833,12,3,0,0,0,1,0
530131,53,WASHINGTON,WA,2,2,0,2,61,1280,BELLWOOD,19,5,May,2010,4,Wednesday,13,24,1,11,1,2043,48.13290000,-122.18569167,12,1,0,0,0,1,0
530132,53,WASHINGTON,WA,3,3,0,4,57,0,BANKSTON,4,6,June,2010,6,Friday,17,30,0,3,3,716,48.52481944,-122.11505278,12,1,0,0,0,1,0
530133,53,WASHINGTON,WA,1,1,0,1,1,0,AUTAUGA,4,6,June,2010,6,Friday,3,17,1,2,2,747,46.84851111,-118.64110000,1,2,0,0,0,1,0
530134,53,WASHINGTON,WA,2,2,0,4,63,0,BOLIGEE,10,6,June,2010,5,Thursday,18,16,0,4,4,47,47.86012500,-117.49775000,12,1,0,0,0,1,0
530136,53,WASHINGTON,WA,1,1,0,1,53,0,ATMORE,5,6,June,2010,7,Saturday,16,30,0,3,3,230,46.80767500,-122.29548611,24,1,0,0,0,1,0
530137,53,WASHINGTON,WA,2,2,0,4,33,2310,CHEROKEE,9,6,June,2010,4,Wednesday,23,36,1,11,1,1541,47.46383889,-122.26627500,12,3,0,0,0,2,2
530138,53,WASHINGTON,WA,2,2,0,2,11,0,BULLOCK,12,6,June,2010,7,Saturday,13,30,0,3,3,167,45.89170833,-122.50321667,12,1,0,0,0,1,1
530139,53,WASHINGTON,WA,1,1,0,3,27,0,ASHLAND,5,6,June,2010,7,Saturday,21,50,0,4,4,143,99.99990000,999.99990000,42,2,0,0,0,1,1
530140,53,WASHINGTON,WA,1,1,0,1,59,0,FRANKLIN,8,6,June,2010,3,Tuesday,18,35,0,2,3,467,99.99990000,999.99990000,24,1,0,0,0,1,0
530141,53,WASHINGTON,WA,1,1,0,1,33,0,CHEROKEE,10,6,June,2010,5,Thursday,1,16,0,14,4,7,47.50653056,-122.34558889,42,3,0,0,0,1,1
530142,53,WASHINGTON,WA,1,1,0,4,25,0,BARLOW BEND,19,6,June,2010,7,Saturday,14,55,1,1,1,1854,47.08787500,-119.12353333,1,1,0,0,0,1,0
530143,53,WASHINGTON,WA,1,1,0,4,67,0,ABBEVILLE,27,6,June,2010,1,Sunday,14,18,0,2,3,170,47.04086111,-123.06286111,42,1,0,0,0,1,0
530144,53,WASHINGTON,WA,2,2,0,3,33,735,CHEROKEE,8,6,June,2010,3,Tuesday,16,9,0,15,6,0,47.30065278,-122.36293889,12,1,0,0,0,1,0
530145,53,WASHINGTON,WA,2,2,0,3,33,1030,CHEROKEE,5,4,April,2010,2,Monday,17,24,0,12,3,178,47.35180556,-122.24483056,12,1,0,0,0,1,0
530146,53,WASHINGTON,WA,1,1,1,1,47,0,BROWNS,15,6,June,2010,3,Tuesday,1,0,1,2,2,3271,48.87357500,-119.41568889,8,2,0,0,0,1,1
530147,53,WASHINGTON,WA,1,1,1,1,33,0,CHEROKEE,21,5,May,2010,6,Friday,23,28,0,4,4,18,47.49664722,-122.24487222,8,3,0,0,0,1,0
530148,53,WASHINGTON,WA,2,2,0,2,5,1850,BAKER HILL,14,5,May,2010,6,Friday,16,37,0,16,6,0,46.28971667,-119.29780556,12,1,0,0,0,1,1
530149,53,WASHINGTON,WA,1,1,0,1,61,0,BELLWOOD,18,6,June,2010,6,Friday,0,10,0,5,4,4,48.19092500,-122.33276389,42,2,0,0,0,1,1
530150,53,WASHINGTON,WA,1,1,0,1,35,0,BROOKLYN,29,6,June,2010,3,Tuesday,20,16,0,14,4,44,47.69285000,-122.66196667,42,1,0,0,0,1,1
530151,53,WASHINGTON,WA,1,1,1,1,33,1960,CHEROKEE,3,5,May,2010,2,Monday,13,42,0,16,6,0,47.60612222,-122.31155278,8,1,0,0,0,1,0
530152,53,WASHINGTON,WA,2,2,0,3,21,0,CHILTON,30,6,June,2010,4,Wednesday,11,40,0,4,3,120,46.63417500,-118.76151944,12,1,0,0,0,1,0
530153,53,WASHINGTON,WA,1,1,0,3,33,1960,CHEROKEE,30,5,May,2010,1,Sunday,1,31,0,13,6,0,47.70897500,-122.30346389,42,3,0,0,0,1,1
530154,53,WASHINGTON,WA,1,1,0,2,33,1960,CHEROKEE,31,5,May,2010,2,Monday,7,25,0,12,3,335,47.63540833,-122.34357778,33,1,0,0,0,1,0
530155,53,WASHINGTON,WA,2,2,0,2,23,0,BLADON SPRINGS,17,6,June,2010,5,Thursday,15,50,1,2,2,3908,46.52478056,-117.82172778,12,1,0,0,0,1,0
530156,53,WASHINGTON,WA,2,2,0,5,5,0,BAKER HILL,18,6,June,2010,6,Friday,16,45,0,3,3,157,46.43525556,-119.48490278,12,1,0,0,0,1,0
530157,53,WASHINGTON,WA,1,1,0,1,41,0,BRANTLEY,2,7,July,2010,6,Friday,3,42,0,2,3,479,46.63467500,-123.03846389,42,6,0,0,0,1,0
530158,53,WASHINGTON,WA,1,1,0,1,63,0,BOLIGEE,10,6,June,2010,5,Thursday,16,36,0,5,4,45,47.87436111,-117.43826944,42,1,0,0,0,1,1
530159,53,WASHINGTON,WA,2,2,0,2,9,0,BLOUNT,18,6,June,2010,6,Friday,9,47,0,4,4,86,48.10233056,-123.12835000,12,1,0,0,0,1,0
530160,53,WASHINGTON,WA,1,1,0,1,39,0,ANDALUSIA,4,7,July,2010,1,Sunday,21,0,0,4,3,1458,45.82353611,-119.99580833,1,5,0,0,0,1,1
530161,53,WASHINGTON,WA,1,1,0,1,47,0,BROWNS,18,6,June,2010,6,Friday,13,49,0,3,3,447,48.16713056,-118.98309167,24,1,0,0,0,1,0
530162,53,WASHINGTON,WA,1,1,0,1,53,2230,ATMORE,23,6,June,2010,4,Wednesday,21,7,1,11,1,12,47.24722222,-122.43528889,25,1,0,0,0,1,1
530163,53,WASHINGTON,WA,1,1,0,2,25,0,BARLOW BEND,19,6,June,2010,7,Saturday,18,50,0,2,3,27,47.11909722,-119.85354722,34,1,0,0,0,2,0
530164,53,WASHINGTON,WA,1,1,0,1,53,0,ATMORE,29,1,January,2010,6,Friday,11,15,0,14,4,12,47.29621389,-122.55832778,59,1,0,0,0,1,0
530165,53,WASHINGTON,WA,2,1,0,1,53,2230,ATMORE,6,3,March,2010,7,Saturday,19,15,0,99,4,99999,47.07338056,-122.35866389,14,3,0,0,0,1,0
530166,53,WASHINGTON,WA,1,1,0,2,39,0,ANDALUSIA,29,4,April,2010,5,Thursday,8,39,0,6,4,1369,99.99990000,999.99990000,10,1,0,0,0,1,0
530167,53,WASHINGTON,WA,1,1,0,2,55,0,ATTALLA,31,5,May,2010,2,Monday,18,30,0,6,4,22,48.50850278,-123.03624167,1,1,0,0,0,1,1
530168,53,WASHINGTON,WA,1,1,0,1,53,0,ATMORE,31,5,May,2010,2,Monday,23,44,0,3,3,197,47.14066389,-122.05312778,42,2,0,0,0,1,1
530169,53,WASHINGTON,WA,1,1,0,1,73,0,ARGO,14,6,June,2010,2,Monday,22,15,0,4,4,92,48.93527778,-122.54622500,38,2,0,0,0,1,1
530170,53,WASHINGTON,WA,1,1,0,1,15,0,ANNISTON,17,6,June,2010,5,Thursday,16,35,0,3,3,362,46.04905833,-122.30550278,30,1,0,0,0,1,1
530171,53,WASHINGTON,WA,1,1,1,1,53,1124,ATMORE,7,3,March,2010,1,Sunday,18,49,0,5,6,0,47.17685556,-122.53021667,8,3,0,0,0,1,0
530172,53,WASHINGTON,WA,3,3,0,3,35,0,BROOKLYN,23,6,June,2010,4,Wednesday,9,38,0,12,3,350,47.52763333,-122.69981944,12,1,0,0,0,1,0
530173,53,WASHINGTON,WA,2,2,0,3,63,2110,BOLIGEE,26,6,June,2010,7,Saturday,2,5,0,13,6,0,47.65340000,-117.42498611,12,3,0,0,0,1,1
530174,53,WASHINGTON,WA,1,1,1,2,63,330,BOLIGEE,27,6,June,2010,1,Sunday,22,45,0,13,3,116,47.49340000,-117.56799167,8,3,0,0,0,1,0
530175,53,WASHINGTON,WA,2,2,0,2,73,0,ARGO,30,6,June,2010,4,Wednesday,15,55,0,4,4,25,48.83305833,-122.48597222,12,1,0,0,0,1,0
530176,53,WASHINGTON,WA,1,1,0,1,63,0,BOLIGEE,11,4,April,2010,1,Sunday,3,10,0,14,4,29,47.61388889,-117.51470000,59,2,0,0,0,1,1
530177,53,WASHINGTON,WA,3,3,0,4,11,0,BULLOCK,3,7,July,2010,7,Saturday,23,48,0,4,4,4,45.86021944,-122.67213889,12,2,0,0,0,2,2
530178,53,WASHINGTON,WA,1,1,0,3,41,0,BRANTLEY,3,7,July,2010,7,Saturday,7,15,0,4,3,120,46.43512222,-122.72391667,42,1,0,0,0,1,0
530179,53,WASHINGTON,WA,2,2,0,2,53,800,ATMORE,4,7,July,2010,1,Sunday,12,35,0,14,4,13,47.29355278,-122.64523056,12,1,0,0,0,1,0