ST_CASE,STATE,State Name,State Abbreviation,# of Vehicle involved,VE_FORMS,Pedestrains,Total_Persons_in_accident,COUNTY,CITY,City_County_Name,Calendar_DAY,MONTH,Month_name,YEAR,DAY_WEEK,Day_Week_desc,HOUR,MINUTE,NHS_Desc,trafficway,Route,MILEPT,LATITUDE,LONGITUD,First_Crash_event,Light_cond_desc,Weather_condition,School_bus_involved,Crash_cause,FATALS,DRUNK_DR
550058,55,WISCONSIN,WI,3,3,0,3,9,2000,BLOUNT,10,3,March,2010,4,Wednesday,22,38,1,13,3,0,44.52361944,-88.06395000,12,3,0,0,0,1,0
550059,55,WISCONSIN,WI,2,2,0,2,135,0,ASH FLAT,3,3,March,2010,4,Wednesday,21,44,0,3,3,0,44.44004722,-88.92761111,12,2,0,0,0,1,0
550060,55,WISCONSIN,WI,1,1,0,1,37,0,BRADFORD,3,3,March,2010,4,Wednesday,0,35,1,2,2,0,45.93590000,-88.27883611,1,2,0,0,0,1,1
550061,55,WISCONSIN,WI,3,3,0,3,43,2130,BAILEYTON,4,3,March,2010,5,Thursday,10,16,1,2,3,0,42.53331111,-90.43613889,12,1,0,0,0,1,0
550062,55,WISCONSIN,WI,2,2,0,3,105,0,MARION,11,3,March,2010,5,Thursday,15,24,0,13,2,0,42.55554722,-89.03923333,12,1,0,0,0,1,0
550063,55,WISCONSIN,WI,1,1,0,1,123,0,ALEXANDER CITY,12,3,March,2010,6,Friday,21,0,0,6,5,0,43.62035833,-90.79771111,42,2,0,0,0,1,1
550064,55,WISCONSIN,WI,1,1,0,1,119,0,BELLAMY,13,3,March,2010,7,Saturday,18,55,0,6,5,0,45.25255000,-90.82299722,1,2,0,0,0,1,1
550065,55,WISCONSIN,WI,1,1,0,1,137,0,ALCO,16,3,March,2010,3,Tuesday,13,45,1,2,3,0,44.03210556,-89.40298333,1,1,0,0,0,1,0
550066,55,WISCONSIN,WI,2,2,0,2,5,0,BAKER HILL,17,3,March,2010,4,Wednesday,22,13,0,5,5,0,45.42309444,-91.76581667,12,2,0,0,0,1,1
550067,55,WISCONSIN,WI,1,1,0,1,19,0,CEDAR BLUFF,18,3,March,2010,5,Thursday,3,20,0,6,5,0,44.56748056,-90.43578889,1,2,0,0,0,1,1
550068,55,WISCONSIN,WI,1,1,0,2,139,0,CALION,19,3,March,2010,6,Friday,1,57,0,3,2,0,43.97289722,-88.52918333,53,2,0,0,0,1,1
550069,55,WISCONSIN,WI,3,3,0,6,77,0,ANDERSON,26,3,March,2010,6,Friday,21,57,1,1,1,952,43.70517500,-89.47214167,12,2,0,0,0,1,1
550070,55,WISCONSIN,WI,1,1,0,1,67,0,ABBEVILLE,19,3,March,2010,6,Friday,16,21,0,4,4,0,45.16557778,-89.01080000,24,1,0,0,0,1,1
550071,55,WISCONSIN,WI,3,3,0,4,9,223,BLOUNT,25,2,February,2010,5,Thursday,16,17,1,12,2,0,44.48848889,-88.08067222,12,1,0,0,0,2,0
550072,55,WISCONSIN,WI,1,1,1,1,71,0,BRIDGEPORT,3,4,April,2010,7,Saturday,21,0,0,6,5,0,43.97576944,-87.90212500,9,2,0,0,0,1,1
550073,55,WISCONSIN,WI,1,1,0,1,55,0,ATTALLA,5,4,April,2010,2,Monday,99,99,0,6,5,0,43.05995278,-88.71786111,42,1,0,0,0,1,0
550074,55,WISCONSIN,WI,2,1,0,3,25,0,BARLOW BEND,7,4,April,2010,4,Wednesday,12,40,1,1,1,1480,42.99981389,-89.18005833,1,1,0,0,0,1,0
550075,55,WISCONSIN,WI,1,1,0,1,105,2320,MARION,7,4,April,2010,4,Wednesday,14,28,1,11,1,1754,42.67132778,-88.98360278,24,1,0,0,0,1,0
550076,55,WISCONSIN,WI,2,2,0,5,105,2320,MARION,1,4,April,2010,5,Thursday,12,48,1,13,3,0,42.71164167,-89.00236944,12,1,0,0,0,1,0
550077,55,WISCONSIN,WI,3,3,0,10,75,0,BEAVERTON,8,4,April,2010,5,Thursday,7,46,1,2,2,0,45.63708056,-88.36154444,12,1,0,0,0,2,0
550078,55,WISCONSIN,WI,2,2,0,3,129,0,BIGBEE,6,4,April,2010,3,Tuesday,15,22,0,2,3,0,45.81525000,-92.01513333,12,1,0,0,0,1,0
550079,55,WISCONSIN,WI,2,2,0,2,101,795,BOYLSTON,1,4,April,2010,5,Thursday,11,15,0,2,4,0,42.76796667,-87.93446389,12,1,0,0,0,1,0
550080,55,WISCONSIN,WI,2,2,0,3,73,0,ARGO,9,4,April,2010,6,Friday,7,45,1,2,3,0,44.94458611,-89.90544722,12,1,0,0,0,1,0
550081,55,WISCONSIN,WI,1,1,0,1,35,0,BROOKLYN,9,4,April,2010,6,Friday,17,5,1,13,3,0,44.72726944,-91.44793056,1,1,0,0,0,1,1
550082,55,WISCONSIN,WI,2,2,0,2,39,0,ANDALUSIA,9,4,April,2010,6,Friday,18,16,0,4,4,0,43.57121944,-88.21214722,12,1,0,0,0,1,1
550083,55,WISCONSIN,WI,1,1,1,1,79,3100,COURTLAND,9,4,April,2010,6,Friday,19,20,1,13,3,0,43.07145278,-87.95253056,8,3,0,0,0,1,0
550084,55,WISCONSIN,WI,2,2,0,2,139,0,CALION,15,4,April,2010,5,Thursday,11,45,0,15,4,0,44.08285000,-88.56238056,12,1,0,0,0,1,0
550085,55,WISCONSIN,WI,1,1,0,1,25,3050,BARLOW BEND,15,4,April,2010,5,Thursday,16,38,1,12,2,0,43.09902500,-89.51694444,1,1,0,0,0,1,0
550086,55,WISCONSIN,WI,1,1,0,1,43,0,BAILEYTON,1,4,April,2010,5,Thursday,19,10,0,6,5,0,42.95500833,-90.90293889,35,1,0,0,0,1,0
550087,55,WISCONSIN,WI,1,1,0,2,79,3100,COURTLAND,2,4,April,2010,6,Friday,0,39,0,14,6,0,43.11914722,-88.01385556,42,3,0,0,0,2,1
550088,55,WISCONSIN,WI,2,2,0,2,79,3100,COURTLAND,3,4,April,2010,7,Saturday,2,23,0,14,3,0,42.99164722,-87.88643889,12,3,0,0,0,1,2
550089,55,WISCONSIN,WI,1,1,0,2,73,0,ARGO,16,4,April,2010,6,Friday,3,0,0,4,4,0,44.71460000,-89.57775556,1,2,0,0,0,1,1
550090,55,WISCONSIN,WI,1,1,1,1,73,5110,ARGO,16,4,April,2010,6,Friday,18,23,1,13,3,0,44.95921944,-89.64498889,8,1,0,0,0,1,0
550091,55,WISCONSIN,WI,2,2,0,3,43,0,BAILEYTON,3,4,April,2010,7,Saturday,13,56,0,3,3,0,42.63853611,-90.43593333,12,1,0,0,0,1,0
550092,55,WISCONSIN,WI,1,1,0,1,25,1724,BARLOW BEND,19,4,April,2010,2,Monday,17,57,0,4,4,0,42.98551667,-89.46192778,34,1,0,0,0,1,0
550093,55,WISCONSIN,WI,2,2,0,2,9,2211,BLOUNT,20,4,April,2010,3,Tuesday,15,9,1,12,2,0,44.54651667,-88.07009722,59,1,0,0,0,1,0
550094,55,WISCONSIN,WI,2,2,0,3,71,0,BRIDGEPORT,23,4,April,2010,6,Friday,10,56,0,4,4,0,43.92784722,-87.98223333,12,1,0,0,0,1,0
550095,55,WISCONSIN,WI,2,2,0,2,13,0,BOLLING,26,4,April,2010,2,Monday,11,18,0,3,3,0,46.14338889,-92.23874444,12,1,0,0,0,1,0
550096,55,WISCONSIN,WI,1,1,0,1,59,2400,FRANKLIN,6,4,April,2010,3,Tuesday,16,26,1,13,3,0,42.56631111,-87.85561667,33,1,0,0,0,1,1
550097,55,WISCONSIN,WI,1,1,0,1,79,1921,COURTLAND,8,4,April,2010,5,Thursday,23,55,0,14,6,0,43.10369444,-87.92085833,42,3,0,0,0,1,0
550098,55,WISCONSIN,WI,4,4,0,4,13,0,BOLLING,4,2,February,2010,5,Thursday,0,50,0,6,5,0,45.82924722,-92.34463611,12,2,0,0,0,1,4
550099,55,WISCONSIN,WI,1,1,0,1,33,0,CHEROKEE,10,4,April,2010,7,Saturday,23,40,0,13,3,0,44.88993889,-91.95866667,1,2,0,0,0,1,1
550100,55,WISCONSIN,WI,1,1,0,2,55,2530,ATTALLA,11,4,April,2010,1,Sunday,19,5,0,13,3,0,43.06402778,-88.91387778,1,1,0,0,0,1,1
550101,55,WISCONSIN,WI,1,1,0,1,73,9997,ARGO,11,4,April,2010,1,Sunday,21,6,0,15,6,0,44.89665000,-89.49681667,23,2,0,0,0,1,1
550102,55,WISCONSIN,WI,1,1,1,1,43,0,BAILEYTON,12,4,April,2010,2,Monday,22,7,1,2,2,0,42.97385278,-90.62184444,8,2,0,0,0,1,0
550103,55,WISCONSIN,WI,3,3,0,5,79,3100,COURTLAND,14,4,April,2010,4,Wednesday,13,15,0,14,6,0,43.12419722,-88.02583056,12,1,0,0,0,1,0
550104,55,WISCONSIN,WI,1,1,0,2,83,0,ARDMORE,14,4,April,2010,4,Wednesday,17,23,0,4,4,0,45.33658056,-88.45406111,42,1,0,0,0,1,1
550105,55,WISCONSIN,WI,1,1,0,1,105,0,MARION,16,4,April,2010,6,Friday,0,55,0,2,2,0,42.73024444,-89.06787778,34,3,0,0,0,1,1
550106,55,WISCONSIN,WI,1,1,0,2,111,0,GRAHAM,16,4,April,2010,6,Friday,22,36,0,3,3,0,43.40931944,-90.13518333,11,2,0,0,0,1,0
550107,55,WISCONSIN,WI,1,1,0,1,65,0,CYPRESS,17,4,April,2010,7,Saturday,23,30,0,5,4,0,42.71937500,-90.19091944,31,2,0,0,0,1,1
550108,55,WISCONSIN,WI,1,1,0,1,97,0,AXIS,22,4,April,2010,5,Thursday,0,29,0,3,3,0,44.66570833,-89.26477500,34,2,0,0,0,1,1
550109,55,WISCONSIN,WI,1,1,0,1,79,3100,COURTLAND,2,4,April,2010,6,Friday,0,39,0,14,6,0,43.11914722,-88.01385556,42,3,0,0,0,1,1
550110,55,WISCONSIN,WI,1,1,0,2,65,0,CYPRESS,23,4,April,2010,6,Friday,2,37,0,4,4,0,42.63478056,-90.07295556,32,2,0,0,0,1,1
550111,55,WISCONSIN,WI,2,2,0,4,9,0,BLOUNT,8,4,April,2010,5,Thursday,11,45,1,13,3,0,44.56033611,-88.13039722,12,1,0,0,0,1,0
550112,55,WISCONSIN,WI,1,1,1,1,101,3970,BOYLSTON,24,4,April,2010,7,Saturday,23,20,0,14,6,0,42.71247778,-87.80096389,8,3,0,0,0,1,1
550113,55,WISCONSIN,WI,2,2,0,2,125,0,BROOKWOOD,25,4,April,2010,1,Sunday,20,30,0,4,3,0,45.93921389,-89.79083056,12,5,0,0,0,1,1
550114,55,WISCONSIN,WI,2,2,0,4,93,0,BEAR CREEK,17,4,April,2010,7,Saturday,11,22,0,3,3,0,44.70502222,-92.64581667,12,1,0,0,0,1,0
550115,55,WISCONSIN,WI,2,2,0,2,33,0,CHEROKEE,17,4,April,2010,7,Saturday,15,22,0,3,3,0,44.72124722,-91.68481389,12,1,0,0,0,1,0
550116,55,WISCONSIN,WI,1,1,0,3,79,3100,COURTLAND,18,4,April,2010,1,Sunday,2,40,0,13,2,0,43.10634167,-88.01771944,33,3,0,0,0,1,1
550117,55,WISCONSIN,WI,1,1,0,3,43,0,BAILEYTON,26,4,April,2010,2,Monday,19,30,1,2,2,0,42.51690278,-90.61693056,1,5,0,0,0,1,1
550118,55,WISCONSIN,WI,2,2,0,2,63,0,BOLIGEE,1,4,April,2010,5,Thursday,12,32,0,4,4,0,44.01195278,-91.05245556,12,1,0,0,0,1,0
550119,55,WISCONSIN,WI,1,1,0,1,131,0,ARLINGTON,18,4,April,2010,1,Sunday,99,99,0,6,5,0,43.51514444,-88.39196667,1,1,0,0,0,1,1
550120,55,WISCONSIN,WI,2,2,0,3,75,0,BEAVERTON,7,5,May,2010,6,Friday,22,45,1,2,2,0,45.57601944,-87.99714167,12,2,0,0,0,1,1
550121,55,WISCONSIN,WI,1,1,1,1,27,2200,ASHLAND,11,5,May,2010,3,Tuesday,16,11,0,2,3,0,43.45155000,-88.63251389,8,1,0,0,0,1,0
550122,55,WISCONSIN,WI,2,2,0,2,119,0,BELLAMY,3,5,May,2010,2,Monday,9,14,0,4,3,0,45.14017222,-90.39489722,12,1,0,0,0,1,0
550123,55,WISCONSIN,WI,1,1,0,1,75,0,BEAVERTON,11,5,May,2010,3,Tuesday,1,30,0,6,5,0,45.06325833,-87.78464167,59,2,0,0,0,1,0
550124,55,WISCONSIN,WI,1,1,1,1,21,0,CHILTON,13,5,May,2010,5,Thursday,21,58,0,3,3,0,43.58040556,-89.63385833,8,2,0,0,0,1,0
550125,55,WISCONSIN,WI,3,3,0,4,133,3740,ARLEY,14,5,May,2010,6,Friday,15,39,0,13,3,0,43.10225278,-88.20877500,12,1,0,0,0,1,0
550126,55,WISCONSIN,WI,1,1,0,1,77,0,ANDERSON,15,5,May,2010,7,Saturday,16,50,0,4,4,0,43.67181389,-89.35823889,42,1,0,0,0,1,1
550127,55,WISCONSIN,WI,1,1,0,1,133,0,ARLEY,15,5,May,2010,7,Saturday,17,55,0,13,3,0,42.95459167,-88.35835278,32,1,0,0,0,1,1
550129,55,WISCONSIN,WI,2,2,0,2,141,3840,BEE BRANCH,14,5,May,2010,6,Friday,14,47,0,15,6,0,44.36566389,-89.88485833,12,1,0,0,0,1,0
550130,55,WISCONSIN,WI,2,2,0,3,81,0,AUBURN,17,5,May,2010,2,Monday,14,12,0,2,3,0,43.73499444,-90.80069167,12,1,0,0,0,1,0
550131,55,WISCONSIN,WI,2,2,0,5,97,0,AXIS,17,5,May,2010,2,Monday,0,46,0,5,4,0,44.30560833,-89.46145556,12,2,0,0,0,1,2
550132,55,WISCONSIN,WI,2,2,0,3,93,0,BEAR CREEK,21,5,May,2010,6,Friday,4,9,0,3,3,0,44.81155833,-92.56479167,12,2,0,0,0,1,1
550133,55,WISCONSIN,WI,2,2,0,3,105,0,MARION,22,5,May,2010,7,Saturday,23,35,0,2,2,0,42.73024444,-89.07302778,12,2,0,0,0,1,0
550134,55,WISCONSIN,WI,2,2,0,2,25,1724,BARLOW BEND,26,5,May,2010,4,Wednesday,12,26,0,3,4,0,42.94951111,-89.37974444,12,1,0,0,0,1,0
550135,55,WISCONSIN,WI,3,3,0,3,105,0,MARION,27,5,May,2010,5,Thursday,16,49,0,13,2,0,42.73015278,-89.03308611,12,1,0,0,0,1,1
550136,55,WISCONSIN,WI,2,2,0,2,53,0,ATMORE,28,5,May,2010,6,Friday,8,2,0,3,3,0,44.30943889,-91.16610278,12,1,0,0,0,1,0
550137,55,WISCONSIN,WI,2,2,0,2,27,0,ASHLAND,28,5,May,2010,6,Friday,15,16,0,4,4,0,43.26758056,-88.85338889,12,1,0,0,0,1,0
550138,55,WISCONSIN,WI,1,1,0,2,13,0,BOLLING,28,5,May,2010,6,Friday,16,0,0,6,5,0,46.00125556,-92.43617500,11,1,0,0,0,1,0
550139,55,WISCONSIN,WI,1,1,0,2,7,0,BIBB,1,5,May,2010,7,Saturday,0,50,1,2,2,0,46.32049722,-91.27793333,1,2,0,0,0,2,1
550140,55,WISCONSIN,WI,1,1,0,1,87,0,ARMSTRONG,1,5,May,2010,7,Saturday,2,56,0,4,4,0,44.38680000,-88.36740278,34,2,0,0,0,1,1
550141,55,WISCONSIN,WI,2,2,0,6,79,3100,COURTLAND,2,5,May,2010,1,Sunday,20,25,0,14,6,0,43.16327500,-88.01053056,12,5,0,0,0,1,1
550142,55,WISCONSIN,WI,2,2,0,2,81,0,AUBURN,4,5,May,2010,3,Tuesday,12,29,0,6,5,0,43.91935000,-90.38606667,12,1,0,0,0,1,0
550143,55,WISCONSIN,WI,1,1,0,2,73,0,ARGO,5,5,May,2010,4,Wednesday,13,30,0,15,6,0,44.89003889,-89.63951111,5,1,0,0,0,1,0
550144,55,WISCONSIN,WI,1,1,0,3,73,0,ARGO,6,5,May,2010,5,Thursday,15,34,1,11,1,1812,44.80495000,-89.67757778,1,1,0,0,0,1,0
550145,55,WISCONSIN,WI,1,1,0,1,63,0,BOLIGEE,7,5,May,2010,6,Friday,0,19,0,4,4,0,43.96162222,-91.16495833,32,2,0,0,0,1,1
550146,55,WISCONSIN,WI,2,2,0,4,75,0,BEAVERTON,7,5,May,2010,6,Friday,17,51,1,2,2,0,45.10957500,-88.01962778,12,1,0,0,0,2,0
550147,55,WISCONSIN,WI,2,2,0,3,33,0,CHEROKEE,7,5,May,2010,6,Friday,19,24,0,4,4,0,44.81764722,-91.71180833,12,1,0,0,0,1,1
550148,55,WISCONSIN,WI,2,2,0,4,45,0,ARITON,18,4,April,2010,1,Sunday,22,4,0,4,4,0,42.82115556,-89.55591111,12,2,0,0,0,2,0
550149,55,WISCONSIN,WI,1,1,2,1,79,3100,COURTLAND,8,5,May,2010,7,Saturday,2,2,0,14,8,0,43.08934167,-87.95708056,8,3,0,0,0,1,0
550150,55,WISCONSIN,WI,1,1,0,4,123,0,ALEXANDER CITY,8,5,May,2010,7,Saturday,22,47,0,6,5,0,43.57000556,-90.81479167,34,2,0,0,0,2,0
550151,55,WISCONSIN,WI,1,1,0,1,123,0,ALEXANDER CITY,9,5,May,2010,1,Sunday,22,48,0,4,3,0,43.55923056,-91.05303611,33,2,0,0,0,1,1
550152,55,WISCONSIN,WI,1,1,0,3,9,2000,BLOUNT,9,5,May,2010,1,Sunday,1,18,0,16,6,0,44.55213056,-88.04052778,34,2,0,0,0,1,0
550153,55,WISCONSIN,WI,2,2,0,2,79,3100,COURTLAND,18,5,May,2010,3,Tuesday,0,29,0,13,2,0,43.10471111,-88.01610833,12,3,0,0,0,1,0
550154,55,WISCONSIN,WI,1,1,0,2,1,0,AUTAUGA,23,5,May,2010,1,Sunday,2,37,0,5,6,0,43.80356111,-89.79883333,34,3,0,0,0,1,1
550155,55,WISCONSIN,WI,1,1,0,2,5,0,BAKER HILL,23,5,May,2010,1,Sunday,11,5,1,2,2,0,45.37961389,-91.74716944,34,1,0,0,0,1,0
550156,55,WISCONSIN,WI,1,1,0,1,121,0,BON AIR,23,5,May,2010,1,Sunday,21,3,0,6,5,0,44.00914444,-91.35136111,34,2,0,0,0,1,1
550157,55,WISCONSIN,WI,1,1,0,1,109,0,ANSLEY,29,5,May,2010,7,Saturday,0,10,0,6,5,0,45.12636667,-92.63931389,34,2,0,0,0,1,0
550158,55,WISCONSIN,WI,1,1,0,1,75,0,BEAVERTON,30,5,May,2010,1,Sunday,1,14,0,4,4,0,45.71624722,-88.20098889,34,2,0,0,0,1,1
550159,55,WISCONSIN,WI,2,2,0,4,59,0,FRANKLIN,31,5,May,2010,2,Monday,22,45,0,3,2,0,42.60477778,-88.05147222,12,3,0,0,0,1,1
550160,55,WISCONSIN,WI,2,2,0,4,89,3002,BROWNSBORO,16,5,May,2010,1,Sunday,16,13,0,5,6,0,43.27880000,-88.04370278,12,1,0,0,0,1,0
550161,55,WISCONSIN,WI,3,3,0,4,131,1890,ARLINGTON,26,3,March,2010,6,Friday,11,15,0,13,4,0,43.19206111,-88.13574722,12,1,0,0,0,1,0
550162,55,WISCONSIN,WI,2,2,1,3,79,3100,COURTLAND,7,5,May,2010,6,Friday,16,36,0,13,6,0,43.04322500,-87.94769444,12,1,0,0,0,1,0
550163,55,WISCONSIN,WI,4,2,0,3,79,3100,COURTLAND,23,5,May,2010,1,Sunday,22,0,1,13,3,0,43.08507778,-87.97012500,14,3,0,0,0,1,1
550164,55,WISCONSIN,WI,5,5,0,7,105,0,MARION,24,5,May,2010,2,Monday,17,10,1,1,1,1830,42.56716944,-88.98021389,12,1,0,0,0,2,0
550165,55,WISCONSIN,WI,1,1,1,1,79,3100,COURTLAND,27,5,May,2010,5,Thursday,7,39,0,13,3,0,43.02269167,-87.93945000,8,1,0,0,0,1,0
550166,55,WISCONSIN,WI,3,3,0,6,133,3352,ARLEY,29,5,May,2010,7,Saturday,15,2,0,13,4,0,42.95176111,-88.14588889,12,1,0,0,0,1,0
550167,55,WISCONSIN,WI,2,2,0,2,57,0,BANKSTON,31,5,May,2010,2,Monday,3,47,1,1,1,830,43.68441389,-89.84052778,12,2,0,0,0,1,0
550168,55,WISCONSIN,WI,1,1,0,5,79,3100,COURTLAND,10,5,May,2010,2,Monday,23,10,0,14,6,0,43.07530000,-87.97733056,39,3,0,0,0,1,0
550169,55,WISCONSIN,WI,3,3,0,3,135,0,ASH FLAT,1,5,May,2010,7,Saturday,11,41,0,3,3,0,44.47886944,-88.92037778,12,1,0,0,0,1,1
550170,55,WISCONSIN,WI,2,2,0,3,17,660,CHAMBERS,13,5,May,2010,5,Thursday,11,45,1,2,3,0,44.94600000,-91.03524722,59,1,0,0,0,1,0
550171,55,WISCONSIN,WI,1,1,0,2,9,9997,BLOUNT,31,5,May,2010,2,Monday,0,31,0,4,4,0,44.51994167,-88.16879167,42,2,0,0,0,2,1
550172,55,WISCONSIN,WI,1,1,0,1,105,0,MARION,31,5,May,2010,2,Monday,0,37,0,2,2,0,42.82168889,-89.30129444,32,2,0,0,0,1,1
550173,55,WISCONSIN,WI,1,1,0,2,9,0,BLOUNT,29,5,May,2010,7,Saturday,99,99,1,1,1,1780,44.42872222,-87.91770556,11,2,0,0,0,1,0
550174,55,WISCONSIN,WI,1,1,1,1,9,0,BLOUNT,29,5,May,2010,7,Saturday,1,41,1,1,1,1780,44.42886111,-87.91768333,8,2,0,0,0,1,0
550175,55,WISCONSIN,WI,2,2,0,2,101,0,BOYLSTON,21,4,April,2010,4,Wednesday,6,37,0,4,4,0,42.70785833,-88.03216111,12,1,0,0,0,1,0
550176,55,WISCONSIN,WI,2,2,0,5,101,9997,BOYLSTON,21,4,April,2010,4,Wednesday,16,13,0,14,4,0,42.73642222,-87.90418611,12,1,0,0,0,1,0
550177,55,WISCONSIN,WI,1,1,0,1,9,0,BLOUNT,20,5,May,2010,5,Thursday,99,99,0,4,4,0,44.40159444,-87.88538889,1,2,0,0,0,1,1
550178,55,WISCONSIN,WI,2,2,0,7,9,3960,BLOUNT,25,5,May,2010,3,Tuesday,18,30,0,3,3,0,44.65711389,-88.22150278,12,1,0,0,0,1,0
550179,55,WISCONSIN,WI,2,2,0,3,7,0,BIBB,27,5,May,2010,5,Thursday,5,10,0,3,3,0,46.65476944,-90.91710000,12,4,0,0,0,1,1
550180,55,WISCONSIN,WI,2,2,0,5,25,2780,BARLOW BEND,29,5,May,2010,7,Saturday,20,13,1,12,2,0,43.03527778,-89.39767222,12,1,0,0,0,1,0
550181,55,WISCONSIN,WI,1,1,1,1,79,3100,COURTLAND,23,5,May,2010,1,Sunday,12,58,1,13,3,0,43.08974722,-87.97613333,8,1,0,0,0,1,0
550182,55,WISCONSIN,WI,2,2,0,2,127,0,BURNWELL,1,6,June,2010,3,Tuesday,5,47,0,4,4,0,42.58184167,-88.67837778,72,4,0,0,0,1,0
550183,55,WISCONSIN,WI,1,1,0,2,39,0,ANDALUSIA,1,6,June,2010,3,Tuesday,13,45,1,12,2,0,43.78760833,-88.48272778,34,1,0,0,0,1,0
550184,55,WISCONSIN,WI,1,1,0,1,23,0,BLADON SPRINGS,3,6,June,2010,5,Thursday,12,38,0,4,4,0,43.01155000,-91.00473333,1,1,0,0,0,1,0
550185,55,WISCONSIN,WI,1,1,0,1,39,0,ANDALUSIA,3,6,June,2010,5,Thursday,14,18,1,2,3,0,43.66296667,-88.68421667,34,1,0,0,0,1,0
550186,55,WISCONSIN,WI,1,1,0,1,105,0,MARION,5,6,June,2010,7,Saturday,15,30,0,6,5,0,42.68647222,-89.09980833,42,1,0,0,0,1,0
550187,55,WISCONSIN,WI,1,1,0,3,71,2810,BRIDGEPORT,6,6,June,2010,1,Sunday,23,19,0,16,6,0,44.08915833,-87.70091667,42,3,0,0,0,1,1
550188,55,WISCONSIN,WI,1,1,2,1,79,2010,COURTLAND,14,4,April,2010,4,Wednesday,10,18,0,15,6,0,42.94236944,-87.99596111,8,1,0,0,0,1,0
550189,55,WISCONSIN,WI,1,1,1,2,79,3100,COURTLAND,30,5,May,2010,1,Sunday,9,0,0,13,3,0,42.98130833,-87.94821111,8,1,0,0,0,1,0
550190,55,WISCONSIN,WI,2,1,0,1,25,2780,BARLOW BEND,11,6,June,2010,6,Friday,2,25,0,16,6,0,43.03683333,-89.52227222,14,3,0,0,0,1,1
550191,55,WISCONSIN,WI,1,1,0,1,105,440,MARION,11,6,June,2010,6,Friday,15,1,0,16,6,0,42.55271944,-89.00893889,1,1,0,0,0,1,0
550192,55,WISCONSIN,WI,3,3,0,5,17,0,CHAMBERS,12,6,June,2010,7,Saturday,2,27,0,3,4,0,44.87013611,-91.54920000,12,2,0,0,0,1,1
550193,55,WISCONSIN,WI,2,2,0,5,117,0,BIRMINGHAM,13,6,June,2010,1,Sunday,13,8,0,14,4,0,43.73266111,-87.96113611,12,1,0,0,0,1,0
550194,55,WISCONSIN,WI,3,3,0,5,139,3620,CALION,9,6,June,2010,4,Wednesday,22,45,0,13,2,0,43.97774722,-88.53012222,12,2,0,0,0,1,2
550195,55,WISCONSIN,WI,1,1,0,1,131,0,ARLINGTON,14,6,June,2010,2,Monday,1,8,0,4,4,0,43.33753889,-88.12236667,11,2,0,0,0,1,1
550197,55,WISCONSIN,WI,1,1,0,1,49,0,COLLINSVILLE,15,6,June,2010,3,Tuesday,7,29,0,3,3,0,43.08663056,-90.36460833,1,1,0,0,0,1,0
550198,55,WISCONSIN,WI,2,2,0,4,139,3280,CALION,15,6,June,2010,3,Tuesday,13,7,0,14,6,0,44.15665000,-88.46374444,12,1,0,0,0,1,0
550200,55,WISCONSIN,WI,1,1,0,1,81,0,AUBURN,8,6,June,2010,3,Tuesday,23,21,0,6,4,0,43.88471667,-90.62218611,34,2,0,0,0,1,1
550201,55,WISCONSIN,WI,1,1,1,2,59,0,FRANKLIN,17,6,June,2010,5,Thursday,21,11,0,6,5,0,42.60455833,-88.01748333,8,2,0,0,0,1,1
550202,55,WISCONSIN,WI,1,1,0,1,25,0,BARLOW BEND,9,6,June,2010,4,Wednesday,15,5,0,15,6,0,43.15629444,-89.43240278,1,1,0,0,0,1,0
550203,55,WISCONSIN,WI,2,2,0,2,27,0,ASHLAND,10,6,June,2010,5,Thursday,8,27,0,2,3,0,43.44307222,-88.50628889,12,1,0,0,0,1,1
550204,55,WISCONSIN,WI,1,1,0,1,11,0,BULLOCK,6,6,June,2010,1,Sunday,99,99,0,4,3,0,44.43598611,-91.67627222,1,9,0,0,0,1,1
550205,55,WISCONSIN,WI,1,1,0,2,55,0,ATTALLA,19,6,June,2010,7,Saturday,18,30,0,6,4,0,43.09201944,-88.65726389,1,1,0,0,0,1,0
550206,55,WISCONSIN,WI,2,1,0,1,11,0,BULLOCK,6,6,June,2010,1,Sunday,99,99,0,4,3,0,44.43635278,-91.67661667,1,9,0,0,0,1,1
550207,55,WISCONSIN,WI,2,2,0,2,141,0,BEE BRANCH,22,6,June,2010,3,Tuesday,16,46,0,14,4,0,44.35156389,-89.79070278,12,1,0,0,0,1,1
550208,55,WISCONSIN,WI,2,2,0,3,83,0,ARDMORE,26,6,June,2010,7,Saturday,0,26,1,2,2,0,44.86176944,-88.04829722,12,2,0,0,0,1,1
550209,55,WISCONSIN,WI,2,2,0,3,13,0,BOLLING,19,6,June,2010,7,Saturday,12,15,0,4,4,0,45.92937778,-92.10541667,12,1,0,0,0,1,0
550210,55,WISCONSIN,WI,2,2,0,2,133,0,ARLEY,19,6,June,2010,7,Saturday,18,23,0,14,4,0,43.17206389,-88.34083889,12,1,0,0,0,1,0
550211,55,WISCONSIN,WI,1,1,0,1,85,0,BENTON,19,6,June,2010,7,Saturday,20,46,0,4,4,0,45.49687222,-89.27310000,11,5,0,0,0,1,0
550213,55,WISCONSIN,WI,2,2,0,3,111,0,GRAHAM,26,6,June,2010,7,Saturday,16,38,0,3,3,0,43.37301111,-89.64448889,12,1,0,0,0,1,0
550214,55,WISCONSIN,WI,1,1,1,1,133,0,ARLEY,20,6,June,2010,1,Sunday,9,45,0,13,2,0,43.02141944,-88.45183889,9,1,0,0,0,1,0
550215,55,WISCONSIN,WI,2,2,0,2,57,0,BANKSTON,21,6,June,2010,2,Monday,13,27,0,4,3,0,43.88928056,-90.14376667,12,1,0,0,0,2,0
550216,55,WISCONSIN,WI,2,2,0,6,107,0,CARROLLTON,27,6,June,2010,1,Sunday,14,12,0,4,4,0,45.30996667,-91.49508611,12,1,0,0,0,3,0