ST_CASE,STATE,State Name,State Abbreviation,# of Vehicle involved,VE_FORMS,Pedestrains,Total_Persons_in_accident,COUNTY,CITY,City_County_Name,Calendar_DAY,MONTH,Month_name,YEAR,DAY_WEEK,Day_Week_desc,HOUR,MINUTE,NHS_Desc,trafficway,Route,MILEPT,LATITUDE,LONGITUD,First_Crash_event,Light_cond_desc,Weather_condition,School_bus_involved,Crash_cause,FATALS,DRUNK_DR
550217,55,WISCONSIN,WI,1,1,0,1,27,0,ASHLAND,17,6,June,2010,5,Thursday,12,6,0,4,4,0,43.19726111,-88.68447222,34,1,0,0,0,1,0
550218,55,WISCONSIN,WI,2,2,0,4,55,0,ATTALLA,22,6,June,2010,3,Tuesday,13,18,1,1,1,2780,43.07050278,-88.55094167,12,1,0,0,0,3,0
550219,55,WISCONSIN,WI,2,2,0,2,129,0,BIGBEE,24,6,June,2010,5,Thursday,11,29,0,4,4,0,45.70165278,-91.72738611,12,1,0,0,0,1,0
550220,55,WISCONSIN,WI,2,2,0,3,93,0,BEAR CREEK,24,6,June,2010,5,Thursday,19,11,0,6,3,0,44.58805278,-92.39583611,12,5,0,0,0,1,1
550221,55,WISCONSIN,WI,1,1,1,1,133,0,ARLEY,24,6,June,2010,5,Thursday,15,6,0,13,2,0,43.03600000,-88.15089722,9,1,0,0,0,1,0
550222,55,WISCONSIN,WI,2,2,0,2,87,0,ARMSTRONG,30,6,June,2010,4,Wednesday,12,5,0,6,5,0,44.37607778,-88.53693056,12,1,0,0,0,1,0
550223,55,WISCONSIN,WI,2,2,0,3,13,0,BOLLING,30,6,June,2010,4,Wednesday,17,2,0,5,5,0,45.73113889,-92.46767500,12,1,0,0,0,1,0
550224,55,WISCONSIN,WI,2,2,0,2,89,0,BROWNSBORO,28,6,June,2010,2,Monday,14,45,0,4,4,0,43.34265833,-87.89345833,12,1,0,0,0,1,0
550225,55,WISCONSIN,WI,1,1,0,1,125,0,BROOKWOOD,18,6,June,2010,6,Friday,14,50,0,6,5,0,46.13941944,-89.86202778,42,1,0,0,0,1,0
550226,55,WISCONSIN,WI,1,1,0,1,9,4705,BLOUNT,23,5,May,2010,1,Sunday,2,39,0,15,4,0,44.59795556,-88.10080556,1,2,0,0,0,1,1
550227,55,WISCONSIN,WI,2,2,0,4,79,3475,COURTLAND,10,6,June,2010,5,Thursday,12,1,1,13,3,0,42.86772500,-87.88341389,12,1,0,0,0,2,0
550228,55,WISCONSIN,WI,2,2,0,2,101,3970,BOYLSTON,16,6,June,2010,4,Wednesday,12,15,0,14,5,0,42.72318333,-87.83951389,12,1,0,0,0,1,0
550229,55,WISCONSIN,WI,1,1,0,1,17,0,CHAMBERS,18,6,June,2010,6,Friday,99,99,1,12,3,0,44.89657500,-91.38854722,59,2,0,0,0,1,1
550231,55,WISCONSIN,WI,1,1,0,1,87,170,ARMSTRONG,25,6,June,2010,6,Friday,11,9,0,15,5,0,44.24981667,-88.40413889,1,1,0,0,0,1,0
550232,55,WISCONSIN,WI,1,1,0,1,59,2400,FRANKLIN,1,7,July,2010,5,Thursday,23,29,0,14,6,0,42.57876111,-87.84558611,1,3,0,0,0,1,1
550233,55,WISCONSIN,WI,1,1,0,2,79,3100,COURTLAND,2,7,July,2010,6,Friday,4,4,0,14,6,0,43.16196111,-88.02477778,42,3,0,0,0,1,0
550234,55,WISCONSIN,WI,1,1,0,1,109,0,ANSLEY,4,7,July,2010,1,Sunday,0,30,0,4,4,0,45.19428611,-92.47780278,35,2,0,0,0,1,0
550235,55,WISCONSIN,WI,1,1,1,1,111,2515,GRAHAM,9,7,July,2010,6,Friday,8,43,0,6,5,0,43.59030833,-89.79396389,9,1,0,0,0,1,0
550236,55,WISCONSIN,WI,2,2,0,2,111,0,GRAHAM,9,7,July,2010,6,Friday,15,31,0,4,5,0,43.58927500,-90.10473611,12,1,0,0,0,1,0
550237,55,WISCONSIN,WI,1,1,0,3,25,0,BARLOW BEND,9,7,July,2010,6,Friday,20,0,0,3,3,0,43.19081667,-89.05878056,1,1,0,0,0,1,1
550238,55,WISCONSIN,WI,1,1,0,1,111,0,GRAHAM,10,7,July,2010,7,Saturday,20,33,0,6,5,0,43.56136111,-89.77830000,33,1,0,0,0,1,1
550239,55,WISCONSIN,WI,2,2,0,3,79,3100,COURTLAND,11,7,July,2010,1,Sunday,2,50,0,13,3,0,43.03256389,-87.94781944,12,3,0,0,0,1,1
550240,55,WISCONSIN,WI,1,1,0,1,17,0,CHAMBERS,29,6,June,2010,3,Tuesday,14,30,0,6,5,0,44.97625833,-91.64348611,10,1,0,0,0,1,0
550241,55,WISCONSIN,WI,1,1,0,4,103,0,DANVILLE,27,6,June,2010,1,Sunday,99,99,0,5,4,0,43.26343333,-90.58848611,42,2,0,0,0,3,1
550242,55,WISCONSIN,WI,3,3,0,5,23,0,BLADON SPRINGS,8,7,July,2010,5,Thursday,19,1,1,2,2,0,43.41820000,-90.77928333,12,1,0,0,0,1,1
550243,55,WISCONSIN,WI,1,1,1,1,139,3620,CALION,12,7,July,2010,2,Monday,23,55,1,12,2,0,44.01957778,-88.58211944,8,2,0,0,0,1,0
550244,55,WISCONSIN,WI,2,2,0,2,49,0,COLLINSVILLE,13,7,July,2010,3,Tuesday,10,50,1,2,2,0,43.16186667,-89.85597500,12,1,0,0,0,1,0
550245,55,WISCONSIN,WI,2,2,0,2,133,3352,ARLEY,13,7,July,2010,3,Tuesday,22,48,1,11,1,575,42.95742778,-88.10009444,12,2,0,0,0,1,1
550246,55,WISCONSIN,WI,1,1,0,1,25,0,BARLOW BEND,14,7,July,2010,4,Wednesday,2,5,0,3,4,0,43.14250833,-89.20751111,30,2,0,0,0,1,1
550247,55,WISCONSIN,WI,2,2,0,2,25,0,BARLOW BEND,16,7,July,2010,6,Friday,2,50,1,2,2,0,43.09489444,-89.60941667,12,2,0,0,0,1,0
550248,55,WISCONSIN,WI,1,1,0,2,55,0,ATTALLA,17,7,July,2010,7,Saturday,2,22,0,6,5,0,43.16052222,-88.82545000,1,2,0,0,0,1,1
550249,55,WISCONSIN,WI,2,2,0,3,71,0,BRIDGEPORT,17,7,July,2010,7,Saturday,20,35,0,3,2,0,44.07568611,-87.81153333,12,5,0,0,0,1,0
550250,55,WISCONSIN,WI,1,1,0,2,78,0,KESHENA,9,5,May,2010,1,Sunday,99,99,0,3,3,0,44.89120833,-88.65194444,1,1,0,0,0,1,1
550251,55,WISCONSIN,WI,2,2,0,5,85,0,BENTON,22,7,July,2010,5,Thursday,12,22,0,3,3,0,45.82395556,-89.61144444,11,1,0,0,0,1,0
550252,55,WISCONSIN,WI,1,1,0,2,81,0,AUBURN,23,7,July,2010,6,Friday,20,35,1,1,1,1320,44.13485278,-90.53584167,1,5,0,0,0,1,0
550253,55,WISCONSIN,WI,1,1,0,2,31,0,COFFEE,24,7,July,2010,7,Saturday,15,35,0,4,4,0,46.58255000,-92.06706111,1,1,0,0,0,1,0
550254,55,WISCONSIN,WI,1,1,0,1,73,0,ARGO,25,7,July,2010,1,Sunday,17,53,1,12,3,0,44.89966111,-89.64144167,1,1,0,0,0,1,0
550255,55,WISCONSIN,WI,1,1,0,1,93,0,BEAR CREEK,23,7,July,2010,6,Friday,22,45,0,6,5,0,44.59045278,-92.32084167,35,2,0,0,0,1,0
550256,55,WISCONSIN,WI,1,1,0,1,31,0,COFFEE,26,7,July,2010,2,Monday,23,0,0,4,4,0,46.17243056,-91.81274444,1,2,0,0,0,1,1
550257,55,WISCONSIN,WI,2,2,0,3,43,0,BAILEYTON,31,7,July,2010,7,Saturday,17,45,0,3,3,0,42.84060556,-90.90156667,12,1,0,0,0,2,1
550258,55,WISCONSIN,WI,1,1,0,1,41,0,BRANTLEY,27,7,July,2010,3,Tuesday,5,47,0,5,4,0,45.44423611,-88.59872778,42,9,0,0,0,1,1
550259,55,WISCONSIN,WI,2,2,0,2,79,3100,COURTLAND,29,7,July,2010,5,Thursday,19,26,0,14,6,0,42.98107778,-88.01926944,12,1,0,0,0,1,1
550260,55,WISCONSIN,WI,2,2,0,2,133,3260,ARLEY,28,6,June,2010,2,Monday,7,36,0,16,6,0,42.87269444,-88.07808333,12,1,0,0,0,1,0
550261,55,WISCONSIN,WI,2,2,0,2,97,0,AXIS,17,7,July,2010,7,Saturday,21,3,0,4,4,0,44.30898611,-89.31537778,12,2,0,0,0,1,2
550262,55,WISCONSIN,WI,2,2,0,2,63,0,BOLIGEE,18,7,July,2010,1,Sunday,1,8,0,14,3,0,43.92315278,-91.25025000,12,3,0,0,0,1,0
550263,55,WISCONSIN,WI,2,2,0,2,25,0,BARLOW BEND,16,7,July,2010,6,Friday,18,2,0,4,4,0,43.16194444,-89.33461944,12,1,0,0,0,1,0
550264,55,WISCONSIN,WI,1,1,0,2,131,4089,ARLINGTON,18,7,July,2010,1,Sunday,2,33,0,15,5,0,43.20739722,-88.20004444,34,2,0,0,0,2,1
550265,55,WISCONSIN,WI,1,1,0,1,21,0,CHILTON,19,7,July,2010,2,Monday,17,40,0,5,4,0,43.63623611,-89.42508333,23,1,0,0,0,1,0
550266,55,WISCONSIN,WI,3,3,0,3,59,2400,FRANKLIN,20,7,July,2010,3,Tuesday,12,44,0,14,6,0,42.60086944,-87.84567778,12,1,0,0,0,1,0
550267,55,WISCONSIN,WI,2,1,0,3,25,2780,BARLOW BEND,21,7,July,2010,4,Wednesday,0,49,0,15,6,0,43.08194167,-89.36608611,14,3,0,0,0,1,1
550268,55,WISCONSIN,WI,1,1,1,1,9,0,BLOUNT,21,7,July,2010,4,Wednesday,18,25,1,2,2,0,44.39340833,-88.15773056,1,1,0,0,0,1,0
550269,55,WISCONSIN,WI,2,2,0,2,79,3100,COURTLAND,22,7,July,2010,5,Thursday,3,30,0,14,6,0,43.01705556,-87.92531111,12,3,0,0,0,1,1
550270,55,WISCONSIN,WI,2,2,0,8,133,0,ARLEY,18,7,July,2010,1,Sunday,16,32,1,11,1,0,43.07058056,-88.53109444,12,1,0,0,0,1,0
550271,55,WISCONSIN,WI,1,1,0,1,79,3100,COURTLAND,20,7,July,2010,3,Tuesday,8,45,0,16,6,0,43.02605556,-87.92253333,39,1,0,0,0,1,0
550272,55,WISCONSIN,WI,2,2,0,2,115,0,ASHVILLE,26,7,July,2010,2,Monday,19,46,1,2,3,0,44.71785556,-88.39706389,12,5,0,0,0,1,0
550273,55,WISCONSIN,WI,1,1,0,1,75,0,BEAVERTON,27,7,July,2010,3,Tuesday,10,48,0,3,2,0,45.74716111,-87.93556944,1,1,0,0,0,1,0
550274,55,WISCONSIN,WI,1,1,1,1,11,0,BULLOCK,31,7,July,2010,7,Saturday,2,17,0,2,3,0,44.42440278,-92.00916667,8,2,0,0,0,1,0
550275,55,WISCONSIN,WI,2,2,0,2,63,0,BOLIGEE,31,7,July,2010,7,Saturday,13,5,0,4,4,0,43.83136944,-91.06116667,12,1,0,0,0,1,1
550276,55,WISCONSIN,WI,1,1,0,1,71,0,BRIDGEPORT,1,8,August,2010,1,Sunday,0,4,0,6,5,0,44.14534167,-87.76040278,32,3,0,0,0,1,1
550277,55,WISCONSIN,WI,1,1,0,1,85,4815,BENTON,1,8,August,2010,1,Sunday,2,21,0,2,2,0,45.81658333,-89.18104722,30,2,0,0,0,1,1
550278,55,WISCONSIN,WI,1,1,0,1,85,0,BENTON,1,8,August,2010,1,Sunday,13,4,0,2,2,0,45.56826944,-89.63504722,42,1,0,0,0,1,0
550279,55,WISCONSIN,WI,2,2,0,2,79,3100,COURTLAND,1,8,August,2010,1,Sunday,16,44,0,13,6,0,42.98833611,-87.89931111,12,1,0,0,0,1,0
550280,55,WISCONSIN,WI,1,1,0,1,81,0,AUBURN,1,8,August,2010,1,Sunday,11,23,0,3,3,0,43.83841667,-90.47399444,35,1,0,0,0,1,0
550281,55,WISCONSIN,WI,2,2,0,2,101,0,BOYLSTON,21,7,July,2010,4,Wednesday,18,0,0,4,4,0,42.66956111,-87.96347500,12,1,0,0,0,1,0
550282,55,WISCONSIN,WI,1,1,0,2,3,0,BALDWIN,11,7,July,2010,1,Sunday,15,30,0,4,4,0,46.05353333,-90.41486389,11,1,0,0,0,1,1
550283,55,WISCONSIN,WI,2,2,0,2,9,223,BLOUNT,15,7,July,2010,5,Thursday,21,22,1,13,3,0,44.49509722,-88.10494444,12,2,0,0,0,1,0
550284,55,WISCONSIN,WI,1,1,0,1,85,0,BENTON,4,8,August,2010,4,Wednesday,2,12,0,4,3,0,45.79268889,-89.08390278,31,3,0,0,0,1,1
550285,55,WISCONSIN,WI,2,2,0,2,21,0,CHILTON,5,8,August,2010,5,Thursday,23,35,1,1,1,1025,43.53772222,-89.59676667,12,2,0,0,0,1,1
550286,55,WISCONSIN,WI,2,2,0,3,65,0,CYPRESS,6,8,August,2010,6,Friday,13,42,0,4,4,0,42.53559444,-90.33564167,12,1,0,0,0,1,0
550287,55,WISCONSIN,WI,2,2,0,2,105,0,MARION,7,8,August,2010,7,Saturday,6,27,0,4,3,0,42.82704167,-89.18439444,12,4,0,0,0,1,0
550288,55,WISCONSIN,WI,1,1,0,1,79,3475,COURTLAND,10,8,August,2010,3,Tuesday,17,35,0,15,6,0,42.86725278,-87.94742222,33,1,0,0,0,1,0
550289,55,WISCONSIN,WI,1,1,0,1,35,0,BROOKLYN,10,8,August,2010,3,Tuesday,8,20,0,6,5,0,44.84239167,-90.98340556,11,1,0,0,0,1,0
550290,55,WISCONSIN,WI,1,1,0,1,97,0,AXIS,8,8,August,2010,1,Sunday,19,45,0,6,5,0,44.60150000,-89.39643889,34,1,0,0,0,1,1
550291,55,WISCONSIN,WI,1,1,1,1,113,0,COTTONTON,11,8,August,2010,4,Wednesday,5,34,0,4,4,0,45.92858889,-91.36771111,8,1,0,0,0,1,0
550292,55,WISCONSIN,WI,2,2,0,3,61,0,BELLWOOD,2,7,July,2010,6,Friday,12,29,0,3,3,0,44.48741389,-87.50151111,12,1,0,0,0,1,1
550293,55,WISCONSIN,WI,3,3,0,3,79,3475,COURTLAND,14,7,July,2010,4,Wednesday,16,39,0,13,3,0,42.90427778,-87.91139722,12,1,0,0,0,1,0
550294,55,WISCONSIN,WI,2,2,0,3,115,0,ASHVILLE,25,7,July,2010,1,Sunday,14,38,1,2,3,0,44.82799444,-89.19316944,12,1,0,0,0,2,0
550295,55,WISCONSIN,WI,3,3,0,4,133,3490,ARLEY,7,8,August,2010,7,Saturday,16,12,0,12,3,0,43.12853611,-88.47963889,12,1,0,0,0,1,0
550296,55,WISCONSIN,WI,2,2,0,2,87,0,ARMSTRONG,8,8,August,2010,1,Sunday,8,0,0,13,4,0,44.25588056,-88.32088333,12,1,0,0,0,1,0
550297,55,WISCONSIN,WI,2,2,0,3,49,0,COLLINSVILLE,10,8,August,2010,3,Tuesday,13,14,1,2,2,0,42.96757222,-90.29015000,12,1,0,0,0,1,0
550298,55,WISCONSIN,WI,2,2,0,3,79,3100,COURTLAND,2,8,August,2010,2,Monday,12,28,0,14,3,0,43.01103056,-87.90984167,12,1,0,0,0,1,0
550299,55,WISCONSIN,WI,1,1,2,1,93,3940,BEAR CREEK,15,8,August,2010,1,Sunday,10,41,0,3,2,0,44.74934722,-92.80267222,8,1,0,0,0,1,0
550300,55,WISCONSIN,WI,4,1,0,1,73,4290,ARGO,16,8,August,2010,2,Monday,12,13,1,13,2,0,44.91274444,-89.60963056,30,1,0,0,0,1,0
550301,55,WISCONSIN,WI,2,2,0,2,87,0,ARMSTRONG,17,8,August,2010,3,Tuesday,23,12,0,2,3,0,44.30526944,-88.54506389,12,3,0,0,0,1,2
550302,55,WISCONSIN,WI,2,2,0,2,105,440,MARION,18,8,August,2010,4,Wednesday,17,37,0,16,6,0,42.50265278,-89.06869444,12,1,0,0,0,1,1
550303,55,WISCONSIN,WI,1,1,1,1,133,470,ARLEY,19,8,August,2010,5,Thursday,2,37,1,13,3,0,42.88984722,-88.20887500,8,2,0,0,0,1,0
550304,55,WISCONSIN,WI,1,1,2,2,121,0,BON AIR,19,8,August,2010,5,Thursday,19,5,0,3,2,0,44.35432778,-91.30284444,49,1,0,0,0,1,0
550305,55,WISCONSIN,WI,2,2,0,3,105,2320,MARION,17,8,August,2010,3,Tuesday,21,32,0,14,6,0,42.68640278,-89.01234722,12,3,0,0,0,1,1
550306,55,WISCONSIN,WI,2,2,0,2,105,0,MARION,20,8,August,2010,6,Friday,16,46,0,3,3,0,42.50798333,-88.86492222,1,1,0,0,0,1,1
550307,55,WISCONSIN,WI,2,2,0,3,29,0,BORDEN SPRINGS,22,8,August,2010,1,Sunday,17,17,0,4,4,0,44.69003611,-87.49950556,12,1,0,0,0,1,0
550308,55,WISCONSIN,WI,2,2,0,2,25,0,BARLOW BEND,23,8,August,2010,2,Monday,8,41,0,4,4,0,43.20958611,-89.26376667,12,1,0,0,0,1,0
550309,55,WISCONSIN,WI,2,2,0,3,79,3100,COURTLAND,24,8,August,2010,3,Tuesday,14,11,0,14,6,0,43.01702778,-87.92680278,12,1,0,0,0,1,0
550310,55,WISCONSIN,WI,2,2,0,2,95,0,ALBERTVILLE,6,8,August,2010,6,Friday,16,55,0,4,4,0,45.22358333,-92.39639167,12,1,0,0,0,1,0
550311,55,WISCONSIN,WI,1,1,1,1,71,0,BRIDGEPORT,16,8,August,2010,2,Monday,4,28,0,3,3,0,44.25503611,-87.56142222,8,2,0,0,0,1,0
550312,55,WISCONSIN,WI,2,2,0,2,59,0,FRANKLIN,15,8,August,2010,1,Sunday,14,29,0,3,2,0,42.58304167,-88.05095556,12,1,0,0,0,1,0
550313,55,WISCONSIN,WI,2,2,0,2,55,0,ATTALLA,16,8,August,2010,2,Monday,13,0,0,2,3,0,43.16556111,-88.64773889,12,1,0,0,0,1,0
550314,55,WISCONSIN,WI,1,1,0,2,109,0,ANSLEY,21,8,August,2010,7,Saturday,0,30,0,6,5,0,44.94876389,-92.35965833,1,2,0,0,0,1,0
550315,55,WISCONSIN,WI,1,1,0,3,1,0,AUTAUGA,21,8,August,2010,7,Saturday,2,6,0,6,5,0,43.79897778,-89.65890833,5,2,0,0,0,1,1
550316,55,WISCONSIN,WI,2,2,0,5,117,2470,BIRMINGHAM,24,8,August,2010,3,Tuesday,16,50,1,11,1,1254,43.73911944,-87.75857500,34,1,0,0,0,1,0
550317,55,WISCONSIN,WI,1,1,0,1,127,0,BURNWELL,23,8,August,2010,2,Monday,16,57,0,6,5,0,42.76897500,-88.64233056,1,1,0,0,0,1,1
550318,55,WISCONSIN,WI,1,1,0,1,35,1470,BROOKLYN,25,8,August,2010,4,Wednesday,15,6,0,14,6,0,44.82085000,-91.47448056,33,1,0,0,0,1,0
550319,55,WISCONSIN,WI,1,1,0,1,97,0,AXIS,28,8,August,2010,7,Saturday,1,41,0,4,4,0,44.58707500,-89.66324444,11,2,0,0,0,1,1
550320,55,WISCONSIN,WI,1,1,0,2,111,0,GRAHAM,28,8,August,2010,7,Saturday,4,44,0,6,5,0,43.61271389,-89.89116667,58,2,0,0,0,2,1
550321,55,WISCONSIN,WI,1,1,0,1,139,0,CALION,29,8,August,2010,1,Sunday,1,0,0,14,4,0,44.17173889,-88.50543056,33,3,0,0,0,1,1
550322,55,WISCONSIN,WI,1,1,0,1,71,0,BRIDGEPORT,29,8,August,2010,1,Sunday,2,2,0,6,4,0,43.99553889,-87.72780556,34,2,0,0,0,1,1
550323,55,WISCONSIN,WI,1,1,0,3,87,0,ARMSTRONG,29,8,August,2010,1,Sunday,22,28,0,6,5,0,44.30255278,-88.57905278,34,2,0,0,0,2,1
550324,55,WISCONSIN,WI,1,1,0,1,25,0,BARLOW BEND,25,8,August,2010,4,Wednesday,18,28,0,5,4,0,42.95362778,-89.72555556,1,1,0,0,0,1,0
550325,55,WISCONSIN,WI,1,1,0,1,87,0,ARMSTRONG,31,8,August,2010,3,Tuesday,20,21,0,4,4,0,44.24258611,-88.21283333,34,2,0,0,0,1,0
550326,55,WISCONSIN,WI,2,2,0,2,27,0,ASHLAND,27,8,August,2010,6,Friday,9,54,0,2,3,0,43.44458333,-88.67400278,12,1,0,0,0,1,0
550327,55,WISCONSIN,WI,2,2,0,3,71,0,BRIDGEPORT,28,8,August,2010,7,Saturday,11,27,0,4,4,0,44.31269444,-87.80706944,12,1,0,0,0,1,0
550328,55,WISCONSIN,WI,3,3,0,4,101,0,BOYLSTON,29,8,August,2010,1,Sunday,14,44,0,3,3,0,42.81004167,-88.27695000,12,1,0,0,0,1,0
550329,55,WISCONSIN,WI,2,1,0,1,105,1500,MARION,21,8,August,2010,7,Saturday,3,30,0,13,2,0,42.83232778,-89.07049722,19,3,0,0,0,1,0
550330,55,WISCONSIN,WI,1,1,0,2,75,3720,BEAVERTON,28,8,August,2010,7,Saturday,4,0,0,5,4,0,45.06238056,-87.73990556,1,2,0,0,0,2,1
550331,55,WISCONSIN,WI,2,2,0,2,105,0,MARION,11,8,August,2010,4,Wednesday,21,6,1,2,3,0,42.56253333,-89.32644444,12,2,0,0,0,1,1
550332,55,WISCONSIN,WI,2,2,0,2,81,0,AUBURN,2,9,September,2010,5,Thursday,16,56,0,14,3,0,43.93913056,-90.82037500,12,1,0,0,0,1,0
550333,55,WISCONSIN,WI,2,2,0,5,127,0,BURNWELL,2,9,September,2010,5,Thursday,20,11,0,3,3,0,42.79275556,-88.46466111,12,2,0,0,0,1,1
550334,55,WISCONSIN,WI,1,1,1,1,79,3100,COURTLAND,3,9,September,2010,6,Friday,2,37,0,16,5,0,43.08552778,-87.91602778,9,3,0,0,0,1,1
550335,55,WISCONSIN,WI,3,3,0,4,59,0,FRANKLIN,3,9,September,2010,6,Friday,15,35,0,4,4,0,42.63853611,-87.91525833,12,1,0,0,0,1,0
550336,55,WISCONSIN,WI,1,1,0,1,137,0,ALCO,4,9,September,2010,7,Saturday,13,50,0,6,5,0,44.04836111,-89.03165833,1,1,0,0,0,1,0
550337,55,WISCONSIN,WI,2,2,0,3,119,0,BELLAMY,5,9,September,2010,1,Sunday,15,33,0,5,5,0,45.13168056,-90.63802222,12,1,0,0,0,1,0
550338,55,WISCONSIN,WI,2,2,1,2,79,3100,COURTLAND,5,9,September,2010,1,Sunday,21,15,0,15,6,0,43.08113056,-87.95169444,8,3,0,0,0,1,1
550339,55,WISCONSIN,WI,2,2,0,3,79,5220,COURTLAND,18,7,July,2010,1,Sunday,2,50,0,13,2,0,43.02325556,-87.92090278,12,3,0,0,0,1,2
550340,55,WISCONSIN,WI,1,1,1,1,53,0,ATMORE,7,9,September,2010,3,Tuesday,20,35,0,3,3,0,44.34484444,-91.09476944,8,2,0,0,0,1,0
550341,55,WISCONSIN,WI,2,2,0,2,117,0,BIRMINGHAM,5,8,August,2010,5,Thursday,9,25,0,4,4,0,43.89159444,-88.14238889,12,1,0,0,0,1,0
550342,55,WISCONSIN,WI,1,1,0,1,139,0,CALION,8,9,September,2010,4,Wednesday,17,25,0,15,5,0,44.03287500,-88.60713889,1,1,0,0,0,1,0
550343,55,WISCONSIN,WI,2,2,0,2,85,0,BENTON,3,8,August,2010,3,Tuesday,16,3,0,3,3,0,45.84936944,-89.64328889,12,1,0,0,0,1,0
550344,55,WISCONSIN,WI,1,1,0,1,139,0,CALION,10,9,September,2010,6,Friday,17,22,1,12,2,0,44.20288611,-88.48517500,1,1,0,0,0,1,1
550345,55,WISCONSIN,WI,1,1,0,1,25,2780,BARLOW BEND,16,8,August,2010,2,Monday,9,52,0,14,6,0,43.03199167,-89.47351389,30,1,0,0,0,1,0
550346,55,WISCONSIN,WI,4,4,0,4,55,0,ATTALLA,8,9,September,2010,4,Wednesday,7,33,1,1,1,2728,43.08493611,-88.65056944,12,1,0,0,0,1,0
550347,55,WISCONSIN,WI,2,2,0,2,9,1330,BLOUNT,17,8,August,2010,3,Tuesday,9,0,1,12,2,0,44.46213333,-88.07237222,12,1,0,0,0,1,0
550348,55,WISCONSIN,WI,2,2,0,3,35,0,BROOKLYN,14,8,August,2010,7,Saturday,16,5,0,4,4,0,44.68378889,-91.48332500,12,1,0,0,0,1,1
550349,55,WISCONSIN,WI,2,2,0,3,131,0,ARLINGTON,26,8,August,2010,5,Thursday,11,10,0,14,5,0,43.44936667,-88.22158889,12,1,0,0,0,1,0
550350,55,WISCONSIN,WI,2,2,0,4,115,9997,ASHVILLE,26,8,August,2010,5,Thursday,14,11,1,2,2,0,44.67954722,-88.88304167,12,1,0,0,0,2,0
550351,55,WISCONSIN,WI,2,2,0,2,5,0,BAKER HILL,20,8,August,2010,6,Friday,13,6,1,2,2,0,45.40983889,-92.03324444,12,1,0,0,0,1,0
550352,55,WISCONSIN,WI,3,3,0,4,79,3100,COURTLAND,4,9,September,2010,7,Saturday,16,30,0,13,6,0,43.12975278,-87.96598333,12,1,0,0,0,1,0
550353,55,WISCONSIN,WI,2,2,0,3,83,0,ARDMORE,11,9,September,2010,7,Saturday,19,47,0,5,4,0,45.06471667,-88.40464444,12,2,0,0,0,1,1
550354,55,WISCONSIN,WI,2,2,0,4,131,0,ARLINGTON,12,9,September,2010,1,Sunday,18,8,1,2,3,0,43.42746111,-88.25364722,12,1,0,0,0,1,0
550355,55,WISCONSIN,WI,2,2,0,3,21,0,CHILTON,12,9,September,2010,1,Sunday,9,50,0,3,3,0,43.52496667,-89.49360000,12,1,0,0,0,1,0
550356,55,WISCONSIN,WI,1,1,0,1,115,0,ASHVILLE,29,8,August,2010,1,Sunday,1,0,0,4,4,0,44.73115556,-89.12856111,34,2,0,0,0,1,1
550357,55,WISCONSIN,WI,2,2,0,3,53,0,ATMORE,4,9,September,2010,7,Saturday,15,53,0,3,2,0,44.32722500,-90.83126944,12,1,0,0,0,1,0
550358,55,WISCONSIN,WI,1,1,0,1,67,0,ABBEVILLE,10,9,September,2010,6,Friday,20,10,0,4,4,0,45.37224167,-88.90520833,11,2,0,0,0,1,0
550359,55,WISCONSIN,WI,2,2,0,3,17,0,CHAMBERS,12,9,September,2010,1,Sunday,18,37,0,3,3,0,45.14870833,-91.24986667,12,1,0,0,0,1,1
550360,55,WISCONSIN,WI,2,2,0,3,131,4089,ARLINGTON,13,9,September,2010,2,Monday,16,21,0,13,3,0,43.25165833,-88.28726944,12,1,0,0,0,1,1
550361,55,WISCONSIN,WI,1,1,0,2,25,0,BARLOW BEND,4,9,September,2010,7,Saturday,13,8,0,6,5,0,42.98651944,-89.21027222,35,1,0,0,0,1,0
550362,55,WISCONSIN,WI,3,3,1,4,131,4440,ARLINGTON,1,9,September,2010,4,Wednesday,21,32,1,13,3,0,43.32484167,-88.29221667,8,2,0,0,0,1,0
550363,55,WISCONSIN,WI,1,1,0,1,97,130,AXIS,16,9,September,2010,5,Thursday,5,39,0,6,5,0,44.44677222,-89.28470833,21,2,0,0,0,1,1
550364,55,WISCONSIN,WI,1,1,0,1,109,0,ANSLEY,4,9,September,2010,7,Saturday,18,38,0,6,5,0,45.15898333,-92.64706111,34,1,0,0,0,1,1
550365,55,WISCONSIN,WI,1,1,0,1,59,3795,FRANKLIN,5,9,September,2010,1,Sunday,3,15,0,2,3,0,42.49972500,-87.88760000,1,2,0,0,0,1,1
550366,55,WISCONSIN,WI,1,1,0,2,83,0,ARDMORE,10,9,September,2010,6,Friday,23,54,1,2,2,0,44.97330000,-87.86942500,11,2,0,0,0,2,1
550367,55,WISCONSIN,WI,2,2,0,2,79,3100,COURTLAND,11,9,September,2010,7,Saturday,2,50,0,13,3,0,43.02735000,-87.91107500,12,3,0,0,0,1,1
550368,55,WISCONSIN,WI,1,1,0,2,19,0,CEDAR BLUFF,11,9,September,2010,7,Saturday,12,10,0,6,5,0,44.51349167,-90.63222778,35,1,0,0,0,1,0
550369,55,WISCONSIN,WI,1,1,0,2,5,0,BAKER HILL,12,9,September,2010,1,Sunday,2,38,0,5,5,0,45.41806389,-91.76596667,35,2,0,0,0,1,1
550370,55,WISCONSIN,WI,1,1,0,1,57,0,BANKSTON,12,9,September,2010,1,Sunday,6,10,1,1,1,561,43.91335278,-90.24641944,1,4,0,0,0,1,1